consumption_id,entitlement_id,cust_id,product_id,month,consumed_units,licensed_amount
U000001,E00001,C0001,P0165,2025-07-01,0.0,1211
U000002,E00001,C0001,P0165,2025-08-01,0.0,1211
U000003,E00001,C0001,P0165,2025-09-01,266.42,1211
U000004,E00001,C0001,P0165,2025-10-01,581.28,1211
U000005,E00001,C0001,P0165,2025-11-01,1035.0,1211
U000006,E00001,C0001,P0165,2025-12-01,486.5,1211
U000007,E00001,C0001,P0165,2026-01-01,941.04,1211
U000008,E00001,C0001,P0165,2026-02-01,977.02,1211
U000009,E00001,C0001,P0165,2026-03-01,879.5,1211
U000010,E00001,C0001,P0165,2026-04-01,995.06,1211
U000011,E00001,C0001,P0165,2026-05-01,737.34,1211
U000012,E00001,C0001,P0165,2026-06-01,859.03,1211
U000013,E00002,C0001,P0248,2025-07-01,0.0,1683
U000014,E00002,C0001,P0248,2025-08-01,0.0,1683
U000015,E00002,C0001,P0248,2025-09-01,370.26,1683
U000016,E00002,C0001,P0248,2025-10-01,807.84,1683
U000017,E00002,C0001,P0248,2025-11-01,1185.96,1683
U000018,E00002,C0001,P0248,2025-12-01,1296.14,1683
U000019,E00002,C0001,P0248,2026-01-01,1457.43,1683
U000020,E00002,C0001,P0248,2026-02-01,897.26,1683
U000021,E00002,C0001,P0248,2026-03-01,1161.67,1683
U000022,E00002,C0001,P0248,2026-04-01,1284.41,1683
U000023,E00002,C0001,P0248,2026-05-01,1439.5,1683
U000024,E00002,C0001,P0248,2026-06-01,1153.39,1683
U000025,E00003,C0001,P0253,2025-07-01,0.0,22
U000026,E00003,C0001,P0253,2025-08-01,0.0,22
U000027,E00003,C0001,P0253,2025-09-01,4.84,22
U000028,E00003,C0001,P0253,2025-10-01,10.56,22
U000029,E00003,C0001,P0253,2025-11-01,20.52,22
U000030,E00003,C0001,P0253,2025-12-01,15.72,22
U000031,E00003,C0001,P0253,2026-01-01,18.74,22
U000032,E00003,C0001,P0253,2026-02-01,17.42,22
U000033,E00003,C0001,P0253,2026-03-01,18.66,22
U000034,E00003,C0001,P0253,2026-04-01,14.41,22
U000035,E00003,C0001,P0253,2026-05-01,13.13,22
U000036,E00003,C0001,P0253,2026-06-01,20.72,22
U000037,E00004,C0001,P0194,2025-07-01,0.0,580
U000038,E00004,C0001,P0194,2025-08-01,0.0,580
U000039,E00004,C0001,P0194,2025-09-01,127.6,580
U000040,E00004,C0001,P0194,2025-10-01,278.4,580
U000041,E00004,C0001,P0194,2025-11-01,367.02,580
U000042,E00004,C0001,P0194,2025-12-01,625.31,580
U000043,E00004,C0001,P0194,2026-01-01,384.3,580
U000044,E00004,C0001,P0194,2026-02-01,359.14,580
U000045,E00004,C0001,P0194,2026-03-01,435.16,580
U000046,E00004,C0001,P0194,2026-04-01,462.41,580
U000047,E00004,C0001,P0194,2026-05-01,449.9,580
U000048,E00004,C0001,P0194,2026-06-01,335.29,580
U000049,E00005,C0002,P0149,2025-07-01,0.0,11
U000050,E00005,C0002,P0149,2025-08-01,0.0,11
U000051,E00005,C0002,P0149,2025-09-01,2.42,11
U000052,E00005,C0002,P0149,2025-10-01,5.28,11
U000053,E00005,C0002,P0149,2025-11-01,7.29,11
U000054,E00005,C0002,P0149,2025-12-01,5.29,11
U000055,E00005,C0002,P0149,2026-01-01,6.08,11
U000056,E00005,C0002,P0149,2026-02-01,7.38,11
U000057,E00005,C0002,P0149,2026-03-01,8.57,11
U000058,E00005,C0002,P0149,2026-04-01,10.25,11
U000059,E00005,C0002,P0149,2026-05-01,7.55,11
U000060,E00005,C0002,P0149,2026-06-01,7.75,11
U000061,E00006,C0002,P0426,2025-07-01,0.0,4474
U000062,E00006,C0002,P0426,2025-08-01,0.0,4474
U000063,E00006,C0002,P0426,2025-09-01,984.28,4474
U000064,E00006,C0002,P0426,2025-10-01,2147.52,4474
U000065,E00006,C0002,P0426,2025-11-01,2973.95,4474
U000066,E00006,C0002,P0426,2025-12-01,3280.44,4474
U000067,E00006,C0002,P0426,2026-01-01,3307.93,4474
U000068,E00006,C0002,P0426,2026-02-01,3335.4,4474
U000069,E00006,C0002,P0426,2026-03-01,3101.17,4474
U000070,E00006,C0002,P0426,2026-04-01,3466.19,4474
U000071,E00006,C0002,P0426,2026-05-01,3078.05,4474
U000072,E00006,C0002,P0426,2026-06-01,3686.54,4474
U000073,E00007,C0002,P0148,2025-07-01,0.0,563
U000074,E00007,C0002,P0148,2025-08-01,0.0,563
U000075,E00007,C0002,P0148,2025-09-01,123.86,563
U000076,E00007,C0002,P0148,2025-10-01,270.24,563
U000077,E00007,C0002,P0148,2025-11-01,402.3,563
U000078,E00007,C0002,P0148,2025-12-01,465.34,563
U000079,E00007,C0002,P0148,2026-01-01,484.89,563
U000080,E00007,C0002,P0148,2026-02-01,386.58,563
U000081,E00007,C0002,P0148,2026-03-01,492.15,563
U000082,E00007,C0002,P0148,2026-04-01,276.76,563
U000083,E00007,C0002,P0148,2026-05-01,357.91,563
U000084,E00007,C0002,P0148,2026-06-01,429.05,563
U000085,E00008,C0003,P0296,2025-09-01,122.42,185
U000086,E00008,C0003,P0296,2025-10-01,105.3,185
U000087,E00008,C0003,P0296,2025-11-01,124.35,185
U000088,E00008,C0003,P0296,2025-12-01,137.62,185
U000089,E00008,C0003,P0296,2026-01-01,121.14,185
U000090,E00008,C0003,P0296,2026-02-01,161.98,185
U000091,E00008,C0003,P0296,2026-03-01,116.2,185
U000092,E00008,C0003,P0296,2026-04-01,136.07,185
U000093,E00008,C0003,P0296,2026-05-01,144.67,185
U000094,E00008,C0003,P0296,2026-06-01,113.64,185
U000095,E00009,C0003,P0137,2025-07-01,527.08,775
U000096,E00009,C0003,P0137,2025-08-01,619.27,775
U000097,E00009,C0003,P0137,2025-09-01,433.38,775
U000098,E00009,C0003,P0137,2025-10-01,732.67,775
U000099,E00009,C0003,P0137,2025-11-01,564.82,775
U000100,E00009,C0003,P0137,2025-12-01,412.31,775
U000101,E00009,C0003,P0137,2026-01-01,513.92,775
U000102,E00009,C0003,P0137,2026-02-01,535.14,775
U000103,E00009,C0003,P0137,2026-03-01,358.79,775
U000104,E00009,C0003,P0137,2026-04-01,663.71,775
U000105,E00009,C0003,P0137,2026-05-01,478.47,775
U000106,E00009,C0003,P0137,2026-06-01,557.86,775
U000107,E00010,C0004,P0287,2025-10-01,7.83,11
U000108,E00010,C0004,P0287,2025-11-01,8.19,11
U000109,E00010,C0004,P0287,2025-12-01,6.45,11
U000110,E00010,C0004,P0287,2026-01-01,8.44,11
U000111,E00010,C0004,P0287,2026-02-01,7.44,11
U000112,E00010,C0004,P0287,2026-03-01,7.35,11
U000113,E00010,C0004,P0287,2026-04-01,7.49,11
U000114,E00010,C0004,P0287,2026-05-01,6.56,11
U000115,E00010,C0004,P0287,2026-06-01,6.88,11
U000116,E00011,C0004,P0359,2025-07-01,1.37,2
U000117,E00011,C0004,P0359,2025-08-01,1.45,2
U000118,E00011,C0004,P0359,2025-09-01,1.26,2
U000119,E00011,C0004,P0359,2025-10-01,1.35,2
U000120,E00011,C0004,P0359,2025-11-01,1.78,2
U000121,E00011,C0004,P0359,2025-12-01,1.38,2
U000122,E00011,C0004,P0359,2026-01-01,1.81,2
U000123,E00011,C0004,P0359,2026-02-01,1.48,2
U000124,E00011,C0004,P0359,2026-03-01,1.28,2
U000125,E00011,C0004,P0359,2026-04-01,1.5,2
U000126,E00011,C0004,P0359,2026-05-01,1.49,2
U000127,E00011,C0004,P0359,2026-06-01,1.08,2
U000128,E00012,C0004,P0443,2025-07-01,5.45,10
U000129,E00012,C0004,P0443,2025-08-01,6.95,10
U000130,E00012,C0004,P0443,2025-09-01,5.97,10
U000131,E00012,C0004,P0443,2025-10-01,3.16,10
U000132,E00012,C0004,P0443,2025-11-01,7.96,10
U000133,E00012,C0004,P0443,2025-12-01,5.41,10
U000134,E00012,C0004,P0443,2026-01-01,6.39,10
U000135,E00012,C0004,P0443,2026-02-01,6.69,10
U000136,E00012,C0004,P0443,2026-03-01,5.58,10
U000137,E00012,C0004,P0443,2026-04-01,8.4,10
U000138,E00012,C0004,P0443,2026-05-01,7.44,10
U000139,E00012,C0004,P0443,2026-06-01,8.09,10
U000140,E00013,C0004,P0086,2025-07-01,116.78,143
U000141,E00013,C0004,P0086,2025-08-01,112.24,143
U000142,E00013,C0004,P0086,2025-09-01,102.6,143
U000143,E00013,C0004,P0086,2025-10-01,84.08,143
U000144,E00013,C0004,P0086,2025-11-01,98.65,143
U000145,E00013,C0004,P0086,2025-12-01,135.82,143
U000146,E00013,C0004,P0086,2026-01-01,91.35,143
U000147,E00013,C0004,P0086,2026-02-01,77.53,143
U000148,E00013,C0004,P0086,2026-03-01,108.7,143
U000149,E00013,C0004,P0086,2026-04-01,95.72,143
U000150,E00013,C0004,P0086,2026-05-01,88.54,143
U000151,E00013,C0004,P0086,2026-06-01,106.66,143
U000152,E00014,C0004,P0334,2025-09-01,208.28,311
U000153,E00014,C0004,P0334,2025-10-01,282.72,311
U000154,E00014,C0004,P0334,2025-11-01,269.51,311
U000155,E00014,C0004,P0334,2025-12-01,255.65,311
U000156,E00014,C0004,P0334,2026-01-01,255.42,311
U000157,E00014,C0004,P0334,2026-02-01,204.81,311
U000158,E00014,C0004,P0334,2026-03-01,302.38,311
U000159,E00014,C0004,P0334,2026-04-01,214.45,311
U000160,E00014,C0004,P0334,2026-05-01,199.43,311
U000161,E00014,C0004,P0334,2026-06-01,264.25,311
U000162,E00015,C0004,P0114,2025-10-01,4874.5,5071
U000163,E00015,C0004,P0114,2025-11-01,3351.88,5071
U000164,E00015,C0004,P0114,2025-12-01,4693.88,5071
U000165,E00015,C0004,P0114,2026-01-01,4197.89,5071
U000166,E00015,C0004,P0114,2026-02-01,2975.99,5071
U000167,E00015,C0004,P0114,2026-03-01,2689.41,5071
U000168,E00015,C0004,P0114,2026-04-01,3109.0,5071
U000169,E00015,C0004,P0114,2026-05-01,4515.29,5071
U000170,E00015,C0004,P0114,2026-06-01,3451.6,5071
U000171,E00016,C0004,P0401,2025-07-01,623.49,868
U000172,E00016,C0004,P0401,2025-08-01,604.23,868
U000173,E00016,C0004,P0401,2025-09-01,609.37,868
U000174,E00016,C0004,P0401,2025-10-01,605.37,868
U000175,E00016,C0004,P0401,2025-11-01,497.21,868
U000176,E00016,C0004,P0401,2025-12-01,622.5,868
U000177,E00016,C0004,P0401,2026-01-01,579.72,868
U000178,E00016,C0004,P0401,2026-02-01,671.66,868
U000179,E00016,C0004,P0401,2026-03-01,734.18,868
U000180,E00016,C0004,P0401,2026-04-01,449.37,868
U000181,E00016,C0004,P0401,2026-05-01,522.83,868
U000182,E00016,C0004,P0401,2026-06-01,791.42,868
U000183,E00017,C0005,P0139,2025-07-01,11.63,17
U000184,E00017,C0005,P0139,2025-08-01,16.46,17
U000185,E00017,C0005,P0139,2025-09-01,14.5,17
U000186,E00017,C0005,P0139,2025-10-01,10.81,17
U000187,E00017,C0005,P0139,2025-11-01,13.12,17
U000188,E00017,C0005,P0139,2025-12-01,11.57,17
U000189,E00017,C0005,P0139,2026-01-01,7.92,17
U000190,E00017,C0005,P0139,2026-02-01,9.38,17
U000191,E00017,C0005,P0139,2026-03-01,11.0,17
U000192,E00017,C0005,P0139,2026-04-01,7.45,17
U000193,E00017,C0005,P0139,2026-05-01,9.42,17
U000194,E00017,C0005,P0139,2026-06-01,11.77,17
U000195,E00018,C0005,P0483,2025-10-01,226.38,390
U000196,E00018,C0005,P0483,2025-11-01,280.23,390
U000197,E00018,C0005,P0483,2025-12-01,262.86,390
U000198,E00018,C0005,P0483,2026-01-01,238.74,390
U000199,E00018,C0005,P0483,2026-02-01,434.43,390
U000200,E00018,C0005,P0483,2026-03-01,319.5,390
U000201,E00018,C0005,P0483,2026-04-01,184.68,390
U000202,E00018,C0005,P0483,2026-05-01,298.52,390
U000203,E00018,C0005,P0483,2026-06-01,256.29,390
U000204,E00019,C0005,P0039,2025-07-01,786.62,1341
U000205,E00019,C0005,P0039,2025-08-01,971.65,1341
U000206,E00019,C0005,P0039,2025-09-01,957.88,1341
U000207,E00019,C0005,P0039,2025-10-01,927.84,1341
U000208,E00019,C0005,P0039,2025-11-01,1005.8,1341
U000209,E00019,C0005,P0039,2025-12-01,1008.49,1341
U000210,E00019,C0005,P0039,2026-01-01,1024.03,1341
U000211,E00019,C0005,P0039,2026-02-01,1268.58,1341
U000212,E00019,C0005,P0039,2026-03-01,630.5,1341
U000213,E00019,C0005,P0039,2026-04-01,910.18,1341
U000214,E00019,C0005,P0039,2026-05-01,935.82,1341
U000215,E00019,C0005,P0039,2026-06-01,658.82,1341
U000216,E00020,C0006,P0371,2025-07-01,227.11,463
U000217,E00020,C0006,P0371,2025-08-01,241.51,463
U000218,E00020,C0006,P0371,2025-09-01,294.02,463
U000219,E00020,C0006,P0371,2025-10-01,324.39,463
U000220,E00020,C0006,P0371,2025-11-01,254.98,463
U000221,E00020,C0006,P0371,2025-12-01,291.72,463
U000222,E00020,C0006,P0371,2026-01-01,317.98,463
U000223,E00020,C0006,P0371,2026-02-01,282.58,463
U000224,E00020,C0006,P0371,2026-03-01,292.95,463
U000225,E00020,C0006,P0371,2026-04-01,354.55,463
U000226,E00020,C0006,P0371,2026-05-01,350.37,463
U000227,E00020,C0006,P0371,2026-06-01,381.34,463
U000228,E00021,C0006,P0342,2025-07-01,1061.81,1741
U000229,E00021,C0006,P0342,2025-08-01,1449.35,1741
U000230,E00021,C0006,P0342,2025-09-01,958.6,1741
U000231,E00021,C0006,P0342,2025-10-01,918.65,1741
U000232,E00021,C0006,P0342,2025-11-01,1400.62,1741
U000233,E00021,C0006,P0342,2025-12-01,1395.01,1741
U000234,E00021,C0006,P0342,2026-01-01,1045.74,1741
U000235,E00021,C0006,P0342,2026-02-01,984.63,1741
U000236,E00021,C0006,P0342,2026-03-01,1377.21,1741
U000237,E00021,C0006,P0342,2026-04-01,898.92,1741
U000238,E00021,C0006,P0342,2026-05-01,1007.76,1741
U000239,E00021,C0006,P0342,2026-06-01,1131.03,1741
U000240,E00022,C0006,P0148,2025-07-01,413.65,438
U000241,E00022,C0006,P0148,2025-08-01,297.72,438
U000242,E00022,C0006,P0148,2025-09-01,298.43,438
U000243,E00022,C0006,P0148,2025-10-01,350.53,438
U000244,E00022,C0006,P0148,2025-11-01,403.08,438
U000245,E00022,C0006,P0148,2025-12-01,338.79,438
U000246,E00022,C0006,P0148,2026-01-01,282.42,438
U000247,E00022,C0006,P0148,2026-02-01,245.72,438
U000248,E00022,C0006,P0148,2026-03-01,414.81,438
U000249,E00022,C0006,P0148,2026-04-01,282.61,438
U000250,E00022,C0006,P0148,2026-05-01,325.51,438
U000251,E00022,C0006,P0148,2026-06-01,331.78,438
U000252,E00023,C0006,P0087,2025-10-01,17.53,25
U000253,E00023,C0006,P0087,2025-11-01,18.18,25
U000254,E00023,C0006,P0087,2025-12-01,24.08,25
U000255,E00023,C0006,P0087,2026-01-01,17.69,25
U000256,E00023,C0006,P0087,2026-02-01,20.42,25
U000257,E00023,C0006,P0087,2026-03-01,23.07,25
U000258,E00023,C0006,P0087,2026-04-01,24.88,25
U000259,E00023,C0006,P0087,2026-05-01,19.82,25
U000260,E00023,C0006,P0087,2026-06-01,15.84,25
U000261,E00024,C0006,P0299,2025-07-01,8.21,13
U000262,E00024,C0006,P0299,2025-08-01,11.8,13
U000263,E00024,C0006,P0299,2025-09-01,8.35,13
U000264,E00024,C0006,P0299,2025-10-01,6.85,13
U000265,E00024,C0006,P0299,2025-11-01,14.24,13
U000266,E00024,C0006,P0299,2025-12-01,10.88,13
U000267,E00024,C0006,P0299,2026-01-01,8.6,13
U000268,E00024,C0006,P0299,2026-02-01,9.17,13
U000269,E00024,C0006,P0299,2026-03-01,6.98,13
U000270,E00024,C0006,P0299,2026-04-01,7.89,13
U000271,E00024,C0006,P0299,2026-05-01,7.2,13
U000272,E00024,C0006,P0299,2026-06-01,5.0,13
U000273,E00025,C0006,P0061,2025-08-01,611.04,863
U000274,E00025,C0006,P0061,2025-09-01,643.92,863
U000275,E00025,C0006,P0061,2025-10-01,801.55,863
U000276,E00025,C0006,P0061,2025-11-01,842.79,863
U000277,E00025,C0006,P0061,2025-12-01,615.52,863
U000278,E00025,C0006,P0061,2026-01-01,635.75,863
U000279,E00025,C0006,P0061,2026-02-01,730.01,863
U000280,E00025,C0006,P0061,2026-03-01,514.22,863
U000281,E00025,C0006,P0061,2026-04-01,464.99,863
U000282,E00025,C0006,P0061,2026-05-01,529.0,863
U000283,E00025,C0006,P0061,2026-06-01,505.67,863
U000284,E00026,C0007,P0033,2025-07-01,1715.86,1178
U000285,E00026,C0007,P0033,2025-08-01,1387.25,1178
U000286,E00026,C0007,P0033,2025-09-01,1844.35,1178
U000287,E00026,C0007,P0033,2025-10-01,1893.57,1178
U000288,E00026,C0007,P0033,2025-11-01,1755.91,1178
U000289,E00026,C0007,P0033,2025-12-01,1612.22,1178
U000290,E00026,C0007,P0033,2026-01-01,2000.81,1178
U000291,E00026,C0007,P0033,2026-02-01,1535.57,1178
U000292,E00026,C0007,P0033,2026-03-01,1454.17,1178
U000293,E00026,C0007,P0033,2026-04-01,1485.01,1178
U000294,E00026,C0007,P0033,2026-05-01,1704.39,1178
U000295,E00026,C0007,P0033,2026-06-01,1426.88,1178
U000296,E00027,C0007,P0487,2025-10-01,365.37,292
U000297,E00027,C0007,P0487,2025-11-01,372.45,292
U000298,E00027,C0007,P0487,2025-12-01,453.13,292
U000299,E00027,C0007,P0487,2026-01-01,361.38,292
U000300,E00027,C0007,P0487,2026-02-01,350.83,292
U000301,E00027,C0007,P0487,2026-03-01,354.9,292
U000302,E00027,C0007,P0487,2026-04-01,460.0,292
U000303,E00027,C0007,P0487,2026-05-01,411.44,292
U000304,E00027,C0007,P0487,2026-06-01,369.24,292
U000305,E00028,C0007,P0446,2025-07-01,2620.89,1907
U000306,E00028,C0007,P0446,2025-08-01,2391.34,1907
U000307,E00028,C0007,P0446,2025-09-01,3060.39,1907
U000308,E00028,C0007,P0446,2025-10-01,2130.16,1907
U000309,E00028,C0007,P0446,2025-11-01,2543.14,1907
U000310,E00028,C0007,P0446,2025-12-01,3065.06,1907
U000311,E00028,C0007,P0446,2026-01-01,2697.11,1907
U000312,E00028,C0007,P0446,2026-02-01,2688.58,1907
U000313,E00028,C0007,P0446,2026-03-01,2858.35,1907
U000314,E00028,C0007,P0446,2026-04-01,2660.64,1907
U000315,E00028,C0007,P0446,2026-05-01,2474.54,1907
U000316,E00028,C0007,P0446,2026-06-01,2597.96,1907
U000317,E00029,C0007,P0112,2025-07-01,30.21,20
U000318,E00029,C0007,P0112,2025-08-01,28.44,20
U000319,E00029,C0007,P0112,2025-09-01,32.06,20
U000320,E00029,C0007,P0112,2025-10-01,28.8,20
U000321,E00029,C0007,P0112,2025-11-01,30.37,20
U000322,E00029,C0007,P0112,2025-12-01,23.92,20
U000323,E00029,C0007,P0112,2026-01-01,29.63,20
U000324,E00029,C0007,P0112,2026-02-01,28.22,20
U000325,E00029,C0007,P0112,2026-03-01,33.53,20
U000326,E00029,C0007,P0112,2026-04-01,34.18,20
U000327,E00029,C0007,P0112,2026-05-01,24.35,20
U000328,E00029,C0007,P0112,2026-06-01,30.95,20
U000329,E00030,C0007,P0494,2025-08-01,7.02,5
U000330,E00030,C0007,P0494,2025-09-01,6.91,5
U000331,E00030,C0007,P0494,2025-10-01,7.05,5
U000332,E00030,C0007,P0494,2025-11-01,6.21,5
U000333,E00030,C0007,P0494,2025-12-01,6.6,5
U000334,E00030,C0007,P0494,2026-01-01,7.29,5
U000335,E00030,C0007,P0494,2026-02-01,6.58,5
U000336,E00030,C0007,P0494,2026-03-01,8.21,5
U000337,E00030,C0007,P0494,2026-04-01,6.42,5
U000338,E00030,C0007,P0494,2026-05-01,8.68,5
U000339,E00030,C0007,P0494,2026-06-01,7.87,5
U000340,E00031,C0007,P0330,2025-07-01,15631.95,11564
U000341,E00031,C0007,P0330,2025-08-01,16347.51,11564
U000342,E00031,C0007,P0330,2025-09-01,14747.43,11564
U000343,E00031,C0007,P0330,2025-10-01,16145.42,11564
U000344,E00031,C0007,P0330,2025-11-01,17760.35,11564
U000345,E00031,C0007,P0330,2025-12-01,16662.27,11564
U000346,E00031,C0007,P0330,2026-01-01,14783.93,11564
U000347,E00031,C0007,P0330,2026-02-01,13675.44,11564
U000348,E00031,C0007,P0330,2026-03-01,16109.92,11564
U000349,E00031,C0007,P0330,2026-04-01,18618.49,11564
U000350,E00031,C0007,P0330,2026-05-01,16388.14,11564
U000351,E00031,C0007,P0330,2026-06-01,15379.8,11564
U000352,E00032,C0007,P0464,2025-07-01,19.83,14
U000353,E00032,C0007,P0464,2025-08-01,22.66,14
U000354,E00032,C0007,P0464,2025-09-01,22.01,14
U000355,E00032,C0007,P0464,2025-10-01,19.45,14
U000356,E00032,C0007,P0464,2025-11-01,18.44,14
U000357,E00032,C0007,P0464,2025-12-01,17.72,14
U000358,E00032,C0007,P0464,2026-01-01,18.39,14
U000359,E00032,C0007,P0464,2026-02-01,18.56,14
U000360,E00032,C0007,P0464,2026-03-01,18.99,14
U000361,E00032,C0007,P0464,2026-04-01,20.63,14
U000362,E00032,C0007,P0464,2026-05-01,17.06,14
U000363,E00032,C0007,P0464,2026-06-01,21.01,14
U000364,E00033,C0008,P0366,2025-07-01,0.0,9967
U000365,E00033,C0008,P0366,2025-08-01,0.0,9967
U000366,E00033,C0008,P0366,2025-09-01,2192.74,9967
U000367,E00033,C0008,P0366,2025-10-01,4784.16,9967
U000368,E00033,C0008,P0366,2025-11-01,10145.52,9967
U000369,E00033,C0008,P0366,2025-12-01,6024.14,9967
U000370,E00033,C0008,P0366,2026-01-01,6419.43,9967
U000371,E00033,C0008,P0366,2026-02-01,7400.9,9967
U000372,E00033,C0008,P0366,2026-03-01,8328.6,9967
U000373,E00033,C0008,P0366,2026-04-01,4728.19,9967
U000374,E00033,C0008,P0366,2026-05-01,9244.17,9967
U000375,E00033,C0008,P0366,2026-06-01,7094.2,9967
U000376,E00034,C0008,P0482,2025-07-01,0.0,3931
U000377,E00034,C0008,P0482,2025-08-01,0.0,3931
U000378,E00034,C0008,P0482,2025-09-01,864.82,3931
U000379,E00034,C0008,P0482,2025-10-01,1886.88,3931
U000380,E00034,C0008,P0482,2025-11-01,2541.31,3931
U000381,E00034,C0008,P0482,2025-12-01,3489.85,3931
U000382,E00034,C0008,P0482,2026-01-01,3819.15,3931
U000383,E00034,C0008,P0482,2026-02-01,2945.49,3931
U000384,E00034,C0008,P0482,2026-03-01,3514.59,3931
U000385,E00034,C0008,P0482,2026-04-01,2968.52,3931
U000386,E00034,C0008,P0482,2026-05-01,3021.91,3931
U000387,E00034,C0008,P0482,2026-06-01,2946.22,3931
U000388,E00035,C0008,P0483,2025-07-01,0.0,404
U000389,E00035,C0008,P0483,2025-08-01,0.0,404
U000390,E00035,C0008,P0483,2025-09-01,88.88,404
U000391,E00035,C0008,P0483,2025-10-01,193.92,404
U000392,E00035,C0008,P0483,2025-11-01,293.69,404
U000393,E00035,C0008,P0483,2025-12-01,348.42,404
U000394,E00035,C0008,P0483,2026-01-01,298.68,404
U000395,E00035,C0008,P0483,2026-02-01,216.57,404
U000396,E00035,C0008,P0483,2026-03-01,259.87,404
U000397,E00035,C0008,P0483,2026-04-01,248.7,404
U000398,E00035,C0008,P0483,2026-05-01,217.25,404
U000399,E00035,C0008,P0483,2026-06-01,319.02,404
U000400,E00036,C0008,P0450,2025-07-01,0.0,469
U000401,E00036,C0008,P0450,2025-08-01,0.0,469
U000402,E00036,C0008,P0450,2025-09-01,103.18,469
U000403,E00036,C0008,P0450,2025-10-01,225.12,469
U000404,E00036,C0008,P0450,2025-11-01,412.51,469
U000405,E00036,C0008,P0450,2025-12-01,348.05,469
U000406,E00036,C0008,P0450,2026-01-01,444.05,469
U000407,E00036,C0008,P0450,2026-02-01,380.02,469
U000408,E00036,C0008,P0450,2026-03-01,351.12,469
U000409,E00036,C0008,P0450,2026-04-01,300.2,469
U000410,E00036,C0008,P0450,2026-05-01,280.48,469
U000411,E00036,C0008,P0450,2026-06-01,332.49,469
U000412,E00037,C0009,P0209,2025-07-01,9363.35,7288
U000413,E00037,C0009,P0209,2025-08-01,10202.92,7288
U000414,E00037,C0009,P0209,2025-09-01,10796.05,7288
U000415,E00037,C0009,P0209,2025-10-01,11548.65,7288
U000416,E00037,C0009,P0209,2025-11-01,8348.79,7288
U000417,E00037,C0009,P0209,2025-12-01,11257.97,7288
U000418,E00037,C0009,P0209,2026-01-01,10634.19,7288
U000419,E00037,C0009,P0209,2026-02-01,9112.61,7288
U000420,E00037,C0009,P0209,2026-03-01,10590.1,7288
U000421,E00037,C0009,P0209,2026-04-01,9590.06,7288
U000422,E00037,C0009,P0209,2026-05-01,8190.2,7288
U000423,E00037,C0009,P0209,2026-06-01,9718.7,7288
U000424,E00038,C0009,P0017,2025-10-01,37.06,25
U000425,E00038,C0009,P0017,2025-11-01,30.38,25
U000426,E00038,C0009,P0017,2025-12-01,38.27,25
U000427,E00038,C0009,P0017,2026-01-01,35.12,25
U000428,E00038,C0009,P0017,2026-02-01,31.25,25
U000429,E00038,C0009,P0017,2026-03-01,29.26,25
U000430,E00038,C0009,P0017,2026-04-01,36.22,25
U000431,E00038,C0009,P0017,2026-05-01,41.93,25
U000432,E00038,C0009,P0017,2026-06-01,38.47,25
U000433,E00039,C0009,P0463,2025-07-01,1576.79,1276
U000434,E00039,C0009,P0463,2025-08-01,1826.1,1276
U000435,E00039,C0009,P0463,2025-09-01,1529.07,1276
U000436,E00039,C0009,P0463,2025-10-01,1682.14,1276
U000437,E00039,C0009,P0463,2025-11-01,1853.93,1276
U000438,E00039,C0009,P0463,2025-12-01,1697.62,1276
U000439,E00039,C0009,P0463,2026-01-01,1452.48,1276
U000440,E00039,C0009,P0463,2026-02-01,1773.31,1276
U000441,E00039,C0009,P0463,2026-03-01,1855.21,1276
U000442,E00039,C0009,P0463,2026-04-01,1690.05,1276
U000443,E00039,C0009,P0463,2026-05-01,1735.18,1276
U000444,E00039,C0009,P0463,2026-06-01,1951.09,1276
U000445,E00040,C0009,P0032,2025-07-01,857.7,762
U000446,E00040,C0009,P0032,2025-08-01,1028.18,762
U000447,E00040,C0009,P0032,2025-09-01,1029.95,762
U000448,E00040,C0009,P0032,2025-10-01,1157.08,762
U000449,E00040,C0009,P0032,2025-11-01,1042.52,762
U000450,E00040,C0009,P0032,2025-12-01,1053.57,762
U000451,E00040,C0009,P0032,2026-01-01,1306.48,762
U000452,E00040,C0009,P0032,2026-02-01,1036.39,762
U000453,E00040,C0009,P0032,2026-03-01,1024.13,762
U000454,E00040,C0009,P0032,2026-04-01,1127.06,762
U000455,E00040,C0009,P0032,2026-05-01,1204.13,762
U000456,E00040,C0009,P0032,2026-06-01,1006.23,762
U000457,E00041,C0009,P0093,2025-07-01,28.93,21
U000458,E00041,C0009,P0093,2025-08-01,27.39,21
U000459,E00041,C0009,P0093,2025-09-01,25.35,21
U000460,E00041,C0009,P0093,2025-10-01,27.05,21
U000461,E00041,C0009,P0093,2025-11-01,27.93,21
U000462,E00041,C0009,P0093,2025-12-01,29.79,21
U000463,E00041,C0009,P0093,2026-01-01,28.22,21
U000464,E00041,C0009,P0093,2026-02-01,25.59,21
U000465,E00041,C0009,P0093,2026-03-01,32.0,21
U000466,E00041,C0009,P0093,2026-04-01,27.42,21
U000467,E00041,C0009,P0093,2026-05-01,25.22,21
U000468,E00041,C0009,P0093,2026-06-01,28.41,21
U000469,E00042,C0009,P0197,2025-07-01,2582.61,1616
U000470,E00042,C0009,P0197,2025-08-01,2064.15,1616
U000471,E00042,C0009,P0197,2025-09-01,2371.95,1616
U000472,E00042,C0009,P0197,2025-10-01,2012.51,1616
U000473,E00042,C0009,P0197,2025-11-01,2433.85,1616
U000474,E00042,C0009,P0197,2025-12-01,2388.48,1616
U000475,E00042,C0009,P0197,2026-01-01,2196.8,1616
U000476,E00042,C0009,P0197,2026-02-01,2415.95,1616
U000477,E00042,C0009,P0197,2026-03-01,2195.8,1616
U000478,E00042,C0009,P0197,2026-04-01,2607.16,1616
U000479,E00042,C0009,P0197,2026-05-01,2130.34,1616
U000480,E00042,C0009,P0197,2026-06-01,2441.08,1616
U000481,E00043,C0010,P0088,2025-07-01,0.0,512
U000482,E00043,C0010,P0088,2025-08-01,0.0,512
U000483,E00043,C0010,P0088,2025-09-01,0.0,512
U000484,E00043,C0010,P0088,2025-10-01,0.0,512
U000485,E00043,C0010,P0088,2025-11-01,0.0,512
U000486,E00043,C0010,P0088,2025-12-01,0.0,512
U000487,E00043,C0010,P0088,2026-01-01,0.0,512
U000488,E00043,C0010,P0088,2026-02-01,0.0,512
U000489,E00043,C0010,P0088,2026-03-01,0.0,512
U000490,E00043,C0010,P0088,2026-04-01,0.0,512
U000491,E00043,C0010,P0088,2026-05-01,0.0,512
U000492,E00043,C0010,P0088,2026-06-01,0.0,512
U000493,E00044,C0010,P0291,2025-07-01,0.0,20
U000494,E00044,C0010,P0291,2025-08-01,0.0,20
U000495,E00044,C0010,P0291,2025-09-01,0.0,20
U000496,E00044,C0010,P0291,2025-10-01,0.0,20
U000497,E00044,C0010,P0291,2025-11-01,0.0,20
U000498,E00044,C0010,P0291,2025-12-01,0.0,20
U000499,E00044,C0010,P0291,2026-01-01,0.0,20
U000500,E00044,C0010,P0291,2026-02-01,0.0,20
U000501,E00044,C0010,P0291,2026-03-01,0.0,20
U000502,E00044,C0010,P0291,2026-04-01,0.0,20
U000503,E00044,C0010,P0291,2026-05-01,0.0,20
U000504,E00044,C0010,P0291,2026-06-01,0.0,20
U000505,E00045,C0010,P0246,2025-07-01,0.0,3
U000506,E00045,C0010,P0246,2025-08-01,0.0,3
U000507,E00045,C0010,P0246,2025-09-01,0.0,3
U000508,E00045,C0010,P0246,2025-10-01,0.0,3
U000509,E00045,C0010,P0246,2025-11-01,0.0,3
U000510,E00045,C0010,P0246,2025-12-01,0.0,3
U000511,E00045,C0010,P0246,2026-01-01,0.0,3
U000512,E00045,C0010,P0246,2026-02-01,0.0,3
U000513,E00045,C0010,P0246,2026-03-01,0.0,3
U000514,E00045,C0010,P0246,2026-04-01,0.0,3
U000515,E00045,C0010,P0246,2026-05-01,0.0,3
U000516,E00045,C0010,P0246,2026-06-01,0.0,3
U000517,E00046,C0010,P0134,2025-08-01,0.0,10151
U000518,E00046,C0010,P0134,2025-09-01,0.0,10151
U000519,E00046,C0010,P0134,2025-10-01,0.0,10151
U000520,E00046,C0010,P0134,2025-11-01,0.0,10151
U000521,E00046,C0010,P0134,2025-12-01,0.0,10151
U000522,E00046,C0010,P0134,2026-01-01,0.0,10151
U000523,E00046,C0010,P0134,2026-02-01,0.0,10151
U000524,E00046,C0010,P0134,2026-03-01,0.0,10151
U000525,E00046,C0010,P0134,2026-04-01,0.0,10151
U000526,E00046,C0010,P0134,2026-05-01,0.0,10151
U000527,E00046,C0010,P0134,2026-06-01,0.0,10151
U000528,E00047,C0011,P0391,2025-07-01,43.33,29
U000529,E00047,C0011,P0391,2025-08-01,42.71,29
U000530,E00047,C0011,P0391,2025-09-01,36.28,29
U000531,E00047,C0011,P0391,2025-10-01,36.83,29
U000532,E00047,C0011,P0391,2025-11-01,35.35,29
U000533,E00047,C0011,P0391,2025-12-01,36.43,29
U000534,E00047,C0011,P0391,2026-01-01,32.63,29
U000535,E00047,C0011,P0391,2026-02-01,40.65,29
U000536,E00047,C0011,P0391,2026-03-01,46.0,29
U000537,E00047,C0011,P0391,2026-04-01,38.93,29
U000538,E00047,C0011,P0391,2026-05-01,44.76,29
U000539,E00047,C0011,P0391,2026-06-01,36.29,29
U000540,E00048,C0011,P0038,2025-07-01,33.65,27
U000541,E00048,C0011,P0038,2025-08-01,36.71,27
U000542,E00048,C0011,P0038,2025-09-01,42.94,27
U000543,E00048,C0011,P0038,2025-10-01,35.12,27
U000544,E00048,C0011,P0038,2025-11-01,40.62,27
U000545,E00048,C0011,P0038,2025-12-01,39.36,27
U000546,E00048,C0011,P0038,2026-01-01,42.78,27
U000547,E00048,C0011,P0038,2026-02-01,34.17,27
U000548,E00048,C0011,P0038,2026-03-01,37.33,27
U000549,E00048,C0011,P0038,2026-04-01,35.04,27
U000550,E00048,C0011,P0038,2026-05-01,35.06,27
U000551,E00048,C0011,P0038,2026-06-01,45.41,27
U000552,E00049,C0011,P0154,2025-07-01,471.7,320
U000553,E00049,C0011,P0154,2025-08-01,450.08,320
U000554,E00049,C0011,P0154,2025-09-01,471.13,320
U000555,E00049,C0011,P0154,2025-10-01,409.35,320
U000556,E00049,C0011,P0154,2025-11-01,458.07,320
U000557,E00049,C0011,P0154,2025-12-01,428.18,320
U000558,E00049,C0011,P0154,2026-01-01,433.09,320
U000559,E00049,C0011,P0154,2026-02-01,450.17,320
U000560,E00049,C0011,P0154,2026-03-01,447.14,320
U000561,E00049,C0011,P0154,2026-04-01,427.9,320
U000562,E00049,C0011,P0154,2026-05-01,541.76,320
U000563,E00049,C0011,P0154,2026-06-01,400.92,320
U000564,E00050,C0011,P0234,2025-07-01,327.84,286
U000565,E00050,C0011,P0234,2025-08-01,331.45,286
U000566,E00050,C0011,P0234,2025-09-01,412.08,286
U000567,E00050,C0011,P0234,2025-10-01,425.64,286
U000568,E00050,C0011,P0234,2025-11-01,402.4,286
U000569,E00050,C0011,P0234,2025-12-01,413.96,286
U000570,E00050,C0011,P0234,2026-01-01,492.24,286
U000571,E00050,C0011,P0234,2026-02-01,408.19,286
U000572,E00050,C0011,P0234,2026-03-01,361.99,286
U000573,E00050,C0011,P0234,2026-04-01,409.84,286
U000574,E00050,C0011,P0234,2026-05-01,409.27,286
U000575,E00050,C0011,P0234,2026-06-01,327.01,286
U000576,E00051,C0011,P0496,2025-10-01,367.18,281
U000577,E00051,C0011,P0496,2025-11-01,425.31,281
U000578,E00051,C0011,P0496,2025-12-01,363.1,281
U000579,E00051,C0011,P0496,2026-01-01,403.64,281
U000580,E00051,C0011,P0496,2026-02-01,409.52,281
U000581,E00051,C0011,P0496,2026-03-01,412.23,281
U000582,E00051,C0011,P0496,2026-04-01,374.88,281
U000583,E00051,C0011,P0496,2026-05-01,425.97,281
U000584,E00051,C0011,P0496,2026-06-01,336.76,281
U000585,E00052,C0011,P0442,2025-07-01,767.14,561
U000586,E00052,C0011,P0442,2025-08-01,821.97,561
U000587,E00052,C0011,P0442,2025-09-01,779.71,561
U000588,E00052,C0011,P0442,2025-10-01,709.61,561
U000589,E00052,C0011,P0442,2025-11-01,754.09,561
U000590,E00052,C0011,P0442,2025-12-01,762.62,561
U000591,E00052,C0011,P0442,2026-01-01,864.74,561
U000592,E00052,C0011,P0442,2026-02-01,661.43,561
U000593,E00052,C0011,P0442,2026-03-01,768.67,561
U000594,E00052,C0011,P0442,2026-04-01,863.3,561
U000595,E00052,C0011,P0442,2026-05-01,808.63,561
U000596,E00052,C0011,P0442,2026-06-01,886.75,561
U000597,E00053,C0012,P0138,2025-07-01,7088.04,11018
U000598,E00053,C0012,P0138,2025-08-01,8475.01,11018
U000599,E00053,C0012,P0138,2025-09-01,6644.76,11018
U000600,E00053,C0012,P0138,2025-10-01,8850.84,11018
U000601,E00053,C0012,P0138,2025-11-01,9354.02,11018
U000602,E00053,C0012,P0138,2025-12-01,8121.94,11018
U000603,E00053,C0012,P0138,2026-01-01,7466.8,11018
U000604,E00053,C0012,P0138,2026-02-01,9027.93,11018
U000605,E00053,C0012,P0138,2026-03-01,6876.3,11018
U000606,E00053,C0012,P0138,2026-04-01,5895.06,11018
U000607,E00053,C0012,P0138,2026-05-01,6287.15,11018
U000608,E00053,C0012,P0138,2026-06-01,8200.64,11018
U000609,E00054,C0012,P0282,2025-07-01,8.63,15
U000610,E00054,C0012,P0282,2025-08-01,9.8,15
U000611,E00054,C0012,P0282,2025-09-01,11.61,15
U000612,E00054,C0012,P0282,2025-10-01,10.12,15
U000613,E00054,C0012,P0282,2025-11-01,8.19,15
U000614,E00054,C0012,P0282,2025-12-01,9.39,15
U000615,E00054,C0012,P0282,2026-01-01,11.17,15
U000616,E00054,C0012,P0282,2026-02-01,13.05,15
U000617,E00054,C0012,P0282,2026-03-01,14.19,15
U000618,E00054,C0012,P0282,2026-04-01,10.39,15
U000619,E00054,C0012,P0282,2026-05-01,10.78,15
U000620,E00054,C0012,P0282,2026-06-01,12.26,15
U000621,E00055,C0012,P0214,2025-07-01,17.66,29
U000622,E00055,C0012,P0214,2025-08-01,22.78,29
U000623,E00055,C0012,P0214,2025-09-01,21.71,29
U000624,E00055,C0012,P0214,2025-10-01,21.3,29
U000625,E00055,C0012,P0214,2025-11-01,22.07,29
U000626,E00055,C0012,P0214,2025-12-01,23.43,29
U000627,E00055,C0012,P0214,2026-01-01,27.49,29
U000628,E00055,C0012,P0214,2026-02-01,20.13,29
U000629,E00055,C0012,P0214,2026-03-01,18.2,29
U000630,E00055,C0012,P0214,2026-04-01,18.77,29
U000631,E00055,C0012,P0214,2026-05-01,25.28,29
U000632,E00055,C0012,P0214,2026-06-01,23.36,29
U000633,E00056,C0012,P0236,2025-07-01,28.0,29
U000634,E00056,C0012,P0236,2025-08-01,15.64,29
U000635,E00056,C0012,P0236,2025-09-01,22.32,29
U000636,E00056,C0012,P0236,2025-10-01,24.77,29
U000637,E00056,C0012,P0236,2025-11-01,14.77,29
U000638,E00056,C0012,P0236,2025-12-01,16.02,29
U000639,E00056,C0012,P0236,2026-01-01,24.72,29
U000640,E00056,C0012,P0236,2026-02-01,17.46,29
U000641,E00056,C0012,P0236,2026-03-01,24.24,29
U000642,E00056,C0012,P0236,2026-04-01,15.43,29
U000643,E00056,C0012,P0236,2026-05-01,19.5,29
U000644,E00056,C0012,P0236,2026-06-01,22.62,29
U000645,E00057,C0012,P0027,2025-10-01,788.63,1344
U000646,E00057,C0012,P0027,2025-11-01,822.52,1344
U000647,E00057,C0012,P0027,2025-12-01,1047.38,1344
U000648,E00057,C0012,P0027,2026-01-01,675.54,1344
U000649,E00057,C0012,P0027,2026-02-01,893.3,1344
U000650,E00057,C0012,P0027,2026-03-01,1004.23,1344
U000651,E00057,C0012,P0027,2026-04-01,1020.16,1344
U000652,E00057,C0012,P0027,2026-05-01,1052.79,1344
U000653,E00057,C0012,P0027,2026-06-01,978.72,1344
U000654,E00058,C0012,P0170,2025-07-01,4305.23,11950
U000655,E00058,C0012,P0170,2025-08-01,6506.07,11950
U000656,E00058,C0012,P0170,2025-09-01,7129.25,11950
U000657,E00058,C0012,P0170,2025-10-01,11195.59,11950
U000658,E00058,C0012,P0170,2025-11-01,10118.65,11950
U000659,E00058,C0012,P0170,2025-12-01,11173.99,11950
U000660,E00058,C0012,P0170,2026-01-01,9600.85,11950
U000661,E00058,C0012,P0170,2026-02-01,10508.65,11950
U000662,E00058,C0012,P0170,2026-03-01,7276.0,11950
U000663,E00058,C0012,P0170,2026-04-01,8093.73,11950
U000664,E00058,C0012,P0170,2026-05-01,7048.83,11950
U000665,E00058,C0012,P0170,2026-06-01,6909.22,11950
U000666,E00059,C0013,P0225,2025-07-01,369.69,443
U000667,E00059,C0013,P0225,2025-08-01,341.15,443
U000668,E00059,C0013,P0225,2025-09-01,300.37,443
U000669,E00059,C0013,P0225,2025-10-01,367.28,443
U000670,E00059,C0013,P0225,2025-11-01,279.12,443
U000671,E00059,C0013,P0225,2025-12-01,321.61,443
U000672,E00059,C0013,P0225,2026-01-01,225.44,443
U000673,E00059,C0013,P0225,2026-02-01,316.75,443
U000674,E00059,C0013,P0225,2026-03-01,245.36,443
U000675,E00059,C0013,P0225,2026-04-01,290.45,443
U000676,E00059,C0013,P0225,2026-05-01,355.1,443
U000677,E00059,C0013,P0225,2026-06-01,257.11,443
U000678,E00060,C0013,P0076,2025-07-01,4.78,8
U000679,E00060,C0013,P0076,2025-08-01,6.54,8
U000680,E00060,C0013,P0076,2025-09-01,6.11,8
U000681,E00060,C0013,P0076,2025-10-01,3.58,8
U000682,E00060,C0013,P0076,2025-11-01,7.1,8
U000683,E00060,C0013,P0076,2025-12-01,5.1,8
U000684,E00060,C0013,P0076,2026-01-01,4.94,8
U000685,E00060,C0013,P0076,2026-02-01,3.77,8
U000686,E00060,C0013,P0076,2026-03-01,6.13,8
U000687,E00060,C0013,P0076,2026-04-01,4.97,8
U000688,E00060,C0013,P0076,2026-05-01,5.49,8
U000689,E00060,C0013,P0076,2026-06-01,5.88,8
U000690,E00061,C0013,P0053,2025-07-01,6602.14,10766
U000691,E00061,C0013,P0053,2025-08-01,6941.85,10766
U000692,E00061,C0013,P0053,2025-09-01,7567.72,10766
U000693,E00061,C0013,P0053,2025-10-01,8045.08,10766
U000694,E00061,C0013,P0053,2025-11-01,8909.42,10766
U000695,E00061,C0013,P0053,2025-12-01,5204.92,10766
U000696,E00061,C0013,P0053,2026-01-01,8918.72,10766
U000697,E00061,C0013,P0053,2026-02-01,8419.29,10766
U000698,E00061,C0013,P0053,2026-03-01,7125.45,10766
U000699,E00061,C0013,P0053,2026-04-01,8126.59,10766
U000700,E00061,C0013,P0053,2026-05-01,7361.98,10766
U000701,E00061,C0013,P0053,2026-06-01,8251.54,10766
U000702,E00062,C0013,P0338,2025-07-01,1286.17,2662
U000703,E00062,C0013,P0338,2025-08-01,2096.86,2662
U000704,E00062,C0013,P0338,2025-09-01,1558.62,2662
U000705,E00062,C0013,P0338,2025-10-01,2182.63,2662
U000706,E00062,C0013,P0338,2025-11-01,1482.53,2662
U000707,E00062,C0013,P0338,2025-12-01,2303.62,2662
U000708,E00062,C0013,P0338,2026-01-01,2377.25,2662
U000709,E00062,C0013,P0338,2026-02-01,1714.64,2662
U000710,E00062,C0013,P0338,2026-03-01,1525.99,2662
U000711,E00062,C0013,P0338,2026-04-01,1630.03,2662
U000712,E00062,C0013,P0338,2026-05-01,2120.27,2662
U000713,E00062,C0013,P0338,2026-06-01,2333.62,2662
U000714,E00063,C0013,P0399,2025-07-01,17.01,20
U000715,E00063,C0013,P0399,2025-08-01,16.58,20
U000716,E00063,C0013,P0399,2025-09-01,12.34,20
U000717,E00063,C0013,P0399,2025-10-01,14.05,20
U000718,E00063,C0013,P0399,2025-11-01,11.71,20
U000719,E00063,C0013,P0399,2025-12-01,14.56,20
U000720,E00063,C0013,P0399,2026-01-01,16.35,20
U000721,E00063,C0013,P0399,2026-02-01,12.26,20
U000722,E00063,C0013,P0399,2026-03-01,18.14,20
U000723,E00063,C0013,P0399,2026-04-01,11.79,20
U000724,E00063,C0013,P0399,2026-05-01,15.56,20
U000725,E00063,C0013,P0399,2026-06-01,16.56,20
U000726,E00064,C0013,P0140,2025-09-01,369.67,509
U000727,E00064,C0013,P0140,2025-10-01,359.11,509
U000728,E00064,C0013,P0140,2025-11-01,365.94,509
U000729,E00064,C0013,P0140,2025-12-01,355.35,509
U000730,E00064,C0013,P0140,2026-01-01,359.83,509
U000731,E00064,C0013,P0140,2026-02-01,361.23,509
U000732,E00064,C0013,P0140,2026-03-01,282.92,509
U000733,E00064,C0013,P0140,2026-04-01,322.32,509
U000734,E00064,C0013,P0140,2026-05-01,365.32,509
U000735,E00064,C0013,P0140,2026-06-01,478.79,509
U000736,E00065,C0013,P0142,2025-07-01,3374.94,5252
U000737,E00065,C0013,P0142,2025-08-01,4150.38,5252
U000738,E00065,C0013,P0142,2025-09-01,3640.15,5252
U000739,E00065,C0013,P0142,2025-10-01,4591.54,5252
U000740,E00065,C0013,P0142,2025-11-01,4910.5,5252
U000741,E00065,C0013,P0142,2025-12-01,2836.45,5252
U000742,E00065,C0013,P0142,2026-01-01,3245.04,5252
U000743,E00065,C0013,P0142,2026-02-01,3809.47,5252
U000744,E00065,C0013,P0142,2026-03-01,2515.86,5252
U000745,E00065,C0013,P0142,2026-04-01,3560.09,5252
U000746,E00065,C0013,P0142,2026-05-01,3588.73,5252
U000747,E00065,C0013,P0142,2026-06-01,2719.27,5252
U000748,E00066,C0014,P0143,2025-07-01,0.0,598
U000749,E00066,C0014,P0143,2025-08-01,0.0,598
U000750,E00066,C0014,P0143,2025-09-01,131.56,598
U000751,E00066,C0014,P0143,2025-10-01,287.04,598
U000752,E00066,C0014,P0143,2025-11-01,368.72,598
U000753,E00066,C0014,P0143,2025-12-01,478.68,598
U000754,E00066,C0014,P0143,2026-01-01,441.98,598
U000755,E00066,C0014,P0143,2026-02-01,418.37,598
U000756,E00066,C0014,P0143,2026-03-01,463.51,598
U000757,E00066,C0014,P0143,2026-04-01,385.27,598
U000758,E00066,C0014,P0143,2026-05-01,461.54,598
U000759,E00066,C0014,P0143,2026-06-01,618.99,598
U000760,E00067,C0014,P0332,2025-07-01,0.0,23
U000761,E00067,C0014,P0332,2025-08-01,0.0,23
U000762,E00067,C0014,P0332,2025-09-01,5.06,23
U000763,E00067,C0014,P0332,2025-10-01,11.04,23
U000764,E00067,C0014,P0332,2025-11-01,11.44,23
U000765,E00067,C0014,P0332,2025-12-01,17.88,23
U000766,E00067,C0014,P0332,2026-01-01,18.22,23
U000767,E00067,C0014,P0332,2026-02-01,12.02,23
U000768,E00067,C0014,P0332,2026-03-01,15.97,23
U000769,E00067,C0014,P0332,2026-04-01,17.52,23
U000770,E00067,C0014,P0332,2026-05-01,14.44,23
U000771,E00067,C0014,P0332,2026-06-01,15.29,23
U000772,E00068,C0014,P0321,2025-07-01,0.0,424
U000773,E00068,C0014,P0321,2025-08-01,0.0,424
U000774,E00068,C0014,P0321,2025-09-01,93.28,424
U000775,E00068,C0014,P0321,2025-10-01,203.52,424
U000776,E00068,C0014,P0321,2025-11-01,218.73,424
U000777,E00068,C0014,P0321,2025-12-01,374.44,424
U000778,E00068,C0014,P0321,2026-01-01,262.37,424
U000779,E00068,C0014,P0321,2026-02-01,275.38,424
U000780,E00068,C0014,P0321,2026-03-01,370.96,424
U000781,E00068,C0014,P0321,2026-04-01,224.35,424
U000782,E00068,C0014,P0321,2026-05-01,264.83,424
U000783,E00068,C0014,P0321,2026-06-01,334.97,424
U000784,E00069,C0014,P0368,2025-07-01,0.0,273
U000785,E00069,C0014,P0368,2025-08-01,0.0,273
U000786,E00069,C0014,P0368,2025-09-01,60.06,273
U000787,E00069,C0014,P0368,2025-10-01,131.04,273
U000788,E00069,C0014,P0368,2025-11-01,153.59,273
U000789,E00069,C0014,P0368,2025-12-01,162.8,273
U000790,E00069,C0014,P0368,2026-01-01,252.43,273
U000791,E00069,C0014,P0368,2026-02-01,190.94,273
U000792,E00069,C0014,P0368,2026-03-01,240.84,273
U000793,E00069,C0014,P0368,2026-04-01,174.97,273
U000794,E00069,C0014,P0368,2026-05-01,221.13,273
U000795,E00069,C0014,P0368,2026-06-01,172.22,273
U000796,E00070,C0014,P0285,2025-07-01,0.0,68
U000797,E00070,C0014,P0285,2025-08-01,0.0,68
U000798,E00070,C0014,P0285,2025-09-01,14.96,68
U000799,E00070,C0014,P0285,2025-10-01,32.64,68
U000800,E00070,C0014,P0285,2025-11-01,45.41,68
U000801,E00070,C0014,P0285,2025-12-01,46.92,68
U000802,E00070,C0014,P0285,2026-01-01,47.03,68
U000803,E00070,C0014,P0285,2026-02-01,48.05,68
U000804,E00070,C0014,P0285,2026-03-01,45.46,68
U000805,E00070,C0014,P0285,2026-04-01,41.82,68
U000806,E00070,C0014,P0285,2026-05-01,56.62,68
U000807,E00070,C0014,P0285,2026-06-01,43.58,68
U000808,E00071,C0015,P0110,2025-07-01,307.77,448
U000809,E00071,C0015,P0110,2025-08-01,402.56,448
U000810,E00071,C0015,P0110,2025-09-01,337.04,448
U000811,E00071,C0015,P0110,2025-10-01,379.89,448
U000812,E00071,C0015,P0110,2025-11-01,308.89,448
U000813,E00071,C0015,P0110,2025-12-01,325.23,448
U000814,E00071,C0015,P0110,2026-01-01,289.45,448
U000815,E00071,C0015,P0110,2026-02-01,230.88,448
U000816,E00071,C0015,P0110,2026-03-01,266.36,448
U000817,E00071,C0015,P0110,2026-04-01,282.46,448
U000818,E00071,C0015,P0110,2026-05-01,270.93,448
U000819,E00071,C0015,P0110,2026-06-01,227.38,448
U000820,E00072,C0015,P0071,2025-07-01,2.54,4
U000821,E00072,C0015,P0071,2025-08-01,3.16,4
U000822,E00072,C0015,P0071,2025-09-01,3.71,4
U000823,E00072,C0015,P0071,2025-10-01,2.93,4
U000824,E00072,C0015,P0071,2025-11-01,2.7,4
U000825,E00072,C0015,P0071,2025-12-01,2.61,4
U000826,E00072,C0015,P0071,2026-01-01,3.42,4
U000827,E00072,C0015,P0071,2026-02-01,2.61,4
U000828,E00072,C0015,P0071,2026-03-01,3.46,4
U000829,E00072,C0015,P0071,2026-04-01,3.31,4
U000830,E00072,C0015,P0071,2026-05-01,2.95,4
U000831,E00072,C0015,P0071,2026-06-01,2.87,4
U000832,E00073,C0015,P0206,2025-07-01,18.08,27
U000833,E00073,C0015,P0206,2025-08-01,20.34,27
U000834,E00073,C0015,P0206,2025-09-01,19.92,27
U000835,E00073,C0015,P0206,2025-10-01,21.68,27
U000836,E00073,C0015,P0206,2025-11-01,13.78,27
U000837,E00073,C0015,P0206,2025-12-01,10.98,27
U000838,E00073,C0015,P0206,2026-01-01,16.33,27
U000839,E00073,C0015,P0206,2026-02-01,16.47,27
U000840,E00073,C0015,P0206,2026-03-01,24.51,27
U000841,E00073,C0015,P0206,2026-04-01,22.49,27
U000842,E00073,C0015,P0206,2026-05-01,15.58,27
U000843,E00073,C0015,P0206,2026-06-01,19.18,27
U000844,E00074,C0015,P0289,2025-10-01,1031.21,1700
U000845,E00074,C0015,P0289,2025-11-01,1528.93,1700
U000846,E00074,C0015,P0289,2025-12-01,1227.44,1700
U000847,E00074,C0015,P0289,2026-01-01,1524.76,1700
U000848,E00074,C0015,P0289,2026-02-01,1412.28,1700
U000849,E00074,C0015,P0289,2026-03-01,1126.39,1700
U000850,E00074,C0015,P0289,2026-04-01,806.38,1700
U000851,E00074,C0015,P0289,2026-05-01,1202.17,1700
U000852,E00074,C0015,P0289,2026-06-01,1340.59,1700
U000853,E00075,C0015,P0405,2025-07-01,245.68,348
U000854,E00075,C0015,P0405,2025-08-01,302.17,348
U000855,E00075,C0015,P0405,2025-09-01,323.89,348
U000856,E00075,C0015,P0405,2025-10-01,195.25,348
U000857,E00075,C0015,P0405,2025-11-01,180.36,348
U000858,E00075,C0015,P0405,2025-12-01,313.5,348
U000859,E00075,C0015,P0405,2026-01-01,205.14,348
U000860,E00075,C0015,P0405,2026-02-01,197.99,348
U000861,E00075,C0015,P0405,2026-03-01,201.05,348
U000862,E00075,C0015,P0405,2026-04-01,236.71,348
U000863,E00075,C0015,P0405,2026-05-01,239.5,348
U000864,E00075,C0015,P0405,2026-06-01,236.18,348
U000865,E00076,C0015,P0430,2025-08-01,374.35,418
U000866,E00076,C0015,P0430,2025-09-01,348.68,418
U000867,E00076,C0015,P0430,2025-10-01,308.52,418
U000868,E00076,C0015,P0430,2025-11-01,326.87,418
U000869,E00076,C0015,P0430,2025-12-01,332.13,418
U000870,E00076,C0015,P0430,2026-01-01,343.69,418
U000871,E00076,C0015,P0430,2026-02-01,411.89,418
U000872,E00076,C0015,P0430,2026-03-01,313.83,418
U000873,E00076,C0015,P0430,2026-04-01,146.07,418
U000874,E00076,C0015,P0430,2026-05-01,323.64,418
U000875,E00076,C0015,P0430,2026-06-01,281.17,418
U000876,E00077,C0016,P0210,2025-07-01,0.0,516
U000877,E00077,C0016,P0210,2025-08-01,0.0,516
U000878,E00077,C0016,P0210,2025-09-01,0.0,516
U000879,E00077,C0016,P0210,2025-10-01,0.0,516
U000880,E00077,C0016,P0210,2025-11-01,0.0,516
U000881,E00077,C0016,P0210,2025-12-01,0.0,516
U000882,E00077,C0016,P0210,2026-01-01,0.0,516
U000883,E00077,C0016,P0210,2026-02-01,0.0,516
U000884,E00077,C0016,P0210,2026-03-01,0.0,516
U000885,E00077,C0016,P0210,2026-04-01,0.0,516
U000886,E00077,C0016,P0210,2026-05-01,0.0,516
U000887,E00077,C0016,P0210,2026-06-01,0.0,516
U000888,E00078,C0016,P0139,2025-07-01,0.0,3
U000889,E00078,C0016,P0139,2025-08-01,0.0,3
U000890,E00078,C0016,P0139,2025-09-01,0.0,3
U000891,E00078,C0016,P0139,2025-10-01,0.0,3
U000892,E00078,C0016,P0139,2025-11-01,0.0,3
U000893,E00078,C0016,P0139,2025-12-01,0.0,3
U000894,E00078,C0016,P0139,2026-01-01,0.0,3
U000895,E00078,C0016,P0139,2026-02-01,0.0,3
U000896,E00078,C0016,P0139,2026-03-01,0.0,3
U000897,E00078,C0016,P0139,2026-04-01,0.0,3
U000898,E00078,C0016,P0139,2026-05-01,0.0,3
U000899,E00078,C0016,P0139,2026-06-01,0.0,3
U000900,E00079,C0016,P0326,2025-07-01,0.0,1106
U000901,E00079,C0016,P0326,2025-08-01,0.0,1106
U000902,E00079,C0016,P0326,2025-09-01,0.0,1106
U000903,E00079,C0016,P0326,2025-10-01,0.0,1106
U000904,E00079,C0016,P0326,2025-11-01,0.0,1106
U000905,E00079,C0016,P0326,2025-12-01,0.0,1106
U000906,E00079,C0016,P0326,2026-01-01,0.0,1106
U000907,E00079,C0016,P0326,2026-02-01,0.0,1106
U000908,E00079,C0016,P0326,2026-03-01,0.0,1106
U000909,E00079,C0016,P0326,2026-04-01,0.0,1106
U000910,E00079,C0016,P0326,2026-05-01,0.0,1106
U000911,E00079,C0016,P0326,2026-06-01,0.0,1106
U000912,E00080,C0016,P0423,2025-07-01,0.0,314
U000913,E00080,C0016,P0423,2025-08-01,0.0,314
U000914,E00080,C0016,P0423,2025-09-01,0.0,314
U000915,E00080,C0016,P0423,2025-10-01,0.0,314
U000916,E00080,C0016,P0423,2025-11-01,0.0,314
U000917,E00080,C0016,P0423,2025-12-01,0.0,314
U000918,E00080,C0016,P0423,2026-01-01,0.0,314
U000919,E00080,C0016,P0423,2026-02-01,0.0,314
U000920,E00080,C0016,P0423,2026-03-01,0.0,314
U000921,E00080,C0016,P0423,2026-04-01,0.0,314
U000922,E00080,C0016,P0423,2026-05-01,0.0,314
U000923,E00080,C0016,P0423,2026-06-01,0.0,314
U000924,E00081,C0016,P0296,2025-08-01,0.0,466
U000925,E00081,C0016,P0296,2025-09-01,0.0,466
U000926,E00081,C0016,P0296,2025-10-01,0.0,466
U000927,E00081,C0016,P0296,2025-11-01,0.0,466
U000928,E00081,C0016,P0296,2025-12-01,0.0,466
U000929,E00081,C0016,P0296,2026-01-01,0.0,466
U000930,E00081,C0016,P0296,2026-02-01,0.0,466
U000931,E00081,C0016,P0296,2026-03-01,0.0,466
U000932,E00081,C0016,P0296,2026-04-01,0.0,466
U000933,E00081,C0016,P0296,2026-05-01,0.0,466
U000934,E00081,C0016,P0296,2026-06-01,0.0,466
U000935,E00082,C0017,P0443,2025-10-01,9.11,12
U000936,E00082,C0017,P0443,2025-11-01,12.5,12
U000937,E00082,C0017,P0443,2025-12-01,8.34,12
U000938,E00082,C0017,P0443,2026-01-01,10.12,12
U000939,E00082,C0017,P0443,2026-02-01,9.1,12
U000940,E00082,C0017,P0443,2026-03-01,11.12,12
U000941,E00082,C0017,P0443,2026-04-01,10.34,12
U000942,E00082,C0017,P0443,2026-05-01,8.75,12
U000943,E00082,C0017,P0443,2026-06-01,8.4,12
U000944,E00083,C0017,P0059,2025-07-01,387.88,545
U000945,E00083,C0017,P0059,2025-08-01,535.84,545
U000946,E00083,C0017,P0059,2025-09-01,436.97,545
U000947,E00083,C0017,P0059,2025-10-01,447.32,545
U000948,E00083,C0017,P0059,2025-11-01,293.13,545
U000949,E00083,C0017,P0059,2025-12-01,556.54,545
U000950,E00083,C0017,P0059,2026-01-01,431.94,545
U000951,E00083,C0017,P0059,2026-02-01,355.86,545
U000952,E00083,C0017,P0059,2026-03-01,395.58,545
U000953,E00083,C0017,P0059,2026-04-01,415.68,545
U000954,E00083,C0017,P0059,2026-05-01,440.2,545
U000955,E00083,C0017,P0059,2026-06-01,367.04,545
U000956,E00084,C0017,P0475,2025-07-01,307.33,469
U000957,E00084,C0017,P0475,2025-08-01,284.45,469
U000958,E00084,C0017,P0475,2025-09-01,387.69,469
U000959,E00084,C0017,P0475,2025-10-01,274.3,469
U000960,E00084,C0017,P0475,2025-11-01,426.83,469
U000961,E00084,C0017,P0475,2025-12-01,372.42,469
U000962,E00084,C0017,P0475,2026-01-01,271.92,469
U000963,E00084,C0017,P0475,2026-02-01,335.41,469
U000964,E00084,C0017,P0475,2026-03-01,358.86,469
U000965,E00084,C0017,P0475,2026-04-01,431.33,469
U000966,E00084,C0017,P0475,2026-05-01,253.91,469
U000967,E00084,C0017,P0475,2026-06-01,267.08,469
U000968,E00085,C0018,P0433,2025-07-01,7.82,11
U000969,E00085,C0018,P0433,2025-08-01,8.57,11
U000970,E00085,C0018,P0433,2025-09-01,7.79,11
U000971,E00085,C0018,P0433,2025-10-01,8.61,11
U000972,E00085,C0018,P0433,2025-11-01,7.67,11
U000973,E00085,C0018,P0433,2025-12-01,10.93,11
U000974,E00085,C0018,P0433,2026-01-01,8.28,11
U000975,E00085,C0018,P0433,2026-02-01,7.37,11
U000976,E00085,C0018,P0433,2026-03-01,8.82,11
U000977,E00085,C0018,P0433,2026-04-01,9.64,11
U000978,E00085,C0018,P0433,2026-05-01,7.23,11
U000979,E00085,C0018,P0433,2026-06-01,5.25,11
U000980,E00086,C0018,P0114,2025-09-01,948.18,1317
U000981,E00086,C0018,P0114,2025-10-01,1014.35,1317
U000982,E00086,C0018,P0114,2025-11-01,589.3,1317
U000983,E00086,C0018,P0114,2025-12-01,855.14,1317
U000984,E00086,C0018,P0114,2026-01-01,789.54,1317
U000985,E00086,C0018,P0114,2026-02-01,767.86,1317
U000986,E00086,C0018,P0114,2026-03-01,897.89,1317
U000987,E00086,C0018,P0114,2026-04-01,1065.11,1317
U000988,E00086,C0018,P0114,2026-05-01,875.86,1317
U000989,E00086,C0018,P0114,2026-06-01,1150.19,1317
U000990,E00087,C0018,P0142,2025-09-01,452.16,520
U000991,E00087,C0018,P0142,2025-10-01,261.1,520
U000992,E00087,C0018,P0142,2025-11-01,455.82,520
U000993,E00087,C0018,P0142,2025-12-01,359.3,520
U000994,E00087,C0018,P0142,2026-01-01,433.46,520
U000995,E00087,C0018,P0142,2026-02-01,393.08,520
U000996,E00087,C0018,P0142,2026-03-01,386.33,520
U000997,E00087,C0018,P0142,2026-04-01,397.87,520
U000998,E00087,C0018,P0142,2026-05-01,356.7,520
U000999,E00087,C0018,P0142,2026-06-01,444.01,520
U001000,E00088,C0018,P0193,2025-07-01,755.43,1499
U001001,E00088,C0018,P0193,2025-08-01,1349.84,1499
U001002,E00088,C0018,P0193,2025-09-01,1315.06,1499
U001003,E00088,C0018,P0193,2025-10-01,1054.93,1499
U001004,E00088,C0018,P0193,2025-11-01,1253.76,1499
U001005,E00088,C0018,P0193,2025-12-01,1056.24,1499
U001006,E00088,C0018,P0193,2026-01-01,772.61,1499
U001007,E00088,C0018,P0193,2026-02-01,916.18,1499
U001008,E00088,C0018,P0193,2026-03-01,1118.29,1499
U001009,E00088,C0018,P0193,2026-04-01,992.83,1499
U001010,E00088,C0018,P0193,2026-05-01,1341.62,1499
U001011,E00088,C0018,P0193,2026-06-01,1269.87,1499
U001012,E00089,C0018,P0351,2025-07-01,383.33,446
U001013,E00089,C0018,P0351,2025-08-01,261.91,446
U001014,E00089,C0018,P0351,2025-09-01,327.59,446
U001015,E00089,C0018,P0351,2025-10-01,236.44,446
U001016,E00089,C0018,P0351,2025-11-01,404.36,446
U001017,E00089,C0018,P0351,2025-12-01,254.87,446
U001018,E00089,C0018,P0351,2026-01-01,319.82,446
U001019,E00089,C0018,P0351,2026-02-01,245.24,446
U001020,E00089,C0018,P0351,2026-03-01,301.61,446
U001021,E00089,C0018,P0351,2026-04-01,279.42,446
U001022,E00089,C0018,P0351,2026-05-01,375.67,446
U001023,E00089,C0018,P0351,2026-06-01,328.42,446
U001024,E00090,C0018,P0445,2025-07-01,3202.75,4149
U001025,E00090,C0018,P0445,2025-08-01,2346.6,4149
U001026,E00090,C0018,P0445,2025-09-01,2665.73,4149
U001027,E00090,C0018,P0445,2025-10-01,2464.74,4149
U001028,E00090,C0018,P0445,2025-11-01,2693.74,4149
U001029,E00090,C0018,P0445,2025-12-01,3147.5,4149
U001030,E00090,C0018,P0445,2026-01-01,3653.91,4149
U001031,E00090,C0018,P0445,2026-02-01,2610.48,4149
U001032,E00090,C0018,P0445,2026-03-01,3426.88,4149
U001033,E00090,C0018,P0445,2026-04-01,2853.87,4149
U001034,E00090,C0018,P0445,2026-05-01,1815.54,4149
U001035,E00090,C0018,P0445,2026-06-01,2341.73,4149
U001036,E00091,C0018,P0487,2025-07-01,179.74,249
U001037,E00091,C0018,P0487,2025-08-01,176.77,249
U001038,E00091,C0018,P0487,2025-09-01,125.79,249
U001039,E00091,C0018,P0487,2025-10-01,129.0,249
U001040,E00091,C0018,P0487,2025-11-01,211.48,249
U001041,E00091,C0018,P0487,2025-12-01,177.62,249
U001042,E00091,C0018,P0487,2026-01-01,191.48,249
U001043,E00091,C0018,P0487,2026-02-01,206.4,249
U001044,E00091,C0018,P0487,2026-03-01,174.26,249
U001045,E00091,C0018,P0487,2026-04-01,204.76,249
U001046,E00091,C0018,P0487,2026-05-01,132.94,249
U001047,E00091,C0018,P0487,2026-06-01,199.2,249
U001048,E00092,C0019,P0027,2025-07-01,1913.11,1341
U001049,E00092,C0019,P0027,2025-08-01,2115.91,1341
U001050,E00092,C0019,P0027,2025-09-01,1914.79,1341
U001051,E00092,C0019,P0027,2025-10-01,1931.03,1341
U001052,E00092,C0019,P0027,2025-11-01,2125.38,1341
U001053,E00092,C0019,P0027,2025-12-01,1976.04,1341
U001054,E00092,C0019,P0027,2026-01-01,2129.5,1341
U001055,E00092,C0019,P0027,2026-02-01,1694.76,1341
U001056,E00092,C0019,P0027,2026-03-01,1881.43,1341
U001057,E00092,C0019,P0027,2026-04-01,2009.99,1341
U001058,E00092,C0019,P0027,2026-05-01,1857.2,1341
U001059,E00092,C0019,P0027,2026-06-01,2202.02,1341
U001060,E00093,C0019,P0455,2025-07-01,39.83,28
U001061,E00093,C0019,P0455,2025-08-01,47.15,28
U001062,E00093,C0019,P0455,2025-09-01,45.15,28
U001063,E00093,C0019,P0455,2025-10-01,34.55,28
U001064,E00093,C0019,P0455,2025-11-01,45.68,28
U001065,E00093,C0019,P0455,2025-12-01,42.34,28
U001066,E00093,C0019,P0455,2026-01-01,39.68,28
U001067,E00093,C0019,P0455,2026-02-01,37.11,28
U001068,E00093,C0019,P0455,2026-03-01,34.37,28
U001069,E00093,C0019,P0455,2026-04-01,43.17,28
U001070,E00093,C0019,P0455,2026-05-01,43.21,28
U001071,E00093,C0019,P0455,2026-06-01,34.19,28
U001072,E00094,C0019,P0093,2025-07-01,3.1,2
U001073,E00094,C0019,P0093,2025-08-01,2.55,2
U001074,E00094,C0019,P0093,2025-09-01,3.13,2
U001075,E00094,C0019,P0093,2025-10-01,2.39,2
U001076,E00094,C0019,P0093,2025-11-01,2.56,2
U001077,E00094,C0019,P0093,2025-12-01,2.47,2
U001078,E00094,C0019,P0093,2026-01-01,2.52,2
U001079,E00094,C0019,P0093,2026-02-01,2.3,2
U001080,E00094,C0019,P0093,2026-03-01,2.78,2
U001081,E00094,C0019,P0093,2026-04-01,3.14,2
U001082,E00094,C0019,P0093,2026-05-01,2.35,2
U001083,E00094,C0019,P0093,2026-06-01,2.81,2
U001084,E00095,C0020,P0109,2025-08-01,4742.75,7770
U001085,E00095,C0020,P0109,2025-09-01,5573.44,7770
U001086,E00095,C0020,P0109,2025-10-01,6242.16,7770
U001087,E00095,C0020,P0109,2025-11-01,5764.19,7770
U001088,E00095,C0020,P0109,2025-12-01,5463.83,7770
U001089,E00095,C0020,P0109,2026-01-01,4861.69,7770
U001090,E00095,C0020,P0109,2026-02-01,4771.68,7770
U001091,E00095,C0020,P0109,2026-03-01,6366.27,7770
U001092,E00095,C0020,P0109,2026-04-01,6003.34,7770
U001093,E00095,C0020,P0109,2026-05-01,5538.75,7770
U001094,E00095,C0020,P0109,2026-06-01,5507.25,7770
U001095,E00096,C0020,P0095,2025-07-01,657.62,1095
U001096,E00096,C0020,P0095,2025-08-01,738.37,1095
U001097,E00096,C0020,P0095,2025-09-01,749.78,1095
U001098,E00096,C0020,P0095,2025-10-01,697.42,1095
U001099,E00096,C0020,P0095,2025-11-01,865.31,1095
U001100,E00096,C0020,P0095,2025-12-01,670.02,1095
U001101,E00096,C0020,P0095,2026-01-01,546.9,1095
U001102,E00096,C0020,P0095,2026-02-01,1056.22,1095
U001103,E00096,C0020,P0095,2026-03-01,729.49,1095
U001104,E00096,C0020,P0095,2026-04-01,749.23,1095
U001105,E00096,C0020,P0095,2026-05-01,876.55,1095
U001106,E00096,C0020,P0095,2026-06-01,925.14,1095
U001107,E00097,C0020,P0300,2025-08-01,254.83,521
U001108,E00097,C0020,P0300,2025-09-01,372.54,521
U001109,E00097,C0020,P0300,2025-10-01,465.12,521
U001110,E00097,C0020,P0300,2025-11-01,515.14,521
U001111,E00097,C0020,P0300,2025-12-01,337.63,521
U001112,E00097,C0020,P0300,2026-01-01,374.19,521
U001113,E00097,C0020,P0300,2026-02-01,348.04,521
U001114,E00097,C0020,P0300,2026-03-01,349.17,521
U001115,E00097,C0020,P0300,2026-04-01,391.44,521
U001116,E00097,C0020,P0300,2026-05-01,341.35,521
U001117,E00097,C0020,P0300,2026-06-01,403.47,521
U001118,E00098,C0020,P0471,2025-09-01,696.38,820
U001119,E00098,C0020,P0471,2025-10-01,607.03,820
U001120,E00098,C0020,P0471,2025-11-01,428.07,820
U001121,E00098,C0020,P0471,2025-12-01,662.55,820
U001122,E00098,C0020,P0471,2026-01-01,498.2,820
U001123,E00098,C0020,P0471,2026-02-01,414.91,820
U001124,E00098,C0020,P0471,2026-03-01,510.48,820
U001125,E00098,C0020,P0471,2026-04-01,510.11,820
U001126,E00098,C0020,P0471,2026-05-01,483.14,820
U001127,E00098,C0020,P0471,2026-06-01,548.26,820
U001128,E00099,C0021,P0113,2025-07-01,0.0,21
U001129,E00099,C0021,P0113,2025-08-01,0.0,21
U001130,E00099,C0021,P0113,2025-09-01,4.62,21
U001131,E00099,C0021,P0113,2025-10-01,10.08,21
U001132,E00099,C0021,P0113,2025-11-01,21.06,21
U001133,E00099,C0021,P0113,2025-12-01,15.39,21
U001134,E00099,C0021,P0113,2026-01-01,11.29,21
U001135,E00099,C0021,P0113,2026-02-01,18.49,21
U001136,E00099,C0021,P0113,2026-03-01,15.09,21
U001137,E00099,C0021,P0113,2026-04-01,19.37,21
U001138,E00099,C0021,P0113,2026-05-01,17.46,21
U001139,E00099,C0021,P0113,2026-06-01,17.39,21
U001140,E00100,C0021,P0211,2025-07-01,0.0,1022
U001141,E00100,C0021,P0211,2025-08-01,0.0,1022
U001142,E00100,C0021,P0211,2025-09-01,224.84,1022
U001143,E00100,C0021,P0211,2025-10-01,490.56,1022
U001144,E00100,C0021,P0211,2025-11-01,642.42,1022
U001145,E00100,C0021,P0211,2025-12-01,871.71,1022
U001146,E00100,C0021,P0211,2026-01-01,920.95,1022
U001147,E00100,C0021,P0211,2026-02-01,659.12,1022
U001148,E00100,C0021,P0211,2026-03-01,516.08,1022
U001149,E00100,C0021,P0211,2026-04-01,831.41,1022
U001150,E00100,C0021,P0211,2026-05-01,717.2,1022
U001151,E00100,C0021,P0211,2026-06-01,576.53,1022
U001152,E00101,C0021,P0332,2025-07-01,0.0,26
U001153,E00101,C0021,P0332,2025-08-01,0.0,26
U001154,E00101,C0021,P0332,2025-09-01,5.72,26
U001155,E00101,C0021,P0332,2025-10-01,12.48,26
U001156,E00101,C0021,P0332,2025-11-01,23.59,26
U001157,E00101,C0021,P0332,2025-12-01,20.58,26
U001158,E00101,C0021,P0332,2026-01-01,17.52,26
U001159,E00101,C0021,P0332,2026-02-01,17.39,26
U001160,E00101,C0021,P0332,2026-03-01,15.93,26
U001161,E00101,C0021,P0332,2026-04-01,16.52,26
U001162,E00101,C0021,P0332,2026-05-01,24.38,26
U001163,E00101,C0021,P0332,2026-06-01,18.4,26
U001164,E00102,C0021,P0381,2025-07-01,0.0,2662
U001165,E00102,C0021,P0381,2025-08-01,0.0,2662
U001166,E00102,C0021,P0381,2025-09-01,585.64,2662
U001167,E00102,C0021,P0381,2025-10-01,1277.76,2662
U001168,E00102,C0021,P0381,2025-11-01,1889.17,2662
U001169,E00102,C0021,P0381,2025-12-01,1137.52,2662
U001170,E00102,C0021,P0381,2026-01-01,1692.21,2662
U001171,E00102,C0021,P0381,2026-02-01,2062.16,2662
U001172,E00102,C0021,P0381,2026-03-01,1360.16,2662
U001173,E00102,C0021,P0381,2026-04-01,2501.43,2662
U001174,E00102,C0021,P0381,2026-05-01,1796.12,2662
U001175,E00102,C0021,P0381,2026-06-01,2199.3,2662
U001176,E00103,C0021,P0026,2025-07-01,0.0,20
U001177,E00103,C0021,P0026,2025-08-01,0.0,20
U001178,E00103,C0021,P0026,2025-09-01,4.4,20
U001179,E00103,C0021,P0026,2025-10-01,9.6,20
U001180,E00103,C0021,P0026,2025-11-01,17.91,20
U001181,E00103,C0021,P0026,2025-12-01,11.21,20
U001182,E00103,C0021,P0026,2026-01-01,13.66,20
U001183,E00103,C0021,P0026,2026-02-01,16.82,20
U001184,E00103,C0021,P0026,2026-03-01,12.13,20
U001185,E00103,C0021,P0026,2026-04-01,12.03,20
U001186,E00103,C0021,P0026,2026-05-01,14.11,20
U001187,E00103,C0021,P0026,2026-06-01,14.99,20
U001188,E00104,C0021,P0049,2025-07-01,0.0,1298
U001189,E00104,C0021,P0049,2025-08-01,0.0,1298
U001190,E00104,C0021,P0049,2025-09-01,285.56,1298
U001191,E00104,C0021,P0049,2025-10-01,623.04,1298
U001192,E00104,C0021,P0049,2025-11-01,1017.41,1298
U001193,E00104,C0021,P0049,2025-12-01,809.73,1298
U001194,E00104,C0021,P0049,2026-01-01,678.61,1298
U001195,E00104,C0021,P0049,2026-02-01,1236.72,1298
U001196,E00104,C0021,P0049,2026-03-01,874.79,1298
U001197,E00104,C0021,P0049,2026-04-01,843.43,1298
U001198,E00104,C0021,P0049,2026-05-01,732.81,1298
U001199,E00104,C0021,P0049,2026-06-01,1004.81,1298
U001200,E00105,C0022,P0488,2025-10-01,8033.45,11744
U001201,E00105,C0022,P0488,2025-11-01,10661.22,11744
U001202,E00105,C0022,P0488,2025-12-01,11360.01,11744
U001203,E00105,C0022,P0488,2026-01-01,8195.84,11744
U001204,E00105,C0022,P0488,2026-02-01,9439.5,11744
U001205,E00105,C0022,P0488,2026-03-01,9065.89,11744
U001206,E00105,C0022,P0488,2026-04-01,7415.41,11744
U001207,E00105,C0022,P0488,2026-05-01,7077.16,11744
U001208,E00105,C0022,P0488,2026-06-01,8923.48,11744
U001209,E00106,C0022,P0062,2025-07-01,4785.5,7139
U001210,E00106,C0022,P0062,2025-08-01,5894.26,7139
U001211,E00106,C0022,P0062,2025-09-01,5968.96,7139
U001212,E00106,C0022,P0062,2025-10-01,5353.83,7139
U001213,E00106,C0022,P0062,2025-11-01,4883.59,7139
U001214,E00106,C0022,P0062,2025-12-01,4896.77,7139
U001215,E00106,C0022,P0062,2026-01-01,5633.1,7139
U001216,E00106,C0022,P0062,2026-02-01,3794.91,7139
U001217,E00106,C0022,P0062,2026-03-01,4358.35,7139
U001218,E00106,C0022,P0062,2026-04-01,5100.67,7139
U001219,E00106,C0022,P0062,2026-05-01,5590.52,7139
U001220,E00106,C0022,P0062,2026-06-01,6264.92,7139
U001221,E00107,C0022,P0398,2025-07-01,5.92,8
U001222,E00107,C0022,P0398,2025-08-01,7.25,8
U001223,E00107,C0022,P0398,2025-09-01,4.72,8
U001224,E00107,C0022,P0398,2025-10-01,5.04,8
U001225,E00107,C0022,P0398,2025-11-01,6.26,8
U001226,E00107,C0022,P0398,2025-12-01,6.57,8
U001227,E00107,C0022,P0398,2026-01-01,7.66,8
U001228,E00107,C0022,P0398,2026-02-01,4.72,8
U001229,E00107,C0022,P0398,2026-03-01,5.57,8
U001230,E00107,C0022,P0398,2026-04-01,5.22,8
U001231,E00107,C0022,P0398,2026-05-01,3.81,8
U001232,E00107,C0022,P0398,2026-06-01,5.75,8
U001233,E00108,C0022,P0116,2025-07-01,293.15,408
U001234,E00108,C0022,P0116,2025-08-01,251.94,408
U001235,E00108,C0022,P0116,2025-09-01,286.28,408
U001236,E00108,C0022,P0116,2025-10-01,290.64,408
U001237,E00108,C0022,P0116,2025-11-01,208.32,408
U001238,E00108,C0022,P0116,2025-12-01,281.35,408
U001239,E00108,C0022,P0116,2026-01-01,194.92,408
U001240,E00108,C0022,P0116,2026-02-01,295.83,408
U001241,E00108,C0022,P0116,2026-03-01,230.32,408
U001242,E00108,C0022,P0116,2026-04-01,355.48,408
U001243,E00108,C0022,P0116,2026-05-01,161.78,408
U001244,E00108,C0022,P0116,2026-06-01,371.64,408
U001245,E00109,C0022,P0079,2025-07-01,2.39,4
U001246,E00109,C0022,P0079,2025-08-01,3.4,4
U001247,E00109,C0022,P0079,2025-09-01,2.89,4
U001248,E00109,C0022,P0079,2025-10-01,3.49,4
U001249,E00109,C0022,P0079,2025-11-01,2.73,4
U001250,E00109,C0022,P0079,2025-12-01,3.41,4
U001251,E00109,C0022,P0079,2026-01-01,3.03,4
U001252,E00109,C0022,P0079,2026-02-01,2.35,4
U001253,E00109,C0022,P0079,2026-03-01,2.57,4
U001254,E00109,C0022,P0079,2026-04-01,3.9,4
U001255,E00109,C0022,P0079,2026-05-01,3.01,4
U001256,E00109,C0022,P0079,2026-06-01,2.68,4
U001257,E00110,C0022,P0256,2025-07-01,697.52,1060
U001258,E00110,C0022,P0256,2025-08-01,708.97,1060
U001259,E00110,C0022,P0256,2025-09-01,715.17,1060
U001260,E00110,C0022,P0256,2025-10-01,772.33,1060
U001261,E00110,C0022,P0256,2025-11-01,653.95,1060
U001262,E00110,C0022,P0256,2025-12-01,929.0,1060
U001263,E00110,C0022,P0256,2026-01-01,706.15,1060
U001264,E00110,C0022,P0256,2026-02-01,968.42,1060
U001265,E00110,C0022,P0256,2026-03-01,656.96,1060
U001266,E00110,C0022,P0256,2026-04-01,701.63,1060
U001267,E00110,C0022,P0256,2026-05-01,620.6,1060
U001268,E00110,C0022,P0256,2026-06-01,800.24,1060
U001269,E00111,C0023,P0408,2025-08-01,2935.6,821
U001270,E00111,C0023,P0408,2025-09-01,3133.75,821
U001271,E00111,C0023,P0408,2025-10-01,2428.5,821
U001272,E00111,C0023,P0408,2025-11-01,0.0,821
U001273,E00111,C0023,P0408,2025-12-01,0.0,821
U001274,E00111,C0023,P0408,2026-01-01,0.0,821
U001275,E00111,C0023,P0408,2026-02-01,0.0,821
U001276,E00111,C0023,P0408,2026-03-01,0.0,821
U001277,E00111,C0023,P0408,2026-04-01,0.0,821
U001278,E00111,C0023,P0408,2026-05-01,0.0,821
U001279,E00111,C0023,P0408,2026-06-01,0.0,821
U001280,E00112,C0023,P0178,2025-07-01,108.7,29
U001281,E00112,C0023,P0178,2025-08-01,105.05,29
U001282,E00112,C0023,P0178,2025-09-01,98.53,29
U001283,E00112,C0023,P0178,2025-10-01,0.0,29
U001284,E00112,C0023,P0178,2025-11-01,0.0,29
U001285,E00112,C0023,P0178,2025-12-01,0.0,29
U001286,E00112,C0023,P0178,2026-01-01,0.0,29
U001287,E00112,C0023,P0178,2026-02-01,0.0,29
U001288,E00112,C0023,P0178,2026-03-01,0.0,29
U001289,E00112,C0023,P0178,2026-04-01,0.0,29
U001290,E00112,C0023,P0178,2026-05-01,0.0,29
U001291,E00112,C0023,P0178,2026-06-01,0.0,29
U001292,E00113,C0023,P0187,2025-07-01,10476.49,3659
U001293,E00113,C0023,P0187,2025-08-01,14370.54,3659
U001294,E00113,C0023,P0187,2025-09-01,11317.3,3659
U001295,E00113,C0023,P0187,2025-10-01,0.0,3659
U001296,E00113,C0023,P0187,2025-11-01,0.0,3659
U001297,E00113,C0023,P0187,2025-12-01,0.0,3659
U001298,E00113,C0023,P0187,2026-01-01,0.0,3659
U001299,E00113,C0023,P0187,2026-02-01,0.0,3659
U001300,E00113,C0023,P0187,2026-03-01,0.0,3659
U001301,E00113,C0023,P0187,2026-04-01,0.0,3659
U001302,E00113,C0023,P0187,2026-05-01,0.0,3659
U001303,E00113,C0023,P0187,2026-06-01,0.0,3659
U001304,E00114,C0023,P0221,2025-07-01,4448.91,1235
U001305,E00114,C0023,P0221,2025-08-01,5244.33,1235
U001306,E00114,C0023,P0221,2025-09-01,4503.65,1235
U001307,E00114,C0023,P0221,2025-10-01,0.0,1235
U001308,E00114,C0023,P0221,2025-11-01,0.0,1235
U001309,E00114,C0023,P0221,2025-12-01,0.0,1235
U001310,E00114,C0023,P0221,2026-01-01,0.0,1235
U001311,E00114,C0023,P0221,2026-02-01,0.0,1235
U001312,E00114,C0023,P0221,2026-03-01,0.0,1235
U001313,E00114,C0023,P0221,2026-04-01,0.0,1235
U001314,E00114,C0023,P0221,2026-05-01,0.0,1235
U001315,E00114,C0023,P0221,2026-06-01,0.0,1235
U001316,E00115,C0023,P0014,2025-09-01,458.93,132
U001317,E00115,C0023,P0014,2025-10-01,411.88,132
U001318,E00115,C0023,P0014,2025-11-01,541.28,132
U001319,E00115,C0023,P0014,2025-12-01,0.0,132
U001320,E00115,C0023,P0014,2026-01-01,0.0,132
U001321,E00115,C0023,P0014,2026-02-01,0.0,132
U001322,E00115,C0023,P0014,2026-03-01,0.0,132
U001323,E00115,C0023,P0014,2026-04-01,0.0,132
U001324,E00115,C0023,P0014,2026-05-01,0.0,132
U001325,E00115,C0023,P0014,2026-06-01,0.0,132
U001326,E00116,C0023,P0450,2025-07-01,1455.16,473
U001327,E00116,C0023,P0450,2025-08-01,1680.99,473
U001328,E00116,C0023,P0450,2025-09-01,1627.22,473
U001329,E00116,C0023,P0450,2025-10-01,0.0,473
U001330,E00116,C0023,P0450,2025-11-01,0.0,473
U001331,E00116,C0023,P0450,2025-12-01,0.0,473
U001332,E00116,C0023,P0450,2026-01-01,0.0,473
U001333,E00116,C0023,P0450,2026-02-01,0.0,473
U001334,E00116,C0023,P0450,2026-03-01,0.0,473
U001335,E00116,C0023,P0450,2026-04-01,0.0,473
U001336,E00116,C0023,P0450,2026-05-01,0.0,473
U001337,E00116,C0023,P0450,2026-06-01,0.0,473
U001338,E00117,C0024,P0487,2025-07-01,424.78,594
U001339,E00117,C0024,P0487,2025-08-01,317.47,594
U001340,E00117,C0024,P0487,2025-09-01,587.89,594
U001341,E00117,C0024,P0487,2025-10-01,538.53,594
U001342,E00117,C0024,P0487,2025-11-01,522.17,594
U001343,E00117,C0024,P0487,2025-12-01,434.25,594
U001344,E00117,C0024,P0487,2026-01-01,488.86,594
U001345,E00117,C0024,P0487,2026-02-01,447.3,594
U001346,E00117,C0024,P0487,2026-03-01,424.02,594
U001347,E00117,C0024,P0487,2026-04-01,364.59,594
U001348,E00117,C0024,P0487,2026-05-01,451.75,594
U001349,E00117,C0024,P0487,2026-06-01,480.57,594
U001350,E00118,C0024,P0113,2025-07-01,14.91,25
U001351,E00118,C0024,P0113,2025-08-01,17.9,25
U001352,E00118,C0024,P0113,2025-09-01,17.09,25
U001353,E00118,C0024,P0113,2025-10-01,17.63,25
U001354,E00118,C0024,P0113,2025-11-01,15.6,25
U001355,E00118,C0024,P0113,2025-12-01,21.95,25
U001356,E00118,C0024,P0113,2026-01-01,17.85,25
U001357,E00118,C0024,P0113,2026-02-01,15.77,25
U001358,E00118,C0024,P0113,2026-03-01,22.75,25
U001359,E00118,C0024,P0113,2026-04-01,19.88,25
U001360,E00118,C0024,P0113,2026-05-01,21.12,25
U001361,E00118,C0024,P0113,2026-06-01,20.11,25
U001362,E00119,C0024,P0106,2025-07-01,190.48,268
U001363,E00119,C0024,P0106,2025-08-01,199.75,268
U001364,E00119,C0024,P0106,2025-09-01,159.76,268
U001365,E00119,C0024,P0106,2025-10-01,175.47,268
U001366,E00119,C0024,P0106,2025-11-01,184.53,268
U001367,E00119,C0024,P0106,2025-12-01,159.66,268
U001368,E00119,C0024,P0106,2026-01-01,144.55,268
U001369,E00119,C0024,P0106,2026-02-01,251.64,268
U001370,E00119,C0024,P0106,2026-03-01,174.22,268
U001371,E00119,C0024,P0106,2026-04-01,181.21,268
U001372,E00119,C0024,P0106,2026-05-01,129.95,268
U001373,E00119,C0024,P0106,2026-06-01,242.3,268
U001374,E00120,C0024,P0317,2025-07-01,1196.33,1589
U001375,E00120,C0024,P0317,2025-08-01,932.13,1589
U001376,E00120,C0024,P0317,2025-09-01,1001.24,1589
U001377,E00120,C0024,P0317,2025-10-01,851.05,1589
U001378,E00120,C0024,P0317,2025-11-01,1117.28,1589
U001379,E00120,C0024,P0317,2025-12-01,1039.88,1589
U001380,E00120,C0024,P0317,2026-01-01,1627.99,1589
U001381,E00120,C0024,P0317,2026-02-01,953.07,1589
U001382,E00120,C0024,P0317,2026-03-01,1087.93,1589
U001383,E00120,C0024,P0317,2026-04-01,894.94,1589
U001384,E00120,C0024,P0317,2026-05-01,1329.81,1589
U001385,E00120,C0024,P0317,2026-06-01,1041.82,1589
U001386,E00121,C0024,P0036,2025-07-01,4.83,9
U001387,E00121,C0024,P0036,2025-08-01,4.12,9
U001388,E00121,C0024,P0036,2025-09-01,5.74,9
U001389,E00121,C0024,P0036,2025-10-01,10.25,9
U001390,E00121,C0024,P0036,2025-11-01,5.64,9
U001391,E00121,C0024,P0036,2025-12-01,6.67,9
U001392,E00121,C0024,P0036,2026-01-01,5.88,9
U001393,E00121,C0024,P0036,2026-02-01,6.59,9
U001394,E00121,C0024,P0036,2026-03-01,7.06,9
U001395,E00121,C0024,P0036,2026-04-01,4.26,9
U001396,E00121,C0024,P0036,2026-05-01,5.99,9
U001397,E00121,C0024,P0036,2026-06-01,6.32,9
U001398,E00122,C0024,P0267,2025-10-01,15.43,20
U001399,E00122,C0024,P0267,2025-11-01,14.55,20
U001400,E00122,C0024,P0267,2025-12-01,9.26,20
U001401,E00122,C0024,P0267,2026-01-01,16.77,20
U001402,E00122,C0024,P0267,2026-02-01,11.43,20
U001403,E00122,C0024,P0267,2026-03-01,17.73,20
U001404,E00122,C0024,P0267,2026-04-01,12.87,20
U001405,E00122,C0024,P0267,2026-05-01,13.59,20
U001406,E00122,C0024,P0267,2026-06-01,15.84,20
U001407,E00123,C0025,P0034,2025-08-01,3994.89,7013
U001408,E00123,C0025,P0034,2025-09-01,5455.84,7013
U001409,E00123,C0025,P0034,2025-10-01,5353.92,7013
U001410,E00123,C0025,P0034,2025-11-01,6250.55,7013
U001411,E00123,C0025,P0034,2025-12-01,5027.88,7013
U001412,E00123,C0025,P0034,2026-01-01,6330.09,7013
U001413,E00123,C0025,P0034,2026-02-01,5231.09,7013
U001414,E00123,C0025,P0034,2026-03-01,5887.68,7013
U001415,E00123,C0025,P0034,2026-04-01,5416.61,7013
U001416,E00123,C0025,P0034,2026-05-01,3698.75,7013
U001417,E00123,C0025,P0034,2026-06-01,3785.56,7013
U001418,E00124,C0025,P0308,2025-08-01,0.97,2
U001419,E00124,C0025,P0308,2025-09-01,2.0,2
U001420,E00124,C0025,P0308,2025-10-01,1.4,2
U001421,E00124,C0025,P0308,2025-11-01,1.03,2
U001422,E00124,C0025,P0308,2025-12-01,1.55,2
U001423,E00124,C0025,P0308,2026-01-01,1.1,2
U001424,E00124,C0025,P0308,2026-02-01,1.33,2
U001425,E00124,C0025,P0308,2026-03-01,1.65,2
U001426,E00124,C0025,P0308,2026-04-01,1.74,2
U001427,E00124,C0025,P0308,2026-05-01,1.57,2
U001428,E00124,C0025,P0308,2026-06-01,1.32,2
U001429,E00125,C0025,P0141,2025-10-01,22.16,24
U001430,E00125,C0025,P0141,2025-11-01,18.63,24
U001431,E00125,C0025,P0141,2025-12-01,20.29,24
U001432,E00125,C0025,P0141,2026-01-01,16.24,24
U001433,E00125,C0025,P0141,2026-02-01,17.9,24
U001434,E00125,C0025,P0141,2026-03-01,14.13,24
U001435,E00125,C0025,P0141,2026-04-01,17.1,24
U001436,E00125,C0025,P0141,2026-05-01,17.25,24
U001437,E00125,C0025,P0141,2026-06-01,11.57,24
U001438,E00126,C0025,P0250,2025-10-01,1134.75,1901
U001439,E00126,C0025,P0250,2025-11-01,1178.09,1901
U001440,E00126,C0025,P0250,2025-12-01,1045.36,1901
U001441,E00126,C0025,P0250,2026-01-01,1011.06,1901
U001442,E00126,C0025,P0250,2026-02-01,1226.0,1901
U001443,E00126,C0025,P0250,2026-03-01,1544.69,1901
U001444,E00126,C0025,P0250,2026-04-01,1116.4,1901
U001445,E00126,C0025,P0250,2026-05-01,1166.78,1901
U001446,E00126,C0025,P0250,2026-06-01,1539.37,1901
U001447,E00127,C0026,P0319,2025-07-01,2915.01,1941
U001448,E00127,C0026,P0319,2025-08-01,2604.83,1941
U001449,E00127,C0026,P0319,2025-09-01,2626.64,1941
U001450,E00127,C0026,P0319,2025-10-01,2358.51,1941
U001451,E00127,C0026,P0319,2025-11-01,2597.6,1941
U001452,E00127,C0026,P0319,2025-12-01,2686.22,1941
U001453,E00127,C0026,P0319,2026-01-01,2956.64,1941
U001454,E00127,C0026,P0319,2026-02-01,2699.25,1941
U001455,E00127,C0026,P0319,2026-03-01,3034.9,1941
U001456,E00127,C0026,P0319,2026-04-01,2794.79,1941
U001457,E00127,C0026,P0319,2026-05-01,2421.6,1941
U001458,E00127,C0026,P0319,2026-06-01,2443.88,1941
U001459,E00128,C0026,P0375,2025-07-01,537.28,341
U001460,E00128,C0026,P0375,2025-08-01,476.7,341
U001461,E00128,C0026,P0375,2025-09-01,401.18,341
U001462,E00128,C0026,P0375,2025-10-01,499.33,341
U001463,E00128,C0026,P0375,2025-11-01,463.68,341
U001464,E00128,C0026,P0375,2025-12-01,494.47,341
U001465,E00128,C0026,P0375,2026-01-01,521.67,341
U001466,E00128,C0026,P0375,2026-02-01,471.39,341
U001467,E00128,C0026,P0375,2026-03-01,486.33,341
U001468,E00128,C0026,P0375,2026-04-01,510.95,341
U001469,E00128,C0026,P0375,2026-05-01,507.72,341
U001470,E00128,C0026,P0375,2026-06-01,434.49,341
U001471,E00129,C0026,P0141,2025-07-01,4.75,3
U001472,E00129,C0026,P0141,2025-08-01,4.15,3
U001473,E00129,C0026,P0141,2025-09-01,3.88,3
U001474,E00129,C0026,P0141,2025-10-01,3.41,3
U001475,E00129,C0026,P0141,2025-11-01,3.9,3
U001476,E00129,C0026,P0141,2025-12-01,4.36,3
U001477,E00129,C0026,P0141,2026-01-01,4.3,3
U001478,E00129,C0026,P0141,2026-02-01,4.96,3
U001479,E00129,C0026,P0141,2026-03-01,3.63,3
U001480,E00129,C0026,P0141,2026-04-01,3.72,3
U001481,E00129,C0026,P0141,2026-05-01,4.42,3
U001482,E00129,C0026,P0141,2026-06-01,3.93,3
U001483,E00130,C0027,P0051,2025-08-01,1012.96,1194
U001484,E00130,C0027,P0051,2025-09-01,807.06,1194
U001485,E00130,C0027,P0051,2025-10-01,877.85,1194
U001486,E00130,C0027,P0051,2025-11-01,731.28,1194
U001487,E00130,C0027,P0051,2025-12-01,869.55,1194
U001488,E00130,C0027,P0051,2026-01-01,794.79,1194
U001489,E00130,C0027,P0051,2026-02-01,864.3,1194
U001490,E00130,C0027,P0051,2026-03-01,911.61,1194
U001491,E00130,C0027,P0051,2026-04-01,810.17,1194
U001492,E00130,C0027,P0051,2026-05-01,829.72,1194
U001493,E00130,C0027,P0051,2026-06-01,774.45,1194
U001494,E00131,C0027,P0313,2025-07-01,271.3,429
U001495,E00131,C0027,P0313,2025-08-01,197.38,429
U001496,E00131,C0027,P0313,2025-09-01,328.82,429
U001497,E00131,C0027,P0313,2025-10-01,370.03,429
U001498,E00131,C0027,P0313,2025-11-01,288.79,429
U001499,E00131,C0027,P0313,2025-12-01,291.18,429
U001500,E00131,C0027,P0313,2026-01-01,239.35,429
U001501,E00131,C0027,P0313,2026-02-01,262.29,429
U001502,E00131,C0027,P0313,2026-03-01,348.63,429
U001503,E00131,C0027,P0313,2026-04-01,299.47,429
U001504,E00131,C0027,P0313,2026-05-01,361.62,429
U001505,E00131,C0027,P0313,2026-06-01,312.09,429
U001506,E00132,C0027,P0033,2025-07-01,867.2,1056
U001507,E00132,C0027,P0033,2025-08-01,725.23,1056
U001508,E00132,C0027,P0033,2025-09-01,818.93,1056
U001509,E00132,C0027,P0033,2025-10-01,1161.39,1056
U001510,E00132,C0027,P0033,2025-11-01,602.62,1056
U001511,E00132,C0027,P0033,2025-12-01,916.84,1056
U001512,E00132,C0027,P0033,2026-01-01,810.94,1056
U001513,E00132,C0027,P0033,2026-02-01,1144.5,1056
U001514,E00132,C0027,P0033,2026-03-01,754.58,1056
U001515,E00132,C0027,P0033,2026-04-01,809.22,1056
U001516,E00132,C0027,P0033,2026-05-01,824.62,1056
U001517,E00132,C0027,P0033,2026-06-01,788.03,1056
U001518,E00133,C0027,P0455,2025-07-01,1.84,3
U001519,E00133,C0027,P0455,2025-08-01,2.4,3
U001520,E00133,C0027,P0455,2025-09-01,2.12,3
U001521,E00133,C0027,P0455,2025-10-01,2.48,3
U001522,E00133,C0027,P0455,2025-11-01,1.96,3
U001523,E00133,C0027,P0455,2025-12-01,2.43,3
U001524,E00133,C0027,P0455,2026-01-01,2.23,3
U001525,E00133,C0027,P0455,2026-02-01,2.7,3
U001526,E00133,C0027,P0455,2026-03-01,1.91,3
U001527,E00133,C0027,P0455,2026-04-01,2.44,3
U001528,E00133,C0027,P0455,2026-05-01,1.94,3
U001529,E00133,C0027,P0455,2026-06-01,1.6,3
U001530,E00134,C0027,P0248,2025-07-01,882.17,1314
U001531,E00134,C0027,P0248,2025-08-01,691.0,1314
U001532,E00134,C0027,P0248,2025-09-01,1138.04,1314
U001533,E00134,C0027,P0248,2025-10-01,744.94,1314
U001534,E00134,C0027,P0248,2025-11-01,818.2,1314
U001535,E00134,C0027,P0248,2025-12-01,1439.92,1314
U001536,E00134,C0027,P0248,2026-01-01,1066.73,1314
U001537,E00134,C0027,P0248,2026-02-01,952.33,1314
U001538,E00134,C0027,P0248,2026-03-01,1244.55,1314
U001539,E00134,C0027,P0248,2026-04-01,1014.66,1314
U001540,E00134,C0027,P0248,2026-05-01,1127.18,1314
U001541,E00134,C0027,P0248,2026-06-01,902.41,1314
U001542,E00135,C0027,P0073,2025-07-01,17.39,24
U001543,E00135,C0027,P0073,2025-08-01,15.04,24
U001544,E00135,C0027,P0073,2025-09-01,17.21,24
U001545,E00135,C0027,P0073,2025-10-01,21.99,24
U001546,E00135,C0027,P0073,2025-11-01,18.14,24
U001547,E00135,C0027,P0073,2025-12-01,16.82,24
U001548,E00135,C0027,P0073,2026-01-01,19.43,24
U001549,E00135,C0027,P0073,2026-02-01,17.1,24
U001550,E00135,C0027,P0073,2026-03-01,14.6,24
U001551,E00135,C0027,P0073,2026-04-01,22.59,24
U001552,E00135,C0027,P0073,2026-05-01,22.1,24
U001553,E00135,C0027,P0073,2026-06-01,19.77,24
U001554,E00136,C0027,P0200,2025-08-01,10.0,18
U001555,E00136,C0027,P0200,2025-09-01,14.23,18
U001556,E00136,C0027,P0200,2025-10-01,14.01,18
U001557,E00136,C0027,P0200,2025-11-01,12.42,18
U001558,E00136,C0027,P0200,2025-12-01,12.99,18
U001559,E00136,C0027,P0200,2026-01-01,13.85,18
U001560,E00136,C0027,P0200,2026-02-01,13.03,18
U001561,E00136,C0027,P0200,2026-03-01,10.27,18
U001562,E00136,C0027,P0200,2026-04-01,13.6,18
U001563,E00136,C0027,P0200,2026-05-01,10.77,18
U001564,E00136,C0027,P0200,2026-06-01,17.0,18
U001565,E00137,C0028,P0482,2025-07-01,7866.02,10932
U001566,E00137,C0028,P0482,2025-08-01,9359.56,10932
U001567,E00137,C0028,P0482,2025-09-01,7684.37,10932
U001568,E00137,C0028,P0482,2025-10-01,8733.35,10932
U001569,E00137,C0028,P0482,2025-11-01,6849.38,10932
U001570,E00137,C0028,P0482,2025-12-01,6899.48,10932
U001571,E00137,C0028,P0482,2026-01-01,6674.71,10932
U001572,E00137,C0028,P0482,2026-02-01,11079.24,10932
U001573,E00137,C0028,P0482,2026-03-01,6799.76,10932
U001574,E00137,C0028,P0482,2026-04-01,7292.4,10932
U001575,E00137,C0028,P0482,2026-05-01,5066.18,10932
U001576,E00137,C0028,P0482,2026-06-01,11485.03,10932
U001577,E00138,C0028,P0476,2025-07-01,9.89,16
U001578,E00138,C0028,P0476,2025-08-01,10.67,16
U001579,E00138,C0028,P0476,2025-09-01,12.95,16
U001580,E00138,C0028,P0476,2025-10-01,13.42,16
U001581,E00138,C0028,P0476,2025-11-01,11.78,16
U001582,E00138,C0028,P0476,2025-12-01,9.83,16
U001583,E00138,C0028,P0476,2026-01-01,12.18,16
U001584,E00138,C0028,P0476,2026-02-01,11.05,16
U001585,E00138,C0028,P0476,2026-03-01,11.7,16
U001586,E00138,C0028,P0476,2026-04-01,10.43,16
U001587,E00138,C0028,P0476,2026-05-01,12.95,16
U001588,E00138,C0028,P0476,2026-06-01,13.88,16
U001589,E00139,C0028,P0367,2025-07-01,4.53,6
U001590,E00139,C0028,P0367,2025-08-01,5.05,6
U001591,E00139,C0028,P0367,2025-09-01,4.28,6
U001592,E00139,C0028,P0367,2025-10-01,4.25,6
U001593,E00139,C0028,P0367,2025-11-01,4.27,6
U001594,E00139,C0028,P0367,2025-12-01,3.76,6
U001595,E00139,C0028,P0367,2026-01-01,4.03,6
U001596,E00139,C0028,P0367,2026-02-01,2.95,6
U001597,E00139,C0028,P0367,2026-03-01,4.22,6
U001598,E00139,C0028,P0367,2026-04-01,3.49,6
U001599,E00139,C0028,P0367,2026-05-01,4.62,6
U001600,E00139,C0028,P0367,2026-06-01,4.38,6
U001601,E00140,C0028,P0444,2025-10-01,1907.49,1990
U001602,E00140,C0028,P0444,2025-11-01,1458.64,1990
U001603,E00140,C0028,P0444,2025-12-01,1160.25,1990
U001604,E00140,C0028,P0444,2026-01-01,1212.68,1990
U001605,E00140,C0028,P0444,2026-02-01,1280.58,1990
U001606,E00140,C0028,P0444,2026-03-01,1321.01,1990
U001607,E00140,C0028,P0444,2026-04-01,1932.53,1990
U001608,E00140,C0028,P0444,2026-05-01,896.85,1990
U001609,E00140,C0028,P0444,2026-06-01,1434.17,1990
U001610,E00141,C0028,P0421,2025-08-01,28.04,29
U001611,E00141,C0028,P0421,2025-09-01,21.14,29
U001612,E00141,C0028,P0421,2025-10-01,19.3,29
U001613,E00141,C0028,P0421,2025-11-01,27.0,29
U001614,E00141,C0028,P0421,2025-12-01,22.92,29
U001615,E00141,C0028,P0421,2026-01-01,16.65,29
U001616,E00141,C0028,P0421,2026-02-01,23.41,29
U001617,E00141,C0028,P0421,2026-03-01,24.45,29
U001618,E00141,C0028,P0421,2026-04-01,17.25,29
U001619,E00141,C0028,P0421,2026-05-01,27.74,29
U001620,E00141,C0028,P0421,2026-06-01,22.37,29
U001621,E00142,C0028,P0215,2025-07-01,213.71,312
U001622,E00142,C0028,P0215,2025-08-01,271.84,312
U001623,E00142,C0028,P0215,2025-09-01,201.65,312
U001624,E00142,C0028,P0215,2025-10-01,205.17,312
U001625,E00142,C0028,P0215,2025-11-01,220.93,312
U001626,E00142,C0028,P0215,2025-12-01,229.42,312
U001627,E00142,C0028,P0215,2026-01-01,252.84,312
U001628,E00142,C0028,P0215,2026-02-01,207.91,312
U001629,E00142,C0028,P0215,2026-03-01,246.26,312
U001630,E00142,C0028,P0215,2026-04-01,222.62,312
U001631,E00142,C0028,P0215,2026-05-01,203.71,312
U001632,E00142,C0028,P0215,2026-06-01,203.94,312
U001633,E00143,C0028,P0418,2025-07-01,0.61,1
U001634,E00143,C0028,P0418,2025-08-01,0.85,1
U001635,E00143,C0028,P0418,2025-09-01,0.86,1
U001636,E00143,C0028,P0418,2025-10-01,0.65,1
U001637,E00143,C0028,P0418,2025-11-01,0.94,1
U001638,E00143,C0028,P0418,2025-12-01,0.72,1
U001639,E00143,C0028,P0418,2026-01-01,0.58,1
U001640,E00143,C0028,P0418,2026-02-01,0.53,1
U001641,E00143,C0028,P0418,2026-03-01,0.76,1
U001642,E00143,C0028,P0418,2026-04-01,0.6,1
U001643,E00143,C0028,P0418,2026-05-01,0.64,1
U001644,E00143,C0028,P0418,2026-06-01,0.61,1
U001645,E00144,C0029,P0202,2025-07-01,0.0,25
U001646,E00144,C0029,P0202,2025-08-01,0.0,25
U001647,E00144,C0029,P0202,2025-09-01,0.0,25
U001648,E00144,C0029,P0202,2025-10-01,0.0,25
U001649,E00144,C0029,P0202,2025-11-01,0.0,25
U001650,E00144,C0029,P0202,2025-12-01,0.0,25
U001651,E00144,C0029,P0202,2026-01-01,0.0,25
U001652,E00144,C0029,P0202,2026-02-01,0.0,25
U001653,E00144,C0029,P0202,2026-03-01,0.0,25
U001654,E00144,C0029,P0202,2026-04-01,0.0,25
U001655,E00144,C0029,P0202,2026-05-01,0.0,25
U001656,E00144,C0029,P0202,2026-06-01,0.0,25
U001657,E00145,C0029,P0403,2025-07-01,0.0,421
U001658,E00145,C0029,P0403,2025-08-01,0.0,421
U001659,E00145,C0029,P0403,2025-09-01,0.0,421
U001660,E00145,C0029,P0403,2025-10-01,0.0,421
U001661,E00145,C0029,P0403,2025-11-01,0.0,421
U001662,E00145,C0029,P0403,2025-12-01,0.0,421
U001663,E00145,C0029,P0403,2026-01-01,0.0,421
U001664,E00145,C0029,P0403,2026-02-01,0.0,421
U001665,E00145,C0029,P0403,2026-03-01,0.0,421
U001666,E00145,C0029,P0403,2026-04-01,0.0,421
U001667,E00145,C0029,P0403,2026-05-01,0.0,421
U001668,E00145,C0029,P0403,2026-06-01,0.0,421
U001669,E00146,C0029,P0422,2025-07-01,0.0,10
U001670,E00146,C0029,P0422,2025-08-01,0.0,10
U001671,E00146,C0029,P0422,2025-09-01,0.0,10
U001672,E00146,C0029,P0422,2025-10-01,0.0,10
U001673,E00146,C0029,P0422,2025-11-01,0.0,10
U001674,E00146,C0029,P0422,2025-12-01,0.0,10
U001675,E00146,C0029,P0422,2026-01-01,0.0,10
U001676,E00146,C0029,P0422,2026-02-01,0.0,10
U001677,E00146,C0029,P0422,2026-03-01,0.0,10
U001678,E00146,C0029,P0422,2026-04-01,0.0,10
U001679,E00146,C0029,P0422,2026-05-01,0.0,10
U001680,E00146,C0029,P0422,2026-06-01,0.0,10
U001681,E00147,C0029,P0226,2025-07-01,0.0,208
U001682,E00147,C0029,P0226,2025-08-01,0.0,208
U001683,E00147,C0029,P0226,2025-09-01,0.0,208
U001684,E00147,C0029,P0226,2025-10-01,0.0,208
U001685,E00147,C0029,P0226,2025-11-01,0.0,208
U001686,E00147,C0029,P0226,2025-12-01,0.0,208
U001687,E00147,C0029,P0226,2026-01-01,0.0,208
U001688,E00147,C0029,P0226,2026-02-01,0.0,208
U001689,E00147,C0029,P0226,2026-03-01,0.0,208
U001690,E00147,C0029,P0226,2026-04-01,0.0,208
U001691,E00147,C0029,P0226,2026-05-01,0.0,208
U001692,E00147,C0029,P0226,2026-06-01,0.0,208
U001693,E00148,C0029,P0211,2025-07-01,0.0,1961
U001694,E00148,C0029,P0211,2025-08-01,0.0,1961
U001695,E00148,C0029,P0211,2025-09-01,0.0,1961
U001696,E00148,C0029,P0211,2025-10-01,0.0,1961
U001697,E00148,C0029,P0211,2025-11-01,0.0,1961
U001698,E00148,C0029,P0211,2025-12-01,0.0,1961
U001699,E00148,C0029,P0211,2026-01-01,0.0,1961
U001700,E00148,C0029,P0211,2026-02-01,0.0,1961
U001701,E00148,C0029,P0211,2026-03-01,0.0,1961
U001702,E00148,C0029,P0211,2026-04-01,0.0,1961
U001703,E00148,C0029,P0211,2026-05-01,0.0,1961
U001704,E00148,C0029,P0211,2026-06-01,0.0,1961
U001705,E00149,C0029,P0362,2025-07-01,0.0,12
U001706,E00149,C0029,P0362,2025-08-01,0.0,12
U001707,E00149,C0029,P0362,2025-09-01,0.0,12
U001708,E00149,C0029,P0362,2025-10-01,0.0,12
U001709,E00149,C0029,P0362,2025-11-01,0.0,12
U001710,E00149,C0029,P0362,2025-12-01,0.0,12
U001711,E00149,C0029,P0362,2026-01-01,0.0,12
U001712,E00149,C0029,P0362,2026-02-01,0.0,12
U001713,E00149,C0029,P0362,2026-03-01,0.0,12
U001714,E00149,C0029,P0362,2026-04-01,0.0,12
U001715,E00149,C0029,P0362,2026-05-01,0.0,12
U001716,E00149,C0029,P0362,2026-06-01,0.0,12
U001717,E00150,C0029,P0396,2025-07-01,0.0,1652
U001718,E00150,C0029,P0396,2025-08-01,0.0,1652
U001719,E00150,C0029,P0396,2025-09-01,0.0,1652
U001720,E00150,C0029,P0396,2025-10-01,0.0,1652
U001721,E00150,C0029,P0396,2025-11-01,0.0,1652
U001722,E00150,C0029,P0396,2025-12-01,0.0,1652
U001723,E00150,C0029,P0396,2026-01-01,0.0,1652
U001724,E00150,C0029,P0396,2026-02-01,0.0,1652
U001725,E00150,C0029,P0396,2026-03-01,0.0,1652
U001726,E00150,C0029,P0396,2026-04-01,0.0,1652
U001727,E00150,C0029,P0396,2026-05-01,0.0,1652
U001728,E00150,C0029,P0396,2026-06-01,0.0,1652
U001729,E00151,C0030,P0474,2025-07-01,5.29,8
U001730,E00151,C0030,P0474,2025-08-01,6.01,8
U001731,E00151,C0030,P0474,2025-09-01,4.89,8
U001732,E00151,C0030,P0474,2025-10-01,5.06,8
U001733,E00151,C0030,P0474,2025-11-01,5.54,8
U001734,E00151,C0030,P0474,2025-12-01,5.81,8
U001735,E00151,C0030,P0474,2026-01-01,6.49,8
U001736,E00151,C0030,P0474,2026-02-01,6.65,8
U001737,E00151,C0030,P0474,2026-03-01,7.71,8
U001738,E00151,C0030,P0474,2026-04-01,4.72,8
U001739,E00151,C0030,P0474,2026-05-01,4.78,8
U001740,E00151,C0030,P0474,2026-06-01,5.4,8
U001741,E00152,C0030,P0132,2025-07-01,817.11,1086
U001742,E00152,C0030,P0132,2025-08-01,844.77,1086
U001743,E00152,C0030,P0132,2025-09-01,993.41,1086
U001744,E00152,C0030,P0132,2025-10-01,753.15,1086
U001745,E00152,C0030,P0132,2025-11-01,792.1,1086
U001746,E00152,C0030,P0132,2025-12-01,682.33,1086
U001747,E00152,C0030,P0132,2026-01-01,585.05,1086
U001748,E00152,C0030,P0132,2026-02-01,886.81,1086
U001749,E00152,C0030,P0132,2026-03-01,985.27,1086
U001750,E00152,C0030,P0132,2026-04-01,721.39,1086
U001751,E00152,C0030,P0132,2026-05-01,885.51,1086
U001752,E00152,C0030,P0132,2026-06-01,639.44,1086
U001753,E00153,C0030,P0352,2025-10-01,13.12,24
U001754,E00153,C0030,P0352,2025-11-01,16.12,24
U001755,E00153,C0030,P0352,2025-12-01,15.55,24
U001756,E00153,C0030,P0352,2026-01-01,22.41,24
U001757,E00153,C0030,P0352,2026-02-01,12.69,24
U001758,E00153,C0030,P0352,2026-03-01,18.18,24
U001759,E00153,C0030,P0352,2026-04-01,16.63,24
U001760,E00153,C0030,P0352,2026-05-01,19.08,24
U001761,E00153,C0030,P0352,2026-06-01,17.71,24
U001762,E00154,C0030,P0018,2025-07-01,416.29,578
U001763,E00154,C0030,P0018,2025-08-01,450.48,578
U001764,E00154,C0030,P0018,2025-09-01,365.42,578
U001765,E00154,C0030,P0018,2025-10-01,412.09,578
U001766,E00154,C0030,P0018,2025-11-01,411.33,578
U001767,E00154,C0030,P0018,2025-12-01,461.98,578
U001768,E00154,C0030,P0018,2026-01-01,300.49,578
U001769,E00154,C0030,P0018,2026-02-01,448.41,578
U001770,E00154,C0030,P0018,2026-03-01,337.91,578
U001771,E00154,C0030,P0018,2026-04-01,448.63,578
U001772,E00154,C0030,P0018,2026-05-01,428.52,578
U001773,E00154,C0030,P0018,2026-06-01,478.89,578
U001774,E00155,C0030,P0068,2025-07-01,16.98,21
U001775,E00155,C0030,P0068,2025-08-01,11.66,21
U001776,E00155,C0030,P0068,2025-09-01,15.52,21
U001777,E00155,C0030,P0068,2025-10-01,15.02,21
U001778,E00155,C0030,P0068,2025-11-01,16.85,21
U001779,E00155,C0030,P0068,2025-12-01,13.83,21
U001780,E00155,C0030,P0068,2026-01-01,17.68,21
U001781,E00155,C0030,P0068,2026-02-01,15.71,21
U001782,E00155,C0030,P0068,2026-03-01,9.8,21
U001783,E00155,C0030,P0068,2026-04-01,17.52,21
U001784,E00155,C0030,P0068,2026-05-01,11.94,21
U001785,E00155,C0030,P0068,2026-06-01,14.05,21
U001786,E00156,C0030,P0387,2025-07-01,6.51,9
U001787,E00156,C0030,P0387,2025-08-01,5.76,9
U001788,E00156,C0030,P0387,2025-09-01,7.21,9
U001789,E00156,C0030,P0387,2025-10-01,9.74,9
U001790,E00156,C0030,P0387,2025-11-01,6.84,9
U001791,E00156,C0030,P0387,2025-12-01,6.76,9
U001792,E00156,C0030,P0387,2026-01-01,7.44,9
U001793,E00156,C0030,P0387,2026-02-01,8.43,9
U001794,E00156,C0030,P0387,2026-03-01,5.31,9
U001795,E00156,C0030,P0387,2026-04-01,5.31,9
U001796,E00156,C0030,P0387,2026-05-01,5.97,9
U001797,E00156,C0030,P0387,2026-06-01,7.94,9
U001798,E00157,C0031,P0014,2025-07-01,293.7,249
U001799,E00157,C0031,P0014,2025-08-01,336.52,249
U001800,E00157,C0031,P0014,2025-09-01,326.09,249
U001801,E00157,C0031,P0014,2025-10-01,382.7,249
U001802,E00157,C0031,P0014,2025-11-01,312.37,249
U001803,E00157,C0031,P0014,2025-12-01,391.67,249
U001804,E00157,C0031,P0014,2026-01-01,372.14,249
U001805,E00157,C0031,P0014,2026-02-01,358.04,249
U001806,E00157,C0031,P0014,2026-03-01,359.53,249
U001807,E00157,C0031,P0014,2026-04-01,313.67,249
U001808,E00157,C0031,P0014,2026-05-01,313.52,249
U001809,E00157,C0031,P0014,2026-06-01,402.14,249
U001810,E00158,C0031,P0138,2025-10-01,10949.94,9261
U001811,E00158,C0031,P0138,2025-11-01,15384.08,9261
U001812,E00158,C0031,P0138,2025-12-01,13371.63,9261
U001813,E00158,C0031,P0138,2026-01-01,14961.86,9261
U001814,E00158,C0031,P0138,2026-02-01,10883.8,9261
U001815,E00158,C0031,P0138,2026-03-01,11516.2,9261
U001816,E00158,C0031,P0138,2026-04-01,14322.84,9261
U001817,E00158,C0031,P0138,2026-05-01,14783.46,9261
U001818,E00158,C0031,P0138,2026-06-01,13000.91,9261
U001819,E00159,C0031,P0086,2025-07-01,1479.27,1215
U001820,E00159,C0031,P0086,2025-08-01,1800.29,1215
U001821,E00159,C0031,P0086,2025-09-01,1741.06,1215
U001822,E00159,C0031,P0086,2025-10-01,1828.25,1215
U001823,E00159,C0031,P0086,2025-11-01,1696.31,1215
U001824,E00159,C0031,P0086,2025-12-01,1973.01,1215
U001825,E00159,C0031,P0086,2026-01-01,1483.15,1215
U001826,E00159,C0031,P0086,2026-02-01,1481.19,1215
U001827,E00159,C0031,P0086,2026-03-01,1708.87,1215
U001828,E00159,C0031,P0086,2026-04-01,1950.55,1215
U001829,E00159,C0031,P0086,2026-05-01,1732.51,1215
U001830,E00159,C0031,P0086,2026-06-01,1707.07,1215
U001831,E00160,C0032,P0409,2025-10-01,1083.91,1543
U001832,E00160,C0032,P0409,2025-11-01,1155.36,1543
U001833,E00160,C0032,P0409,2025-12-01,1382.65,1543
U001834,E00160,C0032,P0409,2026-01-01,1035.57,1543
U001835,E00160,C0032,P0409,2026-02-01,948.8,1543
U001836,E00160,C0032,P0409,2026-03-01,923.11,1543
U001837,E00160,C0032,P0409,2026-04-01,1231.07,1543
U001838,E00160,C0032,P0409,2026-05-01,942.34,1543
U001839,E00160,C0032,P0409,2026-06-01,1153.8,1543
U001840,E00161,C0032,P0023,2025-07-01,11.88,16
U001841,E00161,C0032,P0023,2025-08-01,7.56,16
U001842,E00161,C0032,P0023,2025-09-01,11.49,16
U001843,E00161,C0032,P0023,2025-10-01,11.2,16
U001844,E00161,C0032,P0023,2025-11-01,10.46,16
U001845,E00161,C0032,P0023,2025-12-01,11.52,16
U001846,E00161,C0032,P0023,2026-01-01,12.28,16
U001847,E00161,C0032,P0023,2026-02-01,9.07,16
U001848,E00161,C0032,P0023,2026-03-01,8.59,16
U001849,E00161,C0032,P0023,2026-04-01,10.31,16
U001850,E00161,C0032,P0023,2026-05-01,14.33,16
U001851,E00161,C0032,P0023,2026-06-01,12.1,16
U001852,E00162,C0032,P0329,2025-07-01,6666.16,11991
U001853,E00162,C0032,P0329,2025-08-01,6491.83,11991
U001854,E00162,C0032,P0329,2025-09-01,9172.47,11991
U001855,E00162,C0032,P0329,2025-10-01,10543.75,11991
U001856,E00162,C0032,P0329,2025-11-01,7134.47,11991
U001857,E00162,C0032,P0329,2025-12-01,7636.13,11991
U001858,E00162,C0032,P0329,2026-01-01,12535.2,11991
U001859,E00162,C0032,P0329,2026-02-01,8631.99,11991
U001860,E00162,C0032,P0329,2026-03-01,6026.96,11991
U001861,E00162,C0032,P0329,2026-04-01,8496.29,11991
U001862,E00162,C0032,P0329,2026-05-01,7571.39,11991
U001863,E00162,C0032,P0329,2026-06-01,7857.6,11991
U001864,E00163,C0032,P0122,2025-07-01,104.09,112
U001865,E00163,C0032,P0122,2025-08-01,80.01,112
U001866,E00163,C0032,P0122,2025-09-01,82.08,112
U001867,E00163,C0032,P0122,2025-10-01,70.04,112
U001868,E00163,C0032,P0122,2025-11-01,83.36,112
U001869,E00163,C0032,P0122,2025-12-01,85.22,112
U001870,E00163,C0032,P0122,2026-01-01,101.22,112
U001871,E00163,C0032,P0122,2026-02-01,59.45,112
U001872,E00163,C0032,P0122,2026-03-01,82.33,112
U001873,E00163,C0032,P0122,2026-04-01,71.67,112
U001874,E00163,C0032,P0122,2026-05-01,91.49,112
U001875,E00163,C0032,P0122,2026-06-01,65.5,112
U001876,E00164,C0033,P0053,2025-08-01,3404.89,4449
U001877,E00164,C0033,P0053,2025-09-01,3793.77,4449
U001878,E00164,C0033,P0053,2025-10-01,3269.76,4449
U001879,E00164,C0033,P0053,2025-11-01,3159.44,4449
U001880,E00164,C0033,P0053,2025-12-01,2005.72,4449
U001881,E00164,C0033,P0053,2026-01-01,3732.98,4449
U001882,E00164,C0033,P0053,2026-02-01,3276.27,4449
U001883,E00164,C0033,P0053,2026-03-01,3822.29,4449
U001884,E00164,C0033,P0053,2026-04-01,3322.84,4449
U001885,E00164,C0033,P0053,2026-05-01,3085.09,4449
U001886,E00164,C0033,P0053,2026-06-01,3041.03,4449
U001887,E00165,C0033,P0344,2025-07-01,11.56,17
U001888,E00165,C0033,P0344,2025-08-01,10.39,17
U001889,E00165,C0033,P0344,2025-09-01,13.23,17
U001890,E00165,C0033,P0344,2025-10-01,9.14,17
U001891,E00165,C0033,P0344,2025-11-01,13.06,17
U001892,E00165,C0033,P0344,2025-12-01,10.95,17
U001893,E00165,C0033,P0344,2026-01-01,11.98,17
U001894,E00165,C0033,P0344,2026-02-01,12.18,17
U001895,E00165,C0033,P0344,2026-03-01,13.05,17
U001896,E00165,C0033,P0344,2026-04-01,15.08,17
U001897,E00165,C0033,P0344,2026-05-01,11.09,17
U001898,E00165,C0033,P0344,2026-06-01,10.46,17
U001899,E00166,C0034,P0398,2025-07-01,24.05,7
U001900,E00166,C0034,P0398,2025-08-01,24.45,7
U001901,E00166,C0034,P0398,2025-09-01,23.5,7
U001902,E00166,C0034,P0398,2025-10-01,0.0,7
U001903,E00166,C0034,P0398,2025-11-01,0.0,7
U001904,E00166,C0034,P0398,2025-12-01,0.0,7
U001905,E00166,C0034,P0398,2026-01-01,0.0,7
U001906,E00166,C0034,P0398,2026-02-01,0.0,7
U001907,E00166,C0034,P0398,2026-03-01,0.0,7
U001908,E00166,C0034,P0398,2026-04-01,0.0,7
U001909,E00166,C0034,P0398,2026-05-01,0.0,7
U001910,E00166,C0034,P0398,2026-06-01,0.0,7
U001911,E00167,C0034,P0234,2025-07-01,1087.12,288
U001912,E00167,C0034,P0234,2025-08-01,1058.48,288
U001913,E00167,C0034,P0234,2025-09-01,867.44,288
U001914,E00167,C0034,P0234,2025-10-01,0.0,288
U001915,E00167,C0034,P0234,2025-11-01,0.0,288
U001916,E00167,C0034,P0234,2025-12-01,0.0,288
U001917,E00167,C0034,P0234,2026-01-01,0.0,288
U001918,E00167,C0034,P0234,2026-02-01,0.0,288
U001919,E00167,C0034,P0234,2026-03-01,0.0,288
U001920,E00167,C0034,P0234,2026-04-01,0.0,288
U001921,E00167,C0034,P0234,2026-05-01,0.0,288
U001922,E00167,C0034,P0234,2026-06-01,0.0,288
U001923,E00168,C0034,P0391,2025-07-01,59.04,19
U001924,E00168,C0034,P0391,2025-08-01,61.68,19
U001925,E00168,C0034,P0391,2025-09-01,72.66,19
U001926,E00168,C0034,P0391,2025-10-01,0.0,19
U001927,E00168,C0034,P0391,2025-11-01,0.0,19
U001928,E00168,C0034,P0391,2025-12-01,0.0,19
U001929,E00168,C0034,P0391,2026-01-01,0.0,19
U001930,E00168,C0034,P0391,2026-02-01,0.0,19
U001931,E00168,C0034,P0391,2026-03-01,0.0,19
U001932,E00168,C0034,P0391,2026-04-01,0.0,19
U001933,E00168,C0034,P0391,2026-05-01,0.0,19
U001934,E00168,C0034,P0391,2026-06-01,0.0,19
U001935,E00169,C0034,P0409,2025-10-01,2109.75,576
U001936,E00169,C0034,P0409,2025-11-01,2410.74,576
U001937,E00169,C0034,P0409,2025-12-01,2157.45,576
U001938,E00169,C0034,P0409,2026-01-01,0.0,576
U001939,E00169,C0034,P0409,2026-02-01,0.0,576
U001940,E00169,C0034,P0409,2026-03-01,0.0,576
U001941,E00169,C0034,P0409,2026-04-01,0.0,576
U001942,E00169,C0034,P0409,2026-05-01,0.0,576
U001943,E00169,C0034,P0409,2026-06-01,0.0,576
U001944,E00170,C0034,P0220,2025-10-01,3685.78,993
U001945,E00170,C0034,P0220,2025-11-01,3073.13,993
U001946,E00170,C0034,P0220,2025-12-01,3262.37,993
U001947,E00170,C0034,P0220,2026-01-01,0.0,993
U001948,E00170,C0034,P0220,2026-02-01,0.0,993
U001949,E00170,C0034,P0220,2026-03-01,0.0,993
U001950,E00170,C0034,P0220,2026-04-01,0.0,993
U001951,E00170,C0034,P0220,2026-05-01,0.0,993
U001952,E00170,C0034,P0220,2026-06-01,0.0,993
U001953,E00171,C0034,P0319,2025-07-01,3723.26,1171
U001954,E00171,C0034,P0319,2025-08-01,4455.83,1171
U001955,E00171,C0034,P0319,2025-09-01,3888.57,1171
U001956,E00171,C0034,P0319,2025-10-01,0.0,1171
U001957,E00171,C0034,P0319,2025-11-01,0.0,1171
U001958,E00171,C0034,P0319,2025-12-01,0.0,1171
U001959,E00171,C0034,P0319,2026-01-01,0.0,1171
U001960,E00171,C0034,P0319,2026-02-01,0.0,1171
U001961,E00171,C0034,P0319,2026-03-01,0.0,1171
U001962,E00171,C0034,P0319,2026-04-01,0.0,1171
U001963,E00171,C0034,P0319,2026-05-01,0.0,1171
U001964,E00171,C0034,P0319,2026-06-01,0.0,1171
U001965,E00172,C0034,P0387,2025-07-01,70.89,24
U001966,E00172,C0034,P0387,2025-08-01,89.0,24
U001967,E00172,C0034,P0387,2025-09-01,85.3,24
U001968,E00172,C0034,P0387,2025-10-01,0.0,24
U001969,E00172,C0034,P0387,2025-11-01,0.0,24
U001970,E00172,C0034,P0387,2025-12-01,0.0,24
U001971,E00172,C0034,P0387,2026-01-01,0.0,24
U001972,E00172,C0034,P0387,2026-02-01,0.0,24
U001973,E00172,C0034,P0387,2026-03-01,0.0,24
U001974,E00172,C0034,P0387,2026-04-01,0.0,24
U001975,E00172,C0034,P0387,2026-05-01,0.0,24
U001976,E00172,C0034,P0387,2026-06-01,0.0,24
U001977,E00173,C0035,P0441,2025-07-01,5036.6,6829
U001978,E00173,C0035,P0441,2025-08-01,3763.48,6829
U001979,E00173,C0035,P0441,2025-09-01,3567.59,6829
U001980,E00173,C0035,P0441,2025-10-01,5218.57,6829
U001981,E00173,C0035,P0441,2025-11-01,6151.22,6829
U001982,E00173,C0035,P0441,2025-12-01,4532.93,6829
U001983,E00173,C0035,P0441,2026-01-01,4826.62,6829
U001984,E00173,C0035,P0441,2026-02-01,3123.55,6829
U001985,E00173,C0035,P0441,2026-03-01,5630.97,6829
U001986,E00173,C0035,P0441,2026-04-01,4601.75,6829
U001987,E00173,C0035,P0441,2026-05-01,4647.75,6829
U001988,E00173,C0035,P0441,2026-06-01,5062.23,6829
U001989,E00174,C0035,P0235,2025-09-01,29.23,31
U001990,E00174,C0035,P0235,2025-10-01,15.19,31
U001991,E00174,C0035,P0235,2025-11-01,23.37,31
U001992,E00174,C0035,P0235,2025-12-01,22.3,31
U001993,E00174,C0035,P0235,2026-01-01,21.83,31
U001994,E00174,C0035,P0235,2026-02-01,20.04,31
U001995,E00174,C0035,P0235,2026-03-01,19.49,31
U001996,E00174,C0035,P0235,2026-04-01,15.31,31
U001997,E00174,C0035,P0235,2026-05-01,18.72,31
U001998,E00174,C0035,P0235,2026-06-01,15.47,31
U001999,E00175,C0035,P0299,2025-09-01,6.29,8
U002000,E00175,C0035,P0299,2025-10-01,5.92,8
U002001,E00175,C0035,P0299,2025-11-01,4.77,8
U002002,E00175,C0035,P0299,2025-12-01,6.23,8
U002003,E00175,C0035,P0299,2026-01-01,6.36,8
U002004,E00175,C0035,P0299,2026-02-01,5.46,8
U002005,E00175,C0035,P0299,2026-03-01,4.54,8
U002006,E00175,C0035,P0299,2026-04-01,4.07,8
U002007,E00175,C0035,P0299,2026-05-01,4.6,8
U002008,E00175,C0035,P0299,2026-06-01,7.29,8
U002009,E00176,C0035,P0478,2025-08-01,16.69,19
U002010,E00176,C0035,P0478,2025-09-01,16.62,19
U002011,E00176,C0035,P0478,2025-10-01,10.91,19
U002012,E00176,C0035,P0478,2025-11-01,16.39,19
U002013,E00176,C0035,P0478,2025-12-01,13.48,19
U002014,E00176,C0035,P0478,2026-01-01,16.18,19
U002015,E00176,C0035,P0478,2026-02-01,14.37,19
U002016,E00176,C0035,P0478,2026-03-01,16.48,19
U002017,E00176,C0035,P0478,2026-04-01,12.34,19
U002018,E00176,C0035,P0478,2026-05-01,13.98,19
U002019,E00176,C0035,P0478,2026-06-01,11.52,19
U002020,E00177,C0035,P0456,2025-10-01,2.93,4
U002021,E00177,C0035,P0456,2025-11-01,2.64,4
U002022,E00177,C0035,P0456,2025-12-01,2.75,4
U002023,E00177,C0035,P0456,2026-01-01,3.39,4
U002024,E00177,C0035,P0456,2026-02-01,3.23,4
U002025,E00177,C0035,P0456,2026-03-01,3.43,4
U002026,E00177,C0035,P0456,2026-04-01,2.4,4
U002027,E00177,C0035,P0456,2026-05-01,4.27,4
U002028,E00177,C0035,P0456,2026-06-01,3.35,4
U002029,E00178,C0036,P0125,2025-07-01,0.0,289
U002030,E00178,C0036,P0125,2025-08-01,0.0,289
U002031,E00178,C0036,P0125,2025-09-01,0.0,289
U002032,E00178,C0036,P0125,2025-10-01,0.0,289
U002033,E00178,C0036,P0125,2025-11-01,0.0,289
U002034,E00178,C0036,P0125,2025-12-01,0.0,289
U002035,E00178,C0036,P0125,2026-01-01,0.0,289
U002036,E00178,C0036,P0125,2026-02-01,0.0,289
U002037,E00178,C0036,P0125,2026-03-01,0.0,289
U002038,E00178,C0036,P0125,2026-04-01,0.0,289
U002039,E00178,C0036,P0125,2026-05-01,0.0,289
U002040,E00178,C0036,P0125,2026-06-01,0.0,289
U002041,E00179,C0036,P0361,2025-07-01,0.0,3770
U002042,E00179,C0036,P0361,2025-08-01,0.0,3770
U002043,E00179,C0036,P0361,2025-09-01,0.0,3770
U002044,E00179,C0036,P0361,2025-10-01,0.0,3770
U002045,E00179,C0036,P0361,2025-11-01,0.0,3770
U002046,E00179,C0036,P0361,2025-12-01,0.0,3770
U002047,E00179,C0036,P0361,2026-01-01,0.0,3770
U002048,E00179,C0036,P0361,2026-02-01,0.0,3770
U002049,E00179,C0036,P0361,2026-03-01,0.0,3770
U002050,E00179,C0036,P0361,2026-04-01,0.0,3770
U002051,E00179,C0036,P0361,2026-05-01,0.0,3770
U002052,E00179,C0036,P0361,2026-06-01,0.0,3770
U002053,E00180,C0036,P0440,2025-07-01,0.0,585
U002054,E00180,C0036,P0440,2025-08-01,0.0,585
U002055,E00180,C0036,P0440,2025-09-01,0.0,585
U002056,E00180,C0036,P0440,2025-10-01,0.0,585
U002057,E00180,C0036,P0440,2025-11-01,0.0,585
U002058,E00180,C0036,P0440,2025-12-01,0.0,585
U002059,E00180,C0036,P0440,2026-01-01,0.0,585
U002060,E00180,C0036,P0440,2026-02-01,0.0,585
U002061,E00180,C0036,P0440,2026-03-01,0.0,585
U002062,E00180,C0036,P0440,2026-04-01,0.0,585
U002063,E00180,C0036,P0440,2026-05-01,0.0,585
U002064,E00180,C0036,P0440,2026-06-01,0.0,585
U002065,E00181,C0036,P0375,2025-09-01,0.0,526
U002066,E00181,C0036,P0375,2025-10-01,0.0,526
U002067,E00181,C0036,P0375,2025-11-01,0.0,526
U002068,E00181,C0036,P0375,2025-12-01,0.0,526
U002069,E00181,C0036,P0375,2026-01-01,0.0,526
U002070,E00181,C0036,P0375,2026-02-01,0.0,526
U002071,E00181,C0036,P0375,2026-03-01,0.0,526
U002072,E00181,C0036,P0375,2026-04-01,0.0,526
U002073,E00181,C0036,P0375,2026-05-01,0.0,526
U002074,E00181,C0036,P0375,2026-06-01,0.0,526
U002075,E00182,C0036,P0121,2025-07-01,0.0,3150
U002076,E00182,C0036,P0121,2025-08-01,0.0,3150
U002077,E00182,C0036,P0121,2025-09-01,0.0,3150
U002078,E00182,C0036,P0121,2025-10-01,0.0,3150
U002079,E00182,C0036,P0121,2025-11-01,0.0,3150
U002080,E00182,C0036,P0121,2025-12-01,0.0,3150
U002081,E00182,C0036,P0121,2026-01-01,0.0,3150
U002082,E00182,C0036,P0121,2026-02-01,0.0,3150
U002083,E00182,C0036,P0121,2026-03-01,0.0,3150
U002084,E00182,C0036,P0121,2026-04-01,0.0,3150
U002085,E00182,C0036,P0121,2026-05-01,0.0,3150
U002086,E00182,C0036,P0121,2026-06-01,0.0,3150
U002087,E00183,C0037,P0413,2025-10-01,3.48,9
U002088,E00183,C0037,P0413,2025-11-01,5.21,9
U002089,E00183,C0037,P0413,2025-12-01,6.48,9
U002090,E00183,C0037,P0413,2026-01-01,6.32,9
U002091,E00183,C0037,P0413,2026-02-01,3.84,9
U002092,E00183,C0037,P0413,2026-03-01,6.1,9
U002093,E00183,C0037,P0413,2026-04-01,6.42,9
U002094,E00183,C0037,P0413,2026-05-01,6.15,9
U002095,E00183,C0037,P0413,2026-06-01,6.42,9
U002096,E00184,C0037,P0157,2025-07-01,197.33,355
U002097,E00184,C0037,P0157,2025-08-01,203.23,355
U002098,E00184,C0037,P0157,2025-09-01,322.0,355
U002099,E00184,C0037,P0157,2025-10-01,232.14,355
U002100,E00184,C0037,P0157,2025-11-01,297.61,355
U002101,E00184,C0037,P0157,2025-12-01,220.82,355
U002102,E00184,C0037,P0157,2026-01-01,194.52,355
U002103,E00184,C0037,P0157,2026-02-01,202.21,355
U002104,E00184,C0037,P0157,2026-03-01,241.1,355
U002105,E00184,C0037,P0157,2026-04-01,262.7,355
U002106,E00184,C0037,P0157,2026-05-01,347.19,355
U002107,E00184,C0037,P0157,2026-06-01,287.96,355
U002108,E00185,C0038,P0406,2025-07-01,3.95,5
U002109,E00185,C0038,P0406,2025-08-01,4.16,5
U002110,E00185,C0038,P0406,2025-09-01,3.27,5
U002111,E00185,C0038,P0406,2025-10-01,2.46,5
U002112,E00185,C0038,P0406,2025-11-01,3.45,5
U002113,E00185,C0038,P0406,2025-12-01,3.78,5
U002114,E00185,C0038,P0406,2026-01-01,2.53,5
U002115,E00185,C0038,P0406,2026-02-01,3.92,5
U002116,E00185,C0038,P0406,2026-03-01,3.64,5
U002117,E00185,C0038,P0406,2026-04-01,3.08,5
U002118,E00185,C0038,P0406,2026-05-01,2.85,5
U002119,E00185,C0038,P0406,2026-06-01,3.66,5
U002120,E00186,C0038,P0493,2025-07-01,1074.87,1209
U002121,E00186,C0038,P0493,2025-08-01,789.08,1209
U002122,E00186,C0038,P0493,2025-09-01,834.94,1209
U002123,E00186,C0038,P0493,2025-10-01,792.52,1209
U002124,E00186,C0038,P0493,2025-11-01,910.77,1209
U002125,E00186,C0038,P0493,2025-12-01,726.09,1209
U002126,E00186,C0038,P0493,2026-01-01,904.96,1209
U002127,E00186,C0038,P0493,2026-02-01,1062.68,1209
U002128,E00186,C0038,P0493,2026-03-01,1020.43,1209
U002129,E00186,C0038,P0493,2026-04-01,1178.1,1209
U002130,E00186,C0038,P0493,2026-05-01,938.81,1209
U002131,E00186,C0038,P0493,2026-06-01,944.02,1209
U002132,E00187,C0038,P0162,2025-07-01,935.84,1453
U002133,E00187,C0038,P0162,2025-08-01,1275.3,1453
U002134,E00187,C0038,P0162,2025-09-01,843.55,1453
U002135,E00187,C0038,P0162,2025-10-01,1040.73,1453
U002136,E00187,C0038,P0162,2025-11-01,1042.0,1453
U002137,E00187,C0038,P0162,2025-12-01,1081.06,1453
U002138,E00187,C0038,P0162,2026-01-01,829.83,1453
U002139,E00187,C0038,P0162,2026-02-01,997.21,1453
U002140,E00187,C0038,P0162,2026-03-01,889.56,1453
U002141,E00187,C0038,P0162,2026-04-01,1053.57,1453
U002142,E00187,C0038,P0162,2026-05-01,961.61,1453
U002143,E00187,C0038,P0162,2026-06-01,1180.72,1453
U002144,E00188,C0038,P0418,2025-07-01,1.63,2
U002145,E00188,C0038,P0418,2025-08-01,2.06,2
U002146,E00188,C0038,P0418,2025-09-01,1.43,2
U002147,E00188,C0038,P0418,2025-10-01,1.13,2
U002148,E00188,C0038,P0418,2025-11-01,1.18,2
U002149,E00188,C0038,P0418,2025-12-01,1.18,2
U002150,E00188,C0038,P0418,2026-01-01,1.46,2
U002151,E00188,C0038,P0418,2026-02-01,1.47,2
U002152,E00188,C0038,P0418,2026-03-01,1.63,2
U002153,E00188,C0038,P0418,2026-04-01,1.44,2
U002154,E00188,C0038,P0418,2026-05-01,1.54,2
U002155,E00188,C0038,P0418,2026-06-01,1.6,2
U002156,E00189,C0039,P0402,2025-07-01,291.46,347
U002157,E00189,C0039,P0402,2025-08-01,266.14,347
U002158,E00189,C0039,P0402,2025-09-01,267.44,347
U002159,E00189,C0039,P0402,2025-10-01,260.85,347
U002160,E00189,C0039,P0402,2025-11-01,181.92,347
U002161,E00189,C0039,P0402,2025-12-01,300.75,347
U002162,E00189,C0039,P0402,2026-01-01,237.98,347
U002163,E00189,C0039,P0402,2026-02-01,254.07,347
U002164,E00189,C0039,P0402,2026-03-01,249.69,347
U002165,E00189,C0039,P0402,2026-04-01,273.03,347
U002166,E00189,C0039,P0402,2026-05-01,157.07,347
U002167,E00189,C0039,P0402,2026-06-01,204.91,347
U002168,E00190,C0039,P0223,2025-07-01,334.42,537
U002169,E00190,C0039,P0223,2025-08-01,483.84,537
U002170,E00190,C0039,P0223,2025-09-01,325.85,537
U002171,E00190,C0039,P0223,2025-10-01,425.68,537
U002172,E00190,C0039,P0223,2025-11-01,422.34,537
U002173,E00190,C0039,P0223,2025-12-01,374.96,537
U002174,E00190,C0039,P0223,2026-01-01,369.06,537
U002175,E00190,C0039,P0223,2026-02-01,416.77,537
U002176,E00190,C0039,P0223,2026-03-01,433.02,537
U002177,E00190,C0039,P0223,2026-04-01,334.88,537
U002178,E00190,C0039,P0223,2026-05-01,459.02,537
U002179,E00190,C0039,P0223,2026-06-01,494.27,537
U002180,E00191,C0039,P0310,2025-09-01,305.34,586
U002181,E00191,C0039,P0310,2025-10-01,374.89,586
U002182,E00191,C0039,P0310,2025-11-01,468.95,586
U002183,E00191,C0039,P0310,2025-12-01,392.43,586
U002184,E00191,C0039,P0310,2026-01-01,458.36,586
U002185,E00191,C0039,P0310,2026-02-01,339.94,586
U002186,E00191,C0039,P0310,2026-03-01,442.05,586
U002187,E00191,C0039,P0310,2026-04-01,359.97,586
U002188,E00191,C0039,P0310,2026-05-01,448.29,586
U002189,E00191,C0039,P0310,2026-06-01,404.4,586
U002190,E00192,C0039,P0372,2025-07-01,9.54,14
U002191,E00192,C0039,P0372,2025-08-01,8.65,14
U002192,E00192,C0039,P0372,2025-09-01,8.22,14
U002193,E00192,C0039,P0372,2025-10-01,9.41,14
U002194,E00192,C0039,P0372,2025-11-01,9.05,14
U002195,E00192,C0039,P0372,2025-12-01,9.25,14
U002196,E00192,C0039,P0372,2026-01-01,9.6,14
U002197,E00192,C0039,P0372,2026-02-01,10.71,14
U002198,E00192,C0039,P0372,2026-03-01,8.08,14
U002199,E00192,C0039,P0372,2026-04-01,10.1,14
U002200,E00192,C0039,P0372,2026-05-01,8.65,14
U002201,E00192,C0039,P0372,2026-06-01,8.76,14
U002202,E00193,C0039,P0413,2025-07-01,3.14,5
U002203,E00193,C0039,P0413,2025-08-01,3.54,5
U002204,E00193,C0039,P0413,2025-09-01,3.14,5
U002205,E00193,C0039,P0413,2025-10-01,3.44,5
U002206,E00193,C0039,P0413,2025-11-01,3.4,5
U002207,E00193,C0039,P0413,2025-12-01,3.79,5
U002208,E00193,C0039,P0413,2026-01-01,3.33,5
U002209,E00193,C0039,P0413,2026-02-01,3.02,5
U002210,E00193,C0039,P0413,2026-03-01,3.57,5
U002211,E00193,C0039,P0413,2026-04-01,3.42,5
U002212,E00193,C0039,P0413,2026-05-01,3.92,5
U002213,E00193,C0039,P0413,2026-06-01,4.52,5
U002214,E00194,C0040,P0314,2025-07-01,1939.04,1151
U002215,E00194,C0040,P0314,2025-08-01,1500.24,1151
U002216,E00194,C0040,P0314,2025-09-01,1832.07,1151
U002217,E00194,C0040,P0314,2025-10-01,1819.28,1151
U002218,E00194,C0040,P0314,2025-11-01,1667.29,1151
U002219,E00194,C0040,P0314,2025-12-01,1392.57,1151
U002220,E00194,C0040,P0314,2026-01-01,1658.12,1151
U002221,E00194,C0040,P0314,2026-02-01,1645.3,1151
U002222,E00194,C0040,P0314,2026-03-01,1904.76,1151
U002223,E00194,C0040,P0314,2026-04-01,1312.92,1151
U002224,E00194,C0040,P0314,2026-05-01,1696.01,1151
U002225,E00194,C0040,P0314,2026-06-01,1478.61,1151
U002226,E00195,C0040,P0054,2025-07-01,1.47,1
U002227,E00195,C0040,P0054,2025-08-01,1.43,1
U002228,E00195,C0040,P0054,2025-09-01,1.19,1
U002229,E00195,C0040,P0054,2025-10-01,1.51,1
U002230,E00195,C0040,P0054,2025-11-01,1.45,1
U002231,E00195,C0040,P0054,2025-12-01,1.35,1
U002232,E00195,C0040,P0054,2026-01-01,1.76,1
U002233,E00195,C0040,P0054,2026-02-01,1.23,1
U002234,E00195,C0040,P0054,2026-03-01,1.62,1
U002235,E00195,C0040,P0054,2026-04-01,1.57,1
U002236,E00195,C0040,P0054,2026-05-01,1.26,1
U002237,E00195,C0040,P0054,2026-06-01,1.39,1
U002238,E00196,C0040,P0116,2025-07-01,2088.09,1269
U002239,E00196,C0040,P0116,2025-08-01,1877.69,1269
U002240,E00196,C0040,P0116,2025-09-01,1687.13,1269
U002241,E00196,C0040,P0116,2025-10-01,1748.74,1269
U002242,E00196,C0040,P0116,2025-11-01,1688.73,1269
U002243,E00196,C0040,P0116,2025-12-01,1721.12,1269
U002244,E00196,C0040,P0116,2026-01-01,1455.49,1269
U002245,E00196,C0040,P0116,2026-02-01,1810.33,1269
U002246,E00196,C0040,P0116,2026-03-01,1737.3,1269
U002247,E00196,C0040,P0116,2026-04-01,1673.75,1269
U002248,E00196,C0040,P0116,2026-05-01,1833.53,1269
U002249,E00196,C0040,P0116,2026-06-01,1504.3,1269
U002250,E00197,C0040,P0096,2025-07-01,939.58,827
U002251,E00197,C0040,P0096,2025-08-01,1283.44,827
U002252,E00197,C0040,P0096,2025-09-01,1094.27,827
U002253,E00197,C0040,P0096,2025-10-01,1286.18,827
U002254,E00197,C0040,P0096,2025-11-01,1345.05,827
U002255,E00197,C0040,P0096,2025-12-01,1278.79,827
U002256,E00197,C0040,P0096,2026-01-01,1043.96,827
U002257,E00197,C0040,P0096,2026-02-01,1354.92,827
U002258,E00197,C0040,P0096,2026-03-01,1097.43,827
U002259,E00197,C0040,P0096,2026-04-01,1063.12,827
U002260,E00197,C0040,P0096,2026-05-01,1215.04,827
U002261,E00197,C0040,P0096,2026-06-01,1113.07,827
U002262,E00198,C0040,P0330,2025-07-01,19310.9,11185
U002263,E00198,C0040,P0330,2025-08-01,13004.68,11185
U002264,E00198,C0040,P0330,2025-09-01,14580.27,11185
U002265,E00198,C0040,P0330,2025-10-01,17451.92,11185
U002266,E00198,C0040,P0330,2025-11-01,17877.41,11185
U002267,E00198,C0040,P0330,2025-12-01,15230.63,11185
U002268,E00198,C0040,P0330,2026-01-01,13909.99,11185
U002269,E00198,C0040,P0330,2026-02-01,14874.68,11185
U002270,E00198,C0040,P0330,2026-03-01,12813.14,11185
U002271,E00198,C0040,P0330,2026-04-01,17764.35,11185
U002272,E00198,C0040,P0330,2026-05-01,18116.18,11185
U002273,E00198,C0040,P0330,2026-06-01,16654.8,11185
U002274,E00199,C0040,P0205,2025-07-01,2001.36,1558
U002275,E00199,C0040,P0205,2025-08-01,1971.73,1558
U002276,E00199,C0040,P0205,2025-09-01,2082.6,1558
U002277,E00199,C0040,P0205,2025-10-01,1879.9,1558
U002278,E00199,C0040,P0205,2025-11-01,2271.56,1558
U002279,E00199,C0040,P0205,2025-12-01,1989.77,1558
U002280,E00199,C0040,P0205,2026-01-01,1977.35,1558
U002281,E00199,C0040,P0205,2026-02-01,2123.8,1558
U002282,E00199,C0040,P0205,2026-03-01,2510.92,1558
U002283,E00199,C0040,P0205,2026-04-01,1953.43,1558
U002284,E00199,C0040,P0205,2026-05-01,2448.99,1558
U002285,E00199,C0040,P0205,2026-06-01,1903.16,1558
U002286,E00200,C0040,P0289,2025-07-01,1927.03,1562
U002287,E00200,C0040,P0289,2025-08-01,2249.63,1562
U002288,E00200,C0040,P0289,2025-09-01,2474.37,1562
U002289,E00200,C0040,P0289,2025-10-01,1843.18,1562
U002290,E00200,C0040,P0289,2025-11-01,1930.99,1562
U002291,E00200,C0040,P0289,2025-12-01,1926.71,1562
U002292,E00200,C0040,P0289,2026-01-01,2048.66,1562
U002293,E00200,C0040,P0289,2026-02-01,2072.73,1562
U002294,E00200,C0040,P0289,2026-03-01,2473.65,1562
U002295,E00200,C0040,P0289,2026-04-01,1927.15,1562
U002296,E00200,C0040,P0289,2026-05-01,2301.75,1562
U002297,E00200,C0040,P0289,2026-06-01,2184.47,1562
U002298,E00201,C0041,P0120,2025-07-01,8.59,11
U002299,E00201,C0041,P0120,2025-08-01,9.48,11
U002300,E00201,C0041,P0120,2025-09-01,6.49,11
U002301,E00201,C0041,P0120,2025-10-01,8.12,11
U002302,E00201,C0041,P0120,2025-11-01,7.43,11
U002303,E00201,C0041,P0120,2025-12-01,6.56,11
U002304,E00201,C0041,P0120,2026-01-01,8.37,11
U002305,E00201,C0041,P0120,2026-02-01,7.79,11
U002306,E00201,C0041,P0120,2026-03-01,9.89,11
U002307,E00201,C0041,P0120,2026-04-01,6.98,11
U002308,E00201,C0041,P0120,2026-05-01,9.12,11
U002309,E00201,C0041,P0120,2026-06-01,8.55,11
U002310,E00202,C0041,P0224,2025-07-01,317.53,406
U002311,E00202,C0041,P0224,2025-08-01,231.01,406
U002312,E00202,C0041,P0224,2025-09-01,272.56,406
U002313,E00202,C0041,P0224,2025-10-01,287.79,406
U002314,E00202,C0041,P0224,2025-11-01,338.21,406
U002315,E00202,C0041,P0224,2025-12-01,339.04,406
U002316,E00202,C0041,P0224,2026-01-01,319.37,406
U002317,E00202,C0041,P0224,2026-02-01,374.09,406
U002318,E00202,C0041,P0224,2026-03-01,218.43,406
U002319,E00202,C0041,P0224,2026-04-01,204.2,406
U002320,E00202,C0041,P0224,2026-05-01,324.56,406
U002321,E00202,C0041,P0224,2026-06-01,312.11,406
U002322,E00203,C0041,P0118,2025-07-01,10.68,12
U002323,E00203,C0041,P0118,2025-08-01,5.03,12
U002324,E00203,C0041,P0118,2025-09-01,8.98,12
U002325,E00203,C0041,P0118,2025-10-01,6.18,12
U002326,E00203,C0041,P0118,2025-11-01,9.19,12
U002327,E00203,C0041,P0118,2025-12-01,9.8,12
U002328,E00203,C0041,P0118,2026-01-01,10.62,12
U002329,E00203,C0041,P0118,2026-02-01,8.82,12
U002330,E00203,C0041,P0118,2026-03-01,9.82,12
U002331,E00203,C0041,P0118,2026-04-01,9.07,12
U002332,E00203,C0041,P0118,2026-05-01,7.78,12
U002333,E00203,C0041,P0118,2026-06-01,8.66,12
U002334,E00204,C0041,P0154,2025-07-01,98.21,115
U002335,E00204,C0041,P0154,2025-08-01,124.61,115
U002336,E00204,C0041,P0154,2025-09-01,90.12,115
U002337,E00204,C0041,P0154,2025-10-01,102.26,115
U002338,E00204,C0041,P0154,2025-11-01,85.19,115
U002339,E00204,C0041,P0154,2025-12-01,105.38,115
U002340,E00204,C0041,P0154,2026-01-01,62.49,115
U002341,E00204,C0041,P0154,2026-02-01,85.42,115
U002342,E00204,C0041,P0154,2026-03-01,89.15,115
U002343,E00204,C0041,P0154,2026-04-01,77.72,115
U002344,E00204,C0041,P0154,2026-05-01,86.47,115
U002345,E00204,C0041,P0154,2026-06-01,82.94,115
U002346,E00205,C0042,P0439,2025-07-01,302.34,445
U002347,E00205,C0042,P0439,2025-08-01,138.12,445
U002348,E00205,C0042,P0439,2025-09-01,407.63,445
U002349,E00205,C0042,P0439,2025-10-01,339.14,445
U002350,E00205,C0042,P0439,2025-11-01,266.92,445
U002351,E00205,C0042,P0439,2025-12-01,291.69,445
U002352,E00205,C0042,P0439,2026-01-01,372.89,445
U002353,E00205,C0042,P0439,2026-02-01,265.76,445
U002354,E00205,C0042,P0439,2026-03-01,348.15,445
U002355,E00205,C0042,P0439,2026-04-01,335.42,445
U002356,E00205,C0042,P0439,2026-05-01,284.58,445
U002357,E00205,C0042,P0439,2026-06-01,253.7,445
U002358,E00206,C0042,P0081,2025-07-01,95.75,167
U002359,E00206,C0042,P0081,2025-08-01,132.35,167
U002360,E00206,C0042,P0081,2025-09-01,140.25,167
U002361,E00206,C0042,P0081,2025-10-01,103.59,167
U002362,E00206,C0042,P0081,2025-11-01,132.25,167
U002363,E00206,C0042,P0081,2025-12-01,109.28,167
U002364,E00206,C0042,P0081,2026-01-01,121.88,167
U002365,E00206,C0042,P0081,2026-02-01,107.06,167
U002366,E00206,C0042,P0081,2026-03-01,120.73,167
U002367,E00206,C0042,P0081,2026-04-01,132.69,167
U002368,E00206,C0042,P0081,2026-05-01,127.91,167
U002369,E00206,C0042,P0081,2026-06-01,138.83,167
U002370,E00207,C0042,P0409,2025-07-01,1030.26,1800
U002371,E00207,C0042,P0409,2025-08-01,1229.17,1800
U002372,E00207,C0042,P0409,2025-09-01,971.51,1800
U002373,E00207,C0042,P0409,2025-10-01,1557.33,1800
U002374,E00207,C0042,P0409,2025-11-01,1004.51,1800
U002375,E00207,C0042,P0409,2025-12-01,995.74,1800
U002376,E00207,C0042,P0409,2026-01-01,1232.54,1800
U002377,E00207,C0042,P0409,2026-02-01,1823.24,1800
U002378,E00207,C0042,P0409,2026-03-01,1146.63,1800
U002379,E00207,C0042,P0409,2026-04-01,1169.58,1800
U002380,E00207,C0042,P0409,2026-05-01,1427.18,1800
U002381,E00207,C0042,P0409,2026-06-01,1580.74,1800
U002382,E00208,C0043,P0423,2025-07-01,0.0,815
U002383,E00208,C0043,P0423,2025-08-01,0.0,815
U002384,E00208,C0043,P0423,2025-09-01,0.0,815
U002385,E00208,C0043,P0423,2025-10-01,0.0,815
U002386,E00208,C0043,P0423,2025-11-01,0.0,815
U002387,E00208,C0043,P0423,2025-12-01,0.0,815
U002388,E00208,C0043,P0423,2026-01-01,0.0,815
U002389,E00208,C0043,P0423,2026-02-01,0.0,815
U002390,E00208,C0043,P0423,2026-03-01,0.0,815
U002391,E00208,C0043,P0423,2026-04-01,0.0,815
U002392,E00208,C0043,P0423,2026-05-01,0.0,815
U002393,E00208,C0043,P0423,2026-06-01,0.0,815
U002394,E00209,C0043,P0177,2025-07-01,0.0,1301
U002395,E00209,C0043,P0177,2025-08-01,0.0,1301
U002396,E00209,C0043,P0177,2025-09-01,0.0,1301
U002397,E00209,C0043,P0177,2025-10-01,0.0,1301
U002398,E00209,C0043,P0177,2025-11-01,0.0,1301
U002399,E00209,C0043,P0177,2025-12-01,0.0,1301
U002400,E00209,C0043,P0177,2026-01-01,0.0,1301
U002401,E00209,C0043,P0177,2026-02-01,0.0,1301
U002402,E00209,C0043,P0177,2026-03-01,0.0,1301
U002403,E00209,C0043,P0177,2026-04-01,0.0,1301
U002404,E00209,C0043,P0177,2026-05-01,0.0,1301
U002405,E00209,C0043,P0177,2026-06-01,0.0,1301
U002406,E00210,C0043,P0041,2025-07-01,0.0,361
U002407,E00210,C0043,P0041,2025-08-01,0.0,361
U002408,E00210,C0043,P0041,2025-09-01,0.0,361
U002409,E00210,C0043,P0041,2025-10-01,0.0,361
U002410,E00210,C0043,P0041,2025-11-01,0.0,361
U002411,E00210,C0043,P0041,2025-12-01,0.0,361
U002412,E00210,C0043,P0041,2026-01-01,0.0,361
U002413,E00210,C0043,P0041,2026-02-01,0.0,361
U002414,E00210,C0043,P0041,2026-03-01,0.0,361
U002415,E00210,C0043,P0041,2026-04-01,0.0,361
U002416,E00210,C0043,P0041,2026-05-01,0.0,361
U002417,E00210,C0043,P0041,2026-06-01,0.0,361
U002418,E00211,C0043,P0229,2025-07-01,0.0,244
U002419,E00211,C0043,P0229,2025-08-01,0.0,244
U002420,E00211,C0043,P0229,2025-09-01,0.0,244
U002421,E00211,C0043,P0229,2025-10-01,0.0,244
U002422,E00211,C0043,P0229,2025-11-01,0.0,244
U002423,E00211,C0043,P0229,2025-12-01,0.0,244
U002424,E00211,C0043,P0229,2026-01-01,0.0,244
U002425,E00211,C0043,P0229,2026-02-01,0.0,244
U002426,E00211,C0043,P0229,2026-03-01,0.0,244
U002427,E00211,C0043,P0229,2026-04-01,0.0,244
U002428,E00211,C0043,P0229,2026-05-01,0.0,244
U002429,E00211,C0043,P0229,2026-06-01,0.0,244
U002430,E00212,C0043,P0251,2025-07-01,0.0,1
U002431,E00212,C0043,P0251,2025-08-01,0.0,1
U002432,E00212,C0043,P0251,2025-09-01,0.0,1
U002433,E00212,C0043,P0251,2025-10-01,0.0,1
U002434,E00212,C0043,P0251,2025-11-01,0.0,1
U002435,E00212,C0043,P0251,2025-12-01,0.0,1
U002436,E00212,C0043,P0251,2026-01-01,0.0,1
U002437,E00212,C0043,P0251,2026-02-01,0.0,1
U002438,E00212,C0043,P0251,2026-03-01,0.0,1
U002439,E00212,C0043,P0251,2026-04-01,0.0,1
U002440,E00212,C0043,P0251,2026-05-01,0.0,1
U002441,E00212,C0043,P0251,2026-06-01,0.0,1
U002442,E00213,C0044,P0287,2025-07-01,3.28,5
U002443,E00213,C0044,P0287,2025-08-01,2.84,5
U002444,E00213,C0044,P0287,2025-09-01,3.45,5
U002445,E00213,C0044,P0287,2025-10-01,3.49,5
U002446,E00213,C0044,P0287,2025-11-01,4.01,5
U002447,E00213,C0044,P0287,2025-12-01,4.0,5
U002448,E00213,C0044,P0287,2026-01-01,3.91,5
U002449,E00213,C0044,P0287,2026-02-01,3.85,5
U002450,E00213,C0044,P0287,2026-03-01,3.9,5
U002451,E00213,C0044,P0287,2026-04-01,3.86,5
U002452,E00213,C0044,P0287,2026-05-01,3.61,5
U002453,E00213,C0044,P0287,2026-06-01,3.7,5
U002454,E00214,C0044,P0479,2025-10-01,18.99,26
U002455,E00214,C0044,P0479,2025-11-01,14.6,26
U002456,E00214,C0044,P0479,2025-12-01,23.36,26
U002457,E00214,C0044,P0479,2026-01-01,15.05,26
U002458,E00214,C0044,P0479,2026-02-01,15.41,26
U002459,E00214,C0044,P0479,2026-03-01,17.21,26
U002460,E00214,C0044,P0479,2026-04-01,16.45,26
U002461,E00214,C0044,P0479,2026-05-01,19.43,26
U002462,E00214,C0044,P0479,2026-06-01,17.92,26
U002463,E00215,C0045,P0007,2025-07-01,54.21,18
U002464,E00215,C0045,P0007,2025-08-01,55.83,18
U002465,E00215,C0045,P0007,2025-09-01,60.16,18
U002466,E00215,C0045,P0007,2025-10-01,0.0,18
U002467,E00215,C0045,P0007,2025-11-01,0.0,18
U002468,E00215,C0045,P0007,2025-12-01,0.0,18
U002469,E00215,C0045,P0007,2026-01-01,0.0,18
U002470,E00215,C0045,P0007,2026-02-01,0.0,18
U002471,E00215,C0045,P0007,2026-03-01,0.0,18
U002472,E00215,C0045,P0007,2026-04-01,0.0,18
U002473,E00215,C0045,P0007,2026-05-01,0.0,18
U002474,E00215,C0045,P0007,2026-06-01,0.0,18
U002475,E00216,C0045,P0096,2025-07-01,28394.98,7144
U002476,E00216,C0045,P0096,2025-08-01,23204.32,7144
U002477,E00216,C0045,P0096,2025-09-01,20151.64,7144
U002478,E00216,C0045,P0096,2025-10-01,0.0,7144
U002479,E00216,C0045,P0096,2025-11-01,0.0,7144
U002480,E00216,C0045,P0096,2025-12-01,0.0,7144
U002481,E00216,C0045,P0096,2026-01-01,0.0,7144
U002482,E00216,C0045,P0096,2026-02-01,0.0,7144
U002483,E00216,C0045,P0096,2026-03-01,0.0,7144
U002484,E00216,C0045,P0096,2026-04-01,0.0,7144
U002485,E00216,C0045,P0096,2026-05-01,0.0,7144
U002486,E00216,C0045,P0096,2026-06-01,0.0,7144
U002487,E00217,C0045,P0079,2025-07-01,52.48,16
U002488,E00217,C0045,P0079,2025-08-01,50.07,16
U002489,E00217,C0045,P0079,2025-09-01,53.37,16
U002490,E00217,C0045,P0079,2025-10-01,0.0,16
U002491,E00217,C0045,P0079,2025-11-01,0.0,16
U002492,E00217,C0045,P0079,2025-12-01,0.0,16
U002493,E00217,C0045,P0079,2026-01-01,0.0,16
U002494,E00217,C0045,P0079,2026-02-01,0.0,16
U002495,E00217,C0045,P0079,2026-03-01,0.0,16
U002496,E00217,C0045,P0079,2026-04-01,0.0,16
U002497,E00217,C0045,P0079,2026-05-01,0.0,16
U002498,E00217,C0045,P0079,2026-06-01,0.0,16
U002499,E00218,C0045,P0366,2025-07-01,34538.39,10882
U002500,E00218,C0045,P0366,2025-08-01,34430.35,10882
U002501,E00218,C0045,P0366,2025-09-01,37207.51,10882
U002502,E00218,C0045,P0366,2025-10-01,0.0,10882
U002503,E00218,C0045,P0366,2025-11-01,0.0,10882
U002504,E00218,C0045,P0366,2025-12-01,0.0,10882
U002505,E00218,C0045,P0366,2026-01-01,0.0,10882
U002506,E00218,C0045,P0366,2026-02-01,0.0,10882
U002507,E00218,C0045,P0366,2026-03-01,0.0,10882
U002508,E00218,C0045,P0366,2026-04-01,0.0,10882
U002509,E00218,C0045,P0366,2026-05-01,0.0,10882
U002510,E00218,C0045,P0366,2026-06-01,0.0,10882
U002511,E00219,C0045,P0169,2025-07-01,6444.25,1751
U002512,E00219,C0045,P0169,2025-08-01,6309.65,1751
U002513,E00219,C0045,P0169,2025-09-01,6624.75,1751
U002514,E00219,C0045,P0169,2025-10-01,0.0,1751
U002515,E00219,C0045,P0169,2025-11-01,0.0,1751
U002516,E00219,C0045,P0169,2025-12-01,0.0,1751
U002517,E00219,C0045,P0169,2026-01-01,0.0,1751
U002518,E00219,C0045,P0169,2026-02-01,0.0,1751
U002519,E00219,C0045,P0169,2026-03-01,0.0,1751
U002520,E00219,C0045,P0169,2026-04-01,0.0,1751
U002521,E00219,C0045,P0169,2026-05-01,0.0,1751
U002522,E00219,C0045,P0169,2026-06-01,0.0,1751
U002523,E00220,C0046,P0010,2025-07-01,9064.1,5552
U002524,E00220,C0046,P0010,2025-08-01,8915.08,5552
U002525,E00220,C0046,P0010,2025-09-01,7621.0,5552
U002526,E00220,C0046,P0010,2025-10-01,8358.79,5552
U002527,E00220,C0046,P0010,2025-11-01,8398.7,5552
U002528,E00220,C0046,P0010,2025-12-01,7684.46,5552
U002529,E00220,C0046,P0010,2026-01-01,7256.22,5552
U002530,E00220,C0046,P0010,2026-02-01,8746.06,5552
U002531,E00220,C0046,P0010,2026-03-01,6572.42,5552
U002532,E00220,C0046,P0010,2026-04-01,6096.21,5552
U002533,E00220,C0046,P0010,2026-05-01,6996.62,5552
U002534,E00220,C0046,P0010,2026-06-01,7540.59,5552
U002535,E00221,C0046,P0378,2025-07-01,4.47,3
U002536,E00221,C0046,P0378,2025-08-01,4.57,3
U002537,E00221,C0046,P0378,2025-09-01,4.58,3
U002538,E00221,C0046,P0378,2025-10-01,3.78,3
U002539,E00221,C0046,P0378,2025-11-01,3.76,3
U002540,E00221,C0046,P0378,2025-12-01,4.21,3
U002541,E00221,C0046,P0378,2026-01-01,4.07,3
U002542,E00221,C0046,P0378,2026-02-01,4.02,3
U002543,E00221,C0046,P0378,2026-03-01,4.52,3
U002544,E00221,C0046,P0378,2026-04-01,3.64,3
U002545,E00221,C0046,P0378,2026-05-01,3.95,3
U002546,E00221,C0046,P0378,2026-06-01,3.7,3
U002547,E00222,C0046,P0495,2025-07-01,5.97,5
U002548,E00222,C0046,P0495,2025-08-01,7.24,5
U002549,E00222,C0046,P0495,2025-09-01,6.71,5
U002550,E00222,C0046,P0495,2025-10-01,7.11,5
U002551,E00222,C0046,P0495,2025-11-01,6.78,5
U002552,E00222,C0046,P0495,2025-12-01,7.48,5
U002553,E00222,C0046,P0495,2026-01-01,7.9,5
U002554,E00222,C0046,P0495,2026-02-01,6.67,5
U002555,E00222,C0046,P0495,2026-03-01,6.65,5
U002556,E00222,C0046,P0495,2026-04-01,6.4,5
U002557,E00222,C0046,P0495,2026-05-01,6.04,5
U002558,E00222,C0046,P0495,2026-06-01,8.15,5
U002559,E00223,C0046,P0479,2025-07-01,30.8,25
U002560,E00223,C0046,P0479,2025-08-01,37.47,25
U002561,E00223,C0046,P0479,2025-09-01,38.34,25
U002562,E00223,C0046,P0479,2025-10-01,36.25,25
U002563,E00223,C0046,P0479,2025-11-01,30.69,25
U002564,E00223,C0046,P0479,2025-12-01,37.89,25
U002565,E00223,C0046,P0479,2026-01-01,41.98,25
U002566,E00223,C0046,P0479,2026-02-01,33.71,25
U002567,E00223,C0046,P0479,2026-03-01,36.75,25
U002568,E00223,C0046,P0479,2026-04-01,29.84,25
U002569,E00223,C0046,P0479,2026-05-01,40.09,25
U002570,E00223,C0046,P0479,2026-06-01,35.6,25
U002571,E00224,C0046,P0297,2025-07-01,37.01,23
U002572,E00224,C0046,P0297,2025-08-01,34.15,23
U002573,E00224,C0046,P0297,2025-09-01,34.05,23
U002574,E00224,C0046,P0297,2025-10-01,29.05,23
U002575,E00224,C0046,P0297,2025-11-01,32.09,23
U002576,E00224,C0046,P0297,2025-12-01,30.83,23
U002577,E00224,C0046,P0297,2026-01-01,28.1,23
U002578,E00224,C0046,P0297,2026-02-01,33.36,23
U002579,E00224,C0046,P0297,2026-03-01,30.33,23
U002580,E00224,C0046,P0297,2026-04-01,31.09,23
U002581,E00224,C0046,P0297,2026-05-01,37.14,23
U002582,E00224,C0046,P0297,2026-06-01,30.03,23
U002583,E00225,C0047,P0237,2025-10-01,17.1,24
U002584,E00225,C0047,P0237,2025-11-01,16.33,24
U002585,E00225,C0047,P0237,2025-12-01,21.51,24
U002586,E00225,C0047,P0237,2026-01-01,18.05,24
U002587,E00225,C0047,P0237,2026-02-01,15.76,24
U002588,E00225,C0047,P0237,2026-03-01,17.45,24
U002589,E00225,C0047,P0237,2026-04-01,18.07,24
U002590,E00225,C0047,P0237,2026-05-01,13.9,24
U002591,E00225,C0047,P0237,2026-06-01,13.92,24
U002592,E00226,C0047,P0210,2025-07-01,294.19,437
U002593,E00226,C0047,P0210,2025-08-01,339.37,437
U002594,E00226,C0047,P0210,2025-09-01,310.75,437
U002595,E00226,C0047,P0210,2025-10-01,273.44,437
U002596,E00226,C0047,P0210,2025-11-01,377.79,437
U002597,E00226,C0047,P0210,2025-12-01,451.37,437
U002598,E00226,C0047,P0210,2026-01-01,417.32,437
U002599,E00226,C0047,P0210,2026-02-01,332.96,437
U002600,E00226,C0047,P0210,2026-03-01,325.14,437
U002601,E00226,C0047,P0210,2026-04-01,329.94,437
U002602,E00226,C0047,P0210,2026-05-01,308.28,437
U002603,E00226,C0047,P0210,2026-06-01,185.13,437
U002604,E00227,C0047,P0431,2025-09-01,598.92,744
U002605,E00227,C0047,P0431,2025-10-01,664.39,744
U002606,E00227,C0047,P0431,2025-11-01,414.98,744
U002607,E00227,C0047,P0431,2025-12-01,457.68,744
U002608,E00227,C0047,P0431,2026-01-01,331.3,744
U002609,E00227,C0047,P0431,2026-02-01,486.69,744
U002610,E00227,C0047,P0431,2026-03-01,520.07,744
U002611,E00227,C0047,P0431,2026-04-01,515.17,744
U002612,E00227,C0047,P0431,2026-05-01,547.36,744
U002613,E00227,C0047,P0431,2026-06-01,365.57,744
U002614,E00228,C0048,P0069,2025-07-01,31443.63,11279
U002615,E00228,C0048,P0069,2025-08-01,36899.25,11279
U002616,E00228,C0048,P0069,2025-09-01,40054.92,11279
U002617,E00228,C0048,P0069,2025-10-01,0.0,11279
U002618,E00228,C0048,P0069,2025-11-01,0.0,11279
U002619,E00228,C0048,P0069,2025-12-01,0.0,11279
U002620,E00228,C0048,P0069,2026-01-01,0.0,11279
U002621,E00228,C0048,P0069,2026-02-01,0.0,11279
U002622,E00228,C0048,P0069,2026-03-01,0.0,11279
U002623,E00228,C0048,P0069,2026-04-01,0.0,11279
U002624,E00228,C0048,P0069,2026-05-01,0.0,11279
U002625,E00228,C0048,P0069,2026-06-01,0.0,11279
U002626,E00229,C0048,P0270,2025-08-01,15617.8,4767
U002627,E00229,C0048,P0270,2025-09-01,14372.0,4767
U002628,E00229,C0048,P0270,2025-10-01,16776.76,4767
U002629,E00229,C0048,P0270,2025-11-01,0.0,4767
U002630,E00229,C0048,P0270,2025-12-01,0.0,4767
U002631,E00229,C0048,P0270,2026-01-01,0.0,4767
U002632,E00229,C0048,P0270,2026-02-01,0.0,4767
U002633,E00229,C0048,P0270,2026-03-01,0.0,4767
U002634,E00229,C0048,P0270,2026-04-01,0.0,4767
U002635,E00229,C0048,P0270,2026-05-01,0.0,4767
U002636,E00229,C0048,P0270,2026-06-01,0.0,4767
U002637,E00230,C0049,P0047,2025-07-01,174.97,391
U002638,E00230,C0049,P0047,2025-08-01,265.44,391
U002639,E00230,C0049,P0047,2025-09-01,192.64,391
U002640,E00230,C0049,P0047,2025-10-01,288.38,391
U002641,E00230,C0049,P0047,2025-11-01,288.27,391
U002642,E00230,C0049,P0047,2025-12-01,369.15,391
U002643,E00230,C0049,P0047,2026-01-01,294.39,391
U002644,E00230,C0049,P0047,2026-02-01,260.7,391
U002645,E00230,C0049,P0047,2026-03-01,254.39,391
U002646,E00230,C0049,P0047,2026-04-01,318.6,391
U002647,E00230,C0049,P0047,2026-05-01,337.47,391
U002648,E00230,C0049,P0047,2026-06-01,246.61,391
U002649,E00231,C0049,P0371,2025-07-01,1288.39,1700
U002650,E00231,C0049,P0371,2025-08-01,1442.66,1700
U002651,E00231,C0049,P0371,2025-09-01,1776.67,1700
U002652,E00231,C0049,P0371,2025-10-01,1202.43,1700
U002653,E00231,C0049,P0371,2025-11-01,1134.95,1700
U002654,E00231,C0049,P0371,2025-12-01,1281.04,1700
U002655,E00231,C0049,P0371,2026-01-01,1500.61,1700
U002656,E00231,C0049,P0371,2026-02-01,1005.18,1700
U002657,E00231,C0049,P0371,2026-03-01,1435.14,1700
U002658,E00231,C0049,P0371,2026-04-01,1094.23,1700
U002659,E00231,C0049,P0371,2026-05-01,1294.43,1700
U002660,E00231,C0049,P0371,2026-06-01,1484.04,1700
U002661,E00232,C0049,P0465,2025-07-01,11.44,17
U002662,E00232,C0049,P0465,2025-08-01,9.95,17
U002663,E00232,C0049,P0465,2025-09-01,9.78,17
U002664,E00232,C0049,P0465,2025-10-01,9.61,17
U002665,E00232,C0049,P0465,2025-11-01,14.33,17
U002666,E00232,C0049,P0465,2025-12-01,10.21,17
U002667,E00232,C0049,P0465,2026-01-01,10.77,17
U002668,E00232,C0049,P0465,2026-02-01,14.08,17
U002669,E00232,C0049,P0465,2026-03-01,10.71,17
U002670,E00232,C0049,P0465,2026-04-01,14.73,17
U002671,E00232,C0049,P0465,2026-05-01,9.64,17
U002672,E00232,C0049,P0465,2026-06-01,11.45,17
U002673,E00233,C0049,P0363,2025-07-01,11.04,17
U002674,E00233,C0049,P0363,2025-08-01,11.67,17
U002675,E00233,C0049,P0363,2025-09-01,11.83,17
U002676,E00233,C0049,P0363,2025-10-01,13.41,17
U002677,E00233,C0049,P0363,2025-11-01,13.27,17
U002678,E00233,C0049,P0363,2025-12-01,11.72,17
U002679,E00233,C0049,P0363,2026-01-01,13.15,17
U002680,E00233,C0049,P0363,2026-02-01,11.19,17
U002681,E00233,C0049,P0363,2026-03-01,13.88,17
U002682,E00233,C0049,P0363,2026-04-01,15.63,17
U002683,E00233,C0049,P0363,2026-05-01,9.67,17
U002684,E00233,C0049,P0363,2026-06-01,12.75,17
U002685,E00234,C0050,P0141,2025-07-01,39.06,27
U002686,E00234,C0050,P0141,2025-08-01,38.54,27
U002687,E00234,C0050,P0141,2025-09-01,38.81,27
U002688,E00234,C0050,P0141,2025-10-01,40.27,27
U002689,E00234,C0050,P0141,2025-11-01,31.3,27
U002690,E00234,C0050,P0141,2025-12-01,41.82,27
U002691,E00234,C0050,P0141,2026-01-01,34.72,27
U002692,E00234,C0050,P0141,2026-02-01,33.65,27
U002693,E00234,C0050,P0141,2026-03-01,35.74,27
U002694,E00234,C0050,P0141,2026-04-01,37.04,27
U002695,E00234,C0050,P0141,2026-05-01,36.78,27
U002696,E00234,C0050,P0141,2026-06-01,35.33,27
U002697,E00235,C0050,P0121,2025-07-01,3724.81,2911
U002698,E00235,C0050,P0121,2025-08-01,3921.91,2911
U002699,E00235,C0050,P0121,2025-09-01,4337.03,2911
U002700,E00235,C0050,P0121,2025-10-01,3721.44,2911
U002701,E00235,C0050,P0121,2025-11-01,4559.93,2911
U002702,E00235,C0050,P0121,2025-12-01,3389.45,2911
U002703,E00235,C0050,P0121,2026-01-01,3735.05,2911
U002704,E00235,C0050,P0121,2026-02-01,4107.43,2911
U002705,E00235,C0050,P0121,2026-03-01,3860.77,2911
U002706,E00235,C0050,P0121,2026-04-01,4254.7,2911
U002707,E00235,C0050,P0121,2026-05-01,3451.07,2911
U002708,E00235,C0050,P0121,2026-06-01,3762.91,2911
U002709,E00236,C0051,P0255,2025-07-01,1216.94,878
U002710,E00236,C0051,P0255,2025-08-01,1252.1,878
U002711,E00236,C0051,P0255,2025-09-01,1240.49,878
U002712,E00236,C0051,P0255,2025-10-01,1230.63,878
U002713,E00236,C0051,P0255,2025-11-01,1253.97,878
U002714,E00236,C0051,P0255,2025-12-01,1054.21,878
U002715,E00236,C0051,P0255,2026-01-01,1207.18,878
U002716,E00236,C0051,P0255,2026-02-01,1295.65,878
U002717,E00236,C0051,P0255,2026-03-01,1240.4,878
U002718,E00236,C0051,P0255,2026-04-01,1218.73,878
U002719,E00236,C0051,P0255,2026-05-01,1243.58,878
U002720,E00236,C0051,P0255,2026-06-01,1233.29,878
U002721,E00237,C0051,P0145,2025-07-01,1949.43,1480
U002722,E00237,C0051,P0145,2025-08-01,1856.94,1480
U002723,E00237,C0051,P0145,2025-09-01,2097.64,1480
U002724,E00237,C0051,P0145,2025-10-01,2049.45,1480
U002725,E00237,C0051,P0145,2025-11-01,1748.06,1480
U002726,E00237,C0051,P0145,2025-12-01,1626.31,1480
U002727,E00237,C0051,P0145,2026-01-01,2027.42,1480
U002728,E00237,C0051,P0145,2026-02-01,2129.07,1480
U002729,E00237,C0051,P0145,2026-03-01,2127.82,1480
U002730,E00237,C0051,P0145,2026-04-01,1804.49,1480
U002731,E00237,C0051,P0145,2026-05-01,1902.94,1480
U002732,E00237,C0051,P0145,2026-06-01,1658.49,1480
U002733,E00238,C0051,P0236,2025-07-01,24.63,19
U002734,E00238,C0051,P0236,2025-08-01,26.96,19
U002735,E00238,C0051,P0236,2025-09-01,26.21,19
U002736,E00238,C0051,P0236,2025-10-01,24.89,19
U002737,E00238,C0051,P0236,2025-11-01,28.28,19
U002738,E00238,C0051,P0236,2025-12-01,25.71,19
U002739,E00238,C0051,P0236,2026-01-01,23.74,19
U002740,E00238,C0051,P0236,2026-02-01,25.05,19
U002741,E00238,C0051,P0236,2026-03-01,27.57,19
U002742,E00238,C0051,P0236,2026-04-01,26.48,19
U002743,E00238,C0051,P0236,2026-05-01,26.46,19
U002744,E00238,C0051,P0236,2026-06-01,32.59,19
U002745,E00239,C0051,P0258,2025-10-01,236.65,177
U002746,E00239,C0051,P0258,2025-11-01,208.58,177
U002747,E00239,C0051,P0258,2025-12-01,233.47,177
U002748,E00239,C0051,P0258,2026-01-01,239.41,177
U002749,E00239,C0051,P0258,2026-02-01,254.55,177
U002750,E00239,C0051,P0258,2026-03-01,260.5,177
U002751,E00239,C0051,P0258,2026-04-01,281.4,177
U002752,E00239,C0051,P0258,2026-05-01,277.05,177
U002753,E00239,C0051,P0258,2026-06-01,231.38,177
U002754,E00240,C0052,P0208,2025-09-01,0.0,392
U002755,E00240,C0052,P0208,2025-10-01,0.0,392
U002756,E00240,C0052,P0208,2025-11-01,0.0,392
U002757,E00240,C0052,P0208,2025-12-01,0.0,392
U002758,E00240,C0052,P0208,2026-01-01,0.0,392
U002759,E00240,C0052,P0208,2026-02-01,0.0,392
U002760,E00240,C0052,P0208,2026-03-01,0.0,392
U002761,E00240,C0052,P0208,2026-04-01,0.0,392
U002762,E00240,C0052,P0208,2026-05-01,0.0,392
U002763,E00240,C0052,P0208,2026-06-01,0.0,392
U002764,E00241,C0052,P0031,2025-08-01,0.0,1426
U002765,E00241,C0052,P0031,2025-09-01,0.0,1426
U002766,E00241,C0052,P0031,2025-10-01,0.0,1426
U002767,E00241,C0052,P0031,2025-11-01,0.0,1426
U002768,E00241,C0052,P0031,2025-12-01,0.0,1426
U002769,E00241,C0052,P0031,2026-01-01,0.0,1426
U002770,E00241,C0052,P0031,2026-02-01,0.0,1426
U002771,E00241,C0052,P0031,2026-03-01,0.0,1426
U002772,E00241,C0052,P0031,2026-04-01,0.0,1426
U002773,E00241,C0052,P0031,2026-05-01,0.0,1426
U002774,E00241,C0052,P0031,2026-06-01,0.0,1426
U002775,E00242,C0052,P0344,2025-07-01,0.0,15
U002776,E00242,C0052,P0344,2025-08-01,0.0,15
U002777,E00242,C0052,P0344,2025-09-01,0.0,15
U002778,E00242,C0052,P0344,2025-10-01,0.0,15
U002779,E00242,C0052,P0344,2025-11-01,0.0,15
U002780,E00242,C0052,P0344,2025-12-01,0.0,15
U002781,E00242,C0052,P0344,2026-01-01,0.0,15
U002782,E00242,C0052,P0344,2026-02-01,0.0,15
U002783,E00242,C0052,P0344,2026-03-01,0.0,15
U002784,E00242,C0052,P0344,2026-04-01,0.0,15
U002785,E00242,C0052,P0344,2026-05-01,0.0,15
U002786,E00242,C0052,P0344,2026-06-01,0.0,15
U002787,E00243,C0052,P0028,2025-10-01,0.0,10801
U002788,E00243,C0052,P0028,2025-11-01,0.0,10801
U002789,E00243,C0052,P0028,2025-12-01,0.0,10801
U002790,E00243,C0052,P0028,2026-01-01,0.0,10801
U002791,E00243,C0052,P0028,2026-02-01,0.0,10801
U002792,E00243,C0052,P0028,2026-03-01,0.0,10801
U002793,E00243,C0052,P0028,2026-04-01,0.0,10801
U002794,E00243,C0052,P0028,2026-05-01,0.0,10801
U002795,E00243,C0052,P0028,2026-06-01,0.0,10801
U002796,E00244,C0052,P0338,2025-07-01,0.0,8427
U002797,E00244,C0052,P0338,2025-08-01,0.0,8427
U002798,E00244,C0052,P0338,2025-09-01,0.0,8427
U002799,E00244,C0052,P0338,2025-10-01,0.0,8427
U002800,E00244,C0052,P0338,2025-11-01,0.0,8427
U002801,E00244,C0052,P0338,2025-12-01,0.0,8427
U002802,E00244,C0052,P0338,2026-01-01,0.0,8427
U002803,E00244,C0052,P0338,2026-02-01,0.0,8427
U002804,E00244,C0052,P0338,2026-03-01,0.0,8427
U002805,E00244,C0052,P0338,2026-04-01,0.0,8427
U002806,E00244,C0052,P0338,2026-05-01,0.0,8427
U002807,E00244,C0052,P0338,2026-06-01,0.0,8427
U002808,E00245,C0052,P0434,2025-07-01,0.0,977
U002809,E00245,C0052,P0434,2025-08-01,0.0,977
U002810,E00245,C0052,P0434,2025-09-01,0.0,977
U002811,E00245,C0052,P0434,2025-10-01,0.0,977
U002812,E00245,C0052,P0434,2025-11-01,0.0,977
U002813,E00245,C0052,P0434,2025-12-01,0.0,977
U002814,E00245,C0052,P0434,2026-01-01,0.0,977
U002815,E00245,C0052,P0434,2026-02-01,0.0,977
U002816,E00245,C0052,P0434,2026-03-01,0.0,977
U002817,E00245,C0052,P0434,2026-04-01,0.0,977
U002818,E00245,C0052,P0434,2026-05-01,0.0,977
U002819,E00245,C0052,P0434,2026-06-01,0.0,977
U002820,E00246,C0053,P0199,2025-07-01,27.36,23
U002821,E00246,C0053,P0199,2025-08-01,32.33,23
U002822,E00246,C0053,P0199,2025-09-01,29.91,23
U002823,E00246,C0053,P0199,2025-10-01,26.89,23
U002824,E00246,C0053,P0199,2025-11-01,28.14,23
U002825,E00246,C0053,P0199,2025-12-01,29.44,23
U002826,E00246,C0053,P0199,2026-01-01,39.63,23
U002827,E00246,C0053,P0199,2026-02-01,28.94,23
U002828,E00246,C0053,P0199,2026-03-01,30.87,23
U002829,E00246,C0053,P0199,2026-04-01,33.73,23
U002830,E00246,C0053,P0199,2026-05-01,38.79,23
U002831,E00246,C0053,P0199,2026-06-01,37.15,23
U002832,E00247,C0053,P0239,2025-07-01,386.86,232
U002833,E00247,C0053,P0239,2025-08-01,342.21,232
U002834,E00247,C0053,P0239,2025-09-01,335.27,232
U002835,E00247,C0053,P0239,2025-10-01,331.38,232
U002836,E00247,C0053,P0239,2025-11-01,332.28,232
U002837,E00247,C0053,P0239,2025-12-01,315.96,232
U002838,E00247,C0053,P0239,2026-01-01,285.07,232
U002839,E00247,C0053,P0239,2026-02-01,339.37,232
U002840,E00247,C0053,P0239,2026-03-01,342.13,232
U002841,E00247,C0053,P0239,2026-04-01,344.55,232
U002842,E00247,C0053,P0239,2026-05-01,309.73,232
U002843,E00247,C0053,P0239,2026-06-01,319.86,232
U002844,E00248,C0053,P0434,2025-07-01,2367.46,1689
U002845,E00248,C0053,P0434,2025-08-01,2128.95,1689
U002846,E00248,C0053,P0434,2025-09-01,2182.79,1689
U002847,E00248,C0053,P0434,2025-10-01,2663.38,1689
U002848,E00248,C0053,P0434,2025-11-01,2068.32,1689
U002849,E00248,C0053,P0434,2025-12-01,2264.19,1689
U002850,E00248,C0053,P0434,2026-01-01,2458.65,1689
U002851,E00248,C0053,P0434,2026-02-01,2737.64,1689
U002852,E00248,C0053,P0434,2026-03-01,2371.83,1689
U002853,E00248,C0053,P0434,2026-04-01,2749.32,1689
U002854,E00248,C0053,P0434,2026-05-01,2167.72,1689
U002855,E00248,C0053,P0434,2026-06-01,2280.23,1689
U002856,E00249,C0054,P0151,2025-07-01,651.67,1496
U002857,E00249,C0054,P0151,2025-08-01,871.7,1496
U002858,E00249,C0054,P0151,2025-09-01,954.49,1496
U002859,E00249,C0054,P0151,2025-10-01,743.1,1496
U002860,E00249,C0054,P0151,2025-11-01,1015.37,1496
U002861,E00249,C0054,P0151,2025-12-01,1018.98,1496
U002862,E00249,C0054,P0151,2026-01-01,1008.83,1496
U002863,E00249,C0054,P0151,2026-02-01,1086.68,1496
U002864,E00249,C0054,P0151,2026-03-01,1149.97,1496
U002865,E00249,C0054,P0151,2026-04-01,1193.28,1496
U002866,E00249,C0054,P0151,2026-05-01,999.35,1496
U002867,E00249,C0054,P0151,2026-06-01,1132.95,1496
U002868,E00250,C0054,P0208,2025-07-01,142.41,309
U002869,E00250,C0054,P0208,2025-08-01,248.39,309
U002870,E00250,C0054,P0208,2025-09-01,297.63,309
U002871,E00250,C0054,P0208,2025-10-01,216.22,309
U002872,E00250,C0054,P0208,2025-11-01,246.87,309
U002873,E00250,C0054,P0208,2025-12-01,214.05,309
U002874,E00250,C0054,P0208,2026-01-01,229.02,309
U002875,E00250,C0054,P0208,2026-02-01,224.01,309
U002876,E00250,C0054,P0208,2026-03-01,191.84,309
U002877,E00250,C0054,P0208,2026-04-01,226.15,309
U002878,E00250,C0054,P0208,2026-05-01,181.66,309
U002879,E00250,C0054,P0208,2026-06-01,262.09,309
U002880,E00251,C0054,P0254,2025-07-01,11.86,21
U002881,E00251,C0054,P0254,2025-08-01,17.41,21
U002882,E00251,C0054,P0254,2025-09-01,13.56,21
U002883,E00251,C0054,P0254,2025-10-01,16.64,21
U002884,E00251,C0054,P0254,2025-11-01,15.23,21
U002885,E00251,C0054,P0254,2025-12-01,9.51,21
U002886,E00251,C0054,P0254,2026-01-01,12.36,21
U002887,E00251,C0054,P0254,2026-02-01,13.9,21
U002888,E00251,C0054,P0254,2026-03-01,12.22,21
U002889,E00251,C0054,P0254,2026-04-01,12.17,21
U002890,E00251,C0054,P0254,2026-05-01,14.0,21
U002891,E00251,C0054,P0254,2026-06-01,13.79,21
U002892,E00252,C0054,P0456,2025-07-01,14.57,18
U002893,E00252,C0054,P0456,2025-08-01,16.81,18
U002894,E00252,C0054,P0456,2025-09-01,9.3,18
U002895,E00252,C0054,P0456,2025-10-01,15.75,18
U002896,E00252,C0054,P0456,2025-11-01,13.4,18
U002897,E00252,C0054,P0456,2025-12-01,13.29,18
U002898,E00252,C0054,P0456,2026-01-01,11.62,18
U002899,E00252,C0054,P0456,2026-02-01,12.53,18
U002900,E00252,C0054,P0456,2026-03-01,11.34,18
U002901,E00252,C0054,P0456,2026-04-01,13.8,18
U002902,E00252,C0054,P0456,2026-05-01,15.05,18
U002903,E00252,C0054,P0456,2026-06-01,9.78,18
U002904,E00253,C0054,P0347,2025-07-01,43.89,61
U002905,E00253,C0054,P0347,2025-08-01,46.79,61
U002906,E00253,C0054,P0347,2025-09-01,35.05,61
U002907,E00253,C0054,P0347,2025-10-01,45.21,61
U002908,E00253,C0054,P0347,2025-11-01,43.56,61
U002909,E00253,C0054,P0347,2025-12-01,54.46,61
U002910,E00253,C0054,P0347,2026-01-01,55.88,61
U002911,E00253,C0054,P0347,2026-02-01,65.3,61
U002912,E00253,C0054,P0347,2026-03-01,52.31,61
U002913,E00253,C0054,P0347,2026-04-01,43.07,61
U002914,E00253,C0054,P0347,2026-05-01,49.24,61
U002915,E00253,C0054,P0347,2026-06-01,46.1,61
U002916,E00254,C0054,P0076,2025-07-01,13.4,24
U002917,E00254,C0054,P0076,2025-08-01,14.03,24
U002918,E00254,C0054,P0076,2025-09-01,17.58,24
U002919,E00254,C0054,P0076,2025-10-01,15.0,24
U002920,E00254,C0054,P0076,2025-11-01,22.14,24
U002921,E00254,C0054,P0076,2025-12-01,18.74,24
U002922,E00254,C0054,P0076,2026-01-01,19.09,24
U002923,E00254,C0054,P0076,2026-02-01,19.62,24
U002924,E00254,C0054,P0076,2026-03-01,19.25,24
U002925,E00254,C0054,P0076,2026-04-01,19.84,24
U002926,E00254,C0054,P0076,2026-05-01,15.32,24
U002927,E00254,C0054,P0076,2026-06-01,17.87,24
U002928,E00255,C0054,P0419,2025-07-01,13.64,20
U002929,E00255,C0054,P0419,2025-08-01,13.85,20
U002930,E00255,C0054,P0419,2025-09-01,13.43,20
U002931,E00255,C0054,P0419,2025-10-01,16.06,20
U002932,E00255,C0054,P0419,2025-11-01,13.81,20
U002933,E00255,C0054,P0419,2025-12-01,13.46,20
U002934,E00255,C0054,P0419,2026-01-01,22.63,20
U002935,E00255,C0054,P0419,2026-02-01,15.34,20
U002936,E00255,C0054,P0419,2026-03-01,7.33,20
U002937,E00255,C0054,P0419,2026-04-01,12.56,20
U002938,E00255,C0054,P0419,2026-05-01,12.22,20
U002939,E00255,C0054,P0419,2026-06-01,16.05,20
U002940,E00256,C0055,P0160,2025-09-01,0.0,348
U002941,E00256,C0055,P0160,2025-10-01,0.0,348
U002942,E00256,C0055,P0160,2025-11-01,0.0,348
U002943,E00256,C0055,P0160,2025-12-01,0.0,348
U002944,E00256,C0055,P0160,2026-01-01,0.0,348
U002945,E00256,C0055,P0160,2026-02-01,0.0,348
U002946,E00256,C0055,P0160,2026-03-01,0.0,348
U002947,E00256,C0055,P0160,2026-04-01,0.0,348
U002948,E00256,C0055,P0160,2026-05-01,0.0,348
U002949,E00256,C0055,P0160,2026-06-01,0.0,348
U002950,E00257,C0055,P0473,2025-10-01,0.0,1
U002951,E00257,C0055,P0473,2025-11-01,0.0,1
U002952,E00257,C0055,P0473,2025-12-01,0.0,1
U002953,E00257,C0055,P0473,2026-01-01,0.0,1
U002954,E00257,C0055,P0473,2026-02-01,0.0,1
U002955,E00257,C0055,P0473,2026-03-01,0.0,1
U002956,E00257,C0055,P0473,2026-04-01,0.0,1
U002957,E00257,C0055,P0473,2026-05-01,0.0,1
U002958,E00257,C0055,P0473,2026-06-01,0.0,1
U002959,E00258,C0055,P0136,2025-07-01,0.0,7875
U002960,E00258,C0055,P0136,2025-08-01,0.0,7875
U002961,E00258,C0055,P0136,2025-09-01,0.0,7875
U002962,E00258,C0055,P0136,2025-10-01,0.0,7875
U002963,E00258,C0055,P0136,2025-11-01,0.0,7875
U002964,E00258,C0055,P0136,2025-12-01,0.0,7875
U002965,E00258,C0055,P0136,2026-01-01,0.0,7875
U002966,E00258,C0055,P0136,2026-02-01,0.0,7875
U002967,E00258,C0055,P0136,2026-03-01,0.0,7875
U002968,E00258,C0055,P0136,2026-04-01,0.0,7875
U002969,E00258,C0055,P0136,2026-05-01,0.0,7875
U002970,E00258,C0055,P0136,2026-06-01,0.0,7875
U002971,E00259,C0055,P0114,2025-07-01,0.0,1727
U002972,E00259,C0055,P0114,2025-08-01,0.0,1727
U002973,E00259,C0055,P0114,2025-09-01,0.0,1727
U002974,E00259,C0055,P0114,2025-10-01,0.0,1727
U002975,E00259,C0055,P0114,2025-11-01,0.0,1727
U002976,E00259,C0055,P0114,2025-12-01,0.0,1727
U002977,E00259,C0055,P0114,2026-01-01,0.0,1727
U002978,E00259,C0055,P0114,2026-02-01,0.0,1727
U002979,E00259,C0055,P0114,2026-03-01,0.0,1727
U002980,E00259,C0055,P0114,2026-04-01,0.0,1727
U002981,E00259,C0055,P0114,2026-05-01,0.0,1727
U002982,E00259,C0055,P0114,2026-06-01,0.0,1727
U002983,E00260,C0055,P0093,2025-07-01,0.0,19
U002984,E00260,C0055,P0093,2025-08-01,0.0,19
U002985,E00260,C0055,P0093,2025-09-01,0.0,19
U002986,E00260,C0055,P0093,2025-10-01,0.0,19
U002987,E00260,C0055,P0093,2025-11-01,0.0,19
U002988,E00260,C0055,P0093,2025-12-01,0.0,19
U002989,E00260,C0055,P0093,2026-01-01,0.0,19
U002990,E00260,C0055,P0093,2026-02-01,0.0,19
U002991,E00260,C0055,P0093,2026-03-01,0.0,19
U002992,E00260,C0055,P0093,2026-04-01,0.0,19
U002993,E00260,C0055,P0093,2026-05-01,0.0,19
U002994,E00260,C0055,P0093,2026-06-01,0.0,19
U002995,E00261,C0055,P0108,2025-09-01,0.0,26
U002996,E00261,C0055,P0108,2025-10-01,0.0,26
U002997,E00261,C0055,P0108,2025-11-01,0.0,26
U002998,E00261,C0055,P0108,2025-12-01,0.0,26
U002999,E00261,C0055,P0108,2026-01-01,0.0,26
U003000,E00261,C0055,P0108,2026-02-01,0.0,26
U003001,E00261,C0055,P0108,2026-03-01,0.0,26
U003002,E00261,C0055,P0108,2026-04-01,0.0,26
U003003,E00261,C0055,P0108,2026-05-01,0.0,26
U003004,E00261,C0055,P0108,2026-06-01,0.0,26
U003005,E00262,C0055,P0482,2025-07-01,0.0,6577
U003006,E00262,C0055,P0482,2025-08-01,0.0,6577
U003007,E00262,C0055,P0482,2025-09-01,0.0,6577
U003008,E00262,C0055,P0482,2025-10-01,0.0,6577
U003009,E00262,C0055,P0482,2025-11-01,0.0,6577
U003010,E00262,C0055,P0482,2025-12-01,0.0,6577
U003011,E00262,C0055,P0482,2026-01-01,0.0,6577
U003012,E00262,C0055,P0482,2026-02-01,0.0,6577
U003013,E00262,C0055,P0482,2026-03-01,0.0,6577
U003014,E00262,C0055,P0482,2026-04-01,0.0,6577
U003015,E00262,C0055,P0482,2026-05-01,0.0,6577
U003016,E00262,C0055,P0482,2026-06-01,0.0,6577
U003017,E00263,C0056,P0419,2025-07-01,22.95,28
U003018,E00263,C0056,P0419,2025-08-01,17.12,28
U003019,E00263,C0056,P0419,2025-09-01,21.43,28
U003020,E00263,C0056,P0419,2025-10-01,21.82,28
U003021,E00263,C0056,P0419,2025-11-01,15.85,28
U003022,E00263,C0056,P0419,2025-12-01,19.07,28
U003023,E00263,C0056,P0419,2026-01-01,21.42,28
U003024,E00263,C0056,P0419,2026-02-01,22.36,28
U003025,E00263,C0056,P0419,2026-03-01,20.01,28
U003026,E00263,C0056,P0419,2026-04-01,16.64,28
U003027,E00263,C0056,P0419,2026-05-01,24.02,28
U003028,E00263,C0056,P0419,2026-06-01,21.91,28
U003029,E00264,C0056,P0208,2025-07-01,333.36,400
U003030,E00264,C0056,P0208,2025-08-01,311.43,400
U003031,E00264,C0056,P0208,2025-09-01,239.08,400
U003032,E00264,C0056,P0208,2025-10-01,305.88,400
U003033,E00264,C0056,P0208,2025-11-01,350.18,400
U003034,E00264,C0056,P0208,2025-12-01,253.86,400
U003035,E00264,C0056,P0208,2026-01-01,261.2,400
U003036,E00264,C0056,P0208,2026-02-01,273.99,400
U003037,E00264,C0056,P0208,2026-03-01,299.38,400
U003038,E00264,C0056,P0208,2026-04-01,362.69,400
U003039,E00264,C0056,P0208,2026-05-01,359.76,400
U003040,E00264,C0056,P0208,2026-06-01,244.42,400
U003041,E00265,C0056,P0162,2025-07-01,635.02,688
U003042,E00265,C0056,P0162,2025-08-01,532.9,688
U003043,E00265,C0056,P0162,2025-09-01,518.09,688
U003044,E00265,C0056,P0162,2025-10-01,470.88,688
U003045,E00265,C0056,P0162,2025-11-01,493.73,688
U003046,E00265,C0056,P0162,2025-12-01,522.0,688
U003047,E00265,C0056,P0162,2026-01-01,644.68,688
U003048,E00265,C0056,P0162,2026-02-01,366.81,688
U003049,E00265,C0056,P0162,2026-03-01,492.93,688
U003050,E00265,C0056,P0162,2026-04-01,539.97,688
U003051,E00265,C0056,P0162,2026-05-01,517.05,688
U003052,E00265,C0056,P0162,2026-06-01,565.03,688
U003053,E00266,C0056,P0051,2025-07-01,537.61,939
U003054,E00266,C0056,P0051,2025-08-01,892.14,939
U003055,E00266,C0056,P0051,2025-09-01,379.36,939
U003056,E00266,C0056,P0051,2025-10-01,649.33,939
U003057,E00266,C0056,P0051,2025-11-01,469.1,939
U003058,E00266,C0056,P0051,2025-12-01,627.28,939
U003059,E00266,C0056,P0051,2026-01-01,850.32,939
U003060,E00266,C0056,P0051,2026-02-01,579.91,939
U003061,E00266,C0056,P0051,2026-03-01,602.54,939
U003062,E00266,C0056,P0051,2026-04-01,884.58,939
U003063,E00266,C0056,P0051,2026-05-01,700.97,939
U003064,E00266,C0056,P0051,2026-06-01,581.56,939
U003065,E00267,C0056,P0460,2025-10-01,10.57,16
U003066,E00267,C0056,P0460,2025-11-01,10.7,16
U003067,E00267,C0056,P0460,2025-12-01,9.92,16
U003068,E00267,C0056,P0460,2026-01-01,11.15,16
U003069,E00267,C0056,P0460,2026-02-01,8.58,16
U003070,E00267,C0056,P0460,2026-03-01,12.5,16
U003071,E00267,C0056,P0460,2026-04-01,12.9,16
U003072,E00267,C0056,P0460,2026-05-01,7.91,16
U003073,E00267,C0056,P0460,2026-06-01,15.14,16
U003074,E00268,C0056,P0340,2025-07-01,4.19,7
U003075,E00268,C0056,P0340,2025-08-01,4.06,7
U003076,E00268,C0056,P0340,2025-09-01,5.07,7
U003077,E00268,C0056,P0340,2025-10-01,3.7,7
U003078,E00268,C0056,P0340,2025-11-01,7.21,7
U003079,E00268,C0056,P0340,2025-12-01,4.27,7
U003080,E00268,C0056,P0340,2026-01-01,5.06,7
U003081,E00268,C0056,P0340,2026-02-01,4.31,7
U003082,E00268,C0056,P0340,2026-03-01,5.0,7
U003083,E00268,C0056,P0340,2026-04-01,6.06,7
U003084,E00268,C0056,P0340,2026-05-01,3.39,7
U003085,E00268,C0056,P0340,2026-06-01,4.22,7
U003086,E00269,C0057,P0351,2025-07-01,0.0,791
U003087,E00269,C0057,P0351,2025-08-01,0.0,791
U003088,E00269,C0057,P0351,2025-09-01,0.0,791
U003089,E00269,C0057,P0351,2025-10-01,0.0,791
U003090,E00269,C0057,P0351,2025-11-01,0.0,791
U003091,E00269,C0057,P0351,2025-12-01,0.0,791
U003092,E00269,C0057,P0351,2026-01-01,0.0,791
U003093,E00269,C0057,P0351,2026-02-01,0.0,791
U003094,E00269,C0057,P0351,2026-03-01,0.0,791
U003095,E00269,C0057,P0351,2026-04-01,0.0,791
U003096,E00269,C0057,P0351,2026-05-01,0.0,791
U003097,E00269,C0057,P0351,2026-06-01,0.0,791
U003098,E00270,C0057,P0283,2025-07-01,0.0,29
U003099,E00270,C0057,P0283,2025-08-01,0.0,29
U003100,E00270,C0057,P0283,2025-09-01,0.0,29
U003101,E00270,C0057,P0283,2025-10-01,0.0,29
U003102,E00270,C0057,P0283,2025-11-01,0.0,29
U003103,E00270,C0057,P0283,2025-12-01,0.0,29
U003104,E00270,C0057,P0283,2026-01-01,0.0,29
U003105,E00270,C0057,P0283,2026-02-01,0.0,29
U003106,E00270,C0057,P0283,2026-03-01,0.0,29
U003107,E00270,C0057,P0283,2026-04-01,0.0,29
U003108,E00270,C0057,P0283,2026-05-01,0.0,29
U003109,E00270,C0057,P0283,2026-06-01,0.0,29
U003110,E00271,C0057,P0239,2025-08-01,0.0,423
U003111,E00271,C0057,P0239,2025-09-01,0.0,423
U003112,E00271,C0057,P0239,2025-10-01,0.0,423
U003113,E00271,C0057,P0239,2025-11-01,0.0,423
U003114,E00271,C0057,P0239,2025-12-01,0.0,423
U003115,E00271,C0057,P0239,2026-01-01,0.0,423
U003116,E00271,C0057,P0239,2026-02-01,0.0,423
U003117,E00271,C0057,P0239,2026-03-01,0.0,423
U003118,E00271,C0057,P0239,2026-04-01,0.0,423
U003119,E00271,C0057,P0239,2026-05-01,0.0,423
U003120,E00271,C0057,P0239,2026-06-01,0.0,423
U003121,E00272,C0057,P0227,2025-08-01,0.0,6
U003122,E00272,C0057,P0227,2025-09-01,0.0,6
U003123,E00272,C0057,P0227,2025-10-01,0.0,6
U003124,E00272,C0057,P0227,2025-11-01,0.0,6
U003125,E00272,C0057,P0227,2025-12-01,0.0,6
U003126,E00272,C0057,P0227,2026-01-01,0.0,6
U003127,E00272,C0057,P0227,2026-02-01,0.0,6
U003128,E00272,C0057,P0227,2026-03-01,0.0,6
U003129,E00272,C0057,P0227,2026-04-01,0.0,6
U003130,E00272,C0057,P0227,2026-05-01,0.0,6
U003131,E00272,C0057,P0227,2026-06-01,0.0,6
U003132,E00273,C0057,P0453,2025-07-01,0.0,23
U003133,E00273,C0057,P0453,2025-08-01,0.0,23
U003134,E00273,C0057,P0453,2025-09-01,0.0,23
U003135,E00273,C0057,P0453,2025-10-01,0.0,23
U003136,E00273,C0057,P0453,2025-11-01,0.0,23
U003137,E00273,C0057,P0453,2025-12-01,0.0,23
U003138,E00273,C0057,P0453,2026-01-01,0.0,23
U003139,E00273,C0057,P0453,2026-02-01,0.0,23
U003140,E00273,C0057,P0453,2026-03-01,0.0,23
U003141,E00273,C0057,P0453,2026-04-01,0.0,23
U003142,E00273,C0057,P0453,2026-05-01,0.0,23
U003143,E00273,C0057,P0453,2026-06-01,0.0,23
U003144,E00274,C0057,P0175,2025-07-01,0.0,1840
U003145,E00274,C0057,P0175,2025-08-01,0.0,1840
U003146,E00274,C0057,P0175,2025-09-01,0.0,1840
U003147,E00274,C0057,P0175,2025-10-01,0.0,1840
U003148,E00274,C0057,P0175,2025-11-01,0.0,1840
U003149,E00274,C0057,P0175,2025-12-01,0.0,1840
U003150,E00274,C0057,P0175,2026-01-01,0.0,1840
U003151,E00274,C0057,P0175,2026-02-01,0.0,1840
U003152,E00274,C0057,P0175,2026-03-01,0.0,1840
U003153,E00274,C0057,P0175,2026-04-01,0.0,1840
U003154,E00274,C0057,P0175,2026-05-01,0.0,1840
U003155,E00274,C0057,P0175,2026-06-01,0.0,1840
U003156,E00275,C0058,P0346,2025-09-01,440.24,580
U003157,E00275,C0058,P0346,2025-10-01,406.82,580
U003158,E00275,C0058,P0346,2025-11-01,443.05,580
U003159,E00275,C0058,P0346,2025-12-01,434.68,580
U003160,E00275,C0058,P0346,2026-01-01,371.77,580
U003161,E00275,C0058,P0346,2026-02-01,292.14,580
U003162,E00275,C0058,P0346,2026-03-01,474.95,580
U003163,E00275,C0058,P0346,2026-04-01,356.56,580
U003164,E00275,C0058,P0346,2026-05-01,301.36,580
U003165,E00275,C0058,P0346,2026-06-01,395.01,580
U003166,E00276,C0058,P0186,2025-07-01,415.99,437
U003167,E00276,C0058,P0186,2025-08-01,346.31,437
U003168,E00276,C0058,P0186,2025-09-01,328.62,437
U003169,E00276,C0058,P0186,2025-10-01,450.13,437
U003170,E00276,C0058,P0186,2025-11-01,339.89,437
U003171,E00276,C0058,P0186,2025-12-01,243.39,437
U003172,E00276,C0058,P0186,2026-01-01,253.58,437
U003173,E00276,C0058,P0186,2026-02-01,277.01,437
U003174,E00276,C0058,P0186,2026-03-01,247.77,437
U003175,E00276,C0058,P0186,2026-04-01,287.75,437
U003176,E00276,C0058,P0186,2026-05-01,383.09,437
U003177,E00276,C0058,P0186,2026-06-01,419.57,437
U003178,E00277,C0058,P0370,2025-07-01,627.0,929
U003179,E00277,C0058,P0370,2025-08-01,770.39,929
U003180,E00277,C0058,P0370,2025-09-01,676.43,929
U003181,E00277,C0058,P0370,2025-10-01,512.85,929
U003182,E00277,C0058,P0370,2025-11-01,426.56,929
U003183,E00277,C0058,P0370,2025-12-01,676.27,929
U003184,E00277,C0058,P0370,2026-01-01,703.35,929
U003185,E00277,C0058,P0370,2026-02-01,634.31,929
U003186,E00277,C0058,P0370,2026-03-01,464.06,929
U003187,E00277,C0058,P0370,2026-04-01,529.08,929
U003188,E00277,C0058,P0370,2026-05-01,615.09,929
U003189,E00277,C0058,P0370,2026-06-01,493.74,929
U003190,E00278,C0058,P0364,2025-07-01,535.21,773
U003191,E00278,C0058,P0364,2025-08-01,588.07,773
U003192,E00278,C0058,P0364,2025-09-01,504.64,773
U003193,E00278,C0058,P0364,2025-10-01,553.59,773
U003194,E00278,C0058,P0364,2025-11-01,631.54,773
U003195,E00278,C0058,P0364,2025-12-01,624.84,773
U003196,E00278,C0058,P0364,2026-01-01,535.18,773
U003197,E00278,C0058,P0364,2026-02-01,585.83,773
U003198,E00278,C0058,P0364,2026-03-01,647.94,773
U003199,E00278,C0058,P0364,2026-04-01,585.99,773
U003200,E00278,C0058,P0364,2026-05-01,472.9,773
U003201,E00278,C0058,P0364,2026-06-01,461.33,773
U003202,E00279,C0058,P0098,2025-07-01,233.59,513
U003203,E00279,C0058,P0098,2025-08-01,382.86,513
U003204,E00279,C0058,P0098,2025-09-01,410.26,513
U003205,E00279,C0058,P0098,2025-10-01,382.58,513
U003206,E00279,C0058,P0098,2025-11-01,344.4,513
U003207,E00279,C0058,P0098,2025-12-01,477.12,513
U003208,E00279,C0058,P0098,2026-01-01,363.44,513
U003209,E00279,C0058,P0098,2026-02-01,475.98,513
U003210,E00279,C0058,P0098,2026-03-01,383.7,513
U003211,E00279,C0058,P0098,2026-04-01,346.89,513
U003212,E00279,C0058,P0098,2026-05-01,224.59,513
U003213,E00279,C0058,P0098,2026-06-01,266.89,513
U003214,E00280,C0058,P0460,2025-07-01,19.46,21
U003215,E00280,C0058,P0460,2025-08-01,14.75,21
U003216,E00280,C0058,P0460,2025-09-01,17.31,21
U003217,E00280,C0058,P0460,2025-10-01,16.77,21
U003218,E00280,C0058,P0460,2025-11-01,14.47,21
U003219,E00280,C0058,P0460,2025-12-01,17.76,21
U003220,E00280,C0058,P0460,2026-01-01,18.38,21
U003221,E00280,C0058,P0460,2026-02-01,18.04,21
U003222,E00280,C0058,P0460,2026-03-01,14.65,21
U003223,E00280,C0058,P0460,2026-04-01,13.98,21
U003224,E00280,C0058,P0460,2026-05-01,14.47,21
U003225,E00280,C0058,P0460,2026-06-01,12.85,21
U003226,E00281,C0059,P0346,2025-07-01,416.58,545
U003227,E00281,C0059,P0346,2025-08-01,357.75,545
U003228,E00281,C0059,P0346,2025-09-01,440.57,545
U003229,E00281,C0059,P0346,2025-10-01,371.84,545
U003230,E00281,C0059,P0346,2025-11-01,342.58,545
U003231,E00281,C0059,P0346,2025-12-01,451.67,545
U003232,E00281,C0059,P0346,2026-01-01,496.88,545
U003233,E00281,C0059,P0346,2026-02-01,336.22,545
U003234,E00281,C0059,P0346,2026-03-01,317.18,545
U003235,E00281,C0059,P0346,2026-04-01,453.24,545
U003236,E00281,C0059,P0346,2026-05-01,440.23,545
U003237,E00281,C0059,P0346,2026-06-01,450.27,545
U003238,E00282,C0059,P0018,2025-10-01,3899.34,5671
U003239,E00282,C0059,P0018,2025-11-01,3964.28,5671
U003240,E00282,C0059,P0018,2025-12-01,4664.3,5671
U003241,E00282,C0059,P0018,2026-01-01,4187.61,5671
U003242,E00282,C0059,P0018,2026-02-01,4410.62,5671
U003243,E00282,C0059,P0018,2026-03-01,4027.0,5671
U003244,E00282,C0059,P0018,2026-04-01,4820.65,5671
U003245,E00282,C0059,P0018,2026-05-01,3768.11,5671
U003246,E00282,C0059,P0018,2026-06-01,4120.62,5671
U003247,E00283,C0059,P0187,2025-07-01,5546.86,6380
U003248,E00283,C0059,P0187,2025-08-01,2759.56,6380
U003249,E00283,C0059,P0187,2025-09-01,5551.74,6380
U003250,E00283,C0059,P0187,2025-10-01,4288.06,6380
U003251,E00283,C0059,P0187,2025-11-01,4859.07,6380
U003252,E00283,C0059,P0187,2025-12-01,6565.65,6380
U003253,E00283,C0059,P0187,2026-01-01,4096.12,6380
U003254,E00283,C0059,P0187,2026-02-01,4972.56,6380
U003255,E00283,C0059,P0187,2026-03-01,4463.79,6380
U003256,E00283,C0059,P0187,2026-04-01,6140.0,6380
U003257,E00283,C0059,P0187,2026-05-01,5335.46,6380
U003258,E00283,C0059,P0187,2026-06-01,2686.3,6380
U003259,E00284,C0059,P0219,2025-09-01,1473.53,1745
U003260,E00284,C0059,P0219,2025-10-01,794.96,1745
U003261,E00284,C0059,P0219,2025-11-01,1003.96,1745
U003262,E00284,C0059,P0219,2025-12-01,1263.27,1745
U003263,E00284,C0059,P0219,2026-01-01,1374.72,1745
U003264,E00284,C0059,P0219,2026-02-01,1251.41,1745
U003265,E00284,C0059,P0219,2026-03-01,1483.85,1745
U003266,E00284,C0059,P0219,2026-04-01,1149.37,1745
U003267,E00284,C0059,P0219,2026-05-01,970.95,1745
U003268,E00284,C0059,P0219,2026-06-01,1401.99,1745
U003269,E00285,C0059,P0191,2025-07-01,16.03,26
U003270,E00285,C0059,P0191,2025-08-01,8.45,26
U003271,E00285,C0059,P0191,2025-09-01,16.61,26
U003272,E00285,C0059,P0191,2025-10-01,20.78,26
U003273,E00285,C0059,P0191,2025-11-01,17.78,26
U003274,E00285,C0059,P0191,2025-12-01,17.13,26
U003275,E00285,C0059,P0191,2026-01-01,25.93,26
U003276,E00285,C0059,P0191,2026-02-01,21.06,26
U003277,E00285,C0059,P0191,2026-03-01,16.3,26
U003278,E00285,C0059,P0191,2026-04-01,22.27,26
U003279,E00285,C0059,P0191,2026-05-01,16.25,26
U003280,E00285,C0059,P0191,2026-06-01,20.85,26
U003281,E00286,C0059,P0173,2025-07-01,3240.42,4235
U003282,E00286,C0059,P0173,2025-08-01,3824.66,4235
U003283,E00286,C0059,P0173,2025-09-01,1971.65,4235
U003284,E00286,C0059,P0173,2025-10-01,1846.14,4235
U003285,E00286,C0059,P0173,2025-11-01,3479.31,4235
U003286,E00286,C0059,P0173,2025-12-01,3485.97,4235
U003287,E00286,C0059,P0173,2026-01-01,3206.72,4235
U003288,E00286,C0059,P0173,2026-02-01,2879.27,4235
U003289,E00286,C0059,P0173,2026-03-01,3264.79,4235
U003290,E00286,C0059,P0173,2026-04-01,2854.19,4235
U003291,E00286,C0059,P0173,2026-05-01,2730.25,4235
U003292,E00286,C0059,P0173,2026-06-01,2788.82,4235
U003293,E00287,C0059,P0188,2025-09-01,5907.34,11071
U003294,E00287,C0059,P0188,2025-10-01,9176.28,11071
U003295,E00287,C0059,P0188,2025-11-01,6601.78,11071
U003296,E00287,C0059,P0188,2025-12-01,5731.9,11071
U003297,E00287,C0059,P0188,2026-01-01,5537.09,11071
U003298,E00287,C0059,P0188,2026-02-01,10684.17,11071
U003299,E00287,C0059,P0188,2026-03-01,8548.29,11071
U003300,E00287,C0059,P0188,2026-04-01,8692.85,11071
U003301,E00287,C0059,P0188,2026-05-01,10377.67,11071
U003302,E00287,C0059,P0188,2026-06-01,7290.62,11071
U003303,E00288,C0060,P0378,2025-07-01,0.77,1
U003304,E00288,C0060,P0378,2025-08-01,0.85,1
U003305,E00288,C0060,P0378,2025-09-01,0.81,1
U003306,E00288,C0060,P0378,2025-10-01,0.7,1
U003307,E00288,C0060,P0378,2025-11-01,0.78,1
U003308,E00288,C0060,P0378,2025-12-01,0.6,1
U003309,E00288,C0060,P0378,2026-01-01,0.74,1
U003310,E00288,C0060,P0378,2026-02-01,0.54,1
U003311,E00288,C0060,P0378,2026-03-01,0.75,1
U003312,E00288,C0060,P0378,2026-04-01,0.79,1
U003313,E00288,C0060,P0378,2026-05-01,0.7,1
U003314,E00288,C0060,P0378,2026-06-01,0.6,1
U003315,E00289,C0060,P0160,2025-07-01,753.59,1347
U003316,E00289,C0060,P0160,2025-08-01,605.85,1347
U003317,E00289,C0060,P0160,2025-09-01,1163.92,1347
U003318,E00289,C0060,P0160,2025-10-01,790.03,1347
U003319,E00289,C0060,P0160,2025-11-01,870.75,1347
U003320,E00289,C0060,P0160,2025-12-01,820.83,1347
U003321,E00289,C0060,P0160,2026-01-01,1074.6,1347
U003322,E00289,C0060,P0160,2026-02-01,926.72,1347
U003323,E00289,C0060,P0160,2026-03-01,998.62,1347
U003324,E00289,C0060,P0160,2026-04-01,751.26,1347
U003325,E00289,C0060,P0160,2026-05-01,1069.52,1347
U003326,E00289,C0060,P0160,2026-06-01,823.0,1347
U003327,E00290,C0060,P0288,2025-10-01,584.44,799
U003328,E00290,C0060,P0288,2025-11-01,672.93,799
U003329,E00290,C0060,P0288,2025-12-01,527.76,799
U003330,E00290,C0060,P0288,2026-01-01,624.04,799
U003331,E00290,C0060,P0288,2026-02-01,779.91,799
U003332,E00290,C0060,P0288,2026-03-01,548.6,799
U003333,E00290,C0060,P0288,2026-04-01,763.4,799
U003334,E00290,C0060,P0288,2026-05-01,531.59,799
U003335,E00290,C0060,P0288,2026-06-01,641.24,799
U003336,E00291,C0060,P0470,2025-07-01,2790.44,2713
U003337,E00291,C0060,P0470,2025-08-01,1962.27,2713
U003338,E00291,C0060,P0470,2025-09-01,2058.81,2713
U003339,E00291,C0060,P0470,2025-10-01,2275.6,2713
U003340,E00291,C0060,P0470,2025-11-01,2158.32,2713
U003341,E00291,C0060,P0470,2025-12-01,1793.5,2713
U003342,E00291,C0060,P0470,2026-01-01,1351.92,2713
U003343,E00291,C0060,P0470,2026-02-01,1875.87,2713
U003344,E00291,C0060,P0470,2026-03-01,2130.36,2713
U003345,E00291,C0060,P0470,2026-04-01,2315.54,2713
U003346,E00291,C0060,P0470,2026-05-01,1915.75,2713
U003347,E00291,C0060,P0470,2026-06-01,1829.04,2713
U003348,E00292,C0060,P0338,2025-07-01,5063.99,7058
U003349,E00292,C0060,P0338,2025-08-01,3906.68,7058
U003350,E00292,C0060,P0338,2025-09-01,5061.23,7058
U003351,E00292,C0060,P0338,2025-10-01,5461.19,7058
U003352,E00292,C0060,P0338,2025-11-01,4439.12,7058
U003353,E00292,C0060,P0338,2025-12-01,5137.79,7058
U003354,E00292,C0060,P0338,2026-01-01,6771.42,7058
U003355,E00292,C0060,P0338,2026-02-01,5002.31,7058
U003356,E00292,C0060,P0338,2026-03-01,5909.26,7058
U003357,E00292,C0060,P0338,2026-04-01,5873.43,7058
U003358,E00292,C0060,P0338,2026-05-01,4420.9,7058
U003359,E00292,C0060,P0338,2026-06-01,4195.23,7058
U003360,E00293,C0060,P0109,2025-07-01,1948.91,3118
U003361,E00293,C0060,P0109,2025-08-01,2567.77,3118
U003362,E00293,C0060,P0109,2025-09-01,2159.96,3118
U003363,E00293,C0060,P0109,2025-10-01,2238.7,3118
U003364,E00293,C0060,P0109,2025-11-01,1949.34,3118
U003365,E00293,C0060,P0109,2025-12-01,1870.32,3118
U003366,E00293,C0060,P0109,2026-01-01,2047.59,3118
U003367,E00293,C0060,P0109,2026-02-01,2263.42,3118
U003368,E00293,C0060,P0109,2026-03-01,2041.04,3118
U003369,E00293,C0060,P0109,2026-04-01,1973.21,3118
U003370,E00293,C0060,P0109,2026-05-01,2571.95,3118
U003371,E00293,C0060,P0109,2026-06-01,2151.46,3118
U003372,E00294,C0060,P0289,2025-09-01,737.17,1246
U003373,E00294,C0060,P0289,2025-10-01,1021.62,1246
U003374,E00294,C0060,P0289,2025-11-01,840.45,1246
U003375,E00294,C0060,P0289,2025-12-01,877.64,1246
U003376,E00294,C0060,P0289,2026-01-01,849.15,1246
U003377,E00294,C0060,P0289,2026-02-01,922.43,1246
U003378,E00294,C0060,P0289,2026-03-01,1100.42,1246
U003379,E00294,C0060,P0289,2026-04-01,1193.29,1246
U003380,E00294,C0060,P0289,2026-05-01,941.19,1246
U003381,E00294,C0060,P0289,2026-06-01,867.62,1246
U003382,E00295,C0061,P0225,2025-07-01,427.78,505
U003383,E00295,C0061,P0225,2025-08-01,505.98,505
U003384,E00295,C0061,P0225,2025-09-01,391.57,505
U003385,E00295,C0061,P0225,2025-10-01,342.72,505
U003386,E00295,C0061,P0225,2025-11-01,297.84,505
U003387,E00295,C0061,P0225,2025-12-01,386.78,505
U003388,E00295,C0061,P0225,2026-01-01,406.78,505
U003389,E00295,C0061,P0225,2026-02-01,335.15,505
U003390,E00295,C0061,P0225,2026-03-01,270.34,505
U003391,E00295,C0061,P0225,2026-04-01,411.04,505
U003392,E00295,C0061,P0225,2026-05-01,376.68,505
U003393,E00295,C0061,P0225,2026-06-01,414.59,505
U003394,E00296,C0061,P0279,2025-07-01,758.64,1089
U003395,E00296,C0061,P0279,2025-08-01,618.92,1089
U003396,E00296,C0061,P0279,2025-09-01,667.39,1089
U003397,E00296,C0061,P0279,2025-10-01,767.95,1089
U003398,E00296,C0061,P0279,2025-11-01,744.54,1089
U003399,E00296,C0061,P0279,2025-12-01,809.71,1089
U003400,E00296,C0061,P0279,2026-01-01,710.98,1089
U003401,E00296,C0061,P0279,2026-02-01,780.3,1089
U003402,E00296,C0061,P0279,2026-03-01,978.08,1089
U003403,E00296,C0061,P0279,2026-04-01,820.33,1089
U003404,E00296,C0061,P0279,2026-05-01,674.07,1089
U003405,E00296,C0061,P0279,2026-06-01,679.1,1089
U003406,E00297,C0062,P0296,2025-07-01,92.16,109
U003407,E00297,C0062,P0296,2025-08-01,86.86,109
U003408,E00297,C0062,P0296,2025-09-01,79.93,109
U003409,E00297,C0062,P0296,2025-10-01,67.85,109
U003410,E00297,C0062,P0296,2025-11-01,78.31,109
U003411,E00297,C0062,P0296,2025-12-01,84.27,109
U003412,E00297,C0062,P0296,2026-01-01,56.6,109
U003413,E00297,C0062,P0296,2026-02-01,81.24,109
U003414,E00297,C0062,P0296,2026-03-01,108.83,109
U003415,E00297,C0062,P0296,2026-04-01,85.06,109
U003416,E00297,C0062,P0296,2026-05-01,76.48,109
U003417,E00297,C0062,P0296,2026-06-01,69.98,109
U003418,E00298,C0062,P0414,2025-07-01,504.46,909
U003419,E00298,C0062,P0414,2025-08-01,682.14,909
U003420,E00298,C0062,P0414,2025-09-01,590.76,909
U003421,E00298,C0062,P0414,2025-10-01,609.48,909
U003422,E00298,C0062,P0414,2025-11-01,501.55,909
U003423,E00298,C0062,P0414,2025-12-01,557.16,909
U003424,E00298,C0062,P0414,2026-01-01,934.16,909
U003425,E00298,C0062,P0414,2026-02-01,800.77,909
U003426,E00298,C0062,P0414,2026-03-01,714.79,909
U003427,E00298,C0062,P0414,2026-04-01,551.85,909
U003428,E00298,C0062,P0414,2026-05-01,882.59,909
U003429,E00298,C0062,P0414,2026-06-01,610.8,909
U003430,E00299,C0062,P0473,2025-07-01,8.79,12
U003431,E00299,C0062,P0473,2025-08-01,11.25,12
U003432,E00299,C0062,P0473,2025-09-01,7.5,12
U003433,E00299,C0062,P0473,2025-10-01,10.78,12
U003434,E00299,C0062,P0473,2025-11-01,9.86,12
U003435,E00299,C0062,P0473,2025-12-01,6.26,12
U003436,E00299,C0062,P0473,2026-01-01,9.85,12
U003437,E00299,C0062,P0473,2026-02-01,8.49,12
U003438,E00299,C0062,P0473,2026-03-01,7.93,12
U003439,E00299,C0062,P0473,2026-04-01,8.47,12
U003440,E00299,C0062,P0473,2026-05-01,9.29,12
U003441,E00299,C0062,P0473,2026-06-01,9.36,12
U003442,E00300,C0063,P0101,2025-07-01,278.67,490
U003443,E00300,C0063,P0101,2025-08-01,374.83,490
U003444,E00300,C0063,P0101,2025-09-01,325.94,490
U003445,E00300,C0063,P0101,2025-10-01,405.4,490
U003446,E00300,C0063,P0101,2025-11-01,403.09,490
U003447,E00300,C0063,P0101,2025-12-01,385.98,490
U003448,E00300,C0063,P0101,2026-01-01,322.72,490
U003449,E00300,C0063,P0101,2026-02-01,317.18,490
U003450,E00300,C0063,P0101,2026-03-01,315.01,490
U003451,E00300,C0063,P0101,2026-04-01,375.94,490
U003452,E00300,C0063,P0101,2026-05-01,288.52,490
U003453,E00300,C0063,P0101,2026-06-01,427.58,490
U003454,E00301,C0063,P0295,2025-07-01,1314.03,1764
U003455,E00301,C0063,P0295,2025-08-01,1629.45,1764
U003456,E00301,C0063,P0295,2025-09-01,1176.51,1764
U003457,E00301,C0063,P0295,2025-10-01,1346.01,1764
U003458,E00301,C0063,P0295,2025-11-01,1177.17,1764
U003459,E00301,C0063,P0295,2025-12-01,1522.57,1764
U003460,E00301,C0063,P0295,2026-01-01,1476.45,1764
U003461,E00301,C0063,P0295,2026-02-01,1136.44,1764
U003462,E00301,C0063,P0295,2026-03-01,1281.42,1764
U003463,E00301,C0063,P0295,2026-04-01,1448.73,1764
U003464,E00301,C0063,P0295,2026-05-01,1368.85,1764
U003465,E00301,C0063,P0295,2026-06-01,1777.37,1764
U003466,E00302,C0063,P0231,2025-07-01,432.75,441
U003467,E00302,C0063,P0231,2025-08-01,348.25,441
U003468,E00302,C0063,P0231,2025-09-01,344.7,441
U003469,E00302,C0063,P0231,2025-10-01,300.66,441
U003470,E00302,C0063,P0231,2025-11-01,420.75,441
U003471,E00302,C0063,P0231,2025-12-01,283.45,441
U003472,E00302,C0063,P0231,2026-01-01,363.58,441
U003473,E00302,C0063,P0231,2026-02-01,303.48,441
U003474,E00302,C0063,P0231,2026-03-01,378.52,441
U003475,E00302,C0063,P0231,2026-04-01,211.73,441
U003476,E00302,C0063,P0231,2026-05-01,286.99,441
U003477,E00302,C0063,P0231,2026-06-01,359.35,441
U003478,E00303,C0064,P0430,2025-07-01,372.48,388
U003479,E00303,C0064,P0430,2025-08-01,228.76,388
U003480,E00303,C0064,P0430,2025-09-01,287.92,388
U003481,E00303,C0064,P0430,2025-10-01,254.55,388
U003482,E00303,C0064,P0430,2025-11-01,210.67,388
U003483,E00303,C0064,P0430,2025-12-01,277.82,388
U003484,E00303,C0064,P0430,2026-01-01,386.28,388
U003485,E00303,C0064,P0430,2026-02-01,261.18,388
U003486,E00303,C0064,P0430,2026-03-01,320.11,388
U003487,E00303,C0064,P0430,2026-04-01,228.5,388
U003488,E00303,C0064,P0430,2026-05-01,191.09,388
U003489,E00303,C0064,P0430,2026-06-01,259.85,388
U003490,E00304,C0064,P0316,2025-07-01,653.37,810
U003491,E00304,C0064,P0316,2025-08-01,597.14,810
U003492,E00304,C0064,P0316,2025-09-01,464.67,810
U003493,E00304,C0064,P0316,2025-10-01,477.35,810
U003494,E00304,C0064,P0316,2025-11-01,694.93,810
U003495,E00304,C0064,P0316,2025-12-01,734.34,810
U003496,E00304,C0064,P0316,2026-01-01,569.87,810
U003497,E00304,C0064,P0316,2026-02-01,546.73,810
U003498,E00304,C0064,P0316,2026-03-01,492.34,810
U003499,E00304,C0064,P0316,2026-04-01,322.04,810
U003500,E00304,C0064,P0316,2026-05-01,682.55,810
U003501,E00304,C0064,P0316,2026-06-01,601.55,810
U003502,E00305,C0064,P0399,2025-08-01,16.75,17
U003503,E00305,C0064,P0399,2025-09-01,10.75,17
U003504,E00305,C0064,P0399,2025-10-01,12.09,17
U003505,E00305,C0064,P0399,2025-11-01,11.96,17
U003506,E00305,C0064,P0399,2025-12-01,10.23,17
U003507,E00305,C0064,P0399,2026-01-01,14.17,17
U003508,E00305,C0064,P0399,2026-02-01,9.11,17
U003509,E00305,C0064,P0399,2026-03-01,13.07,17
U003510,E00305,C0064,P0399,2026-04-01,11.25,17
U003511,E00305,C0064,P0399,2026-05-01,11.19,17
U003512,E00305,C0064,P0399,2026-06-01,12.49,17
U003513,E00306,C0064,P0003,2025-07-01,11.85,13
U003514,E00306,C0064,P0003,2025-08-01,11.63,13
U003515,E00306,C0064,P0003,2025-09-01,9.33,13
U003516,E00306,C0064,P0003,2025-10-01,10.23,13
U003517,E00306,C0064,P0003,2025-11-01,6.0,13
U003518,E00306,C0064,P0003,2025-12-01,10.88,13
U003519,E00306,C0064,P0003,2026-01-01,9.92,13
U003520,E00306,C0064,P0003,2026-02-01,11.08,13
U003521,E00306,C0064,P0003,2026-03-01,5.43,13
U003522,E00306,C0064,P0003,2026-04-01,10.15,13
U003523,E00306,C0064,P0003,2026-05-01,7.78,13
U003524,E00306,C0064,P0003,2026-06-01,9.87,13
U003525,E00307,C0065,P0005,2025-07-01,317.14,505
U003526,E00307,C0065,P0005,2025-08-01,361.45,505
U003527,E00307,C0065,P0005,2025-09-01,375.17,505
U003528,E00307,C0065,P0005,2025-10-01,316.56,505
U003529,E00307,C0065,P0005,2025-11-01,439.05,505
U003530,E00307,C0065,P0005,2025-12-01,348.02,505
U003531,E00307,C0065,P0005,2026-01-01,402.87,505
U003532,E00307,C0065,P0005,2026-02-01,344.38,505
U003533,E00307,C0065,P0005,2026-03-01,326.92,505
U003534,E00307,C0065,P0005,2026-04-01,380.78,505
U003535,E00307,C0065,P0005,2026-05-01,337.35,505
U003536,E00307,C0065,P0005,2026-06-01,386.51,505
U003537,E00308,C0065,P0045,2025-07-01,1184.57,1779
U003538,E00308,C0065,P0045,2025-08-01,1828.76,1779
U003539,E00308,C0065,P0045,2025-09-01,1060.66,1779
U003540,E00308,C0065,P0045,2025-10-01,1042.87,1779
U003541,E00308,C0065,P0045,2025-11-01,1004.25,1779
U003542,E00308,C0065,P0045,2025-12-01,1093.72,1779
U003543,E00308,C0065,P0045,2026-01-01,1004.36,1779
U003544,E00308,C0065,P0045,2026-02-01,1485.83,1779
U003545,E00308,C0065,P0045,2026-03-01,1103.49,1779
U003546,E00308,C0065,P0045,2026-04-01,1475.65,1779
U003547,E00308,C0065,P0045,2026-05-01,1039.83,1779
U003548,E00308,C0065,P0045,2026-06-01,1432.57,1779
U003549,E00309,C0065,P0362,2025-07-01,12.0,14
U003550,E00309,C0065,P0362,2025-08-01,7.75,14
U003551,E00309,C0065,P0362,2025-09-01,11.42,14
U003552,E00309,C0065,P0362,2025-10-01,12.21,14
U003553,E00309,C0065,P0362,2025-11-01,10.31,14
U003554,E00309,C0065,P0362,2025-12-01,8.13,14
U003555,E00309,C0065,P0362,2026-01-01,7.74,14
U003556,E00309,C0065,P0362,2026-02-01,8.6,14
U003557,E00309,C0065,P0362,2026-03-01,11.29,14
U003558,E00309,C0065,P0362,2026-04-01,12.28,14
U003559,E00309,C0065,P0362,2026-05-01,8.89,14
U003560,E00309,C0065,P0362,2026-06-01,10.74,14
U003561,E00310,C0065,P0485,2025-09-01,15.42,18
U003562,E00310,C0065,P0485,2025-10-01,13.7,18
U003563,E00310,C0065,P0485,2025-11-01,11.09,18
U003564,E00310,C0065,P0485,2025-12-01,13.67,18
U003565,E00310,C0065,P0485,2026-01-01,10.97,18
U003566,E00310,C0065,P0485,2026-02-01,11.92,18
U003567,E00310,C0065,P0485,2026-03-01,12.48,18
U003568,E00310,C0065,P0485,2026-04-01,12.53,18
U003569,E00310,C0065,P0485,2026-05-01,9.08,18
U003570,E00310,C0065,P0485,2026-06-01,15.1,18
U003571,E00311,C0065,P0305,2025-07-01,6356.97,10290
U003572,E00311,C0065,P0305,2025-08-01,6864.91,10290
U003573,E00311,C0065,P0305,2025-09-01,6113.27,10290
U003574,E00311,C0065,P0305,2025-10-01,8527.53,10290
U003575,E00311,C0065,P0305,2025-11-01,6167.38,10290
U003576,E00311,C0065,P0305,2025-12-01,8021.77,10290
U003577,E00311,C0065,P0305,2026-01-01,9376.5,10290
U003578,E00311,C0065,P0305,2026-02-01,11166.99,10290
U003579,E00311,C0065,P0305,2026-03-01,7796.59,10290
U003580,E00311,C0065,P0305,2026-04-01,6928.89,10290
U003581,E00311,C0065,P0305,2026-05-01,10722.17,10290
U003582,E00311,C0065,P0305,2026-06-01,6900.11,10290
U003583,E00312,C0066,P0049,2025-07-01,1263.56,1446
U003584,E00312,C0066,P0049,2025-08-01,1062.38,1446
U003585,E00312,C0066,P0049,2025-09-01,1574.02,1446
U003586,E00312,C0066,P0049,2025-10-01,1460.44,1446
U003587,E00312,C0066,P0049,2025-11-01,828.51,1446
U003588,E00312,C0066,P0049,2025-12-01,1267.09,1446
U003589,E00312,C0066,P0049,2026-01-01,1076.47,1446
U003590,E00312,C0066,P0049,2026-02-01,1162.63,1446
U003591,E00312,C0066,P0049,2026-03-01,1031.57,1446
U003592,E00312,C0066,P0049,2026-04-01,639.51,1446
U003593,E00312,C0066,P0049,2026-05-01,1271.23,1446
U003594,E00312,C0066,P0049,2026-06-01,777.62,1446
U003595,E00313,C0066,P0206,2025-07-01,3.71,5
U003596,E00313,C0066,P0206,2025-08-01,4.05,5
U003597,E00313,C0066,P0206,2025-09-01,4.22,5
U003598,E00313,C0066,P0206,2025-10-01,3.38,5
U003599,E00313,C0066,P0206,2025-11-01,4.01,5
U003600,E00313,C0066,P0206,2025-12-01,3.63,5
U003601,E00313,C0066,P0206,2026-01-01,2.91,5
U003602,E00313,C0066,P0206,2026-02-01,3.1,5
U003603,E00313,C0066,P0206,2026-03-01,2.98,5
U003604,E00313,C0066,P0206,2026-04-01,3.13,5
U003605,E00313,C0066,P0206,2026-05-01,4.39,5
U003606,E00313,C0066,P0206,2026-06-01,3.53,5
U003607,E00314,C0066,P0217,2025-07-01,5539.0,7652
U003608,E00314,C0066,P0217,2025-08-01,5904.18,7652
U003609,E00314,C0066,P0217,2025-09-01,3366.13,7652
U003610,E00314,C0066,P0217,2025-10-01,5167.41,7652
U003611,E00314,C0066,P0217,2025-11-01,6589.56,7652
U003612,E00314,C0066,P0217,2025-12-01,5443.72,7652
U003613,E00314,C0066,P0217,2026-01-01,4759.95,7652
U003614,E00314,C0066,P0217,2026-02-01,5220.8,7652
U003615,E00314,C0066,P0217,2026-03-01,5686.82,7652
U003616,E00314,C0066,P0217,2026-04-01,6238.01,7652
U003617,E00314,C0066,P0217,2026-05-01,4937.52,7652
U003618,E00314,C0066,P0217,2026-06-01,5789.74,7652
U003619,E00315,C0066,P0392,2025-10-01,494.22,477
U003620,E00315,C0066,P0392,2025-11-01,352.09,477
U003621,E00315,C0066,P0392,2025-12-01,319.79,477
U003622,E00315,C0066,P0392,2026-01-01,144.31,477
U003623,E00315,C0066,P0392,2026-02-01,371.19,477
U003624,E00315,C0066,P0392,2026-03-01,356.49,477
U003625,E00315,C0066,P0392,2026-04-01,329.78,477
U003626,E00315,C0066,P0392,2026-05-01,490.9,477
U003627,E00315,C0066,P0392,2026-06-01,433.4,477
U003628,E00316,C0067,P0330,2025-07-01,3406.48,4671
U003629,E00316,C0067,P0330,2025-08-01,2451.2,4671
U003630,E00316,C0067,P0330,2025-09-01,3210.49,4671
U003631,E00316,C0067,P0330,2025-10-01,3169.76,4671
U003632,E00316,C0067,P0330,2025-11-01,3565.44,4671
U003633,E00316,C0067,P0330,2025-12-01,3565.93,4671
U003634,E00316,C0067,P0330,2026-01-01,2643.2,4671
U003635,E00316,C0067,P0330,2026-02-01,2671.57,4671
U003636,E00316,C0067,P0330,2026-03-01,3892.15,4671
U003637,E00316,C0067,P0330,2026-04-01,2806.18,4671
U003638,E00316,C0067,P0330,2026-05-01,4242.69,4671
U003639,E00316,C0067,P0330,2026-06-01,3574.16,4671
U003640,E00317,C0067,P0221,2025-07-01,805.37,936
U003641,E00317,C0067,P0221,2025-08-01,668.9,936
U003642,E00317,C0067,P0221,2025-09-01,676.73,936
U003643,E00317,C0067,P0221,2025-10-01,846.22,936
U003644,E00317,C0067,P0221,2025-11-01,662.44,936
U003645,E00317,C0067,P0221,2025-12-01,545.63,936
U003646,E00317,C0067,P0221,2026-01-01,457.4,936
U003647,E00317,C0067,P0221,2026-02-01,700.79,936
U003648,E00317,C0067,P0221,2026-03-01,690.23,936
U003649,E00317,C0067,P0221,2026-04-01,764.07,936
U003650,E00317,C0067,P0221,2026-05-01,752.31,936
U003651,E00317,C0067,P0221,2026-06-01,538.8,936
U003652,E00318,C0067,P0278,2025-07-01,10.49,22
U003653,E00318,C0067,P0278,2025-08-01,14.5,22
U003654,E00318,C0067,P0278,2025-09-01,15.2,22
U003655,E00318,C0067,P0278,2025-10-01,14.01,22
U003656,E00318,C0067,P0278,2025-11-01,17.1,22
U003657,E00318,C0067,P0278,2025-12-01,16.64,22
U003658,E00318,C0067,P0278,2026-01-01,21.09,22
U003659,E00318,C0067,P0278,2026-02-01,18.04,22
U003660,E00318,C0067,P0278,2026-03-01,17.29,22
U003661,E00318,C0067,P0278,2026-04-01,13.48,22
U003662,E00318,C0067,P0278,2026-05-01,11.42,22
U003663,E00318,C0067,P0278,2026-06-01,16.36,22
U003664,E00319,C0067,P0460,2025-07-01,20.02,24
U003665,E00319,C0067,P0460,2025-08-01,13.94,24
U003666,E00319,C0067,P0460,2025-09-01,17.5,24
U003667,E00319,C0067,P0460,2025-10-01,13.45,24
U003668,E00319,C0067,P0460,2025-11-01,13.63,24
U003669,E00319,C0067,P0460,2025-12-01,20.24,24
U003670,E00319,C0067,P0460,2026-01-01,21.24,24
U003671,E00319,C0067,P0460,2026-02-01,17.4,24
U003672,E00319,C0067,P0460,2026-03-01,16.24,24
U003673,E00319,C0067,P0460,2026-04-01,18.23,24
U003674,E00319,C0067,P0460,2026-05-01,14.44,24
U003675,E00319,C0067,P0460,2026-06-01,17.19,24
U003676,E00320,C0068,P0074,2025-07-01,1331.86,1720
U003677,E00320,C0068,P0074,2025-08-01,1286.87,1720
U003678,E00320,C0068,P0074,2025-09-01,1206.96,1720
U003679,E00320,C0068,P0074,2025-10-01,1285.35,1720
U003680,E00320,C0068,P0074,2025-11-01,970.34,1720
U003681,E00320,C0068,P0074,2025-12-01,1660.12,1720
U003682,E00320,C0068,P0074,2026-01-01,1335.5,1720
U003683,E00320,C0068,P0074,2026-02-01,1084.95,1720
U003684,E00320,C0068,P0074,2026-03-01,905.18,1720
U003685,E00320,C0068,P0074,2026-04-01,1344.28,1720
U003686,E00320,C0068,P0074,2026-05-01,1396.58,1720
U003687,E00320,C0068,P0074,2026-06-01,1148.36,1720
U003688,E00321,C0068,P0387,2025-10-01,11.46,17
U003689,E00321,C0068,P0387,2025-11-01,15.4,17
U003690,E00321,C0068,P0387,2025-12-01,14.64,17
U003691,E00321,C0068,P0387,2026-01-01,9.35,17
U003692,E00321,C0068,P0387,2026-02-01,10.09,17
U003693,E00321,C0068,P0387,2026-03-01,9.79,17
U003694,E00321,C0068,P0387,2026-04-01,13.26,17
U003695,E00321,C0068,P0387,2026-05-01,16.01,17
U003696,E00321,C0068,P0387,2026-06-01,14.67,17
U003697,E00322,C0068,P0331,2025-07-01,169.35,272
U003698,E00322,C0068,P0331,2025-08-01,241.45,272
U003699,E00322,C0068,P0331,2025-09-01,174.71,272
U003700,E00322,C0068,P0331,2025-10-01,202.46,272
U003701,E00322,C0068,P0331,2025-11-01,183.27,272
U003702,E00322,C0068,P0331,2025-12-01,190.25,272
U003703,E00322,C0068,P0331,2026-01-01,164.15,272
U003704,E00322,C0068,P0331,2026-02-01,222.3,272
U003705,E00322,C0068,P0331,2026-03-01,217.46,272
U003706,E00322,C0068,P0331,2026-04-01,191.98,272
U003707,E00322,C0068,P0331,2026-05-01,178.56,272
U003708,E00322,C0068,P0331,2026-06-01,211.75,272
U003709,E00323,C0068,P0352,2025-07-01,1.78,2
U003710,E00323,C0068,P0352,2025-08-01,2.02,2
U003711,E00323,C0068,P0352,2025-09-01,1.34,2
U003712,E00323,C0068,P0352,2025-10-01,1.63,2
U003713,E00323,C0068,P0352,2025-11-01,1.68,2
U003714,E00323,C0068,P0352,2025-12-01,1.65,2
U003715,E00323,C0068,P0352,2026-01-01,1.39,2
U003716,E00323,C0068,P0352,2026-02-01,1.05,2
U003717,E00323,C0068,P0352,2026-03-01,1.38,2
U003718,E00323,C0068,P0352,2026-04-01,1.24,2
U003719,E00323,C0068,P0352,2026-05-01,1.18,2
U003720,E00323,C0068,P0352,2026-06-01,1.58,2
U003721,E00324,C0069,P0204,2025-07-01,7149.52,10878
U003722,E00324,C0069,P0204,2025-08-01,7572.91,10878
U003723,E00324,C0069,P0204,2025-09-01,5781.22,10878
U003724,E00324,C0069,P0204,2025-10-01,8562.38,10878
U003725,E00324,C0069,P0204,2025-11-01,8951.37,10878
U003726,E00324,C0069,P0204,2025-12-01,8166.33,10878
U003727,E00324,C0069,P0204,2026-01-01,8763.38,10878
U003728,E00324,C0069,P0204,2026-02-01,8753.82,10878
U003729,E00324,C0069,P0204,2026-03-01,9395.19,10878
U003730,E00324,C0069,P0204,2026-04-01,7817.58,10878
U003731,E00324,C0069,P0204,2026-05-01,6999.56,10878
U003732,E00324,C0069,P0204,2026-06-01,6853.18,10878
U003733,E00325,C0069,P0373,2025-07-01,4713.69,7652
U003734,E00325,C0069,P0373,2025-08-01,6680.08,7652
U003735,E00325,C0069,P0373,2025-09-01,5382.68,7652
U003736,E00325,C0069,P0373,2025-10-01,5235.43,7652
U003737,E00325,C0069,P0373,2025-11-01,5205.22,7652
U003738,E00325,C0069,P0373,2025-12-01,3000.19,7652
U003739,E00325,C0069,P0373,2026-01-01,5541.97,7652
U003740,E00325,C0069,P0373,2026-02-01,5987.05,7652
U003741,E00325,C0069,P0373,2026-03-01,5332.06,7652
U003742,E00325,C0069,P0373,2026-04-01,5303.75,7652
U003743,E00325,C0069,P0373,2026-05-01,5447.24,7652
U003744,E00325,C0069,P0373,2026-06-01,4321.66,7652
U003745,E00326,C0069,P0341,2025-07-01,162.68,297
U003746,E00326,C0069,P0341,2025-08-01,219.89,297
U003747,E00326,C0069,P0341,2025-09-01,216.8,297
U003748,E00326,C0069,P0341,2025-10-01,215.64,297
U003749,E00326,C0069,P0341,2025-11-01,255.97,297
U003750,E00326,C0069,P0341,2025-12-01,201.83,297
U003751,E00326,C0069,P0341,2026-01-01,214.25,297
U003752,E00326,C0069,P0341,2026-02-01,204.95,297
U003753,E00326,C0069,P0341,2026-03-01,264.46,297
U003754,E00326,C0069,P0341,2026-04-01,145.84,297
U003755,E00326,C0069,P0341,2026-05-01,261.95,297
U003756,E00326,C0069,P0341,2026-06-01,189.44,297
U003757,E00327,C0069,P0001,2025-07-01,11.63,17
U003758,E00327,C0069,P0001,2025-08-01,7.0,17
U003759,E00327,C0069,P0001,2025-09-01,11.93,17
U003760,E00327,C0069,P0001,2025-10-01,9.97,17
U003761,E00327,C0069,P0001,2025-11-01,12.73,17
U003762,E00327,C0069,P0001,2025-12-01,14.66,17
U003763,E00327,C0069,P0001,2026-01-01,15.54,17
U003764,E00327,C0069,P0001,2026-02-01,8.47,17
U003765,E00327,C0069,P0001,2026-03-01,10.68,17
U003766,E00327,C0069,P0001,2026-04-01,9.39,17
U003767,E00327,C0069,P0001,2026-05-01,12.82,17
U003768,E00327,C0069,P0001,2026-06-01,12.85,17
U003769,E00328,C0070,P0089,2025-07-01,502.26,593
U003770,E00328,C0070,P0089,2025-08-01,463.48,593
U003771,E00328,C0070,P0089,2025-09-01,393.9,593
U003772,E00328,C0070,P0089,2025-10-01,315.32,593
U003773,E00328,C0070,P0089,2025-11-01,394.5,593
U003774,E00328,C0070,P0089,2025-12-01,524.29,593
U003775,E00328,C0070,P0089,2026-01-01,299.99,593
U003776,E00328,C0070,P0089,2026-02-01,438.75,593
U003777,E00328,C0070,P0089,2026-03-01,393.86,593
U003778,E00328,C0070,P0089,2026-04-01,406.4,593
U003779,E00328,C0070,P0089,2026-05-01,386.37,593
U003780,E00328,C0070,P0089,2026-06-01,365.67,593
U003781,E00329,C0070,P0394,2025-07-01,157.07,187
U003782,E00329,C0070,P0394,2025-08-01,153.68,187
U003783,E00329,C0070,P0394,2025-09-01,119.21,187
U003784,E00329,C0070,P0394,2025-10-01,151.98,187
U003785,E00329,C0070,P0394,2025-11-01,123.43,187
U003786,E00329,C0070,P0394,2025-12-01,136.2,187
U003787,E00329,C0070,P0394,2026-01-01,157.94,187
U003788,E00329,C0070,P0394,2026-02-01,129.04,187
U003789,E00329,C0070,P0394,2026-03-01,137.18,187
U003790,E00329,C0070,P0394,2026-04-01,110.66,187
U003791,E00329,C0070,P0394,2026-05-01,140.68,187
U003792,E00329,C0070,P0394,2026-06-01,143.65,187
U003793,E00330,C0070,P0255,2025-07-01,875.83,1318
U003794,E00330,C0070,P0255,2025-08-01,1057.48,1318
U003795,E00330,C0070,P0255,2025-09-01,945.92,1318
U003796,E00330,C0070,P0255,2025-10-01,1028.8,1318
U003797,E00330,C0070,P0255,2025-11-01,1174.45,1318
U003798,E00330,C0070,P0255,2025-12-01,883.91,1318
U003799,E00330,C0070,P0255,2026-01-01,1082.42,1318
U003800,E00330,C0070,P0255,2026-02-01,1003.06,1318
U003801,E00330,C0070,P0255,2026-03-01,727.25,1318
U003802,E00330,C0070,P0255,2026-04-01,709.12,1318
U003803,E00330,C0070,P0255,2026-05-01,505.06,1318
U003804,E00330,C0070,P0255,2026-06-01,792.69,1318
U003805,E00331,C0070,P0026,2025-07-01,2.53,3
U003806,E00331,C0070,P0026,2025-08-01,1.73,3
U003807,E00331,C0070,P0026,2025-09-01,2.01,3
U003808,E00331,C0070,P0026,2025-10-01,2.43,3
U003809,E00331,C0070,P0026,2025-11-01,2.5,3
U003810,E00331,C0070,P0026,2025-12-01,1.77,3
U003811,E00331,C0070,P0026,2026-01-01,2.47,3
U003812,E00331,C0070,P0026,2026-02-01,2.2,3
U003813,E00331,C0070,P0026,2026-03-01,2.15,3
U003814,E00331,C0070,P0026,2026-04-01,1.94,3
U003815,E00331,C0070,P0026,2026-05-01,2.5,3
U003816,E00331,C0070,P0026,2026-06-01,2.44,3
U003817,E00332,C0071,P0116,2025-07-01,937.79,1083
U003818,E00332,C0071,P0116,2025-08-01,868.55,1083
U003819,E00332,C0071,P0116,2025-09-01,782.51,1083
U003820,E00332,C0071,P0116,2025-10-01,639.04,1083
U003821,E00332,C0071,P0116,2025-11-01,693.51,1083
U003822,E00332,C0071,P0116,2025-12-01,866.9,1083
U003823,E00332,C0071,P0116,2026-01-01,694.57,1083
U003824,E00332,C0071,P0116,2026-02-01,744.24,1083
U003825,E00332,C0071,P0116,2026-03-01,673.59,1083
U003826,E00332,C0071,P0116,2026-04-01,716.37,1083
U003827,E00332,C0071,P0116,2026-05-01,680.67,1083
U003828,E00332,C0071,P0116,2026-06-01,754.81,1083
U003829,E00333,C0071,P0057,2025-07-01,1125.53,1758
U003830,E00333,C0071,P0057,2025-08-01,1149.44,1758
U003831,E00333,C0071,P0057,2025-09-01,1504.23,1758
U003832,E00333,C0071,P0057,2025-10-01,1270.31,1758
U003833,E00333,C0071,P0057,2025-11-01,1257.53,1758
U003834,E00333,C0071,P0057,2025-12-01,1393.71,1758
U003835,E00333,C0071,P0057,2026-01-01,1094.9,1758
U003836,E00333,C0071,P0057,2026-02-01,1236.13,1758
U003837,E00333,C0071,P0057,2026-03-01,1031.96,1758
U003838,E00333,C0071,P0057,2026-04-01,1214.49,1758
U003839,E00333,C0071,P0057,2026-05-01,1448.34,1758
U003840,E00333,C0071,P0057,2026-06-01,1089.68,1758
U003841,E00334,C0071,P0317,2025-07-01,1197.2,1835
U003842,E00334,C0071,P0317,2025-08-01,1620.28,1835
U003843,E00334,C0071,P0317,2025-09-01,1352.13,1835
U003844,E00334,C0071,P0317,2025-10-01,1457.49,1835
U003845,E00334,C0071,P0317,2025-11-01,2037.7,1835
U003846,E00334,C0071,P0317,2025-12-01,1708.47,1835
U003847,E00334,C0071,P0317,2026-01-01,1423.22,1835
U003848,E00334,C0071,P0317,2026-02-01,1219.46,1835
U003849,E00334,C0071,P0317,2026-03-01,890.93,1835
U003850,E00334,C0071,P0317,2026-04-01,1344.47,1835
U003851,E00334,C0071,P0317,2026-05-01,1271.67,1835
U003852,E00334,C0071,P0317,2026-06-01,1487.65,1835
U003853,E00335,C0071,P0007,2025-07-01,19.86,28
U003854,E00335,C0071,P0007,2025-08-01,22.59,28
U003855,E00335,C0071,P0007,2025-09-01,17.81,28
U003856,E00335,C0071,P0007,2025-10-01,22.1,28
U003857,E00335,C0071,P0007,2025-11-01,18.07,28
U003858,E00335,C0071,P0007,2025-12-01,16.48,28
U003859,E00335,C0071,P0007,2026-01-01,16.5,28
U003860,E00335,C0071,P0007,2026-02-01,22.6,28
U003861,E00335,C0071,P0007,2026-03-01,25.73,28
U003862,E00335,C0071,P0007,2026-04-01,21.43,28
U003863,E00335,C0071,P0007,2026-05-01,19.3,28
U003864,E00335,C0071,P0007,2026-06-01,20.7,28
U003865,E00336,C0071,P0482,2025-07-01,5501.71,8545
U003866,E00336,C0071,P0482,2025-08-01,4187.4,8545
U003867,E00336,C0071,P0482,2025-09-01,4774.02,8545
U003868,E00336,C0071,P0482,2025-10-01,5062.26,8545
U003869,E00336,C0071,P0482,2025-11-01,5304.66,8545
U003870,E00336,C0071,P0482,2025-12-01,7557.91,8545
U003871,E00336,C0071,P0482,2026-01-01,5765.12,8545
U003872,E00336,C0071,P0482,2026-02-01,4003.16,8545
U003873,E00336,C0071,P0482,2026-03-01,8431.32,8545
U003874,E00336,C0071,P0482,2026-04-01,8700.58,8545
U003875,E00336,C0071,P0482,2026-05-01,5392.41,8545
U003876,E00336,C0071,P0482,2026-06-01,5457.26,8545
U003877,E00337,C0071,P0496,2025-09-01,305.77,488
U003878,E00337,C0071,P0496,2025-10-01,384.59,488
U003879,E00337,C0071,P0496,2025-11-01,406.62,488
U003880,E00337,C0071,P0496,2025-12-01,319.48,488
U003881,E00337,C0071,P0496,2026-01-01,296.35,488
U003882,E00337,C0071,P0496,2026-02-01,430.48,488
U003883,E00337,C0071,P0496,2026-03-01,396.62,488
U003884,E00337,C0071,P0496,2026-04-01,318.15,488
U003885,E00337,C0071,P0496,2026-05-01,388.88,488
U003886,E00337,C0071,P0496,2026-06-01,294.83,488
U003887,E00338,C0071,P0267,2025-07-01,22.19,24
U003888,E00338,C0071,P0267,2025-08-01,21.79,24
U003889,E00338,C0071,P0267,2025-09-01,16.73,24
U003890,E00338,C0071,P0267,2025-10-01,20.4,24
U003891,E00338,C0071,P0267,2025-11-01,21.16,24
U003892,E00338,C0071,P0267,2025-12-01,18.04,24
U003893,E00338,C0071,P0267,2026-01-01,21.88,24
U003894,E00338,C0071,P0267,2026-02-01,17.94,24
U003895,E00338,C0071,P0267,2026-03-01,14.76,24
U003896,E00338,C0071,P0267,2026-04-01,13.16,24
U003897,E00338,C0071,P0267,2026-05-01,21.88,24
U003898,E00338,C0071,P0267,2026-06-01,15.46,24
U003899,E00339,C0072,P0377,2025-07-01,715.15,1031
U003900,E00339,C0072,P0377,2025-08-01,530.97,1031
U003901,E00339,C0072,P0377,2025-09-01,769.17,1031
U003902,E00339,C0072,P0377,2025-10-01,700.36,1031
U003903,E00339,C0072,P0377,2025-11-01,905.54,1031
U003904,E00339,C0072,P0377,2025-12-01,942.5,1031
U003905,E00339,C0072,P0377,2026-01-01,1016.25,1031
U003906,E00339,C0072,P0377,2026-02-01,767.17,1031
U003907,E00339,C0072,P0377,2026-03-01,695.65,1031
U003908,E00339,C0072,P0377,2026-04-01,810.2,1031
U003909,E00339,C0072,P0377,2026-05-01,675.66,1031
U003910,E00339,C0072,P0377,2026-06-01,859.9,1031
U003911,E00340,C0072,P0253,2025-07-01,2.0,3
U003912,E00340,C0072,P0253,2025-08-01,2.48,3
U003913,E00340,C0072,P0253,2025-09-01,2.33,3
U003914,E00340,C0072,P0253,2025-10-01,1.44,3
U003915,E00340,C0072,P0253,2025-11-01,2.07,3
U003916,E00340,C0072,P0253,2025-12-01,1.97,3
U003917,E00340,C0072,P0253,2026-01-01,1.79,3
U003918,E00340,C0072,P0253,2026-02-01,2.73,3
U003919,E00340,C0072,P0253,2026-03-01,2.15,3
U003920,E00340,C0072,P0253,2026-04-01,2.19,3
U003921,E00340,C0072,P0253,2026-05-01,2.19,3
U003922,E00340,C0072,P0253,2026-06-01,2.17,3
U003923,E00341,C0072,P0096,2025-07-01,6284.42,8950
U003924,E00341,C0072,P0096,2025-08-01,6307.98,8950
U003925,E00341,C0072,P0096,2025-09-01,8013.32,8950
U003926,E00341,C0072,P0096,2025-10-01,5991.73,8950
U003927,E00341,C0072,P0096,2025-11-01,7597.65,8950
U003928,E00341,C0072,P0096,2025-12-01,5795.55,8950
U003929,E00341,C0072,P0096,2026-01-01,6554.16,8950
U003930,E00341,C0072,P0096,2026-02-01,7893.44,8950
U003931,E00341,C0072,P0096,2026-03-01,7332.21,8950
U003932,E00341,C0072,P0096,2026-04-01,7050.77,8950
U003933,E00341,C0072,P0096,2026-05-01,7435.2,8950
U003934,E00341,C0072,P0096,2026-06-01,6698.76,8950
U003935,E00342,C0072,P0054,2025-07-01,18.95,26
U003936,E00342,C0072,P0054,2025-08-01,21.36,26
U003937,E00342,C0072,P0054,2025-09-01,12.67,26
U003938,E00342,C0072,P0054,2025-10-01,19.23,26
U003939,E00342,C0072,P0054,2025-11-01,14.69,26
U003940,E00342,C0072,P0054,2025-12-01,18.94,26
U003941,E00342,C0072,P0054,2026-01-01,15.76,26
U003942,E00342,C0072,P0054,2026-02-01,23.15,26
U003943,E00342,C0072,P0054,2026-03-01,20.5,26
U003944,E00342,C0072,P0054,2026-04-01,15.54,26
U003945,E00342,C0072,P0054,2026-05-01,19.46,26
U003946,E00342,C0072,P0054,2026-06-01,24.97,26
U003947,E00343,C0072,P0019,2025-07-01,220.02,244
U003948,E00343,C0072,P0019,2025-08-01,155.39,244
U003949,E00343,C0072,P0019,2025-09-01,168.25,244
U003950,E00343,C0072,P0019,2025-10-01,181.98,244
U003951,E00343,C0072,P0019,2025-11-01,202.41,244
U003952,E00343,C0072,P0019,2025-12-01,202.92,244
U003953,E00343,C0072,P0019,2026-01-01,203.5,244
U003954,E00343,C0072,P0019,2026-02-01,194.08,244
U003955,E00343,C0072,P0019,2026-03-01,165.67,244
U003956,E00343,C0072,P0019,2026-04-01,221.04,244
U003957,E00343,C0072,P0019,2026-05-01,175.09,244
U003958,E00343,C0072,P0019,2026-06-01,167.91,244
U003959,E00344,C0072,P0214,2025-07-01,9.8,14
U003960,E00344,C0072,P0214,2025-08-01,10.94,14
U003961,E00344,C0072,P0214,2025-09-01,8.69,14
U003962,E00344,C0072,P0214,2025-10-01,8.08,14
U003963,E00344,C0072,P0214,2025-11-01,12.5,14
U003964,E00344,C0072,P0214,2025-12-01,9.65,14
U003965,E00344,C0072,P0214,2026-01-01,10.18,14
U003966,E00344,C0072,P0214,2026-02-01,13.28,14
U003967,E00344,C0072,P0214,2026-03-01,12.7,14
U003968,E00344,C0072,P0214,2026-04-01,10.61,14
U003969,E00344,C0072,P0214,2026-05-01,12.04,14
U003970,E00344,C0072,P0214,2026-06-01,8.21,14
U003971,E00345,C0072,P0432,2025-07-01,1211.15,1609
U003972,E00345,C0072,P0432,2025-08-01,1168.11,1609
U003973,E00345,C0072,P0432,2025-09-01,1256.95,1609
U003974,E00345,C0072,P0432,2025-10-01,1067.77,1609
U003975,E00345,C0072,P0432,2025-11-01,1211.77,1609
U003976,E00345,C0072,P0432,2025-12-01,967.94,1609
U003977,E00345,C0072,P0432,2026-01-01,1227.83,1609
U003978,E00345,C0072,P0432,2026-02-01,1428.54,1609
U003979,E00345,C0072,P0432,2026-03-01,1051.72,1609
U003980,E00345,C0072,P0432,2026-04-01,1194.22,1609
U003981,E00345,C0072,P0432,2026-05-01,819.32,1609
U003982,E00345,C0072,P0432,2026-06-01,938.38,1609
U003983,E00346,C0073,P0191,2025-07-01,7.5,9
U003984,E00346,C0073,P0191,2025-08-01,5.22,9
U003985,E00346,C0073,P0191,2025-09-01,5.26,9
U003986,E00346,C0073,P0191,2025-10-01,6.56,9
U003987,E00346,C0073,P0191,2025-11-01,7.52,9
U003988,E00346,C0073,P0191,2025-12-01,7.46,9
U003989,E00346,C0073,P0191,2026-01-01,6.23,9
U003990,E00346,C0073,P0191,2026-02-01,6.58,9
U003991,E00346,C0073,P0191,2026-03-01,8.48,9
U003992,E00346,C0073,P0191,2026-04-01,8.25,9
U003993,E00346,C0073,P0191,2026-05-01,7.99,9
U003994,E00346,C0073,P0191,2026-06-01,6.41,9
U003995,E00347,C0073,P0302,2025-07-01,176.58,201
U003996,E00347,C0073,P0302,2025-08-01,144.1,201
U003997,E00347,C0073,P0302,2025-09-01,163.77,201
U003998,E00347,C0073,P0302,2025-10-01,179.9,201
U003999,E00347,C0073,P0302,2025-11-01,138.12,201
U004000,E00347,C0073,P0302,2025-12-01,163.55,201
U004001,E00347,C0073,P0302,2026-01-01,114.7,201
U004002,E00347,C0073,P0302,2026-02-01,175.06,201
U004003,E00347,C0073,P0302,2026-03-01,127.27,201
U004004,E00347,C0073,P0302,2026-04-01,193.59,201
U004005,E00347,C0073,P0302,2026-05-01,157.83,201
U004006,E00347,C0073,P0302,2026-06-01,146.36,201
U004007,E00348,C0073,P0457,2025-07-01,1143.51,1488
U004008,E00348,C0073,P0457,2025-08-01,1266.14,1488
U004009,E00348,C0073,P0457,2025-09-01,1074.06,1488
U004010,E00348,C0073,P0457,2025-10-01,1251.87,1488
U004011,E00348,C0073,P0457,2025-11-01,1243.12,1488
U004012,E00348,C0073,P0457,2025-12-01,1059.0,1488
U004013,E00348,C0073,P0457,2026-01-01,925.61,1488
U004014,E00348,C0073,P0457,2026-02-01,983.04,1488
U004015,E00348,C0073,P0457,2026-03-01,1245.01,1488
U004016,E00348,C0073,P0457,2026-04-01,1257.97,1488
U004017,E00348,C0073,P0457,2026-05-01,1070.22,1488
U004018,E00348,C0073,P0457,2026-06-01,1161.16,1488
U004019,E00349,C0073,P0442,2025-07-01,618.47,877
U004020,E00349,C0073,P0442,2025-08-01,556.8,877
U004021,E00349,C0073,P0442,2025-09-01,708.45,877
U004022,E00349,C0073,P0442,2025-10-01,721.56,877
U004023,E00349,C0073,P0442,2025-11-01,428.46,877
U004024,E00349,C0073,P0442,2025-12-01,579.52,877
U004025,E00349,C0073,P0442,2026-01-01,548.52,877
U004026,E00349,C0073,P0442,2026-02-01,714.41,877
U004027,E00349,C0073,P0442,2026-03-01,580.73,877
U004028,E00349,C0073,P0442,2026-04-01,594.44,877
U004029,E00349,C0073,P0442,2026-05-01,483.25,877
U004030,E00349,C0073,P0442,2026-06-01,552.71,877
U004031,E00350,C0074,P0399,2025-07-01,4.97,8
U004032,E00350,C0074,P0399,2025-08-01,7.59,8
U004033,E00350,C0074,P0399,2025-09-01,6.47,8
U004034,E00350,C0074,P0399,2025-10-01,6.85,8
U004035,E00350,C0074,P0399,2025-11-01,7.74,8
U004036,E00350,C0074,P0399,2025-12-01,4.77,8
U004037,E00350,C0074,P0399,2026-01-01,5.3,8
U004038,E00350,C0074,P0399,2026-02-01,6.49,8
U004039,E00350,C0074,P0399,2026-03-01,5.59,8
U004040,E00350,C0074,P0399,2026-04-01,8.24,8
U004041,E00350,C0074,P0399,2026-05-01,4.67,8
U004042,E00350,C0074,P0399,2026-06-01,4.65,8
U004043,E00351,C0074,P0132,2025-07-01,87.81,111
U004044,E00351,C0074,P0132,2025-08-01,79.06,111
U004045,E00351,C0074,P0132,2025-09-01,71.79,111
U004046,E00351,C0074,P0132,2025-10-01,72.44,111
U004047,E00351,C0074,P0132,2025-11-01,81.86,111
U004048,E00351,C0074,P0132,2025-12-01,91.04,111
U004049,E00351,C0074,P0132,2026-01-01,79.58,111
U004050,E00351,C0074,P0132,2026-02-01,78.05,111
U004051,E00351,C0074,P0132,2026-03-01,81.84,111
U004052,E00351,C0074,P0132,2026-04-01,47.35,111
U004053,E00351,C0074,P0132,2026-05-01,96.3,111
U004054,E00351,C0074,P0132,2026-06-01,100.05,111
U004055,E00352,C0074,P0076,2025-07-01,14.28,16
U004056,E00352,C0074,P0076,2025-08-01,11.8,16
U004057,E00352,C0074,P0076,2025-09-01,10.44,16
U004058,E00352,C0074,P0076,2025-10-01,15.76,16
U004059,E00352,C0074,P0076,2025-11-01,10.56,16
U004060,E00352,C0074,P0076,2025-12-01,13.79,16
U004061,E00352,C0074,P0076,2026-01-01,13.78,16
U004062,E00352,C0074,P0076,2026-02-01,11.17,16
U004063,E00352,C0074,P0076,2026-03-01,9.85,16
U004064,E00352,C0074,P0076,2026-04-01,10.31,16
U004065,E00352,C0074,P0076,2026-05-01,9.46,16
U004066,E00352,C0074,P0076,2026-06-01,10.95,16
U004067,E00353,C0074,P0128,2025-07-01,2.71,4
U004068,E00353,C0074,P0128,2025-08-01,3.68,4
U004069,E00353,C0074,P0128,2025-09-01,2.78,4
U004070,E00353,C0074,P0128,2025-10-01,3.43,4
U004071,E00353,C0074,P0128,2025-11-01,3.44,4
U004072,E00353,C0074,P0128,2025-12-01,2.64,4
U004073,E00353,C0074,P0128,2026-01-01,3.17,4
U004074,E00353,C0074,P0128,2026-02-01,3.11,4
U004075,E00353,C0074,P0128,2026-03-01,3.41,4
U004076,E00353,C0074,P0128,2026-04-01,2.76,4
U004077,E00353,C0074,P0128,2026-05-01,3.06,4
U004078,E00353,C0074,P0128,2026-06-01,3.08,4
U004079,E00354,C0074,P0268,2025-07-01,115.48,178
U004080,E00354,C0074,P0268,2025-08-01,87.18,178
U004081,E00354,C0074,P0268,2025-09-01,152.87,178
U004082,E00354,C0074,P0268,2025-10-01,106.04,178
U004083,E00354,C0074,P0268,2025-11-01,188.3,178
U004084,E00354,C0074,P0268,2025-12-01,128.17,178
U004085,E00354,C0074,P0268,2026-01-01,104.52,178
U004086,E00354,C0074,P0268,2026-02-01,137.07,178
U004087,E00354,C0074,P0268,2026-03-01,128.08,178
U004088,E00354,C0074,P0268,2026-04-01,177.94,178
U004089,E00354,C0074,P0268,2026-05-01,118.3,178
U004090,E00354,C0074,P0268,2026-06-01,107.45,178
U004091,E00355,C0075,P0150,2025-07-01,154.17,200
U004092,E00355,C0075,P0150,2025-08-01,167.05,200
U004093,E00355,C0075,P0150,2025-09-01,142.96,200
U004094,E00355,C0075,P0150,2025-10-01,137.49,200
U004095,E00355,C0075,P0150,2025-11-01,102.54,200
U004096,E00355,C0075,P0150,2025-12-01,127.44,200
U004097,E00355,C0075,P0150,2026-01-01,107.01,200
U004098,E00355,C0075,P0150,2026-02-01,139.54,200
U004099,E00355,C0075,P0150,2026-03-01,147.85,200
U004100,E00355,C0075,P0150,2026-04-01,201.63,200
U004101,E00355,C0075,P0150,2026-05-01,148.68,200
U004102,E00355,C0075,P0150,2026-06-01,160.71,200
U004103,E00356,C0075,P0302,2025-07-01,212.34,314
U004104,E00356,C0075,P0302,2025-08-01,203.58,314
U004105,E00356,C0075,P0302,2025-09-01,314.16,314
U004106,E00356,C0075,P0302,2025-10-01,235.38,314
U004107,E00356,C0075,P0302,2025-11-01,273.2,314
U004108,E00356,C0075,P0302,2025-12-01,265.5,314
U004109,E00356,C0075,P0302,2026-01-01,209.83,314
U004110,E00356,C0075,P0302,2026-02-01,263.09,314
U004111,E00356,C0075,P0302,2026-03-01,216.26,314
U004112,E00356,C0075,P0302,2026-04-01,167.04,314
U004113,E00356,C0075,P0302,2026-05-01,148.89,314
U004114,E00356,C0075,P0302,2026-06-01,265.76,314
U004115,E00357,C0075,P0143,2025-07-01,54.37,78
U004116,E00357,C0075,P0143,2025-08-01,52.98,78
U004117,E00357,C0075,P0143,2025-09-01,70.01,78
U004118,E00357,C0075,P0143,2025-10-01,59.37,78
U004119,E00357,C0075,P0143,2025-11-01,68.69,78
U004120,E00357,C0075,P0143,2025-12-01,34.76,78
U004121,E00357,C0075,P0143,2026-01-01,56.5,78
U004122,E00357,C0075,P0143,2026-02-01,62.01,78
U004123,E00357,C0075,P0143,2026-03-01,86.55,78
U004124,E00357,C0075,P0143,2026-04-01,63.23,78
U004125,E00357,C0075,P0143,2026-05-01,36.17,78
U004126,E00357,C0075,P0143,2026-06-01,52.52,78
U004127,E00358,C0075,P0437,2025-07-01,320.66,396
U004128,E00358,C0075,P0437,2025-08-01,265.2,396
U004129,E00358,C0075,P0437,2025-09-01,286.96,396
U004130,E00358,C0075,P0437,2025-10-01,297.68,396
U004131,E00358,C0075,P0437,2025-11-01,239.3,396
U004132,E00358,C0075,P0437,2025-12-01,277.88,396
U004133,E00358,C0075,P0437,2026-01-01,332.94,396
U004134,E00358,C0075,P0437,2026-02-01,282.62,396
U004135,E00358,C0075,P0437,2026-03-01,248.35,396
U004136,E00358,C0075,P0437,2026-04-01,319.71,396
U004137,E00358,C0075,P0437,2026-05-01,317.88,396
U004138,E00358,C0075,P0437,2026-06-01,220.87,396
U004139,E00359,C0075,P0255,2025-07-01,1137.84,1443
U004140,E00359,C0075,P0255,2025-08-01,1187.63,1443
U004141,E00359,C0075,P0255,2025-09-01,744.13,1443
U004142,E00359,C0075,P0255,2025-10-01,1363.77,1443
U004143,E00359,C0075,P0255,2025-11-01,925.79,1443
U004144,E00359,C0075,P0255,2025-12-01,1246.63,1443
U004145,E00359,C0075,P0255,2026-01-01,1076.93,1443
U004146,E00359,C0075,P0255,2026-02-01,1149.12,1443
U004147,E00359,C0075,P0255,2026-03-01,956.53,1443
U004148,E00359,C0075,P0255,2026-04-01,1149.67,1443
U004149,E00359,C0075,P0255,2026-05-01,1191.65,1443
U004150,E00359,C0075,P0255,2026-06-01,739.54,1443
U004151,E00360,C0076,P0352,2025-07-01,11.23,17
U004152,E00360,C0076,P0352,2025-08-01,15.75,17
U004153,E00360,C0076,P0352,2025-09-01,10.42,17
U004154,E00360,C0076,P0352,2025-10-01,13.7,17
U004155,E00360,C0076,P0352,2025-11-01,11.18,17
U004156,E00360,C0076,P0352,2025-12-01,13.12,17
U004157,E00360,C0076,P0352,2026-01-01,12.98,17
U004158,E00360,C0076,P0352,2026-02-01,9.36,17
U004159,E00360,C0076,P0352,2026-03-01,13.98,17
U004160,E00360,C0076,P0352,2026-04-01,6.88,17
U004161,E00360,C0076,P0352,2026-05-01,10.89,17
U004162,E00360,C0076,P0352,2026-06-01,12.51,17
U004163,E00361,C0076,P0100,2025-07-01,19.67,25
U004164,E00361,C0076,P0100,2025-08-01,9.61,25
U004165,E00361,C0076,P0100,2025-09-01,18.43,25
U004166,E00361,C0076,P0100,2025-10-01,11.21,25
U004167,E00361,C0076,P0100,2025-11-01,19.45,25
U004168,E00361,C0076,P0100,2025-12-01,12.43,25
U004169,E00361,C0076,P0100,2026-01-01,16.23,25
U004170,E00361,C0076,P0100,2026-02-01,15.71,25
U004171,E00361,C0076,P0100,2026-03-01,17.32,25
U004172,E00361,C0076,P0100,2026-04-01,20.22,25
U004173,E00361,C0076,P0100,2026-05-01,20.59,25
U004174,E00361,C0076,P0100,2026-06-01,23.08,25
U004175,E00362,C0076,P0049,2025-07-01,1412.06,1711
U004176,E00362,C0076,P0049,2025-08-01,1175.23,1711
U004177,E00362,C0076,P0049,2025-09-01,874.59,1711
U004178,E00362,C0076,P0049,2025-10-01,1233.63,1711
U004179,E00362,C0076,P0049,2025-11-01,1374.02,1711
U004180,E00362,C0076,P0049,2025-12-01,1133.19,1711
U004181,E00362,C0076,P0049,2026-01-01,1175.99,1711
U004182,E00362,C0076,P0049,2026-02-01,1116.29,1711
U004183,E00362,C0076,P0049,2026-03-01,1339.87,1711
U004184,E00362,C0076,P0049,2026-04-01,1271.79,1711
U004185,E00362,C0076,P0049,2026-05-01,1392.35,1711
U004186,E00362,C0076,P0049,2026-06-01,1459.76,1711
U004187,E00363,C0076,P0481,2025-07-01,1182.9,1361
U004188,E00363,C0076,P0481,2025-08-01,909.11,1361
U004189,E00363,C0076,P0481,2025-09-01,1054.99,1361
U004190,E00363,C0076,P0481,2025-10-01,907.48,1361
U004191,E00363,C0076,P0481,2025-11-01,1187.36,1361
U004192,E00363,C0076,P0481,2025-12-01,1116.25,1361
U004193,E00363,C0076,P0481,2026-01-01,1028.9,1361
U004194,E00363,C0076,P0481,2026-02-01,1193.76,1361
U004195,E00363,C0076,P0481,2026-03-01,610.07,1361
U004196,E00363,C0076,P0481,2026-04-01,967.24,1361
U004197,E00363,C0076,P0481,2026-05-01,1068.53,1361
U004198,E00363,C0076,P0481,2026-06-01,932.66,1361
U004199,E00364,C0077,P0123,2025-07-01,792.14,1666
U004200,E00364,C0077,P0123,2025-08-01,986.04,1666
U004201,E00364,C0077,P0123,2025-09-01,1198.84,1666
U004202,E00364,C0077,P0123,2025-10-01,1264.88,1666
U004203,E00364,C0077,P0123,2025-11-01,1207.23,1666
U004204,E00364,C0077,P0123,2025-12-01,1324.01,1666
U004205,E00364,C0077,P0123,2026-01-01,1393.18,1666
U004206,E00364,C0077,P0123,2026-02-01,1055.6,1666
U004207,E00364,C0077,P0123,2026-03-01,1520.21,1666
U004208,E00364,C0077,P0123,2026-04-01,1214.66,1666
U004209,E00364,C0077,P0123,2026-05-01,999.95,1666
U004210,E00364,C0077,P0123,2026-06-01,591.16,1666
U004211,E00365,C0077,P0163,2025-07-01,2521.73,4246
U004212,E00365,C0077,P0163,2025-08-01,1858.63,4246
U004213,E00365,C0077,P0163,2025-09-01,3393.63,4246
U004214,E00365,C0077,P0163,2025-10-01,3030.06,4246
U004215,E00365,C0077,P0163,2025-11-01,3403.73,4246
U004216,E00365,C0077,P0163,2025-12-01,2141.81,4246
U004217,E00365,C0077,P0163,2026-01-01,3569.27,4246
U004218,E00365,C0077,P0163,2026-02-01,3640.54,4246
U004219,E00365,C0077,P0163,2026-03-01,2404.76,4246
U004220,E00365,C0077,P0163,2026-04-01,2250.24,4246
U004221,E00365,C0077,P0163,2026-05-01,2657.57,4246
U004222,E00365,C0077,P0163,2026-06-01,3963.14,4246
U004223,E00366,C0077,P0028,2025-08-01,3224.21,3489
U004224,E00366,C0077,P0028,2025-09-01,2549.84,3489
U004225,E00366,C0077,P0028,2025-10-01,2256.73,3489
U004226,E00366,C0077,P0028,2025-11-01,2029.13,3489
U004227,E00366,C0077,P0028,2025-12-01,2395.94,3489
U004228,E00366,C0077,P0028,2026-01-01,2211.5,3489
U004229,E00366,C0077,P0028,2026-02-01,3155.14,3489
U004230,E00366,C0077,P0028,2026-03-01,2938.71,3489
U004231,E00366,C0077,P0028,2026-04-01,2498.69,3489
U004232,E00366,C0077,P0028,2026-05-01,1713.79,3489
U004233,E00366,C0077,P0028,2026-06-01,1949.05,3489
U004234,E00367,C0077,P0086,2025-07-01,4688.81,6333
U004235,E00367,C0077,P0086,2025-08-01,4012.36,6333
U004236,E00367,C0077,P0086,2025-09-01,3630.13,6333
U004237,E00367,C0077,P0086,2025-10-01,5124.81,6333
U004238,E00367,C0077,P0086,2025-11-01,4077.96,6333
U004239,E00367,C0077,P0086,2025-12-01,3913.44,6333
U004240,E00367,C0077,P0086,2026-01-01,5179.99,6333
U004241,E00367,C0077,P0086,2026-02-01,4831.89,6333
U004242,E00367,C0077,P0086,2026-03-01,4343.57,6333
U004243,E00367,C0077,P0086,2026-04-01,5257.58,6333
U004244,E00367,C0077,P0086,2026-05-01,5896.21,6333
U004245,E00367,C0077,P0086,2026-06-01,5321.12,6333
U004246,E00368,C0077,P0360,2025-07-01,169.07,273
U004247,E00368,C0077,P0360,2025-08-01,296.08,273
U004248,E00368,C0077,P0360,2025-09-01,200.9,273
U004249,E00368,C0077,P0360,2025-10-01,109.85,273
U004250,E00368,C0077,P0360,2025-11-01,182.6,273
U004251,E00368,C0077,P0360,2025-12-01,163.61,273
U004252,E00368,C0077,P0360,2026-01-01,226.27,273
U004253,E00368,C0077,P0360,2026-02-01,186.95,273
U004254,E00368,C0077,P0360,2026-03-01,186.91,273
U004255,E00368,C0077,P0360,2026-04-01,216.73,273
U004256,E00368,C0077,P0360,2026-05-01,204.33,273
U004257,E00368,C0077,P0360,2026-06-01,209.14,273
U004258,E00369,C0078,P0425,2025-09-01,624.41,1113
U004259,E00369,C0078,P0425,2025-10-01,937.24,1113
U004260,E00369,C0078,P0425,2025-11-01,518.27,1113
U004261,E00369,C0078,P0425,2025-12-01,1029.49,1113
U004262,E00369,C0078,P0425,2026-01-01,594.85,1113
U004263,E00369,C0078,P0425,2026-02-01,691.83,1113
U004264,E00369,C0078,P0425,2026-03-01,882.47,1113
U004265,E00369,C0078,P0425,2026-04-01,737.59,1113
U004266,E00369,C0078,P0425,2026-05-01,650.94,1113
U004267,E00369,C0078,P0425,2026-06-01,797.57,1113
U004268,E00370,C0078,P0285,2025-07-01,264.53,413
U004269,E00370,C0078,P0285,2025-08-01,348.4,413
U004270,E00370,C0078,P0285,2025-09-01,245.16,413
U004271,E00370,C0078,P0285,2025-10-01,285.58,413
U004272,E00370,C0078,P0285,2025-11-01,297.34,413
U004273,E00370,C0078,P0285,2025-12-01,343.21,413
U004274,E00370,C0078,P0285,2026-01-01,342.82,413
U004275,E00370,C0078,P0285,2026-02-01,211.15,413
U004276,E00370,C0078,P0285,2026-03-01,275.33,413
U004277,E00370,C0078,P0285,2026-04-01,327.49,413
U004278,E00370,C0078,P0285,2026-05-01,285.41,413
U004279,E00370,C0078,P0285,2026-06-01,376.74,413
U004280,E00371,C0078,P0160,2025-10-01,303.07,363
U004281,E00371,C0078,P0160,2025-11-01,321.71,363
U004282,E00371,C0078,P0160,2025-12-01,273.59,363
U004283,E00371,C0078,P0160,2026-01-01,241.72,363
U004284,E00371,C0078,P0160,2026-02-01,236.03,363
U004285,E00371,C0078,P0160,2026-03-01,250.26,363
U004286,E00371,C0078,P0160,2026-04-01,249.47,363
U004287,E00371,C0078,P0160,2026-05-01,276.42,363
U004288,E00371,C0078,P0160,2026-06-01,191.33,363
U004289,E00372,C0079,P0400,2025-07-01,6232.5,8015
U004290,E00372,C0079,P0400,2025-08-01,5643.96,8015
U004291,E00372,C0079,P0400,2025-09-01,5777.89,8015
U004292,E00372,C0079,P0400,2025-10-01,5679.54,8015
U004293,E00372,C0079,P0400,2025-11-01,4879.19,8015
U004294,E00372,C0079,P0400,2025-12-01,6581.97,8015
U004295,E00372,C0079,P0400,2026-01-01,5980.6,8015
U004296,E00372,C0079,P0400,2026-02-01,4654.27,8015
U004297,E00372,C0079,P0400,2026-03-01,6438.72,8015
U004298,E00372,C0079,P0400,2026-04-01,4769.71,8015
U004299,E00372,C0079,P0400,2026-05-01,7425.05,8015
U004300,E00372,C0079,P0400,2026-06-01,7289.2,8015
U004301,E00373,C0079,P0156,2025-07-01,103.18,121
U004302,E00373,C0079,P0156,2025-08-01,103.54,121
U004303,E00373,C0079,P0156,2025-09-01,85.91,121
U004304,E00373,C0079,P0156,2025-10-01,91.56,121
U004305,E00373,C0079,P0156,2025-11-01,111.9,121
U004306,E00373,C0079,P0156,2025-12-01,85.46,121
U004307,E00373,C0079,P0156,2026-01-01,92.12,121
U004308,E00373,C0079,P0156,2026-02-01,84.47,121
U004309,E00373,C0079,P0156,2026-03-01,88.44,121
U004310,E00373,C0079,P0156,2026-04-01,106.32,121
U004311,E00373,C0079,P0156,2026-05-01,106.59,121
U004312,E00373,C0079,P0156,2026-06-01,111.62,121
U004313,E00374,C0079,P0452,2025-07-01,9.76,10
U004314,E00374,C0079,P0452,2025-08-01,7.63,10
U004315,E00374,C0079,P0452,2025-09-01,6.38,10
U004316,E00374,C0079,P0452,2025-10-01,7.05,10
U004317,E00374,C0079,P0452,2025-11-01,7.84,10
U004318,E00374,C0079,P0452,2025-12-01,5.38,10
U004319,E00374,C0079,P0452,2026-01-01,7.35,10
U004320,E00374,C0079,P0452,2026-02-01,8.77,10
U004321,E00374,C0079,P0452,2026-03-01,7.09,10
U004322,E00374,C0079,P0452,2026-04-01,6.75,10
U004323,E00374,C0079,P0452,2026-05-01,9.06,10
U004324,E00374,C0079,P0452,2026-06-01,6.46,10
U004325,E00375,C0079,P0073,2025-10-01,19.8,23
U004326,E00375,C0079,P0073,2025-11-01,18.23,23
U004327,E00375,C0079,P0073,2025-12-01,17.22,23
U004328,E00375,C0079,P0073,2026-01-01,14.18,23
U004329,E00375,C0079,P0073,2026-02-01,20.66,23
U004330,E00375,C0079,P0073,2026-03-01,15.78,23
U004331,E00375,C0079,P0073,2026-04-01,18.23,23
U004332,E00375,C0079,P0073,2026-05-01,23.38,23
U004333,E00375,C0079,P0073,2026-06-01,15.18,23
U004334,E00376,C0079,P0095,2025-09-01,635.7,625
U004335,E00376,C0079,P0095,2025-10-01,525.02,625
U004336,E00376,C0079,P0095,2025-11-01,500.86,625
U004337,E00376,C0079,P0095,2025-12-01,518.05,625
U004338,E00376,C0079,P0095,2026-01-01,630.25,625
U004339,E00376,C0079,P0095,2026-02-01,288.27,625
U004340,E00376,C0079,P0095,2026-03-01,411.64,625
U004341,E00376,C0079,P0095,2026-04-01,608.71,625
U004342,E00376,C0079,P0095,2026-05-01,405.78,625
U004343,E00376,C0079,P0095,2026-06-01,504.28,625
U004344,E00377,C0079,P0417,2025-07-01,13.44,18
U004345,E00377,C0079,P0417,2025-08-01,12.28,18
U004346,E00377,C0079,P0417,2025-09-01,11.41,18
U004347,E00377,C0079,P0417,2025-10-01,15.91,18
U004348,E00377,C0079,P0417,2025-11-01,14.21,18
U004349,E00377,C0079,P0417,2025-12-01,11.31,18
U004350,E00377,C0079,P0417,2026-01-01,12.36,18
U004351,E00377,C0079,P0417,2026-02-01,11.81,18
U004352,E00377,C0079,P0417,2026-03-01,9.91,18
U004353,E00377,C0079,P0417,2026-04-01,15.38,18
U004354,E00377,C0079,P0417,2026-05-01,13.28,18
U004355,E00377,C0079,P0417,2026-06-01,13.15,18
U004356,E00378,C0079,P0139,2025-07-01,0.46,1
U004357,E00378,C0079,P0139,2025-08-01,0.86,1
U004358,E00378,C0079,P0139,2025-09-01,0.59,1
U004359,E00378,C0079,P0139,2025-10-01,0.75,1
U004360,E00378,C0079,P0139,2025-11-01,0.81,1
U004361,E00378,C0079,P0139,2025-12-01,0.75,1
U004362,E00378,C0079,P0139,2026-01-01,0.8,1
U004363,E00378,C0079,P0139,2026-02-01,0.91,1
U004364,E00378,C0079,P0139,2026-03-01,0.8,1
U004365,E00378,C0079,P0139,2026-04-01,0.59,1
U004366,E00378,C0079,P0139,2026-05-01,0.64,1
U004367,E00378,C0079,P0139,2026-06-01,0.61,1
U004368,E00379,C0080,P0413,2025-07-01,15.18,18
U004369,E00379,C0080,P0413,2025-08-01,15.24,18
U004370,E00379,C0080,P0413,2025-09-01,13.87,18
U004371,E00379,C0080,P0413,2025-10-01,9.8,18
U004372,E00379,C0080,P0413,2025-11-01,13.71,18
U004373,E00379,C0080,P0413,2025-12-01,9.02,18
U004374,E00379,C0080,P0413,2026-01-01,12.04,18
U004375,E00379,C0080,P0413,2026-02-01,15.09,18
U004376,E00379,C0080,P0413,2026-03-01,11.9,18
U004377,E00379,C0080,P0413,2026-04-01,16.45,18
U004378,E00379,C0080,P0413,2026-05-01,10.86,18
U004379,E00379,C0080,P0413,2026-06-01,14.61,18
U004380,E00380,C0080,P0298,2025-09-01,644.5,966
U004381,E00380,C0080,P0298,2025-10-01,650.28,966
U004382,E00380,C0080,P0298,2025-11-01,666.45,966
U004383,E00380,C0080,P0298,2025-12-01,646.94,966
U004384,E00380,C0080,P0298,2026-01-01,752.59,966
U004385,E00380,C0080,P0298,2026-02-01,618.56,966
U004386,E00380,C0080,P0298,2026-03-01,515.95,966
U004387,E00380,C0080,P0298,2026-04-01,696.99,966
U004388,E00380,C0080,P0298,2026-05-01,615.91,966
U004389,E00380,C0080,P0298,2026-06-01,609.33,966
U004390,E00381,C0080,P0487,2025-07-01,245.7,355
U004391,E00381,C0080,P0487,2025-08-01,271.53,355
U004392,E00381,C0080,P0487,2025-09-01,204.59,355
U004393,E00381,C0080,P0487,2025-10-01,293.59,355
U004394,E00381,C0080,P0487,2025-11-01,214.86,355
U004395,E00381,C0080,P0487,2025-12-01,218.18,355
U004396,E00381,C0080,P0487,2026-01-01,303.91,355
U004397,E00381,C0080,P0487,2026-02-01,280.99,355
U004398,E00381,C0080,P0487,2026-03-01,294.27,355
U004399,E00381,C0080,P0487,2026-04-01,228.6,355
U004400,E00381,C0080,P0487,2026-05-01,273.56,355
U004401,E00381,C0080,P0487,2026-06-01,310.34,355
U004402,E00382,C0080,P0332,2025-07-01,24.27,26
U004403,E00382,C0080,P0332,2025-08-01,17.71,26
U004404,E00382,C0080,P0332,2025-09-01,16.12,26
U004405,E00382,C0080,P0332,2025-10-01,21.16,26
U004406,E00382,C0080,P0332,2025-11-01,17.72,26
U004407,E00382,C0080,P0332,2025-12-01,12.81,26
U004408,E00382,C0080,P0332,2026-01-01,16.81,26
U004409,E00382,C0080,P0332,2026-02-01,17.25,26
U004410,E00382,C0080,P0332,2026-03-01,25.1,26
U004411,E00382,C0080,P0332,2026-04-01,20.85,26
U004412,E00382,C0080,P0332,2026-05-01,16.58,26
U004413,E00382,C0080,P0332,2026-06-01,20.82,26
U004414,E00383,C0081,P0483,2025-09-01,324.04,443
U004415,E00383,C0081,P0483,2025-10-01,364.4,443
U004416,E00383,C0081,P0483,2025-11-01,313.48,443
U004417,E00383,C0081,P0483,2025-12-01,291.81,443
U004418,E00383,C0081,P0483,2026-01-01,383.49,443
U004419,E00383,C0081,P0483,2026-02-01,341.84,443
U004420,E00383,C0081,P0483,2026-03-01,334.55,443
U004421,E00383,C0081,P0483,2026-04-01,347.03,443
U004422,E00383,C0081,P0483,2026-05-01,276.59,443
U004423,E00383,C0081,P0483,2026-06-01,339.67,443
U004424,E00384,C0081,P0104,2025-07-01,2637.37,3498
U004425,E00384,C0081,P0104,2025-08-01,2410.94,3498
U004426,E00384,C0081,P0104,2025-09-01,3561.01,3498
U004427,E00384,C0081,P0104,2025-10-01,2263.26,3498
U004428,E00384,C0081,P0104,2025-11-01,2416.18,3498
U004429,E00384,C0081,P0104,2025-12-01,3562.45,3498
U004430,E00384,C0081,P0104,2026-01-01,2579.69,3498
U004431,E00384,C0081,P0104,2026-02-01,2797.18,3498
U004432,E00384,C0081,P0104,2026-03-01,2478.82,3498
U004433,E00384,C0081,P0104,2026-04-01,2554.95,3498
U004434,E00384,C0081,P0104,2026-05-01,2465.34,3498
U004435,E00384,C0081,P0104,2026-06-01,1569.08,3498
U004436,E00385,C0081,P0059,2025-07-01,1569.76,1948
U004437,E00385,C0081,P0059,2025-08-01,833.2,1948
U004438,E00385,C0081,P0059,2025-09-01,1958.5,1948
U004439,E00385,C0081,P0059,2025-10-01,1502.41,1948
U004440,E00385,C0081,P0059,2025-11-01,1114.38,1948
U004441,E00385,C0081,P0059,2025-12-01,1159.74,1948
U004442,E00385,C0081,P0059,2026-01-01,918.32,1948
U004443,E00385,C0081,P0059,2026-02-01,1107.18,1948
U004444,E00385,C0081,P0059,2026-03-01,1184.83,1948
U004445,E00385,C0081,P0059,2026-04-01,1646.67,1948
U004446,E00385,C0081,P0059,2026-05-01,1510.15,1948
U004447,E00385,C0081,P0059,2026-06-01,976.12,1948
U004448,E00386,C0081,P0364,2025-08-01,1027.95,1923
U004449,E00386,C0081,P0364,2025-09-01,1205.41,1923
U004450,E00386,C0081,P0364,2025-10-01,1231.77,1923
U004451,E00386,C0081,P0364,2025-11-01,1882.48,1923
U004452,E00386,C0081,P0364,2025-12-01,1267.3,1923
U004453,E00386,C0081,P0364,2026-01-01,1809.44,1923
U004454,E00386,C0081,P0364,2026-02-01,1549.5,1923
U004455,E00386,C0081,P0364,2026-03-01,1587.6,1923
U004456,E00386,C0081,P0364,2026-04-01,1254.84,1923
U004457,E00386,C0081,P0364,2026-05-01,1164.55,1923
U004458,E00386,C0081,P0364,2026-06-01,1121.47,1923
U004459,E00387,C0081,P0317,2025-07-01,364.98,408
U004460,E00387,C0081,P0317,2025-08-01,293.79,408
U004461,E00387,C0081,P0317,2025-09-01,291.88,408
U004462,E00387,C0081,P0317,2025-10-01,342.67,408
U004463,E00387,C0081,P0317,2025-11-01,327.0,408
U004464,E00387,C0081,P0317,2025-12-01,246.16,408
U004465,E00387,C0081,P0317,2026-01-01,243.4,408
U004466,E00387,C0081,P0317,2026-02-01,280.35,408
U004467,E00387,C0081,P0317,2026-03-01,356.68,408
U004468,E00387,C0081,P0317,2026-04-01,308.08,408
U004469,E00387,C0081,P0317,2026-05-01,248.91,408
U004470,E00387,C0081,P0317,2026-06-01,334.68,408
U004471,E00388,C0081,P0150,2025-07-01,298.08,549
U004472,E00388,C0081,P0150,2025-08-01,316.61,549
U004473,E00388,C0081,P0150,2025-09-01,365.77,549
U004474,E00388,C0081,P0150,2025-10-01,414.13,549
U004475,E00388,C0081,P0150,2025-11-01,494.79,549
U004476,E00388,C0081,P0150,2025-12-01,323.78,549
U004477,E00388,C0081,P0150,2026-01-01,361.1,549
U004478,E00388,C0081,P0150,2026-02-01,443.12,549
U004479,E00388,C0081,P0150,2026-03-01,391.65,549
U004480,E00388,C0081,P0150,2026-04-01,333.64,549
U004481,E00388,C0081,P0150,2026-05-01,467.18,549
U004482,E00388,C0081,P0150,2026-06-01,431.22,549
U004483,E00389,C0082,P0046,2025-07-01,7.72,11
U004484,E00389,C0082,P0046,2025-08-01,5.86,11
U004485,E00389,C0082,P0046,2025-09-01,7.31,11
U004486,E00389,C0082,P0046,2025-10-01,8.53,11
U004487,E00389,C0082,P0046,2025-11-01,8.13,11
U004488,E00389,C0082,P0046,2025-12-01,8.31,11
U004489,E00389,C0082,P0046,2026-01-01,7.67,11
U004490,E00389,C0082,P0046,2026-02-01,6.82,11
U004491,E00389,C0082,P0046,2026-03-01,7.26,11
U004492,E00389,C0082,P0046,2026-04-01,6.06,11
U004493,E00389,C0082,P0046,2026-05-01,8.61,11
U004494,E00389,C0082,P0046,2026-06-01,7.14,11
U004495,E00390,C0082,P0442,2025-07-01,547.31,775
U004496,E00390,C0082,P0442,2025-08-01,440.34,775
U004497,E00390,C0082,P0442,2025-09-01,477.29,775
U004498,E00390,C0082,P0442,2025-10-01,510.04,775
U004499,E00390,C0082,P0442,2025-11-01,499.21,775
U004500,E00390,C0082,P0442,2025-12-01,349.99,775
U004501,E00390,C0082,P0442,2026-01-01,537.12,775
U004502,E00390,C0082,P0442,2026-02-01,588.03,775
U004503,E00390,C0082,P0442,2026-03-01,508.23,775
U004504,E00390,C0082,P0442,2026-04-01,483.73,775
U004505,E00390,C0082,P0442,2026-05-01,496.01,775
U004506,E00390,C0082,P0442,2026-06-01,537.66,775
U004507,E00391,C0082,P0096,2025-07-01,1655.57,2485
U004508,E00391,C0082,P0096,2025-08-01,1669.11,2485
U004509,E00391,C0082,P0096,2025-09-01,1525.56,2485
U004510,E00391,C0082,P0096,2025-10-01,2197.82,2485
U004511,E00391,C0082,P0096,2025-11-01,1456.1,2485
U004512,E00391,C0082,P0096,2025-12-01,1124.15,2485
U004513,E00391,C0082,P0096,2026-01-01,1586.03,2485
U004514,E00391,C0082,P0096,2026-02-01,1926.43,2485
U004515,E00391,C0082,P0096,2026-03-01,2084.63,2485
U004516,E00391,C0082,P0096,2026-04-01,1601.09,2485
U004517,E00391,C0082,P0096,2026-05-01,1495.92,2485
U004518,E00391,C0082,P0096,2026-06-01,1930.6,2485
U004519,E00392,C0083,P0370,2025-07-01,1278.75,1873
U004520,E00392,C0083,P0370,2025-08-01,1347.79,1873
U004521,E00392,C0083,P0370,2025-09-01,1414.34,1873
U004522,E00392,C0083,P0370,2025-10-01,1391.16,1873
U004523,E00392,C0083,P0370,2025-11-01,1314.49,1873
U004524,E00392,C0083,P0370,2025-12-01,1370.14,1873
U004525,E00392,C0083,P0370,2026-01-01,1471.62,1873
U004526,E00392,C0083,P0370,2026-02-01,1231.84,1873
U004527,E00392,C0083,P0370,2026-03-01,1697.26,1873
U004528,E00392,C0083,P0370,2026-04-01,1215.93,1873
U004529,E00392,C0083,P0370,2026-05-01,1258.85,1873
U004530,E00392,C0083,P0370,2026-06-01,1527.1,1873
U004531,E00393,C0083,P0158,2025-07-01,20.22,25
U004532,E00393,C0083,P0158,2025-08-01,19.03,25
U004533,E00393,C0083,P0158,2025-09-01,17.31,25
U004534,E00393,C0083,P0158,2025-10-01,18.85,25
U004535,E00393,C0083,P0158,2025-11-01,17.41,25
U004536,E00393,C0083,P0158,2025-12-01,23.1,25
U004537,E00393,C0083,P0158,2026-01-01,16.05,25
U004538,E00393,C0083,P0158,2026-02-01,24.14,25
U004539,E00393,C0083,P0158,2026-03-01,14.55,25
U004540,E00393,C0083,P0158,2026-04-01,17.76,25
U004541,E00393,C0083,P0158,2026-05-01,17.59,25
U004542,E00393,C0083,P0158,2026-06-01,13.99,25
U004543,E00394,C0083,P0006,2025-07-01,10.48,12
U004544,E00394,C0083,P0006,2025-08-01,10.44,12
U004545,E00394,C0083,P0006,2025-09-01,6.73,12
U004546,E00394,C0083,P0006,2025-10-01,6.73,12
U004547,E00394,C0083,P0006,2025-11-01,8.23,12
U004548,E00394,C0083,P0006,2025-12-01,11.35,12
U004549,E00394,C0083,P0006,2026-01-01,8.83,12
U004550,E00394,C0083,P0006,2026-02-01,10.53,12
U004551,E00394,C0083,P0006,2026-03-01,5.61,12
U004552,E00394,C0083,P0006,2026-04-01,7.74,12
U004553,E00394,C0083,P0006,2026-05-01,11.21,12
U004554,E00394,C0083,P0006,2026-06-01,10.39,12
U004555,E00395,C0083,P0321,2025-08-01,104.17,189
U004556,E00395,C0083,P0321,2025-09-01,156.61,189
U004557,E00395,C0083,P0321,2025-10-01,128.2,189
U004558,E00395,C0083,P0321,2025-11-01,109.14,189
U004559,E00395,C0083,P0321,2025-12-01,157.82,189
U004560,E00395,C0083,P0321,2026-01-01,124.6,189
U004561,E00395,C0083,P0321,2026-02-01,120.47,189
U004562,E00395,C0083,P0321,2026-03-01,136.14,189
U004563,E00395,C0083,P0321,2026-04-01,123.15,189
U004564,E00395,C0083,P0321,2026-05-01,155.55,189
U004565,E00395,C0083,P0321,2026-06-01,98.95,189
U004566,E00396,C0083,P0143,2025-07-01,88.36,190
U004567,E00396,C0083,P0143,2025-08-01,181.98,190
U004568,E00396,C0083,P0143,2025-09-01,158.66,190
U004569,E00396,C0083,P0143,2025-10-01,144.59,190
U004570,E00396,C0083,P0143,2025-11-01,171.37,190
U004571,E00396,C0083,P0143,2025-12-01,137.37,190
U004572,E00396,C0083,P0143,2026-01-01,126.09,190
U004573,E00396,C0083,P0143,2026-02-01,109.12,190
U004574,E00396,C0083,P0143,2026-03-01,179.23,190
U004575,E00396,C0083,P0143,2026-04-01,130.64,190
U004576,E00396,C0083,P0143,2026-05-01,160.7,190
U004577,E00396,C0083,P0143,2026-06-01,155.2,190
U004578,E00397,C0083,P0323,2025-07-01,363.72,441
U004579,E00397,C0083,P0323,2025-08-01,242.84,441
U004580,E00397,C0083,P0323,2025-09-01,420.55,441
U004581,E00397,C0083,P0323,2025-10-01,281.06,441
U004582,E00397,C0083,P0323,2025-11-01,288.15,441
U004583,E00397,C0083,P0323,2025-12-01,359.68,441
U004584,E00397,C0083,P0323,2026-01-01,329.63,441
U004585,E00397,C0083,P0323,2026-02-01,345.71,441
U004586,E00397,C0083,P0323,2026-03-01,272.09,441
U004587,E00397,C0083,P0323,2026-04-01,246.14,441
U004588,E00397,C0083,P0323,2026-05-01,401.44,441
U004589,E00397,C0083,P0323,2026-06-01,379.54,441
U004590,E00398,C0083,P0036,2025-07-01,7.85,11
U004591,E00398,C0083,P0036,2025-08-01,10.64,11
U004592,E00398,C0083,P0036,2025-09-01,9.8,11
U004593,E00398,C0083,P0036,2025-10-01,10.25,11
U004594,E00398,C0083,P0036,2025-11-01,8.56,11
U004595,E00398,C0083,P0036,2025-12-01,5.72,11
U004596,E00398,C0083,P0036,2026-01-01,6.75,11
U004597,E00398,C0083,P0036,2026-02-01,5.49,11
U004598,E00398,C0083,P0036,2026-03-01,5.55,11
U004599,E00398,C0083,P0036,2026-04-01,7.72,11
U004600,E00398,C0083,P0036,2026-05-01,9.79,11
U004601,E00398,C0083,P0036,2026-06-01,7.48,11
U004602,E00399,C0084,P0061,2025-07-01,36653.78,11007
U004603,E00399,C0084,P0061,2025-08-01,36735.37,11007
U004604,E00399,C0084,P0061,2025-09-01,33523.4,11007
U004605,E00399,C0084,P0061,2025-10-01,0.0,11007
U004606,E00399,C0084,P0061,2025-11-01,0.0,11007
U004607,E00399,C0084,P0061,2025-12-01,0.0,11007
U004608,E00399,C0084,P0061,2026-01-01,0.0,11007
U004609,E00399,C0084,P0061,2026-02-01,0.0,11007
U004610,E00399,C0084,P0061,2026-03-01,0.0,11007
U004611,E00399,C0084,P0061,2026-04-01,0.0,11007
U004612,E00399,C0084,P0061,2026-05-01,0.0,11007
U004613,E00399,C0084,P0061,2026-06-01,0.0,11007
U004614,E00400,C0084,P0157,2025-08-01,2075.58,592
U004615,E00400,C0084,P0157,2025-09-01,1845.13,592
U004616,E00400,C0084,P0157,2025-10-01,2015.4,592
U004617,E00400,C0084,P0157,2025-11-01,0.0,592
U004618,E00400,C0084,P0157,2025-12-01,0.0,592
U004619,E00400,C0084,P0157,2026-01-01,0.0,592
U004620,E00400,C0084,P0157,2026-02-01,0.0,592
U004621,E00400,C0084,P0157,2026-03-01,0.0,592
U004622,E00400,C0084,P0157,2026-04-01,0.0,592
U004623,E00400,C0084,P0157,2026-05-01,0.0,592
U004624,E00400,C0084,P0157,2026-06-01,0.0,592
U004625,E00401,C0084,P0293,2025-07-01,35063.03,10097
U004626,E00401,C0084,P0293,2025-08-01,37005.28,10097
U004627,E00401,C0084,P0293,2025-09-01,34697.77,10097
U004628,E00401,C0084,P0293,2025-10-01,0.0,10097
U004629,E00401,C0084,P0293,2025-11-01,0.0,10097
U004630,E00401,C0084,P0293,2025-12-01,0.0,10097
U004631,E00401,C0084,P0293,2026-01-01,0.0,10097
U004632,E00401,C0084,P0293,2026-02-01,0.0,10097
U004633,E00401,C0084,P0293,2026-03-01,0.0,10097
U004634,E00401,C0084,P0293,2026-04-01,0.0,10097
U004635,E00401,C0084,P0293,2026-05-01,0.0,10097
U004636,E00401,C0084,P0293,2026-06-01,0.0,10097
U004637,E00402,C0084,P0338,2025-07-01,33666.96,11347
U004638,E00402,C0084,P0338,2025-08-01,44821.16,11347
U004639,E00402,C0084,P0338,2025-09-01,48360.4,11347
U004640,E00402,C0084,P0338,2025-10-01,0.0,11347
U004641,E00402,C0084,P0338,2025-11-01,0.0,11347
U004642,E00402,C0084,P0338,2025-12-01,0.0,11347
U004643,E00402,C0084,P0338,2026-01-01,0.0,11347
U004644,E00402,C0084,P0338,2026-02-01,0.0,11347
U004645,E00402,C0084,P0338,2026-03-01,0.0,11347
U004646,E00402,C0084,P0338,2026-04-01,0.0,11347
U004647,E00402,C0084,P0338,2026-05-01,0.0,11347
U004648,E00402,C0084,P0338,2026-06-01,0.0,11347
U004649,E00403,C0084,P0343,2025-07-01,7003.02,1775
U004650,E00403,C0084,P0343,2025-08-01,5920.82,1775
U004651,E00403,C0084,P0343,2025-09-01,5553.23,1775
U004652,E00403,C0084,P0343,2025-10-01,0.0,1775
U004653,E00403,C0084,P0343,2025-11-01,0.0,1775
U004654,E00403,C0084,P0343,2025-12-01,0.0,1775
U004655,E00403,C0084,P0343,2026-01-01,0.0,1775
U004656,E00403,C0084,P0343,2026-02-01,0.0,1775
U004657,E00403,C0084,P0343,2026-03-01,0.0,1775
U004658,E00403,C0084,P0343,2026-04-01,0.0,1775
U004659,E00403,C0084,P0343,2026-05-01,0.0,1775
U004660,E00403,C0084,P0343,2026-06-01,0.0,1775
U004661,E00404,C0084,P0075,2025-07-01,6290.34,1640
U004662,E00404,C0084,P0075,2025-08-01,5060.03,1640
U004663,E00404,C0084,P0075,2025-09-01,7194.74,1640
U004664,E00404,C0084,P0075,2025-10-01,0.0,1640
U004665,E00404,C0084,P0075,2025-11-01,0.0,1640
U004666,E00404,C0084,P0075,2025-12-01,0.0,1640
U004667,E00404,C0084,P0075,2026-01-01,0.0,1640
U004668,E00404,C0084,P0075,2026-02-01,0.0,1640
U004669,E00404,C0084,P0075,2026-03-01,0.0,1640
U004670,E00404,C0084,P0075,2026-04-01,0.0,1640
U004671,E00404,C0084,P0075,2026-05-01,0.0,1640
U004672,E00404,C0084,P0075,2026-06-01,0.0,1640
U004673,E00405,C0085,P0123,2025-08-01,0.0,899
U004674,E00405,C0085,P0123,2025-09-01,0.0,899
U004675,E00405,C0085,P0123,2025-10-01,0.0,899
U004676,E00405,C0085,P0123,2025-11-01,0.0,899
U004677,E00405,C0085,P0123,2025-12-01,0.0,899
U004678,E00405,C0085,P0123,2026-01-01,0.0,899
U004679,E00405,C0085,P0123,2026-02-01,0.0,899
U004680,E00405,C0085,P0123,2026-03-01,0.0,899
U004681,E00405,C0085,P0123,2026-04-01,0.0,899
U004682,E00405,C0085,P0123,2026-05-01,0.0,899
U004683,E00405,C0085,P0123,2026-06-01,0.0,899
U004684,E00406,C0085,P0179,2025-07-01,0.0,13
U004685,E00406,C0085,P0179,2025-08-01,0.0,13
U004686,E00406,C0085,P0179,2025-09-01,0.0,13
U004687,E00406,C0085,P0179,2025-10-01,0.0,13
U004688,E00406,C0085,P0179,2025-11-01,0.0,13
U004689,E00406,C0085,P0179,2025-12-01,0.0,13
U004690,E00406,C0085,P0179,2026-01-01,0.0,13
U004691,E00406,C0085,P0179,2026-02-01,0.0,13
U004692,E00406,C0085,P0179,2026-03-01,0.0,13
U004693,E00406,C0085,P0179,2026-04-01,0.0,13
U004694,E00406,C0085,P0179,2026-05-01,0.0,13
U004695,E00406,C0085,P0179,2026-06-01,0.0,13
U004696,E00407,C0086,P0145,2025-07-01,144.38,200
U004697,E00407,C0086,P0145,2025-08-01,145.26,200
U004698,E00407,C0086,P0145,2025-09-01,125.94,200
U004699,E00407,C0086,P0145,2025-10-01,124.69,200
U004700,E00407,C0086,P0145,2025-11-01,150.36,200
U004701,E00407,C0086,P0145,2025-12-01,122.59,200
U004702,E00407,C0086,P0145,2026-01-01,163.56,200
U004703,E00407,C0086,P0145,2026-02-01,133.45,200
U004704,E00407,C0086,P0145,2026-03-01,125.88,200
U004705,E00407,C0086,P0145,2026-04-01,123.17,200
U004706,E00407,C0086,P0145,2026-05-01,143.05,200
U004707,E00407,C0086,P0145,2026-06-01,123.84,200
U004708,E00408,C0086,P0331,2025-07-01,151.74,215
U004709,E00408,C0086,P0331,2025-08-01,122.01,215
U004710,E00408,C0086,P0331,2025-09-01,150.72,215
U004711,E00408,C0086,P0331,2025-10-01,160.82,215
U004712,E00408,C0086,P0331,2025-11-01,169.64,215
U004713,E00408,C0086,P0331,2025-12-01,122.82,215
U004714,E00408,C0086,P0331,2026-01-01,149.69,215
U004715,E00408,C0086,P0331,2026-02-01,151.36,215
U004716,E00408,C0086,P0331,2026-03-01,158.22,215
U004717,E00408,C0086,P0331,2026-04-01,124.91,215
U004718,E00408,C0086,P0331,2026-05-01,167.92,215
U004719,E00408,C0086,P0331,2026-06-01,138.2,215
U004720,E00409,C0086,P0116,2025-07-01,1041.55,1635
U004721,E00409,C0086,P0116,2025-08-01,894.96,1635
U004722,E00409,C0086,P0116,2025-09-01,1276.29,1635
U004723,E00409,C0086,P0116,2025-10-01,1408.47,1635
U004724,E00409,C0086,P0116,2025-11-01,1330.57,1635
U004725,E00409,C0086,P0116,2025-12-01,1674.37,1635
U004726,E00409,C0086,P0116,2026-01-01,1083.03,1635
U004727,E00409,C0086,P0116,2026-02-01,1132.53,1635
U004728,E00409,C0086,P0116,2026-03-01,1105.43,1635
U004729,E00409,C0086,P0116,2026-04-01,737.36,1635
U004730,E00409,C0086,P0116,2026-05-01,809.93,1635
U004731,E00409,C0086,P0116,2026-06-01,1089.95,1635
U004732,E00410,C0086,P0023,2025-07-01,12.93,14
U004733,E00410,C0086,P0023,2025-08-01,9.95,14
U004734,E00410,C0086,P0023,2025-09-01,11.78,14
U004735,E00410,C0086,P0023,2025-10-01,9.16,14
U004736,E00410,C0086,P0023,2025-11-01,13.63,14
U004737,E00410,C0086,P0023,2025-12-01,8.44,14
U004738,E00410,C0086,P0023,2026-01-01,8.22,14
U004739,E00410,C0086,P0023,2026-02-01,10.99,14
U004740,E00410,C0086,P0023,2026-03-01,6.64,14
U004741,E00410,C0086,P0023,2026-04-01,7.24,14
U004742,E00410,C0086,P0023,2026-05-01,9.93,14
U004743,E00410,C0086,P0023,2026-06-01,11.92,14
U004744,E00411,C0086,P0164,2025-07-01,7.8,10
U004745,E00411,C0086,P0164,2025-08-01,7.49,10
U004746,E00411,C0086,P0164,2025-09-01,7.03,10
U004747,E00411,C0086,P0164,2025-10-01,7.1,10
U004748,E00411,C0086,P0164,2025-11-01,5.23,10
U004749,E00411,C0086,P0164,2025-12-01,7.23,10
U004750,E00411,C0086,P0164,2026-01-01,6.52,10
U004751,E00411,C0086,P0164,2026-02-01,7.94,10
U004752,E00411,C0086,P0164,2026-03-01,8.31,10
U004753,E00411,C0086,P0164,2026-04-01,5.72,10
U004754,E00411,C0086,P0164,2026-05-01,4.89,10
U004755,E00411,C0086,P0164,2026-06-01,10.31,10
U004756,E00412,C0086,P0313,2025-07-01,307.44,328
U004757,E00412,C0086,P0313,2025-08-01,319.65,328
U004758,E00412,C0086,P0313,2025-09-01,169.53,328
U004759,E00412,C0086,P0313,2025-10-01,250.34,328
U004760,E00412,C0086,P0313,2025-11-01,377.7,328
U004761,E00412,C0086,P0313,2025-12-01,327.88,328
U004762,E00412,C0086,P0313,2026-01-01,233.3,328
U004763,E00412,C0086,P0313,2026-02-01,281.59,328
U004764,E00412,C0086,P0313,2026-03-01,270.87,328
U004765,E00412,C0086,P0313,2026-04-01,244.86,328
U004766,E00412,C0086,P0313,2026-05-01,249.59,328
U004767,E00412,C0086,P0313,2026-06-01,140.93,328
U004768,E00413,C0087,P0247,2025-07-01,1100.22,816
U004769,E00413,C0087,P0247,2025-08-01,1253.98,816
U004770,E00413,C0087,P0247,2025-09-01,1011.36,816
U004771,E00413,C0087,P0247,2025-10-01,1033.77,816
U004772,E00413,C0087,P0247,2025-11-01,1127.06,816
U004773,E00413,C0087,P0247,2025-12-01,958.09,816
U004774,E00413,C0087,P0247,2026-01-01,1307.79,816
U004775,E00413,C0087,P0247,2026-02-01,1231.1,816
U004776,E00413,C0087,P0247,2026-03-01,1065.18,816
U004777,E00413,C0087,P0247,2026-04-01,982.8,816
U004778,E00413,C0087,P0247,2026-05-01,1049.33,816
U004779,E00413,C0087,P0247,2026-06-01,1145.26,816
U004780,E00414,C0087,P0064,2025-07-01,153.28,113
U004781,E00414,C0087,P0064,2025-08-01,174.08,113
U004782,E00414,C0087,P0064,2025-09-01,142.52,113
U004783,E00414,C0087,P0064,2025-10-01,165.43,113
U004784,E00414,C0087,P0064,2025-11-01,179.6,113
U004785,E00414,C0087,P0064,2025-12-01,191.93,113
U004786,E00414,C0087,P0064,2026-01-01,143.23,113
U004787,E00414,C0087,P0064,2026-02-01,128.21,113
U004788,E00414,C0087,P0064,2026-03-01,181.35,113
U004789,E00414,C0087,P0064,2026-04-01,171.36,113
U004790,E00414,C0087,P0064,2026-05-01,146.46,113
U004791,E00414,C0087,P0064,2026-06-01,138.77,113
U004792,E00415,C0087,P0006,2025-07-01,16.3,10
U004793,E00415,C0087,P0006,2025-08-01,15.52,10
U004794,E00415,C0087,P0006,2025-09-01,15.03,10
U004795,E00415,C0087,P0006,2025-10-01,13.79,10
U004796,E00415,C0087,P0006,2025-11-01,12.79,10
U004797,E00415,C0087,P0006,2025-12-01,14.5,10
U004798,E00415,C0087,P0006,2026-01-01,14.06,10
U004799,E00415,C0087,P0006,2026-02-01,14.88,10
U004800,E00415,C0087,P0006,2026-03-01,16.29,10
U004801,E00415,C0087,P0006,2026-04-01,12.68,10
U004802,E00415,C0087,P0006,2026-05-01,15.71,10
U004803,E00415,C0087,P0006,2026-06-01,15.3,10
U004804,E00416,C0087,P0427,2025-07-01,7614.43,4670
U004805,E00416,C0087,P0427,2025-08-01,7718.81,4670
U004806,E00416,C0087,P0427,2025-09-01,5940.74,4670
U004807,E00416,C0087,P0427,2025-10-01,5551.22,4670
U004808,E00416,C0087,P0427,2025-11-01,7114.78,4670
U004809,E00416,C0087,P0427,2025-12-01,7184.53,4670
U004810,E00416,C0087,P0427,2026-01-01,6746.54,4670
U004811,E00416,C0087,P0427,2026-02-01,5659.65,4670
U004812,E00416,C0087,P0427,2026-03-01,6163.94,4670
U004813,E00416,C0087,P0427,2026-04-01,6456.37,4670
U004814,E00416,C0087,P0427,2026-05-01,5760.37,4670
U004815,E00416,C0087,P0427,2026-06-01,7152.9,4670
U004816,E00417,C0088,P0486,2025-07-01,0.0,6600
U004817,E00417,C0088,P0486,2025-08-01,0.0,6600
U004818,E00417,C0088,P0486,2025-09-01,0.0,6600
U004819,E00417,C0088,P0486,2025-10-01,0.0,6600
U004820,E00417,C0088,P0486,2025-11-01,0.0,6600
U004821,E00417,C0088,P0486,2025-12-01,0.0,6600
U004822,E00417,C0088,P0486,2026-01-01,0.0,6600
U004823,E00417,C0088,P0486,2026-02-01,0.0,6600
U004824,E00417,C0088,P0486,2026-03-01,0.0,6600
U004825,E00417,C0088,P0486,2026-04-01,0.0,6600
U004826,E00417,C0088,P0486,2026-05-01,0.0,6600
U004827,E00417,C0088,P0486,2026-06-01,0.0,6600
U004828,E00418,C0088,P0439,2025-07-01,0.0,11711
U004829,E00418,C0088,P0439,2025-08-01,0.0,11711
U004830,E00418,C0088,P0439,2025-09-01,0.0,11711
U004831,E00418,C0088,P0439,2025-10-01,0.0,11711
U004832,E00418,C0088,P0439,2025-11-01,0.0,11711
U004833,E00418,C0088,P0439,2025-12-01,0.0,11711
U004834,E00418,C0088,P0439,2026-01-01,0.0,11711
U004835,E00418,C0088,P0439,2026-02-01,0.0,11711
U004836,E00418,C0088,P0439,2026-03-01,0.0,11711
U004837,E00418,C0088,P0439,2026-04-01,0.0,11711
U004838,E00418,C0088,P0439,2026-05-01,0.0,11711
U004839,E00418,C0088,P0439,2026-06-01,0.0,11711
U004840,E00419,C0088,P0477,2025-07-01,0.0,268
U004841,E00419,C0088,P0477,2025-08-01,0.0,268
U004842,E00419,C0088,P0477,2025-09-01,0.0,268
U004843,E00419,C0088,P0477,2025-10-01,0.0,268
U004844,E00419,C0088,P0477,2025-11-01,0.0,268
U004845,E00419,C0088,P0477,2025-12-01,0.0,268
U004846,E00419,C0088,P0477,2026-01-01,0.0,268
U004847,E00419,C0088,P0477,2026-02-01,0.0,268
U004848,E00419,C0088,P0477,2026-03-01,0.0,268
U004849,E00419,C0088,P0477,2026-04-01,0.0,268
U004850,E00419,C0088,P0477,2026-05-01,0.0,268
U004851,E00419,C0088,P0477,2026-06-01,0.0,268
U004852,E00420,C0088,P0100,2025-07-01,0.0,22
U004853,E00420,C0088,P0100,2025-08-01,0.0,22
U004854,E00420,C0088,P0100,2025-09-01,0.0,22
U004855,E00420,C0088,P0100,2025-10-01,0.0,22
U004856,E00420,C0088,P0100,2025-11-01,0.0,22
U004857,E00420,C0088,P0100,2025-12-01,0.0,22
U004858,E00420,C0088,P0100,2026-01-01,0.0,22
U004859,E00420,C0088,P0100,2026-02-01,0.0,22
U004860,E00420,C0088,P0100,2026-03-01,0.0,22
U004861,E00420,C0088,P0100,2026-04-01,0.0,22
U004862,E00420,C0088,P0100,2026-05-01,0.0,22
U004863,E00420,C0088,P0100,2026-06-01,0.0,22
U004864,E00421,C0088,P0422,2025-07-01,0.0,18
U004865,E00421,C0088,P0422,2025-08-01,0.0,18
U004866,E00421,C0088,P0422,2025-09-01,0.0,18
U004867,E00421,C0088,P0422,2025-10-01,0.0,18
U004868,E00421,C0088,P0422,2025-11-01,0.0,18
U004869,E00421,C0088,P0422,2025-12-01,0.0,18
U004870,E00421,C0088,P0422,2026-01-01,0.0,18
U004871,E00421,C0088,P0422,2026-02-01,0.0,18
U004872,E00421,C0088,P0422,2026-03-01,0.0,18
U004873,E00421,C0088,P0422,2026-04-01,0.0,18
U004874,E00421,C0088,P0422,2026-05-01,0.0,18
U004875,E00421,C0088,P0422,2026-06-01,0.0,18
U004876,E00422,C0088,P0150,2025-07-01,0.0,301
U004877,E00422,C0088,P0150,2025-08-01,0.0,301
U004878,E00422,C0088,P0150,2025-09-01,0.0,301
U004879,E00422,C0088,P0150,2025-10-01,0.0,301
U004880,E00422,C0088,P0150,2025-11-01,0.0,301
U004881,E00422,C0088,P0150,2025-12-01,0.0,301
U004882,E00422,C0088,P0150,2026-01-01,0.0,301
U004883,E00422,C0088,P0150,2026-02-01,0.0,301
U004884,E00422,C0088,P0150,2026-03-01,0.0,301
U004885,E00422,C0088,P0150,2026-04-01,0.0,301
U004886,E00422,C0088,P0150,2026-05-01,0.0,301
U004887,E00422,C0088,P0150,2026-06-01,0.0,301
U004888,E00423,C0089,P0392,2025-07-01,1097.9,643
U004889,E00423,C0089,P0392,2025-08-01,820.11,643
U004890,E00423,C0089,P0392,2025-09-01,818.96,643
U004891,E00423,C0089,P0392,2025-10-01,888.16,643
U004892,E00423,C0089,P0392,2025-11-01,790.74,643
U004893,E00423,C0089,P0392,2025-12-01,1069.61,643
U004894,E00423,C0089,P0392,2026-01-01,914.15,643
U004895,E00423,C0089,P0392,2026-02-01,1078.48,643
U004896,E00423,C0089,P0392,2026-03-01,917.91,643
U004897,E00423,C0089,P0392,2026-04-01,875.37,643
U004898,E00423,C0089,P0392,2026-05-01,1068.46,643
U004899,E00423,C0089,P0392,2026-06-01,867.81,643
U004900,E00424,C0089,P0200,2025-07-01,12.22,8
U004901,E00424,C0089,P0200,2025-08-01,10.3,8
U004902,E00424,C0089,P0200,2025-09-01,9.87,8
U004903,E00424,C0089,P0200,2025-10-01,11.54,8
U004904,E00424,C0089,P0200,2025-11-01,11.13,8
U004905,E00424,C0089,P0200,2025-12-01,13.53,8
U004906,E00424,C0089,P0200,2026-01-01,11.03,8
U004907,E00424,C0089,P0200,2026-02-01,10.34,8
U004908,E00424,C0089,P0200,2026-03-01,9.46,8
U004909,E00424,C0089,P0200,2026-04-01,11.77,8
U004910,E00424,C0089,P0200,2026-05-01,10.52,8
U004911,E00424,C0089,P0200,2026-06-01,11.22,8
U004912,E00425,C0089,P0008,2025-07-01,11302.62,8823
U004913,E00425,C0089,P0008,2025-08-01,12310.81,8823
U004914,E00425,C0089,P0008,2025-09-01,14804.55,8823
U004915,E00425,C0089,P0008,2025-10-01,10378.8,8823
U004916,E00425,C0089,P0008,2025-11-01,13947.55,8823
U004917,E00425,C0089,P0008,2025-12-01,12282.2,8823
U004918,E00425,C0089,P0008,2026-01-01,12490.06,8823
U004919,E00425,C0089,P0008,2026-02-01,15000.01,8823
U004920,E00425,C0089,P0008,2026-03-01,13016.0,8823
U004921,E00425,C0089,P0008,2026-04-01,12740.04,8823
U004922,E00425,C0089,P0008,2026-05-01,11380.99,8823
U004923,E00425,C0089,P0008,2026-06-01,12429.13,8823
U004924,E00426,C0089,P0437,2025-07-01,2374.49,1963
U004925,E00426,C0089,P0437,2025-08-01,3295.56,1963
U004926,E00426,C0089,P0437,2025-09-01,2669.59,1963
U004927,E00426,C0089,P0437,2025-10-01,2664.03,1963
U004928,E00426,C0089,P0437,2025-11-01,2944.85,1963
U004929,E00426,C0089,P0437,2025-12-01,2876.59,1963
U004930,E00426,C0089,P0437,2026-01-01,2574.04,1963
U004931,E00426,C0089,P0437,2026-02-01,3041.97,1963
U004932,E00426,C0089,P0437,2026-03-01,2415.93,1963
U004933,E00426,C0089,P0437,2026-04-01,2945.1,1963
U004934,E00426,C0089,P0437,2026-05-01,2668.13,1963
U004935,E00426,C0089,P0437,2026-06-01,2697.47,1963
U004936,E00427,C0089,P0440,2025-07-01,1477.09,1220
U004937,E00427,C0089,P0440,2025-08-01,1600.65,1220
U004938,E00427,C0089,P0440,2025-09-01,1719.41,1220
U004939,E00427,C0089,P0440,2025-10-01,1912.42,1220
U004940,E00427,C0089,P0440,2025-11-01,2044.33,1220
U004941,E00427,C0089,P0440,2025-12-01,1533.84,1220
U004942,E00427,C0089,P0440,2026-01-01,1731.91,1220
U004943,E00427,C0089,P0440,2026-02-01,1447.41,1220
U004944,E00427,C0089,P0440,2026-03-01,1727.41,1220
U004945,E00427,C0089,P0440,2026-04-01,1866.11,1220
U004946,E00427,C0089,P0440,2026-05-01,1631.33,1220
U004947,E00427,C0089,P0440,2026-06-01,1890.94,1220
U004948,E00428,C0089,P0310,2025-07-01,1055.97,862
U004949,E00428,C0089,P0310,2025-08-01,1057.32,862
U004950,E00428,C0089,P0310,2025-09-01,1217.71,862
U004951,E00428,C0089,P0310,2025-10-01,1101.96,862
U004952,E00428,C0089,P0310,2025-11-01,1167.93,862
U004953,E00428,C0089,P0310,2025-12-01,1108.87,862
U004954,E00428,C0089,P0310,2026-01-01,1210.03,862
U004955,E00428,C0089,P0310,2026-02-01,1130.1,862
U004956,E00428,C0089,P0310,2026-03-01,1319.89,862
U004957,E00428,C0089,P0310,2026-04-01,1350.24,862
U004958,E00428,C0089,P0310,2026-05-01,1191.38,862
U004959,E00428,C0089,P0310,2026-06-01,1062.09,862
U004960,E00429,C0090,P0367,2025-07-01,20.25,26
U004961,E00429,C0090,P0367,2025-08-01,26.02,26
U004962,E00429,C0090,P0367,2025-09-01,14.49,26
U004963,E00429,C0090,P0367,2025-10-01,25.04,26
U004964,E00429,C0090,P0367,2025-11-01,19.21,26
U004965,E00429,C0090,P0367,2025-12-01,19.74,26
U004966,E00429,C0090,P0367,2026-01-01,18.47,26
U004967,E00429,C0090,P0367,2026-02-01,22.82,26
U004968,E00429,C0090,P0367,2026-03-01,21.18,26
U004969,E00429,C0090,P0367,2026-04-01,18.34,26
U004970,E00429,C0090,P0367,2026-05-01,19.22,26
U004971,E00429,C0090,P0367,2026-06-01,14.24,26
U004972,E00430,C0090,P0243,2025-09-01,5252.99,6667
U004973,E00430,C0090,P0243,2025-10-01,5399.0,6667
U004974,E00430,C0090,P0243,2025-11-01,5336.04,6667
U004975,E00430,C0090,P0243,2025-12-01,4782.33,6667
U004976,E00430,C0090,P0243,2026-01-01,4752.61,6667
U004977,E00430,C0090,P0243,2026-02-01,4242.76,6667
U004978,E00430,C0090,P0243,2026-03-01,4100.71,6667
U004979,E00430,C0090,P0243,2026-04-01,5233.05,6667
U004980,E00430,C0090,P0243,2026-05-01,3992.21,6667
U004981,E00430,C0090,P0243,2026-06-01,5552.14,6667
U004982,E00431,C0090,P0205,2025-07-01,179.5,238
U004983,E00431,C0090,P0205,2025-08-01,156.1,238
U004984,E00431,C0090,P0205,2025-09-01,130.97,238
U004985,E00431,C0090,P0205,2025-10-01,165.28,238
U004986,E00431,C0090,P0205,2025-11-01,170.27,238
U004987,E00431,C0090,P0205,2025-12-01,210.7,238
U004988,E00431,C0090,P0205,2026-01-01,189.17,238
U004989,E00431,C0090,P0205,2026-02-01,197.5,238
U004990,E00431,C0090,P0205,2026-03-01,145.21,238
U004991,E00431,C0090,P0205,2026-04-01,172.47,238
U004992,E00431,C0090,P0205,2026-05-01,145.32,238
U004993,E00431,C0090,P0205,2026-06-01,149.5,238
U004994,E00432,C0091,P0328,2025-07-01,2895.24,4185
U004995,E00432,C0091,P0328,2025-08-01,2312.21,4185
U004996,E00432,C0091,P0328,2025-09-01,2341.45,4185
U004997,E00432,C0091,P0328,2025-10-01,3331.58,4185
U004998,E00432,C0091,P0328,2025-11-01,2657.8,4185
U004999,E00432,C0091,P0328,2025-12-01,3388.22,4185
U005000,E00432,C0091,P0328,2026-01-01,2229.76,4185
U005001,E00432,C0091,P0328,2026-02-01,3523.54,4185
U005002,E00432,C0091,P0328,2026-03-01,3483.87,4185
U005003,E00432,C0091,P0328,2026-04-01,2312.38,4185
U005004,E00432,C0091,P0328,2026-05-01,2873.23,4185
U005005,E00432,C0091,P0328,2026-06-01,3911.41,4185
U005006,E00433,C0091,P0395,2025-07-01,426.02,540
U005007,E00433,C0091,P0395,2025-08-01,416.09,540
U005008,E00433,C0091,P0395,2025-09-01,544.78,540
U005009,E00433,C0091,P0395,2025-10-01,396.57,540
U005010,E00433,C0091,P0395,2025-11-01,340.46,540
U005011,E00433,C0091,P0395,2025-12-01,394.42,540
U005012,E00433,C0091,P0395,2026-01-01,317.03,540
U005013,E00433,C0091,P0395,2026-02-01,406.82,540
U005014,E00433,C0091,P0395,2026-03-01,443.67,540
U005015,E00433,C0091,P0395,2026-04-01,361.72,540
U005016,E00433,C0091,P0395,2026-05-01,383.02,540
U005017,E00433,C0091,P0395,2026-06-01,325.68,540
U005018,E00434,C0091,P0334,2025-07-01,232.36,293
U005019,E00434,C0091,P0334,2025-08-01,206.93,293
U005020,E00434,C0091,P0334,2025-09-01,181.25,293
U005021,E00434,C0091,P0334,2025-10-01,187.84,293
U005022,E00434,C0091,P0334,2025-11-01,268.82,293
U005023,E00434,C0091,P0334,2025-12-01,214.03,293
U005024,E00434,C0091,P0334,2026-01-01,254.5,293
U005025,E00434,C0091,P0334,2026-02-01,202.11,293
U005026,E00434,C0091,P0334,2026-03-01,233.23,293
U005027,E00434,C0091,P0334,2026-04-01,261.98,293
U005028,E00434,C0091,P0334,2026-05-01,274.1,293
U005029,E00434,C0091,P0334,2026-06-01,229.61,293
U005030,E00435,C0092,P0093,2025-09-01,17.13,26
U005031,E00435,C0092,P0093,2025-10-01,19.23,26
U005032,E00435,C0092,P0093,2025-11-01,17.72,26
U005033,E00435,C0092,P0093,2025-12-01,20.1,26
U005034,E00435,C0092,P0093,2026-01-01,21.76,26
U005035,E00435,C0092,P0093,2026-02-01,13.21,26
U005036,E00435,C0092,P0093,2026-03-01,21.42,26
U005037,E00435,C0092,P0093,2026-04-01,21.61,26
U005038,E00435,C0092,P0093,2026-05-01,17.47,26
U005039,E00435,C0092,P0093,2026-06-01,22.42,26
U005040,E00436,C0092,P0015,2025-10-01,13.57,18
U005041,E00436,C0092,P0015,2025-11-01,14.63,18
U005042,E00436,C0092,P0015,2025-12-01,11.21,18
U005043,E00436,C0092,P0015,2026-01-01,11.13,18
U005044,E00436,C0092,P0015,2026-02-01,11.42,18
U005045,E00436,C0092,P0015,2026-03-01,14.58,18
U005046,E00436,C0092,P0015,2026-04-01,6.24,18
U005047,E00436,C0092,P0015,2026-05-01,12.77,18
U005048,E00436,C0092,P0015,2026-06-01,9.17,18
U005049,E00437,C0092,P0188,2025-07-01,9211.18,10483
U005050,E00437,C0092,P0188,2025-08-01,10586.21,10483
U005051,E00437,C0092,P0188,2025-09-01,8544.24,10483
U005052,E00437,C0092,P0188,2025-10-01,8778.41,10483
U005053,E00437,C0092,P0188,2025-11-01,6915.44,10483
U005054,E00437,C0092,P0188,2025-12-01,6781.22,10483
U005055,E00437,C0092,P0188,2026-01-01,8044.69,10483
U005056,E00437,C0092,P0188,2026-02-01,8098.73,10483
U005057,E00437,C0092,P0188,2026-03-01,6926.47,10483
U005058,E00437,C0092,P0188,2026-04-01,9656.89,10483
U005059,E00437,C0092,P0188,2026-05-01,6661.64,10483
U005060,E00437,C0092,P0188,2026-06-01,10893.23,10483
U005061,E00438,C0092,P0168,2025-07-01,20.97,26
U005062,E00438,C0092,P0168,2025-08-01,19.55,26
U005063,E00438,C0092,P0168,2025-09-01,18.92,26
U005064,E00438,C0092,P0168,2025-10-01,17.13,26
U005065,E00438,C0092,P0168,2025-11-01,16.1,26
U005066,E00438,C0092,P0168,2025-12-01,23.71,26
U005067,E00438,C0092,P0168,2026-01-01,23.24,26
U005068,E00438,C0092,P0168,2026-02-01,17.4,26
U005069,E00438,C0092,P0168,2026-03-01,19.61,26
U005070,E00438,C0092,P0168,2026-04-01,21.85,26
U005071,E00438,C0092,P0168,2026-05-01,18.33,26
U005072,E00438,C0092,P0168,2026-06-01,13.5,26
U005073,E00439,C0093,P0238,2025-07-01,1975.93,3299
U005074,E00439,C0093,P0238,2025-08-01,2047.1,3299
U005075,E00439,C0093,P0238,2025-09-01,2434.02,3299
U005076,E00439,C0093,P0238,2025-10-01,2092.42,3299
U005077,E00439,C0093,P0238,2025-11-01,2379.21,3299
U005078,E00439,C0093,P0238,2025-12-01,2227.82,3299
U005079,E00439,C0093,P0238,2026-01-01,2684.43,3299
U005080,E00439,C0093,P0238,2026-02-01,2720.85,3299
U005081,E00439,C0093,P0238,2026-03-01,1905.74,3299
U005082,E00439,C0093,P0238,2026-04-01,2128.81,3299
U005083,E00439,C0093,P0238,2026-05-01,2094.27,3299
U005084,E00439,C0093,P0238,2026-06-01,2776.31,3299
U005085,E00440,C0093,P0214,2025-10-01,11.91,21
U005086,E00440,C0093,P0214,2025-11-01,17.75,21
U005087,E00440,C0093,P0214,2025-12-01,15.31,21
U005088,E00440,C0093,P0214,2026-01-01,19.94,21
U005089,E00440,C0093,P0214,2026-02-01,17.78,21
U005090,E00440,C0093,P0214,2026-03-01,17.03,21
U005091,E00440,C0093,P0214,2026-04-01,18.37,21
U005092,E00440,C0093,P0214,2026-05-01,13.48,21
U005093,E00440,C0093,P0214,2026-06-01,15.14,21
U005094,E00441,C0093,P0156,2025-09-01,1342.86,1444
U005095,E00441,C0093,P0156,2025-10-01,1238.56,1444
U005096,E00441,C0093,P0156,2025-11-01,638.69,1444
U005097,E00441,C0093,P0156,2025-12-01,824.39,1444
U005098,E00441,C0093,P0156,2026-01-01,961.14,1444
U005099,E00441,C0093,P0156,2026-02-01,735.84,1444
U005100,E00441,C0093,P0156,2026-03-01,1368.83,1444
U005101,E00441,C0093,P0156,2026-04-01,1300.33,1444
U005102,E00441,C0093,P0156,2026-05-01,871.02,1444
U005103,E00441,C0093,P0156,2026-06-01,1004.76,1444
U005104,E00442,C0093,P0137,2025-07-01,650.48,969
U005105,E00442,C0093,P0137,2025-08-01,715.48,969
U005106,E00442,C0093,P0137,2025-09-01,666.88,969
U005107,E00442,C0093,P0137,2025-10-01,663.8,969
U005108,E00442,C0093,P0137,2025-11-01,1004.64,969
U005109,E00442,C0093,P0137,2025-12-01,747.44,969
U005110,E00442,C0093,P0137,2026-01-01,852.24,969
U005111,E00442,C0093,P0137,2026-02-01,776.57,969
U005112,E00442,C0093,P0137,2026-03-01,779.06,969
U005113,E00442,C0093,P0137,2026-04-01,556.93,969
U005114,E00442,C0093,P0137,2026-05-01,381.75,969
U005115,E00442,C0093,P0137,2026-06-01,648.3,969
U005116,E00443,C0094,P0273,2025-07-01,306.42,471
U005117,E00443,C0094,P0273,2025-08-01,258.27,471
U005118,E00443,C0094,P0273,2025-09-01,315.34,471
U005119,E00443,C0094,P0273,2025-10-01,277.08,471
U005120,E00443,C0094,P0273,2025-11-01,475.71,471
U005121,E00443,C0094,P0273,2025-12-01,308.78,471
U005122,E00443,C0094,P0273,2026-01-01,227.65,471
U005123,E00443,C0094,P0273,2026-02-01,354.02,471
U005124,E00443,C0094,P0273,2026-03-01,395.7,471
U005125,E00443,C0094,P0273,2026-04-01,463.27,471
U005126,E00443,C0094,P0273,2026-05-01,377.23,471
U005127,E00443,C0094,P0273,2026-06-01,358.68,471
U005128,E00444,C0094,P0075,2025-07-01,3263.83,4111
U005129,E00444,C0094,P0075,2025-08-01,2780.99,4111
U005130,E00444,C0094,P0075,2025-09-01,3164.93,4111
U005131,E00444,C0094,P0075,2025-10-01,2339.07,4111
U005132,E00444,C0094,P0075,2025-11-01,3409.9,4111
U005133,E00444,C0094,P0075,2025-12-01,2255.3,4111
U005134,E00444,C0094,P0075,2026-01-01,4029.69,4111
U005135,E00444,C0094,P0075,2026-02-01,2899.16,4111
U005136,E00444,C0094,P0075,2026-03-01,2842.67,4111
U005137,E00444,C0094,P0075,2026-04-01,2135.6,4111
U005138,E00444,C0094,P0075,2026-05-01,2927.73,4111
U005139,E00444,C0094,P0075,2026-06-01,3033.77,4111
U005140,E00445,C0095,P0120,2025-09-01,2.88,2
U005141,E00445,C0095,P0120,2025-10-01,2.9,2
U005142,E00445,C0095,P0120,2025-11-01,2.72,2
U005143,E00445,C0095,P0120,2025-12-01,2.84,2
U005144,E00445,C0095,P0120,2026-01-01,2.22,2
U005145,E00445,C0095,P0120,2026-02-01,2.41,2
U005146,E00445,C0095,P0120,2026-03-01,3.19,2
U005147,E00445,C0095,P0120,2026-04-01,2.41,2
U005148,E00445,C0095,P0120,2026-05-01,2.54,2
U005149,E00445,C0095,P0120,2026-06-01,2.45,2
U005150,E00446,C0095,P0106,2025-07-01,989.98,595
U005151,E00446,C0095,P0106,2025-08-01,685.96,595
U005152,E00446,C0095,P0106,2025-09-01,808.9,595
U005153,E00446,C0095,P0106,2025-10-01,880.44,595
U005154,E00446,C0095,P0106,2025-11-01,687.82,595
U005155,E00446,C0095,P0106,2025-12-01,930.69,595
U005156,E00446,C0095,P0106,2026-01-01,886.25,595
U005157,E00446,C0095,P0106,2026-02-01,817.19,595
U005158,E00446,C0095,P0106,2026-03-01,940.27,595
U005159,E00446,C0095,P0106,2026-04-01,688.87,595
U005160,E00446,C0095,P0106,2026-05-01,846.82,595
U005161,E00446,C0095,P0106,2026-06-01,894.85,595
U005162,E00447,C0095,P0321,2025-07-01,255.85,172
U005163,E00447,C0095,P0321,2025-08-01,221.77,172
U005164,E00447,C0095,P0321,2025-09-01,217.8,172
U005165,E00447,C0095,P0321,2025-10-01,273.62,172
U005166,E00447,C0095,P0321,2025-11-01,255.85,172
U005167,E00447,C0095,P0321,2025-12-01,223.26,172
U005168,E00447,C0095,P0321,2026-01-01,211.1,172
U005169,E00447,C0095,P0321,2026-02-01,196.53,172
U005170,E00447,C0095,P0321,2026-03-01,225.19,172
U005171,E00447,C0095,P0321,2026-04-01,252.67,172
U005172,E00447,C0095,P0321,2026-05-01,238.12,172
U005173,E00447,C0095,P0321,2026-06-01,217.63,172
U005174,E00448,C0095,P0309,2025-07-01,12784.11,9016
U005175,E00448,C0095,P0309,2025-08-01,11682.7,9016
U005176,E00448,C0095,P0309,2025-09-01,10995.53,9016
U005177,E00448,C0095,P0309,2025-10-01,14303.66,9016
U005178,E00448,C0095,P0309,2025-11-01,12576.97,9016
U005179,E00448,C0095,P0309,2025-12-01,14496.39,9016
U005180,E00448,C0095,P0309,2026-01-01,10115.8,9016
U005181,E00448,C0095,P0309,2026-02-01,9900.36,9016
U005182,E00448,C0095,P0309,2026-03-01,13707.29,9016
U005183,E00448,C0095,P0309,2026-04-01,11696.21,9016
U005184,E00448,C0095,P0309,2026-05-01,11653.17,9016
U005185,E00448,C0095,P0309,2026-06-01,10277.58,9016
U005186,E00449,C0095,P0230,2025-07-01,36.66,26
U005187,E00449,C0095,P0230,2025-08-01,40.29,26
U005188,E00449,C0095,P0230,2025-09-01,39.56,26
U005189,E00449,C0095,P0230,2025-10-01,36.43,26
U005190,E00449,C0095,P0230,2025-11-01,36.45,26
U005191,E00449,C0095,P0230,2025-12-01,35.9,26
U005192,E00449,C0095,P0230,2026-01-01,36.06,26
U005193,E00449,C0095,P0230,2026-02-01,39.11,26
U005194,E00449,C0095,P0230,2026-03-01,34.07,26
U005195,E00449,C0095,P0230,2026-04-01,42.53,26
U005196,E00449,C0095,P0230,2026-05-01,37.59,26
U005197,E00449,C0095,P0230,2026-06-01,38.12,26
U005198,E00450,C0096,P0434,2025-07-01,132.66,170
U005199,E00450,C0096,P0434,2025-08-01,118.19,170
U005200,E00450,C0096,P0434,2025-09-01,108.62,170
U005201,E00450,C0096,P0434,2025-10-01,149.04,170
U005202,E00450,C0096,P0434,2025-11-01,140.93,170
U005203,E00450,C0096,P0434,2025-12-01,141.96,170
U005204,E00450,C0096,P0434,2026-01-01,169.57,170
U005205,E00450,C0096,P0434,2026-02-01,110.36,170
U005206,E00450,C0096,P0434,2026-03-01,124.6,170
U005207,E00450,C0096,P0434,2026-04-01,118.51,170
U005208,E00450,C0096,P0434,2026-05-01,118.72,170
U005209,E00450,C0096,P0434,2026-06-01,157.84,170
U005210,E00451,C0096,P0371,2025-09-01,308.28,406
U005211,E00451,C0096,P0371,2025-10-01,269.17,406
U005212,E00451,C0096,P0371,2025-11-01,233.09,406
U005213,E00451,C0096,P0371,2025-12-01,195.57,406
U005214,E00451,C0096,P0371,2026-01-01,210.9,406
U005215,E00451,C0096,P0371,2026-02-01,322.79,406
U005216,E00451,C0096,P0371,2026-03-01,266.32,406
U005217,E00451,C0096,P0371,2026-04-01,300.61,406
U005218,E00451,C0096,P0371,2026-05-01,226.57,406
U005219,E00451,C0096,P0371,2026-06-01,278.6,406
U005220,E00452,C0096,P0280,2025-08-01,4052.32,7197
U005221,E00452,C0096,P0280,2025-09-01,4802.11,7197
U005222,E00452,C0096,P0280,2025-10-01,5312.38,7197
U005223,E00452,C0096,P0280,2025-11-01,4844.24,7197
U005224,E00452,C0096,P0280,2025-12-01,6412.24,7197
U005225,E00452,C0096,P0280,2026-01-01,6159.39,7197
U005226,E00452,C0096,P0280,2026-02-01,5461.3,7197
U005227,E00452,C0096,P0280,2026-03-01,6281.11,7197
U005228,E00452,C0096,P0280,2026-04-01,4246.28,7197
U005229,E00452,C0096,P0280,2026-05-01,4072.86,7197
U005230,E00452,C0096,P0280,2026-06-01,3787.23,7197
U005231,E00453,C0096,P0154,2025-07-01,399.85,495
U005232,E00453,C0096,P0154,2025-08-01,265.72,495
U005233,E00453,C0096,P0154,2025-09-01,353.26,495
U005234,E00453,C0096,P0154,2025-10-01,338.32,495
U005235,E00453,C0096,P0154,2025-11-01,257.09,495
U005236,E00453,C0096,P0154,2025-12-01,362.03,495
U005237,E00453,C0096,P0154,2026-01-01,309.37,495
U005238,E00453,C0096,P0154,2026-02-01,319.07,495
U005239,E00453,C0096,P0154,2026-03-01,375.91,495
U005240,E00453,C0096,P0154,2026-04-01,512.78,495
U005241,E00453,C0096,P0154,2026-05-01,284.42,495
U005242,E00453,C0096,P0154,2026-06-01,417.78,495
U005243,E00454,C0096,P0200,2025-08-01,1.24,2
U005244,E00454,C0096,P0200,2025-09-01,1.73,2
U005245,E00454,C0096,P0200,2025-10-01,1.25,2
U005246,E00454,C0096,P0200,2025-11-01,1.73,2
U005247,E00454,C0096,P0200,2025-12-01,1.53,2
U005248,E00454,C0096,P0200,2026-01-01,1.68,2
U005249,E00454,C0096,P0200,2026-02-01,0.8,2
U005250,E00454,C0096,P0200,2026-03-01,1.93,2
U005251,E00454,C0096,P0200,2026-04-01,1.55,2
U005252,E00454,C0096,P0200,2026-05-01,1.98,2
U005253,E00454,C0096,P0200,2026-06-01,1.56,2
U005254,E00455,C0096,P0157,2025-07-01,293.63,326
U005255,E00455,C0096,P0157,2025-08-01,257.09,326
U005256,E00455,C0096,P0157,2025-09-01,285.27,326
U005257,E00455,C0096,P0157,2025-10-01,263.06,326
U005258,E00455,C0096,P0157,2025-11-01,212.1,326
U005259,E00455,C0096,P0157,2025-12-01,236.68,326
U005260,E00455,C0096,P0157,2026-01-01,200.92,326
U005261,E00455,C0096,P0157,2026-02-01,221.79,326
U005262,E00455,C0096,P0157,2026-03-01,255.2,326
U005263,E00455,C0096,P0157,2026-04-01,195.92,326
U005264,E00455,C0096,P0157,2026-05-01,204.09,326
U005265,E00455,C0096,P0157,2026-06-01,233.06,326
U005266,E00456,C0097,P0163,2025-09-01,4359.76,6804
U005267,E00456,C0097,P0163,2025-10-01,4475.29,6804
U005268,E00456,C0097,P0163,2025-11-01,4815.63,6804
U005269,E00456,C0097,P0163,2025-12-01,4296.65,6804
U005270,E00456,C0097,P0163,2026-01-01,5777.3,6804
U005271,E00456,C0097,P0163,2026-02-01,4546.44,6804
U005272,E00456,C0097,P0163,2026-03-01,5403.03,6804
U005273,E00456,C0097,P0163,2026-04-01,4673.44,6804
U005274,E00456,C0097,P0163,2026-05-01,4823.74,6804
U005275,E00456,C0097,P0163,2026-06-01,4842.67,6804
U005276,E00457,C0097,P0449,2025-07-01,25.69,39
U005277,E00457,C0097,P0449,2025-08-01,19.91,39
U005278,E00457,C0097,P0449,2025-09-01,13.97,39
U005279,E00457,C0097,P0449,2025-10-01,29.42,39
U005280,E00457,C0097,P0449,2025-11-01,29.18,39
U005281,E00457,C0097,P0449,2025-12-01,26.88,39
U005282,E00457,C0097,P0449,2026-01-01,21.4,39
U005283,E00457,C0097,P0449,2026-02-01,35.01,39
U005284,E00457,C0097,P0449,2026-03-01,19.64,39
U005285,E00457,C0097,P0449,2026-04-01,27.69,39
U005286,E00457,C0097,P0449,2026-05-01,22.3,39
U005287,E00457,C0097,P0449,2026-06-01,26.24,39
U005288,E00458,C0097,P0071,2025-08-01,10.45,20
U005289,E00458,C0097,P0071,2025-09-01,14.6,20
U005290,E00458,C0097,P0071,2025-10-01,19.79,20
U005291,E00458,C0097,P0071,2025-11-01,13.07,20
U005292,E00458,C0097,P0071,2025-12-01,14.15,20
U005293,E00458,C0097,P0071,2026-01-01,14.19,20
U005294,E00458,C0097,P0071,2026-02-01,10.79,20
U005295,E00458,C0097,P0071,2026-03-01,12.96,20
U005296,E00458,C0097,P0071,2026-04-01,17.31,20
U005297,E00458,C0097,P0071,2026-05-01,10.73,20
U005298,E00458,C0097,P0071,2026-06-01,15.6,20
U005299,E00459,C0097,P0427,2025-07-01,7651.72,10853
U005300,E00459,C0097,P0427,2025-08-01,8223.8,10853
U005301,E00459,C0097,P0427,2025-09-01,6899.19,10853
U005302,E00459,C0097,P0427,2025-10-01,10267.01,10853
U005303,E00459,C0097,P0427,2025-11-01,8523.3,10853
U005304,E00459,C0097,P0427,2025-12-01,6757.67,10853
U005305,E00459,C0097,P0427,2026-01-01,8815.41,10853
U005306,E00459,C0097,P0427,2026-02-01,5885.72,10853
U005307,E00459,C0097,P0427,2026-03-01,7909.05,10853
U005308,E00459,C0097,P0427,2026-04-01,8782.96,10853
U005309,E00459,C0097,P0427,2026-05-01,5883.88,10853
U005310,E00459,C0097,P0427,2026-06-01,9968.1,10853
U005311,E00460,C0097,P0162,2025-07-01,436.41,655
U005312,E00460,C0097,P0162,2025-08-01,497.85,655
U005313,E00460,C0097,P0162,2025-09-01,549.32,655
U005314,E00460,C0097,P0162,2025-10-01,466.35,655
U005315,E00460,C0097,P0162,2025-11-01,548.25,655
U005316,E00460,C0097,P0162,2025-12-01,455.06,655
U005317,E00460,C0097,P0162,2026-01-01,621.68,655
U005318,E00460,C0097,P0162,2026-02-01,326.14,655
U005319,E00460,C0097,P0162,2026-03-01,310.17,655
U005320,E00460,C0097,P0162,2026-04-01,432.07,655
U005321,E00460,C0097,P0162,2026-05-01,506.86,655
U005322,E00460,C0097,P0162,2026-06-01,523.55,655
U005323,E00461,C0097,P0038,2025-07-01,0.61,1
U005324,E00461,C0097,P0038,2025-08-01,0.87,1
U005325,E00461,C0097,P0038,2025-09-01,0.6,1
U005326,E00461,C0097,P0038,2025-10-01,0.85,1
U005327,E00461,C0097,P0038,2025-11-01,1.13,1
U005328,E00461,C0097,P0038,2025-12-01,0.67,1
U005329,E00461,C0097,P0038,2026-01-01,0.76,1
U005330,E00461,C0097,P0038,2026-02-01,0.83,1
U005331,E00461,C0097,P0038,2026-03-01,0.67,1
U005332,E00461,C0097,P0038,2026-04-01,0.66,1
U005333,E00461,C0097,P0038,2026-05-01,0.61,1
U005334,E00461,C0097,P0038,2026-06-01,0.9,1
U005335,E00462,C0097,P0024,2025-10-01,14.23,25
U005336,E00462,C0097,P0024,2025-11-01,22.29,25
U005337,E00462,C0097,P0024,2025-12-01,20.0,25
U005338,E00462,C0097,P0024,2026-01-01,18.42,25
U005339,E00462,C0097,P0024,2026-02-01,12.82,25
U005340,E00462,C0097,P0024,2026-03-01,14.32,25
U005341,E00462,C0097,P0024,2026-04-01,22.27,25
U005342,E00462,C0097,P0024,2026-05-01,15.04,25
U005343,E00462,C0097,P0024,2026-06-01,16.65,25
U005344,E00463,C0098,P0154,2025-07-01,445.5,275
U005345,E00463,C0098,P0154,2025-08-01,366.8,275
U005346,E00463,C0098,P0154,2025-09-01,299.57,275
U005347,E00463,C0098,P0154,2025-10-01,416.87,275
U005348,E00463,C0098,P0154,2025-11-01,319.37,275
U005349,E00463,C0098,P0154,2025-12-01,390.16,275
U005350,E00463,C0098,P0154,2026-01-01,399.64,275
U005351,E00463,C0098,P0154,2026-02-01,362.39,275
U005352,E00463,C0098,P0154,2026-03-01,408.74,275
U005353,E00463,C0098,P0154,2026-04-01,382.61,275
U005354,E00463,C0098,P0154,2026-05-01,343.94,275
U005355,E00463,C0098,P0154,2026-06-01,436.82,275
U005356,E00464,C0098,P0138,2025-07-01,10733.84,7899
U005357,E00464,C0098,P0138,2025-08-01,11814.81,7899
U005358,E00464,C0098,P0138,2025-09-01,12386.32,7899
U005359,E00464,C0098,P0138,2025-10-01,12549.07,7899
U005360,E00464,C0098,P0138,2025-11-01,10175.21,7899
U005361,E00464,C0098,P0138,2025-12-01,10677.59,7899
U005362,E00464,C0098,P0138,2026-01-01,11053.55,7899
U005363,E00464,C0098,P0138,2026-02-01,11578.2,7899
U005364,E00464,C0098,P0138,2026-03-01,9055.16,7899
U005365,E00464,C0098,P0138,2026-04-01,11711.3,7899
U005366,E00464,C0098,P0138,2026-05-01,11899.88,7899
U005367,E00464,C0098,P0138,2026-06-01,11706.07,7899
U005368,E00465,C0098,P0180,2025-07-01,754.38,604
U005369,E00465,C0098,P0180,2025-08-01,812.11,604
U005370,E00465,C0098,P0180,2025-09-01,924.4,604
U005371,E00465,C0098,P0180,2025-10-01,1020.41,604
U005372,E00465,C0098,P0180,2025-11-01,916.81,604
U005373,E00465,C0098,P0180,2025-12-01,750.71,604
U005374,E00465,C0098,P0180,2026-01-01,663.16,604
U005375,E00465,C0098,P0180,2026-02-01,922.64,604
U005376,E00465,C0098,P0180,2026-03-01,910.93,604
U005377,E00465,C0098,P0180,2026-04-01,876.59,604
U005378,E00465,C0098,P0180,2026-05-01,859.51,604
U005379,E00465,C0098,P0180,2026-06-01,974.25,604
U005380,E00466,C0098,P0038,2025-09-01,36.65,26
U005381,E00466,C0098,P0038,2025-10-01,32.62,26
U005382,E00466,C0098,P0038,2025-11-01,38.53,26
U005383,E00466,C0098,P0038,2025-12-01,33.28,26
U005384,E00466,C0098,P0038,2026-01-01,43.67,26
U005385,E00466,C0098,P0038,2026-02-01,38.34,26
U005386,E00466,C0098,P0038,2026-03-01,31.93,26
U005387,E00466,C0098,P0038,2026-04-01,30.76,26
U005388,E00466,C0098,P0038,2026-05-01,32.25,26
U005389,E00466,C0098,P0038,2026-06-01,40.46,26
U005390,E00467,C0098,P0300,2025-07-01,2634.96,1927
U005391,E00467,C0098,P0300,2025-08-01,3113.84,1927
U005392,E00467,C0098,P0300,2025-09-01,2871.37,1927
U005393,E00467,C0098,P0300,2025-10-01,2435.45,1927
U005394,E00467,C0098,P0300,2025-11-01,2600.77,1927
U005395,E00467,C0098,P0300,2025-12-01,2739.66,1927
U005396,E00467,C0098,P0300,2026-01-01,2863.76,1927
U005397,E00467,C0098,P0300,2026-02-01,3084.25,1927
U005398,E00467,C0098,P0300,2026-03-01,2692.18,1927
U005399,E00467,C0098,P0300,2026-04-01,2837.55,1927
U005400,E00467,C0098,P0300,2026-05-01,2301.59,1927
U005401,E00467,C0098,P0300,2026-06-01,2538.98,1927
U005402,E00468,C0099,P0388,2025-07-01,1437.31,1979
U005403,E00468,C0099,P0388,2025-08-01,1501.2,1979
U005404,E00468,C0099,P0388,2025-09-01,1282.5,1979
U005405,E00468,C0099,P0388,2025-10-01,1594.59,1979
U005406,E00468,C0099,P0388,2025-11-01,1242.97,1979
U005407,E00468,C0099,P0388,2025-12-01,1023.99,1979
U005408,E00468,C0099,P0388,2026-01-01,1558.7,1979
U005409,E00468,C0099,P0388,2026-02-01,1178.97,1979
U005410,E00468,C0099,P0388,2026-03-01,1740.77,1979
U005411,E00468,C0099,P0388,2026-04-01,1478.03,1979
U005412,E00468,C0099,P0388,2026-05-01,1526.14,1979
U005413,E00468,C0099,P0388,2026-06-01,1162.67,1979
U005414,E00469,C0099,P0428,2025-09-01,283.73,397
U005415,E00469,C0099,P0428,2025-10-01,260.49,397
U005416,E00469,C0099,P0428,2025-11-01,324.73,397
U005417,E00469,C0099,P0428,2025-12-01,283.36,397
U005418,E00469,C0099,P0428,2026-01-01,225.46,397
U005419,E00469,C0099,P0428,2026-02-01,347.82,397
U005420,E00469,C0099,P0428,2026-03-01,320.85,397
U005421,E00469,C0099,P0428,2026-04-01,233.15,397
U005422,E00469,C0099,P0428,2026-05-01,288.43,397
U005423,E00469,C0099,P0428,2026-06-01,219.58,397
U005424,E00470,C0099,P0350,2025-07-01,3737.18,7257
U005425,E00470,C0099,P0350,2025-08-01,5612.24,7257
U005426,E00470,C0099,P0350,2025-09-01,6046.59,7257
U005427,E00470,C0099,P0350,2025-10-01,5441.05,7257
U005428,E00470,C0099,P0350,2025-11-01,5168.61,7257
U005429,E00470,C0099,P0350,2025-12-01,6465.49,7257
U005430,E00470,C0099,P0350,2026-01-01,4789.3,7257
U005431,E00470,C0099,P0350,2026-02-01,5716.63,7257
U005432,E00470,C0099,P0350,2026-03-01,7344.68,7257
U005433,E00470,C0099,P0350,2026-04-01,3690.6,7257
U005434,E00470,C0099,P0350,2026-05-01,5115.85,7257
U005435,E00470,C0099,P0350,2026-06-01,5068.4,7257
U005436,E00471,C0099,P0227,2025-07-01,4.1,6
U005437,E00471,C0099,P0227,2025-08-01,4.18,6
U005438,E00471,C0099,P0227,2025-09-01,3.24,6
U005439,E00471,C0099,P0227,2025-10-01,3.17,6
U005440,E00471,C0099,P0227,2025-11-01,4.83,6
U005441,E00471,C0099,P0227,2025-12-01,4.58,6
U005442,E00471,C0099,P0227,2026-01-01,4.12,6
U005443,E00471,C0099,P0227,2026-02-01,4.73,6
U005444,E00471,C0099,P0227,2026-03-01,3.71,6
U005445,E00471,C0099,P0227,2026-04-01,3.9,6
U005446,E00471,C0099,P0227,2026-05-01,4.02,6
U005447,E00471,C0099,P0227,2026-06-01,4.11,6
U005448,E00472,C0099,P0427,2025-07-01,4898.1,7277
U005449,E00472,C0099,P0427,2025-08-01,4888.4,7277
U005450,E00472,C0099,P0427,2025-09-01,5737.2,7277
U005451,E00472,C0099,P0427,2025-10-01,6253.49,7277
U005452,E00472,C0099,P0427,2025-11-01,3915.35,7277
U005453,E00472,C0099,P0427,2025-12-01,6604.14,7277
U005454,E00472,C0099,P0427,2026-01-01,4211.6,7277
U005455,E00472,C0099,P0427,2026-02-01,4824.88,7277
U005456,E00472,C0099,P0427,2026-03-01,4929.72,7277
U005457,E00472,C0099,P0427,2026-04-01,6557.1,7277
U005458,E00472,C0099,P0427,2026-05-01,4369.71,7277
U005459,E00472,C0099,P0427,2026-06-01,6786.72,7277
U005460,E00473,C0100,P0072,2025-07-01,5695.78,8476
U005461,E00473,C0100,P0072,2025-08-01,4099.86,8476
U005462,E00473,C0100,P0072,2025-09-01,6834.6,8476
U005463,E00473,C0100,P0072,2025-10-01,6447.79,8476
U005464,E00473,C0100,P0072,2025-11-01,7848.21,8476
U005465,E00473,C0100,P0072,2025-12-01,7502.42,8476
U005466,E00473,C0100,P0072,2026-01-01,5035.1,8476
U005467,E00473,C0100,P0072,2026-02-01,5317.6,8476
U005468,E00473,C0100,P0072,2026-03-01,5983.32,8476
U005469,E00473,C0100,P0072,2026-04-01,7807.12,8476
U005470,E00473,C0100,P0072,2026-05-01,6567.17,8476
U005471,E00473,C0100,P0072,2026-06-01,4576.85,8476
U005472,E00474,C0100,P0213,2025-07-01,325.89,547
U005473,E00474,C0100,P0213,2025-08-01,419.14,547
U005474,E00474,C0100,P0213,2025-09-01,565.31,547
U005475,E00474,C0100,P0213,2025-10-01,277.75,547
U005476,E00474,C0100,P0213,2025-11-01,286.48,547
U005477,E00474,C0100,P0213,2025-12-01,433.93,547
U005478,E00474,C0100,P0213,2026-01-01,325.91,547
U005479,E00474,C0100,P0213,2026-02-01,405.36,547
U005480,E00474,C0100,P0213,2026-03-01,318.22,547
U005481,E00474,C0100,P0213,2026-04-01,496.24,547
U005482,E00474,C0100,P0213,2026-05-01,360.49,547
U005483,E00474,C0100,P0213,2026-06-01,393.24,547
U005484,E00475,C0017,P0475,2026-02-01,245.63,790
U005485,E00475,C0017,P0475,2026-03-01,264.17,790
U005486,E00475,C0017,P0475,2026-04-01,419.08,790
U005487,E00475,C0017,P0475,2026-05-01,495.77,790
U005488,E00475,C0017,P0475,2026-06-01,734.33,790
U005489,E00476,C0012,P0214,2026-02-01,14.38,64
U005490,E00476,C0012,P0214,2026-03-01,25.02,64
U005491,E00476,C0012,P0214,2026-04-01,15.94,64
U005492,E00476,C0012,P0214,2026-05-01,27.25,64
U005493,E00476,C0012,P0214,2026-06-01,40.77,64
U005494,E00477,C0033,P0344,2026-02-01,13.29,41
U005495,E00477,C0033,P0344,2026-03-01,13.01,41
U005496,E00477,C0033,P0344,2026-04-01,16.85,41
U005497,E00477,C0033,P0344,2026-05-01,17.7,41
U005498,E00477,C0033,P0344,2026-06-01,25.4,41
U005499,E00478,C0054,P0456,2026-01-01,11.04,43
U005500,E00478,C0054,P0456,2026-02-01,22.16,43
U005501,E00478,C0054,P0456,2026-03-01,25.14,43
U005502,E00478,C0054,P0456,2026-04-01,20.99,43
U005503,E00478,C0054,P0456,2026-05-01,24.06,43
U005504,E00478,C0054,P0456,2026-06-01,37.45,43
U005505,E00479,C0100,P0213,2026-01-01,228.04,925
U005506,E00479,C0100,P0213,2026-02-01,218.23,925
U005507,E00479,C0100,P0213,2026-03-01,511.37,925
U005508,E00479,C0100,P0213,2026-04-01,550.27,925
U005509,E00479,C0100,P0213,2026-05-01,620.91,925
U005510,E00479,C0100,P0213,2026-06-01,545.12,925
U005511,E00480,C0063,P0295,2025-12-01,1208.04,3156
U005512,E00480,C0063,P0295,2026-01-01,1567.54,3156
U005513,E00480,C0063,P0295,2026-02-01,1050.5,3156
U005514,E00480,C0063,P0295,2026-03-01,1547.78,3156
U005515,E00480,C0063,P0295,2026-04-01,1524.52,3156
U005516,E00480,C0063,P0295,2026-05-01,2183.52,3156
U005517,E00480,C0063,P0295,2026-06-01,2614.81,3156
