feature_id,feature_name,feature_description,product_id,meaningful_floor_events,deep_threshold_events
F00001,Advanced DNS Security,Advanced DNS Security capability delivered within PA-5410 SKU-0001,P0001,398446,1593787
F00002,Advanced Threat Prevention,Advanced Threat Prevention capability delivered within PA-5410 SKU-0001,P0001,590681,2362725
F00003,Enterprise DLP,Enterprise DLP capability delivered within PA-5410 SKU-0001,P0001,257742,1030968
F00004,Advanced WildFire,Advanced WildFire capability delivered within PA-5410 SKU-0001,P0001,201559,806236
F00005,App-ID,App-ID capability delivered within PA-5410 SKU-0001,P0001,15808,63233
F00006,Decryption,Decryption capability delivered within PA-5410 SKU-0001,P0001,15993,63974
F00007,Advanced URL Filtering,Advanced URL Filtering capability delivered within CN-Series SKU-0002,P0002,30470,121882
F00008,Advanced Threat Prevention,Advanced Threat Prevention capability delivered within CN-Series SKU-0002,P0002,20843,83373
F00009,Advanced WildFire,Advanced WildFire capability delivered within CN-Series SKU-0002,P0002,686467,2745869
F00010,Decryption,Decryption capability delivered within CN-Series SKU-0002,P0002,13138,52554
F00011,Advanced DNS Security,Advanced DNS Security capability delivered within CN-Series SKU-0002,P0002,7213,28852
F00012,Advanced WildFire,Advanced WildFire capability delivered within PA-5445 SKU-0003,P0003,286753,1147013
F00013,App-ID,App-ID capability delivered within PA-5445 SKU-0003,P0003,116577,466308
F00014,GlobalProtect,GlobalProtect capability delivered within PA-5445 SKU-0003,P0003,17561,70244
F00015,Enterprise DLP,Enterprise DLP capability delivered within PA-5445 SKU-0003,P0003,1265707,5062828
F00016,Advanced URL Filtering,Advanced URL Filtering capability delivered within PA-5445 SKU-0003,P0003,8047,32190
F00017,Decryption,Decryption capability delivered within Prisma Access Remote Networks SKU-0004,P0004,5622,22488
F00018,AI Access Security,AI Access Security capability delivered within Prisma Access Remote Networks SKU-0004,P0004,330669,1322678
F00019,Advanced Threat Prevention,Advanced Threat Prevention capability delivered within Prisma Access Remote Networks SKU-0004,P0004,8606,34424
F00020,Advanced WildFire,Advanced WildFire capability delivered within Prisma Access Remote Networks SKU-0004,P0004,11349,45397
F00021,App-ID,App-ID capability delivered within Prisma Access Remote Networks SKU-0004,P0004,1272097,5088388
F00022,Advanced WildFire,Advanced WildFire capability delivered within Cloud NGFW for AWS SKU-0005,P0005,392328,1569312
F00023,Advanced URL Filtering,Advanced URL Filtering capability delivered within Cloud NGFW for AWS SKU-0005,P0005,31972,127888
F00024,Advanced Threat Prevention,Advanced Threat Prevention capability delivered within Cloud NGFW for AWS SKU-0005,P0005,140273,561092
F00025,Decryption,Decryption capability delivered within Cloud NGFW for AWS SKU-0005,P0005,438692,1754771
F00026,Advanced DNS Security,Advanced DNS Security capability delivered within Cloud NGFW for AWS SKU-0005,P0005,11458,45834
F00027,App-ID,App-ID capability delivered within Cloud NGFW for AWS SKU-0005,P0005,31133,124533
F00028,Advanced WildFire,Advanced WildFire capability delivered within PA-440 SKU-0006,P0006,7927,31708
F00029,Advanced DNS Security,Advanced DNS Security capability delivered within PA-440 SKU-0006,P0006,21893,87575
F00030,Enterprise DLP,Enterprise DLP capability delivered within PA-440 SKU-0006,P0006,27519,110076
F00031,Decryption,Decryption capability delivered within PA-440 SKU-0006,P0006,153075,612301
F00032,IoT/OT Security,IoT/OT Security capability delivered within PA-440 SKU-0006,P0006,24567,98268
F00033,App-ID,App-ID capability delivered within PA-440 SKU-0006,P0006,19567,78270
F00034,Enterprise DLP,Enterprise DLP capability delivered within PA-5410 SKU-0007,P0007,9155,36620
F00035,Advanced DNS Security,Advanced DNS Security capability delivered within PA-5410 SKU-0007,P0007,179777,719109
F00036,App-ID,App-ID capability delivered within PA-5410 SKU-0007,P0007,19646,78585
F00037,Advanced DNS Security,Advanced DNS Security capability delivered within Prisma Access Browser SKU-0008,P0008,20389,81557
F00038,Advanced URL Filtering,Advanced URL Filtering capability delivered within Prisma Access Browser SKU-0008,P0008,5139,20557
F00039,Decryption,Decryption capability delivered within Prisma Access Browser SKU-0008,P0008,21231,84926
F00040,Advanced WildFire,Advanced WildFire capability delivered within CN-Series SKU-0009,P0009,15538,62154
F00041,Advanced URL Filtering,Advanced URL Filtering capability delivered within CN-Series SKU-0009,P0009,732766,2931065
F00042,Advanced DNS Security,Advanced DNS Security capability delivered within CN-Series SKU-0009,P0009,21901,87604
F00043,GlobalProtect,GlobalProtect capability delivered within CN-Series SKU-0009,P0009,10206,40826
F00044,Decryption,Decryption capability delivered within Prisma Access Remote Networks SKU-0010,P0010,18029,72117
F00045,Enterprise DLP,Enterprise DLP capability delivered within Prisma Access Remote Networks SKU-0010,P0010,172585,690343
F00046,Advanced Threat Prevention,Advanced Threat Prevention capability delivered within Prisma Access Remote Networks SKU-0010,P0010,8686,34746
F00047,Advanced URL Filtering,Advanced URL Filtering capability delivered within Prisma Access Remote Networks SKU-0010,P0010,191527,766110
F00048,App-ID,App-ID capability delivered within Prisma Access Remote Networks SKU-0010,P0010,6280,25120
F00049,SaaS Security,SaaS Security capability delivered within Prisma Access Remote Networks SKU-0010,P0010,468259,1873036
F00050,Advanced WildFire,Advanced WildFire capability delivered within PA-1410 SKU-0011,P0011,20598,82393
F00051,Advanced URL Filtering,Advanced URL Filtering capability delivered within PA-1410 SKU-0011,P0011,12830,51320
F00052,Advanced DNS Security,Advanced DNS Security capability delivered within PA-1410 SKU-0011,P0011,827855,3311423
F00053,App-ID,App-ID capability delivered within PA-1410 SKU-0011,P0011,1177510,4710040
F00054,Decryption,Decryption capability delivered within PA-1410 SKU-0011,P0011,180093,720375
F00055,IoT/OT Security,IoT/OT Security capability delivered within PA-1410 SKU-0011,P0011,7233,28935
F00056,Advanced DNS Security,Advanced DNS Security capability delivered within PA-3440 SKU-0012,P0012,7376,29504
F00057,Advanced WildFire,Advanced WildFire capability delivered within PA-3440 SKU-0012,P0012,29576,118305
F00058,Enterprise DLP,Enterprise DLP capability delivered within PA-3440 SKU-0012,P0012,18438,73754
F00059,App-ID,App-ID capability delivered within PA-3440 SKU-0012,P0012,526087,2104351
F00060,Advanced URL Filtering,Advanced URL Filtering capability delivered within PA-3440 SKU-0012,P0012,1220643,4882574
F00061,Advanced Threat Prevention,Advanced Threat Prevention capability delivered within PA-3440 SKU-0012,P0012,24353,97415
F00062,Advanced WildFire,Advanced WildFire capability delivered within CN-Series SKU-0013,P0013,15438,61752
F00063,GlobalProtect,GlobalProtect capability delivered within CN-Series SKU-0013,P0013,552789,2211156
F00064,Advanced DNS Security,Advanced DNS Security capability delivered within CN-Series SKU-0013,P0013,182564,730259
F00065,Advanced URL Filtering,Advanced URL Filtering capability delivered within CN-Series SKU-0014,P0014,6454,25819
F00066,Advanced Threat Prevention,Advanced Threat Prevention capability delivered within CN-Series SKU-0014,P0014,655970,2623880
F00067,IoT/OT Security,IoT/OT Security capability delivered within CN-Series SKU-0014,P0014,15264,61059
F00068,Decryption,Decryption capability delivered within CN-Series SKU-0014,P0014,6712,26849
F00069,Advanced URL Filtering,Advanced URL Filtering capability delivered within PA-3410 SKU-0015,P0015,196330,785321
F00070,Advanced WildFire,Advanced WildFire capability delivered within PA-3410 SKU-0015,P0015,11816,47266
F00071,Advanced DNS Security,Advanced DNS Security capability delivered within PA-3410 SKU-0015,P0015,18978,75912
F00072,IoT/OT Security,IoT/OT Security capability delivered within PA-3410 SKU-0015,P0015,4387,17548
F00073,Advanced Threat Prevention,Advanced Threat Prevention capability delivered within PA-3410 SKU-0015,P0015,570531,2282125
F00074,App-ID,App-ID capability delivered within PA-3410 SKU-0015,P0015,471944,1887777
F00075,Advanced Threat Prevention,Advanced Threat Prevention capability delivered within CN-Series SKU-0016,P0016,22726,90904
F00076,Advanced WildFire,Advanced WildFire capability delivered within CN-Series SKU-0016,P0016,380957,1523829
F00077,GlobalProtect,GlobalProtect capability delivered within CN-Series SKU-0016,P0016,116694,466776
F00078,IoT/OT Security,IoT/OT Security capability delivered within CN-Series SKU-0016,P0016,8633,34534
F00079,App-ID,App-ID capability delivered within CN-Series SKU-0016,P0016,13471,53884
F00080,Advanced URL Filtering,Advanced URL Filtering capability delivered within CN-Series SKU-0016,P0016,865851,3463406
F00081,App-ID,App-ID capability delivered within PA-460 SKU-0017,P0017,1368624,5474497
F00082,Advanced DNS Security,Advanced DNS Security capability delivered within PA-460 SKU-0017,P0017,22385,89541
F00083,Advanced WildFire,Advanced WildFire capability delivered within PA-460 SKU-0017,P0017,10215,40863
F00084,Advanced Threat Prevention,Advanced Threat Prevention capability delivered within PA-460 SKU-0017,P0017,15442,61768
F00085,Decryption,Decryption capability delivered within PA-460 SKU-0017,P0017,190124,760499
F00086,Advanced URL Filtering,Advanced URL Filtering capability delivered within PA-460 SKU-0017,P0017,21855,87420
F00087,App-ID,App-ID capability delivered within Prisma Access Mobile Users SKU-0018,P0018,8679,34718
F00088,SaaS Security,SaaS Security capability delivered within Prisma Access Mobile Users SKU-0018,P0018,6469,25876
F00089,Advanced Threat Prevention,Advanced Threat Prevention capability delivered within Prisma Access Mobile Users SKU-0018,P0018,14812,59248
F00090,Advanced DNS Security,Advanced DNS Security capability delivered within Prisma Access Mobile Users SKU-0018,P0018,20232,80928
F00091,Decryption,Decryption capability delivered within Prisma Access Mobile Users SKU-0018,P0018,836223,3344895
F00092,SD-WAN,SD-WAN capability delivered within Prisma Access Mobile Users SKU-0018,P0018,827083,3308334
F00093,Advanced Threat Prevention,Advanced Threat Prevention capability delivered within Cloud NGFW for Azure SKU-0019,P0019,6636,26544
F00094,Decryption,Decryption capability delivered within Cloud NGFW for Azure SKU-0019,P0019,7186,28744
F00095,Advanced WildFire,Advanced WildFire capability delivered within Cloud NGFW for Azure SKU-0019,P0019,1010092,4040368
F00096,IoT/OT Security,IoT/OT Security capability delivered within VM-100 SKU-0020,P0020,292327,1169310
F00097,Decryption,Decryption capability delivered within VM-100 SKU-0020,P0020,16431,65725
F00098,Advanced URL Filtering,Advanced URL Filtering capability delivered within VM-100 SKU-0020,P0020,33012,132050
F00099,Advanced URL Filtering,Advanced URL Filtering capability delivered within VM-500 SKU-0021,P0021,18932,75728
F00100,GlobalProtect,GlobalProtect capability delivered within VM-500 SKU-0021,P0021,3952,15810
F00101,Decryption,Decryption capability delivered within VM-500 SKU-0021,P0021,5886,23545
F00102,App-ID,App-ID capability delivered within VM-500 SKU-0021,P0021,243796,975185
F00103,Advanced WildFire,Advanced WildFire capability delivered within VM-300 SKU-0022,P0022,7227,28911
F00104,Advanced DNS Security,Advanced DNS Security capability delivered within VM-300 SKU-0022,P0022,19519,78078
F00105,Decryption,Decryption capability delivered within VM-300 SKU-0022,P0022,21249,84996
F00106,Advanced URL Filtering,Advanced URL Filtering capability delivered within VM-300 SKU-0022,P0022,616085,2464342
F00107,App-ID,App-ID capability delivered within PA-3410 SKU-0023,P0023,167610,670440
F00108,Advanced URL Filtering,Advanced URL Filtering capability delivered within PA-3410 SKU-0023,P0023,14128,56512
F00109,Decryption,Decryption capability delivered within PA-3410 SKU-0023,P0023,3848,15392
F00110,GlobalProtect,GlobalProtect capability delivered within PA-7500 SKU-0024,P0024,1150566,4602264
F00111,Advanced WildFire,Advanced WildFire capability delivered within PA-7500 SKU-0024,P0024,22029,88118
F00112,Decryption,Decryption capability delivered within PA-7500 SKU-0024,P0024,236140,944560
F00113,Advanced URL Filtering,Advanced URL Filtering capability delivered within Prisma Access Mobile Users SKU-0025,P0025,12610,50442
F00114,GlobalProtect,GlobalProtect capability delivered within Prisma Access Mobile Users SKU-0025,P0025,706171,2824686
F00115,Advanced Threat Prevention,Advanced Threat Prevention capability delivered within Prisma Access Mobile Users SKU-0025,P0025,10007,40030
F00116,SaaS Security,SaaS Security capability delivered within Prisma Access Mobile Users SKU-0025,P0025,10814,43259
F00117,Advanced WildFire,Advanced WildFire capability delivered within Prisma Access Mobile Users SKU-0025,P0025,35589,142357
F00118,GlobalProtect,GlobalProtect capability delivered within PA-410 SKU-0026,P0026,1154100,4616402
F00119,Advanced URL Filtering,Advanced URL Filtering capability delivered within PA-410 SKU-0026,P0026,38114,152458
F00120,Advanced DNS Security,Advanced DNS Security capability delivered within PA-410 SKU-0026,P0026,325365,1301463
F00121,Decryption,Decryption capability delivered within PA-410 SKU-0026,P0026,458639,1834556
F00122,App-ID,App-ID capability delivered within PA-410 SKU-0026,P0026,5986,23945
F00123,Advanced WildFire,Advanced WildFire capability delivered within PA-410 SKU-0026,P0026,8754,35016
F00124,Advanced DNS Security,Advanced DNS Security capability delivered within VM-100 SKU-0027,P0027,15137,60550
F00125,Advanced URL Filtering,Advanced URL Filtering capability delivered within VM-100 SKU-0027,P0027,27205,108823
F00126,Advanced Threat Prevention,Advanced Threat Prevention capability delivered within VM-100 SKU-0027,P0027,19111,76445
F00127,Advanced WildFire,Advanced WildFire capability delivered within VM-100 SKU-0027,P0027,351543,1406173
F00128,Enterprise DLP,Enterprise DLP capability delivered within VM-100 SKU-0027,P0027,21822,87291
F00129,IoT/OT Security,IoT/OT Security capability delivered within VM-100 SKU-0027,P0027,650377,2601511
F00130,Advanced DNS Security,Advanced DNS Security capability delivered within Prisma Access Mobile Users SKU-0028,P0028,16494,65979
F00131,SaaS Security,SaaS Security capability delivered within Prisma Access Mobile Users SKU-0028,P0028,1120409,4481636
F00132,SD-WAN,SD-WAN capability delivered within Prisma Access Mobile Users SKU-0028,P0028,484861,1939444
F00133,App-ID,App-ID capability delivered within Prisma Access Mobile Users SKU-0028,P0028,10724,42896
F00134,Advanced WildFire,Advanced WildFire capability delivered within Prisma Access Mobile Users SKU-0028,P0028,17109,68438
F00135,App-ID,App-ID capability delivered within Prisma Access Mobile Users SKU-0029,P0029,214360,857442
F00136,Decryption,Decryption capability delivered within Prisma Access Mobile Users SKU-0029,P0029,916938,3667752
F00137,SaaS Security,SaaS Security capability delivered within Prisma Access Mobile Users SKU-0029,P0029,34691,138764
F00138,Advanced WildFire,Advanced WildFire capability delivered within Prisma Access Mobile Users SKU-0029,P0029,12751,51007
F00139,Advanced DNS Security,Advanced DNS Security capability delivered within Prisma Access Browser SKU-0030,P0030,32867,131470
F00140,Advanced Threat Prevention,Advanced Threat Prevention capability delivered within Prisma Access Browser SKU-0030,P0030,13591,54364
F00141,Advanced WildFire,Advanced WildFire capability delivered within Prisma Access Browser SKU-0030,P0030,16268,65075
F00142,Decryption,Decryption capability delivered within CN-Series SKU-0031,P0031,255393,1021572
F00143,App-ID,App-ID capability delivered within CN-Series SKU-0031,P0031,410752,1643011
F00144,Advanced URL Filtering,Advanced URL Filtering capability delivered within CN-Series SKU-0031,P0031,19553,78215
F00145,GlobalProtect,GlobalProtect capability delivered within CN-Series SKU-0031,P0031,36357,145428
F00146,Advanced WildFire,Advanced WildFire capability delivered within VM-700 SKU-0032,P0032,10733,42932
F00147,Decryption,Decryption capability delivered within VM-700 SKU-0032,P0032,155571,622284
F00148,App-ID,App-ID capability delivered within VM-700 SKU-0032,P0032,215607,862431
F00149,GlobalProtect,GlobalProtect capability delivered within VM-700 SKU-0032,P0032,12338,49352
F00150,Advanced URL Filtering,Advanced URL Filtering capability delivered within VM-500 SKU-0033,P0033,7446,29786
F00151,GlobalProtect,GlobalProtect capability delivered within VM-500 SKU-0033,P0033,4185,16740
F00152,Advanced Threat Prevention,Advanced Threat Prevention capability delivered within VM-500 SKU-0033,P0033,119187,476748
F00153,App-ID,App-ID capability delivered within VM-500 SKU-0033,P0033,686936,2747745
F00154,Advanced URL Filtering,Advanced URL Filtering capability delivered within Prisma Access Mobile Users SKU-0034,P0034,501039,2004157
F00155,Decryption,Decryption capability delivered within Prisma Access Mobile Users SKU-0034,P0034,5392,21571
F00156,App-ID,App-ID capability delivered within Prisma Access Mobile Users SKU-0034,P0034,8169,32677
F00157,AI Access Security,AI Access Security capability delivered within Prisma Access Mobile Users SKU-0034,P0034,413906,1655624
F00158,Advanced Threat Prevention,Advanced Threat Prevention capability delivered within VM-700 SKU-0035,P0035,177556,710225
F00159,Decryption,Decryption capability delivered within VM-700 SKU-0035,P0035,5331,21326
F00160,Advanced DNS Security,Advanced DNS Security capability delivered within VM-700 SKU-0035,P0035,529885,2119540
F00161,Advanced WildFire,Advanced WildFire capability delivered within PA-410 SKU-0036,P0036,405856,1623427
F00162,Decryption,Decryption capability delivered within PA-410 SKU-0036,P0036,263780,1055123
F00163,Advanced Threat Prevention,Advanced Threat Prevention capability delivered within PA-410 SKU-0036,P0036,13459,53838
F00164,Advanced DNS Security,Advanced DNS Security capability delivered within PA-410 SKU-0036,P0036,19247,76988
F00165,App-ID,App-ID capability delivered within PA-410 SKU-0036,P0036,5875,23500
F00166,Advanced URL Filtering,Advanced URL Filtering capability delivered within PA-410 SKU-0036,P0036,7136,28547
F00167,Advanced DNS Security,Advanced DNS Security capability delivered within VM-700 SKU-0037,P0037,4833,19332
F00168,Advanced URL Filtering,Advanced URL Filtering capability delivered within VM-700 SKU-0037,P0037,26534,106138
F00169,Advanced WildFire,Advanced WildFire capability delivered within VM-700 SKU-0037,P0037,388058,1552232
F00170,GlobalProtect,GlobalProtect capability delivered within VM-700 SKU-0037,P0037,9987,39951
F00171,IoT/OT Security,IoT/OT Security capability delivered within PA-3410 SKU-0038,P0038,367594,1470376
F00172,Decryption,Decryption capability delivered within PA-3410 SKU-0038,P0038,872872,3491488
F00173,App-ID,App-ID capability delivered within PA-3410 SKU-0038,P0038,200794,803177
F00174,Advanced WildFire,Advanced WildFire capability delivered within PA-3410 SKU-0038,P0038,15156,60624
F00175,Enterprise DLP,Enterprise DLP capability delivered within PA-3410 SKU-0038,P0038,26093,104373
F00176,Advanced DNS Security,Advanced DNS Security capability delivered within PA-3410 SKU-0038,P0038,10595,42380
F00177,IoT/OT Security,IoT/OT Security capability delivered within VM-100 SKU-0039,P0039,656234,2624938
F00178,Advanced DNS Security,Advanced DNS Security capability delivered within VM-100 SKU-0039,P0039,28617,114471
F00179,Decryption,Decryption capability delivered within VM-100 SKU-0039,P0039,30371,121486
F00180,Advanced Threat Prevention,Advanced Threat Prevention capability delivered within CN-Series SKU-0040,P0040,4513,18053
F00181,Decryption,Decryption capability delivered within CN-Series SKU-0040,P0040,19256,77024
F00182,Advanced WildFire,Advanced WildFire capability delivered within CN-Series SKU-0040,P0040,16250,65000
F00183,Advanced DNS Security,Advanced DNS Security capability delivered within CN-Series SKU-0040,P0040,142456,569827
F00184,App-ID,App-ID capability delivered within CN-Series SKU-0040,P0040,1396384,5585536
F00185,Advanced URL Filtering,Advanced URL Filtering capability delivered within CN-Series SKU-0040,P0040,382832,1531330
F00186,Advanced Threat Prevention,Advanced Threat Prevention capability delivered within VM-300 SKU-0041,P0041,562890,2251562
F00187,App-ID,App-ID capability delivered within VM-300 SKU-0041,P0041,7544,30178
F00188,IoT/OT Security,IoT/OT Security capability delivered within VM-300 SKU-0041,P0041,14423,57694
F00189,Advanced DNS Security,Advanced DNS Security capability delivered within VM-300 SKU-0041,P0041,336272,1345091
F00190,Advanced URL Filtering,Advanced URL Filtering capability delivered within VM-300 SKU-0041,P0041,221598,886392
F00191,Decryption,Decryption capability delivered within VM-300 SKU-0041,P0041,17638,70552
F00192,Advanced URL Filtering,Advanced URL Filtering capability delivered within Cloud NGFW for Azure SKU-0042,P0042,404605,1618423
F00193,Advanced Threat Prevention,Advanced Threat Prevention capability delivered within Cloud NGFW for Azure SKU-0042,P0042,4833,19335
F00194,Advanced DNS Security,Advanced DNS Security capability delivered within Cloud NGFW for Azure SKU-0042,P0042,29527,118110
F00195,Enterprise DLP,Enterprise DLP capability delivered within Cloud NGFW for Azure SKU-0042,P0042,38752,155009
F00196,IoT/OT Security,IoT/OT Security capability delivered within PA-460 SKU-0043,P0043,15985,63943
F00197,Advanced Threat Prevention,Advanced Threat Prevention capability delivered within PA-460 SKU-0043,P0043,9381,37525
F00198,Advanced URL Filtering,Advanced URL Filtering capability delivered within PA-460 SKU-0043,P0043,8097,32388
F00199,IoT/OT Security,IoT/OT Security capability delivered within VM-100 SKU-0044,P0044,320523,1282092
F00200,Enterprise DLP,Enterprise DLP capability delivered within VM-100 SKU-0044,P0044,11970,47883
F00201,App-ID,App-ID capability delivered within VM-100 SKU-0044,P0044,41811,167246
F00202,Advanced DNS Security,Advanced DNS Security capability delivered within CN-Series SKU-0045,P0045,427813,1711253
F00203,Enterprise DLP,Enterprise DLP capability delivered within CN-Series SKU-0045,P0045,4617,18469
F00204,Decryption,Decryption capability delivered within CN-Series SKU-0045,P0045,301197,1204788
F00205,App-ID,App-ID capability delivered within PA-5445 SKU-0046,P0046,14841,59367
F00206,Decryption,Decryption capability delivered within PA-5445 SKU-0046,P0046,157357,629428
F00207,GlobalProtect,GlobalProtect capability delivered within PA-5445 SKU-0046,P0046,204235,816942
F00208,Advanced DNS Security,Advanced DNS Security capability delivered within PA-5445 SKU-0046,P0046,19531,78126
F00209,Advanced Threat Prevention,Advanced Threat Prevention capability delivered within PA-5445 SKU-0046,P0046,711358,2845433
F00210,App-ID,App-ID capability delivered within Cloud NGFW for Azure SKU-0047,P0047,589552,2358208
F00211,Advanced URL Filtering,Advanced URL Filtering capability delivered within Cloud NGFW for Azure SKU-0047,P0047,6029,24116
F00212,Decryption,Decryption capability delivered within Cloud NGFW for Azure SKU-0047,P0047,18864,75459
F00213,Advanced Threat Prevention,Advanced Threat Prevention capability delivered within Cloud NGFW for Azure SKU-0047,P0047,11951,47805
F00214,Advanced WildFire,Advanced WildFire capability delivered within Cloud NGFW for Azure SKU-0047,P0047,14656,58625
F00215,Enterprise DLP,Enterprise DLP capability delivered within Cloud NGFW for Azure SKU-0047,P0047,9766,39066
F00216,Decryption,Decryption capability delivered within PA-1410 SKU-0048,P0048,13549,54198
F00217,Advanced URL Filtering,Advanced URL Filtering capability delivered within PA-1410 SKU-0048,P0048,3879,15516
F00218,App-ID,App-ID capability delivered within PA-1410 SKU-0048,P0048,16750,67002
F00219,Advanced Threat Prevention,Advanced Threat Prevention capability delivered within PA-1410 SKU-0048,P0048,103395,413583
F00220,Advanced WildFire,Advanced WildFire capability delivered within PA-1410 SKU-0048,P0048,34680,138723
F00221,IoT/OT Security,IoT/OT Security capability delivered within PA-1410 SKU-0048,P0048,554777,2219108
F00222,App-ID,App-ID capability delivered within VM-300 SKU-0049,P0049,15491,61966
F00223,Advanced URL Filtering,Advanced URL Filtering capability delivered within VM-300 SKU-0049,P0049,18794,75178
F00224,Decryption,Decryption capability delivered within VM-300 SKU-0049,P0049,125778,503114
F00225,Advanced Threat Prevention,Advanced Threat Prevention capability delivered within VM-300 SKU-0049,P0049,23299,93196
F00226,Advanced DNS Security,Advanced DNS Security capability delivered within VM-300 SKU-0049,P0049,443401,1773604
F00227,Advanced DNS Security,Advanced DNS Security capability delivered within VM-100 SKU-0050,P0050,5587,22351
F00228,Advanced WildFire,Advanced WildFire capability delivered within VM-100 SKU-0050,P0050,201924,807699
F00229,Decryption,Decryption capability delivered within VM-100 SKU-0050,P0050,712134,2848539
F00230,App-ID,App-ID capability delivered within VM-100 SKU-0050,P0050,486177,1944709
F00231,GlobalProtect,GlobalProtect capability delivered within VM-100 SKU-0050,P0050,8523,34093
F00232,IoT/OT Security,IoT/OT Security capability delivered within VM-100 SKU-0050,P0050,932923,3731692
F00233,Advanced WildFire,Advanced WildFire capability delivered within VM-500 SKU-0051,P0051,38023,152092
F00234,IoT/OT Security,IoT/OT Security capability delivered within VM-500 SKU-0051,P0051,441375,1765502
F00235,Advanced DNS Security,Advanced DNS Security capability delivered within VM-500 SKU-0051,P0051,759085,3036340
F00236,App-ID,App-ID capability delivered within VM-500 SKU-0051,P0051,104270,417083
F00237,Advanced Threat Prevention,Advanced Threat Prevention capability delivered within VM-500 SKU-0051,P0051,3804,15218
F00238,Decryption,Decryption capability delivered within Prisma Access Browser SKU-0052,P0052,476869,1907477
F00239,App-ID,App-ID capability delivered within Prisma Access Browser SKU-0052,P0052,269128,1076513
F00240,Advanced WildFire,Advanced WildFire capability delivered within Prisma Access Browser SKU-0052,P0052,7491,29964
F00241,Decryption,Decryption capability delivered within Prisma Access Remote Networks SKU-0053,P0053,340930,1363720
F00242,Advanced URL Filtering,Advanced URL Filtering capability delivered within Prisma Access Remote Networks SKU-0053,P0053,16107,64428
F00243,Advanced WildFire,Advanced WildFire capability delivered within Prisma Access Remote Networks SKU-0053,P0053,17101,68405
F00244,Decryption,Decryption capability delivered within PA-440 SKU-0054,P0054,266240,1064961
F00245,Advanced Threat Prevention,Advanced Threat Prevention capability delivered within PA-440 SKU-0054,P0054,6546,26187
F00246,Advanced DNS Security,Advanced DNS Security capability delivered within PA-440 SKU-0054,P0054,5226,20905
F00247,Advanced DNS Security,Advanced DNS Security capability delivered within PA-440 SKU-0055,P0055,15768,63072
F00248,Enterprise DLP,Enterprise DLP capability delivered within PA-440 SKU-0055,P0055,3658,14632
F00249,Advanced WildFire,Advanced WildFire capability delivered within PA-440 SKU-0055,P0055,1365201,5460804
F00250,Advanced URL Filtering,Advanced URL Filtering capability delivered within PA-440 SKU-0055,P0055,9520,38080
F00251,App-ID,App-ID capability delivered within PA-440 SKU-0055,P0055,211824,847296
F00252,Decryption,Decryption capability delivered within PA-440 SKU-0055,P0055,25116,100467
F00253,Advanced WildFire,Advanced WildFire capability delivered within Prisma Access Mobile Users SKU-0056,P0056,10115,40461
F00254,App-ID,App-ID capability delivered within Prisma Access Mobile Users SKU-0056,P0056,7859,31438
F00255,SD-WAN,SD-WAN capability delivered within Prisma Access Mobile Users SKU-0056,P0056,13152,52608
F00256,Advanced DNS Security,Advanced DNS Security capability delivered within Prisma Access Mobile Users SKU-0056,P0056,106575,426300
F00257,GlobalProtect,GlobalProtect capability delivered within Prisma Access Mobile Users SKU-0056,P0056,24281,97125
F00258,SaaS Security,SaaS Security capability delivered within Prisma Access Mobile Users SKU-0057,P0057,1219707,4878828
F00259,Advanced DNS Security,Advanced DNS Security capability delivered within Prisma Access Mobile Users SKU-0057,P0057,13381,53525
F00260,App-ID,App-ID capability delivered within Prisma Access Mobile Users SKU-0057,P0057,8193,32775
F00261,Advanced WildFire,Advanced WildFire capability delivered within Prisma Access Remote Networks SKU-0058,P0058,17491,69967
F00262,Advanced DNS Security,Advanced DNS Security capability delivered within Prisma Access Remote Networks SKU-0058,P0058,9001,36005
F00263,Advanced Threat Prevention,Advanced Threat Prevention capability delivered within Prisma Access Remote Networks SKU-0058,P0058,12644,50577
F00264,SaaS Security,SaaS Security capability delivered within Prisma Access Remote Networks SKU-0058,P0058,139298,557192
F00265,IoT/OT Security,IoT/OT Security capability delivered within VM-500 SKU-0059,P0059,812676,3250705
F00266,Decryption,Decryption capability delivered within VM-500 SKU-0059,P0059,9510,38042
F00267,App-ID,App-ID capability delivered within VM-500 SKU-0059,P0059,111552,446208
F00268,Advanced Threat Prevention,Advanced Threat Prevention capability delivered within VM-500 SKU-0059,P0059,181914,727656
F00269,Advanced WildFire,Advanced WildFire capability delivered within VM-500 SKU-0059,P0059,1309539,5238159
F00270,GlobalProtect,GlobalProtect capability delivered within VM-500 SKU-0059,P0059,8933,35732
F00271,Advanced WildFire,Advanced WildFire capability delivered within PA-1410 SKU-0060,P0060,553087,2212348
F00272,IoT/OT Security,IoT/OT Security capability delivered within PA-1410 SKU-0060,P0060,16779,67118
F00273,Advanced Threat Prevention,Advanced Threat Prevention capability delivered within PA-1410 SKU-0060,P0060,8370,33480
F00274,App-ID,App-ID capability delivered within PA-1410 SKU-0060,P0060,178674,714696
F00275,Advanced DNS Security,Advanced DNS Security capability delivered within PA-1410 SKU-0060,P0060,7717,30868
F00276,Advanced URL Filtering,Advanced URL Filtering capability delivered within Prisma Access Remote Networks SKU-0061,P0061,16530,66123
F00277,Advanced DNS Security,Advanced DNS Security capability delivered within Prisma Access Remote Networks SKU-0061,P0061,501691,2006764
F00278,Advanced WildFire,Advanced WildFire capability delivered within Prisma Access Remote Networks SKU-0061,P0061,123329,493317
F00279,Advanced Threat Prevention,Advanced Threat Prevention capability delivered within Prisma Access Remote Networks SKU-0061,P0061,30140,120561
F00280,Decryption,Decryption capability delivered within Prisma Access Remote Networks SKU-0061,P0061,30541,122165
F00281,App-ID,App-ID capability delivered within Prisma Access Remote Networks SKU-0061,P0061,21352,85408
F00282,SaaS Security,SaaS Security capability delivered within Prisma Access Mobile Users SKU-0062,P0062,665419,2661679
F00283,Advanced DNS Security,Advanced DNS Security capability delivered within Prisma Access Mobile Users SKU-0062,P0062,1208897,4835588
F00284,Advanced Threat Prevention,Advanced Threat Prevention capability delivered within Prisma Access Mobile Users SKU-0062,P0062,21841,87366
F00285,GlobalProtect,GlobalProtect capability delivered within Prisma Access Mobile Users SKU-0062,P0062,23261,93047
F00286,AI Access Security,AI Access Security capability delivered within Prisma Access Mobile Users SKU-0062,P0062,145791,583166
F00287,Decryption,Decryption capability delivered within PA-7500 SKU-0063,P0063,16714,66856
F00288,Advanced WildFire,Advanced WildFire capability delivered within PA-7500 SKU-0063,P0063,751256,3005027
F00289,Enterprise DLP,Enterprise DLP capability delivered within PA-7500 SKU-0063,P0063,6551,26207
F00290,Advanced URL Filtering,Advanced URL Filtering capability delivered within Prisma Access Mobile Users SKU-0064,P0064,304793,1219174
F00291,Advanced WildFire,Advanced WildFire capability delivered within Prisma Access Mobile Users SKU-0064,P0064,819875,3279500
F00292,App-ID,App-ID capability delivered within Prisma Access Mobile Users SKU-0064,P0064,143096,572385
F00293,Advanced Threat Prevention,Advanced Threat Prevention capability delivered within Prisma Access Mobile Users SKU-0064,P0064,10338,41353
F00294,Advanced URL Filtering,Advanced URL Filtering capability delivered within CN-Series SKU-0065,P0065,123802,495210
F00295,Advanced DNS Security,Advanced DNS Security capability delivered within CN-Series SKU-0065,P0065,4261,17045
F00296,Advanced WildFire,Advanced WildFire capability delivered within CN-Series SKU-0065,P0065,271304,1085216
F00297,Decryption,Decryption capability delivered within CN-Series SKU-0065,P0065,360902,1443608
F00298,Advanced Threat Prevention,Advanced Threat Prevention capability delivered within CN-Series SKU-0065,P0065,22280,89123
F00299,Advanced URL Filtering,Advanced URL Filtering capability delivered within Prisma Access Browser SKU-0066,P0066,9566,38264
F00300,SD-WAN,SD-WAN capability delivered within Prisma Access Browser SKU-0066,P0066,187284,749136
F00301,Advanced WildFire,Advanced WildFire capability delivered within Prisma Access Browser SKU-0066,P0066,464941,1859767
F00302,Advanced Threat Prevention,Advanced Threat Prevention capability delivered within Prisma Access Browser SKU-0066,P0066,15413,61655
F00303,Enterprise DLP,Enterprise DLP capability delivered within Cloud NGFW for Azure SKU-0067,P0067,14735,58940
F00304,Advanced DNS Security,Advanced DNS Security capability delivered within Cloud NGFW for Azure SKU-0067,P0067,1166144,4664578
F00305,Decryption,Decryption capability delivered within Cloud NGFW for Azure SKU-0067,P0067,17232,68929
F00306,App-ID,App-ID capability delivered within Cloud NGFW for Azure SKU-0067,P0067,608289,2433156
F00307,Advanced Threat Prevention,Advanced Threat Prevention capability delivered within Cloud NGFW for Azure SKU-0067,P0067,5712,22851
F00308,Advanced URL Filtering,Advanced URL Filtering capability delivered within Cloud NGFW for Azure SKU-0067,P0067,5743,22974
F00309,Advanced URL Filtering,Advanced URL Filtering capability delivered within PA-410 SKU-0068,P0068,8392,33568
F00310,App-ID,App-ID capability delivered within PA-410 SKU-0068,P0068,10771,43087
F00311,GlobalProtect,GlobalProtect capability delivered within PA-410 SKU-0068,P0068,13368,53474
F00312,Advanced DNS Security,Advanced DNS Security capability delivered within PA-410 SKU-0068,P0068,13117,52471
F00313,Enterprise DLP,Enterprise DLP capability delivered within PA-410 SKU-0068,P0068,443576,1774306
F00314,Advanced Threat Prevention,Advanced Threat Prevention capability delivered within Prisma Access Browser SKU-0069,P0069,21967,87868
F00315,App-ID,App-ID capability delivered within Prisma Access Browser SKU-0069,P0069,464080,1856322
F00316,Advanced URL Filtering,Advanced URL Filtering capability delivered within Prisma Access Browser SKU-0069,P0069,14961,59844
F00317,SD-WAN,SD-WAN capability delivered within Prisma Access Browser SKU-0069,P0069,256603,1026415
F00318,Advanced DNS Security,Advanced DNS Security capability delivered within Prisma Access Browser SKU-0069,P0069,1158136,4632545
F00319,Advanced WildFire,Advanced WildFire capability delivered within Prisma Access Browser SKU-0069,P0069,214990,859963
F00320,Decryption,Decryption capability delivered within Cloud NGFW for AWS SKU-0070,P0070,17389,69558
F00321,Advanced URL Filtering,Advanced URL Filtering capability delivered within Cloud NGFW for AWS SKU-0070,P0070,17397,69591
F00322,App-ID,App-ID capability delivered within Cloud NGFW for AWS SKU-0070,P0070,986375,3945500
F00323,Advanced DNS Security,Advanced DNS Security capability delivered within Cloud NGFW for AWS SKU-0070,P0070,113085,452341
F00324,Advanced Threat Prevention,Advanced Threat Prevention capability delivered within Cloud NGFW for AWS SKU-0070,P0070,159475,637901
F00325,Advanced URL Filtering,Advanced URL Filtering capability delivered within PA-5410 SKU-0071,P0071,8460,33843
F00326,App-ID,App-ID capability delivered within PA-5410 SKU-0071,P0071,27572,110288
F00327,Advanced WildFire,Advanced WildFire capability delivered within PA-5410 SKU-0071,P0071,10704,42818
F00328,Decryption,Decryption capability delivered within PA-5410 SKU-0071,P0071,586589,2346356
F00329,Advanced DNS Security,Advanced DNS Security capability delivered within PA-5410 SKU-0071,P0071,146573,586292
F00330,App-ID,App-ID capability delivered within Prisma Access Mobile Users SKU-0072,P0072,13437,53748
F00331,GlobalProtect,GlobalProtect capability delivered within Prisma Access Mobile Users SKU-0072,P0072,195418,781675
F00332,SaaS Security,SaaS Security capability delivered within Prisma Access Mobile Users SKU-0072,P0072,7827,31309
F00333,Advanced WildFire,Advanced WildFire capability delivered within Prisma Access Mobile Users SKU-0072,P0072,594034,2376136
F00334,Advanced Threat Prevention,Advanced Threat Prevention capability delivered within Prisma Access Mobile Users SKU-0072,P0072,15045,60180
F00335,SD-WAN,SD-WAN capability delivered within Prisma Access Mobile Users SKU-0072,P0072,650122,2600489
F00336,App-ID,App-ID capability delivered within PA-410 SKU-0073,P0073,12643,50572
F00337,GlobalProtect,GlobalProtect capability delivered within PA-410 SKU-0073,P0073,39171,156684
F00338,Advanced DNS Security,Advanced DNS Security capability delivered within PA-410 SKU-0073,P0073,7318,29272
F00339,Advanced Threat Prevention,Advanced Threat Prevention capability delivered within PA-410 SKU-0073,P0073,302950,1211802
F00340,Advanced Threat Prevention,Advanced Threat Prevention capability delivered within VM-700 SKU-0074,P0074,15245,60980
F00341,Advanced WildFire,Advanced WildFire capability delivered within VM-700 SKU-0074,P0074,10861,43444
F00342,Decryption,Decryption capability delivered within VM-700 SKU-0074,P0074,1373884,5495539
F00343,GlobalProtect,GlobalProtect capability delivered within VM-700 SKU-0074,P0074,119425,477703
F00344,Advanced URL Filtering,Advanced URL Filtering capability delivered within VM-700 SKU-0074,P0074,8646,34586
F00345,Enterprise DLP,Enterprise DLP capability delivered within VM-700 SKU-0074,P0074,470402,1881609
F00346,Decryption,Decryption capability delivered within Prisma Access Remote Networks SKU-0075,P0075,1178251,4713005
F00347,Advanced DNS Security,Advanced DNS Security capability delivered within Prisma Access Remote Networks SKU-0075,P0075,261653,1046615
F00348,AI Access Security,AI Access Security capability delivered within Prisma Access Remote Networks SKU-0075,P0075,27990,111961
F00349,Advanced WildFire,Advanced WildFire capability delivered within Prisma Access Remote Networks SKU-0075,P0075,620898,2483592
F00350,Advanced Threat Prevention,Advanced Threat Prevention capability delivered within Prisma Access Remote Networks SKU-0075,P0075,7984,31937
F00351,Advanced DNS Security,Advanced DNS Security capability delivered within PA-460 SKU-0076,P0076,18054,72216
F00352,Enterprise DLP,Enterprise DLP capability delivered within PA-460 SKU-0076,P0076,387251,1549007
F00353,Decryption,Decryption capability delivered within PA-460 SKU-0076,P0076,1199426,4797707
F00354,App-ID,App-ID capability delivered within PA-460 SKU-0076,P0076,14984,59937
F00355,App-ID,App-ID capability delivered within VM-700 SKU-0077,P0077,21721,86884
F00356,Advanced WildFire,Advanced WildFire capability delivered within VM-700 SKU-0077,P0077,721971,2887886
F00357,Advanced Threat Prevention,Advanced Threat Prevention capability delivered within VM-700 SKU-0077,P0077,14744,58977
F00358,Enterprise DLP,Enterprise DLP capability delivered within VM-700 SKU-0077,P0077,701003,2804012
F00359,Decryption,Decryption capability delivered within VM-700 SKU-0077,P0077,13532,54129
F00360,Advanced DNS Security,Advanced DNS Security capability delivered within Cloud NGFW for AWS SKU-0078,P0078,12155,48622
F00361,Enterprise DLP,Enterprise DLP capability delivered within Cloud NGFW for AWS SKU-0078,P0078,10499,41996
F00362,Advanced URL Filtering,Advanced URL Filtering capability delivered within Cloud NGFW for AWS SKU-0078,P0078,6607,26429
F00363,Advanced Threat Prevention,Advanced Threat Prevention capability delivered within Cloud NGFW for AWS SKU-0078,P0078,365033,1460132
F00364,Advanced WildFire,Advanced WildFire capability delivered within Cloud NGFW for AWS SKU-0078,P0078,198188,792752
F00365,App-ID,App-ID capability delivered within Cloud NGFW for AWS SKU-0078,P0078,26926,107704
F00366,GlobalProtect,GlobalProtect capability delivered within PA-5410 SKU-0079,P0079,6569,26276
F00367,App-ID,App-ID capability delivered within PA-5410 SKU-0079,P0079,11898,47592
F00368,Decryption,Decryption capability delivered within PA-5410 SKU-0079,P0079,178262,713048
F00369,Advanced DNS Security,Advanced DNS Security capability delivered within PA-5410 SKU-0079,P0079,22700,90800
F00370,IoT/OT Security,IoT/OT Security capability delivered within PA-5410 SKU-0079,P0079,1317566,5270264
F00371,Advanced URL Filtering,Advanced URL Filtering capability delivered within Cloud NGFW for AWS SKU-0080,P0080,832090,3328360
F00372,Decryption,Decryption capability delivered within Cloud NGFW for AWS SKU-0080,P0080,114011,456044
F00373,Advanced Threat Prevention,Advanced Threat Prevention capability delivered within Cloud NGFW for AWS SKU-0080,P0080,4569,18278
F00374,Advanced WildFire,Advanced WildFire capability delivered within Cloud NGFW for AWS SKU-0080,P0080,179371,717484
F00375,Advanced URL Filtering,Advanced URL Filtering capability delivered within Cloud NGFW for AWS SKU-0081,P0081,35753,143013
F00376,Decryption,Decryption capability delivered within Cloud NGFW for AWS SKU-0081,P0081,20537,82150
F00377,Advanced DNS Security,Advanced DNS Security capability delivered within Cloud NGFW for AWS SKU-0081,P0081,222517,890068
F00378,IoT/OT Security,IoT/OT Security capability delivered within CN-Series SKU-0082,P0082,21115,84463
F00379,GlobalProtect,GlobalProtect capability delivered within CN-Series SKU-0082,P0082,183918,735672
F00380,Advanced Threat Prevention,Advanced Threat Prevention capability delivered within CN-Series SKU-0082,P0082,161861,647447
F00381,IoT/OT Security,IoT/OT Security capability delivered within PA-7500 SKU-0083,P0083,5508,22034
F00382,Decryption,Decryption capability delivered within PA-7500 SKU-0083,P0083,16907,67628
F00383,App-ID,App-ID capability delivered within PA-7500 SKU-0083,P0083,41713,166853
F00384,Advanced URL Filtering,Advanced URL Filtering capability delivered within PA-7500 SKU-0083,P0083,211365,845463
F00385,Advanced DNS Security,Advanced DNS Security capability delivered within PA-7500 SKU-0083,P0083,20184,80736
F00386,Advanced WildFire,Advanced WildFire capability delivered within PA-7500 SKU-0083,P0083,510749,2042996
F00387,Advanced Threat Prevention,Advanced Threat Prevention capability delivered within CN-Series SKU-0084,P0084,18540,74160
F00388,Advanced WildFire,Advanced WildFire capability delivered within CN-Series SKU-0084,P0084,21451,85804
F00389,Advanced DNS Security,Advanced DNS Security capability delivered within CN-Series SKU-0084,P0084,22590,90360
F00390,Decryption,Decryption capability delivered within CN-Series SKU-0084,P0084,6546,26184
F00391,App-ID,App-ID capability delivered within CN-Series SKU-0084,P0084,151744,606978
F00392,Enterprise DLP,Enterprise DLP capability delivered within CN-Series SKU-0084,P0084,637079,2548319
F00393,Advanced WildFire,Advanced WildFire capability delivered within Prisma Access Browser SKU-0085,P0085,13206,52826
F00394,Advanced DNS Security,Advanced DNS Security capability delivered within Prisma Access Browser SKU-0085,P0085,6745,26980
F00395,SaaS Security,SaaS Security capability delivered within Prisma Access Browser SKU-0085,P0085,19507,78029
F00396,Advanced Threat Prevention,Advanced Threat Prevention capability delivered within Prisma Access Browser SKU-0086,P0086,26940,107762
F00397,Advanced WildFire,Advanced WildFire capability delivered within Prisma Access Browser SKU-0086,P0086,18909,75636
F00398,App-ID,App-ID capability delivered within Prisma Access Browser SKU-0086,P0086,38908,155635
F00399,Decryption,Decryption capability delivered within Prisma Access Browser SKU-0086,P0086,194056,776224
F00400,Advanced URL Filtering,Advanced URL Filtering capability delivered within Prisma Access Browser SKU-0086,P0086,738454,2953818
F00401,Advanced Threat Prevention,Advanced Threat Prevention capability delivered within PA-5410 SKU-0087,P0087,23441,93765
F00402,App-ID,App-ID capability delivered within PA-5410 SKU-0087,P0087,10863,43453
F00403,Advanced DNS Security,Advanced DNS Security capability delivered within PA-5410 SKU-0087,P0087,703078,2812315
F00404,App-ID,App-ID capability delivered within Cloud NGFW for Azure SKU-0088,P0088,302599,1210397
F00405,Advanced DNS Security,Advanced DNS Security capability delivered within Cloud NGFW for Azure SKU-0088,P0088,13913,55653
F00406,Advanced URL Filtering,Advanced URL Filtering capability delivered within Cloud NGFW for Azure SKU-0088,P0088,22888,91552
F00407,Decryption,Decryption capability delivered within Cloud NGFW for Azure SKU-0088,P0088,554175,2216701
F00408,Advanced WildFire,Advanced WildFire capability delivered within Cloud NGFW for Azure SKU-0088,P0088,32912,131648
F00409,IoT/OT Security,IoT/OT Security capability delivered within CN-Series SKU-0089,P0089,19106,76427
F00410,Advanced Threat Prevention,Advanced Threat Prevention capability delivered within CN-Series SKU-0089,P0089,25289,101158
F00411,Decryption,Decryption capability delivered within CN-Series SKU-0089,P0089,11578,46315
F00412,Advanced WildFire,Advanced WildFire capability delivered within VM-300 SKU-0090,P0090,312429,1249719
F00413,Advanced DNS Security,Advanced DNS Security capability delivered within VM-300 SKU-0090,P0090,31243,124973
F00414,App-ID,App-ID capability delivered within VM-300 SKU-0090,P0090,12100,48401
F00415,Enterprise DLP,Enterprise DLP capability delivered within VM-300 SKU-0090,P0090,872324,3489298
F00416,Advanced WildFire,Advanced WildFire capability delivered within Cloud NGFW for AWS SKU-0091,P0091,5944,23776
F00417,Decryption,Decryption capability delivered within Cloud NGFW for AWS SKU-0091,P0091,35701,142805
F00418,Advanced Threat Prevention,Advanced Threat Prevention capability delivered within Cloud NGFW for AWS SKU-0091,P0091,612115,2448460
F00419,Advanced DNS Security,Advanced DNS Security capability delivered within Cloud NGFW for AWS SKU-0091,P0091,626116,2504465
F00420,App-ID,App-ID capability delivered within Cloud NGFW for AWS SKU-0091,P0091,10358,41434
F00421,Advanced URL Filtering,Advanced URL Filtering capability delivered within Cloud NGFW for AWS SKU-0091,P0091,9124,36497
F00422,Advanced URL Filtering,Advanced URL Filtering capability delivered within Prisma Access Mobile Users SKU-0092,P0092,11456,45825
F00423,Decryption,Decryption capability delivered within Prisma Access Mobile Users SKU-0092,P0092,32570,130280
F00424,Advanced DNS Security,Advanced DNS Security capability delivered within Prisma Access Mobile Users SKU-0092,P0092,26521,106084
F00425,SaaS Security,SaaS Security capability delivered within Prisma Access Mobile Users SKU-0092,P0092,429343,1717372
F00426,Enterprise DLP,Enterprise DLP capability delivered within Prisma Access Mobile Users SKU-0092,P0092,278905,1115622
F00427,App-ID,App-ID capability delivered within Prisma Access Mobile Users SKU-0092,P0092,4739,18958
F00428,Advanced DNS Security,Advanced DNS Security capability delivered within PA-5410 SKU-0093,P0093,12060,48240
F00429,Advanced Threat Prevention,Advanced Threat Prevention capability delivered within PA-5410 SKU-0093,P0093,177165,708660
F00430,App-ID,App-ID capability delivered within PA-5410 SKU-0093,P0093,11821,47285
F00431,Advanced URL Filtering,Advanced URL Filtering capability delivered within PA-5410 SKU-0093,P0093,4821,19284
F00432,Advanced WildFire,Advanced WildFire capability delivered within PA-5410 SKU-0093,P0093,12452,49810
F00433,Decryption,Decryption capability delivered within VM-300 SKU-0094,P0094,19764,79056
F00434,Advanced Threat Prevention,Advanced Threat Prevention capability delivered within VM-300 SKU-0094,P0094,5854,23418
F00435,Advanced DNS Security,Advanced DNS Security capability delivered within VM-300 SKU-0094,P0094,574784,2299138
F00436,App-ID,App-ID capability delivered within VM-300 SKU-0094,P0094,11753,47012
F00437,Advanced URL Filtering,Advanced URL Filtering capability delivered within VM-300 SKU-0094,P0094,257446,1029785
F00438,GlobalProtect,GlobalProtect capability delivered within VM-300 SKU-0094,P0094,164736,658947
F00439,Advanced WildFire,Advanced WildFire capability delivered within VM-500 SKU-0095,P0095,25043,100174
F00440,GlobalProtect,GlobalProtect capability delivered within VM-500 SKU-0095,P0095,538161,2152644
F00441,Decryption,Decryption capability delivered within VM-500 SKU-0095,P0095,550567,2202268
F00442,Advanced Threat Prevention,Advanced Threat Prevention capability delivered within Prisma Access Mobile Users SKU-0096,P0096,1161807,4647228
F00443,Decryption,Decryption capability delivered within Prisma Access Mobile Users SKU-0096,P0096,33462,133848
F00444,GlobalProtect,GlobalProtect capability delivered within Prisma Access Mobile Users SKU-0096,P0096,423114,1692458
F00445,Decryption,Decryption capability delivered within VM-500 SKU-0097,P0097,25121,100485
F00446,App-ID,App-ID capability delivered within VM-500 SKU-0097,P0097,28193,112775
F00447,Advanced URL Filtering,Advanced URL Filtering capability delivered within VM-500 SKU-0097,P0097,327174,1308696
F00448,Advanced WildFire,Advanced WildFire capability delivered within VM-500 SKU-0097,P0097,1177114,4708458
F00449,App-ID,App-ID capability delivered within CN-Series SKU-0098,P0098,385995,1543982
F00450,Advanced URL Filtering,Advanced URL Filtering capability delivered within CN-Series SKU-0098,P0098,5371,21485
F00451,Advanced WildFire,Advanced WildFire capability delivered within CN-Series SKU-0098,P0098,9755,39021
F00452,Advanced DNS Security,Advanced DNS Security capability delivered within VM-700 SKU-0099,P0099,268050,1072201
F00453,Advanced Threat Prevention,Advanced Threat Prevention capability delivered within VM-700 SKU-0099,P0099,13405,53623
F00454,GlobalProtect,GlobalProtect capability delivered within VM-700 SKU-0099,P0099,23587,94350
F00455,App-ID,App-ID capability delivered within VM-700 SKU-0099,P0099,8631,34526
F00456,Advanced WildFire,Advanced WildFire capability delivered within VM-700 SKU-0099,P0099,6010,24040
F00457,Advanced URL Filtering,Advanced URL Filtering capability delivered within VM-700 SKU-0099,P0099,284438,1137755
F00458,Decryption,Decryption capability delivered within PA-5410 SKU-0100,P0100,616304,2465216
F00459,IoT/OT Security,IoT/OT Security capability delivered within PA-5410 SKU-0100,P0100,171290,685160
F00460,Advanced DNS Security,Advanced DNS Security capability delivered within PA-5410 SKU-0100,P0100,8531,34124
F00461,App-ID,App-ID capability delivered within Cloud NGFW for Azure SKU-0101,P0101,463704,1854818
F00462,Advanced URL Filtering,Advanced URL Filtering capability delivered within Cloud NGFW for Azure SKU-0101,P0101,973286,3893144
F00463,Advanced DNS Security,Advanced DNS Security capability delivered within Cloud NGFW for Azure SKU-0101,P0101,10027,40108
F00464,Decryption,Decryption capability delivered within Cloud NGFW for Azure SKU-0101,P0101,19617,78468
F00465,Advanced Threat Prevention,Advanced Threat Prevention capability delivered within VM-700 SKU-0102,P0102,229712,918849
F00466,App-ID,App-ID capability delivered within VM-700 SKU-0102,P0102,17341,69367
F00467,Advanced WildFire,Advanced WildFire capability delivered within VM-700 SKU-0102,P0102,7547,30190
F00468,Advanced WildFire,Advanced WildFire capability delivered within PA-3440 SKU-0103,P0103,7197,28788
F00469,IoT/OT Security,IoT/OT Security capability delivered within PA-3440 SKU-0103,P0103,733488,2933952
F00470,Advanced DNS Security,Advanced DNS Security capability delivered within PA-3440 SKU-0103,P0103,11333,45332
F00471,App-ID,App-ID capability delivered within PA-3440 SKU-0103,P0103,21422,85688
F00472,Advanced Threat Prevention,Advanced Threat Prevention capability delivered within PA-3440 SKU-0103,P0103,209932,839729
F00473,Advanced URL Filtering,Advanced URL Filtering capability delivered within PA-3440 SKU-0103,P0103,526021,2104084
F00474,GlobalProtect,GlobalProtect capability delivered within Prisma Access Remote Networks SKU-0104,P0104,15332,61329
F00475,Advanced DNS Security,Advanced DNS Security capability delivered within Prisma Access Remote Networks SKU-0104,P0104,614920,2459683
F00476,App-ID,App-ID capability delivered within Prisma Access Remote Networks SKU-0104,P0104,1273378,5093514
F00477,Advanced WildFire,Advanced WildFire capability delivered within Prisma Access Remote Networks SKU-0104,P0104,170268,681072
F00478,Advanced Threat Prevention,Advanced Threat Prevention capability delivered within Prisma Access Remote Networks SKU-0104,P0104,8382,33528
F00479,Decryption,Decryption capability delivered within Prisma Access Remote Networks SKU-0104,P0104,9578,38315
F00480,Advanced Threat Prevention,Advanced Threat Prevention capability delivered within Cloud NGFW for AWS SKU-0105,P0105,6136,24546
F00481,Advanced DNS Security,Advanced DNS Security capability delivered within Cloud NGFW for AWS SKU-0105,P0105,214481,857925
F00482,Advanced URL Filtering,Advanced URL Filtering capability delivered within Cloud NGFW for AWS SKU-0105,P0105,223516,894067
F00483,Decryption,Decryption capability delivered within CN-Series SKU-0106,P0106,786433,3145734
F00484,Advanced WildFire,Advanced WildFire capability delivered within CN-Series SKU-0106,P0106,432941,1731766
F00485,Enterprise DLP,Enterprise DLP capability delivered within CN-Series SKU-0106,P0106,201818,807273
F00486,Advanced Threat Prevention,Advanced Threat Prevention capability delivered within CN-Series SKU-0106,P0106,1387210,5548841
F00487,GlobalProtect,GlobalProtect capability delivered within CN-Series SKU-0106,P0106,11630,46520
F00488,Advanced URL Filtering,Advanced URL Filtering capability delivered within PA-1410 SKU-0107,P0107,483808,1935233
F00489,IoT/OT Security,IoT/OT Security capability delivered within PA-1410 SKU-0107,P0107,7601,30405
F00490,Advanced DNS Security,Advanced DNS Security capability delivered within PA-1410 SKU-0107,P0107,22856,91425
F00491,Advanced WildFire,Advanced WildFire capability delivered within PA-1410 SKU-0107,P0107,15153,60613
F00492,GlobalProtect,GlobalProtect capability delivered within PA-1410 SKU-0107,P0107,24224,96896
F00493,Enterprise DLP,Enterprise DLP capability delivered within PA-7500 SKU-0108,P0108,11198,44792
F00494,Advanced DNS Security,Advanced DNS Security capability delivered within PA-7500 SKU-0108,P0108,17290,69160
F00495,App-ID,App-ID capability delivered within PA-7500 SKU-0108,P0108,7520,30081
F00496,Advanced URL Filtering,Advanced URL Filtering capability delivered within PA-7500 SKU-0108,P0108,459508,1838032
F00497,Advanced Threat Prevention,Advanced Threat Prevention capability delivered within PA-7500 SKU-0108,P0108,22066,88264
F00498,App-ID,App-ID capability delivered within Prisma Access Browser SKU-0109,P0109,631567,2526270
F00499,Advanced Threat Prevention,Advanced Threat Prevention capability delivered within Prisma Access Browser SKU-0109,P0109,17647,70591
F00500,AI Access Security,AI Access Security capability delivered within Prisma Access Browser SKU-0109,P0109,31032,124129
F00501,Advanced DNS Security,Advanced DNS Security capability delivered within Prisma Access Browser SKU-0109,P0109,4693,18772
F00502,Advanced URL Filtering,Advanced URL Filtering capability delivered within Prisma Access Browser SKU-0109,P0109,16454,65818
F00503,Decryption,Decryption capability delivered within VM-100 SKU-0110,P0110,14771,59084
F00504,GlobalProtect,GlobalProtect capability delivered within VM-100 SKU-0110,P0110,312401,1249604
F00505,App-ID,App-ID capability delivered within VM-100 SKU-0110,P0110,18973,75892
F00506,Advanced WildFire,Advanced WildFire capability delivered within VM-100 SKU-0111,P0111,12602,50408
F00507,Advanced DNS Security,Advanced DNS Security capability delivered within VM-100 SKU-0111,P0111,152476,609906
F00508,App-ID,App-ID capability delivered within VM-100 SKU-0111,P0111,650762,2603049
F00509,Advanced URL Filtering,Advanced URL Filtering capability delivered within PA-410 SKU-0112,P0112,1211622,4846488
F00510,Advanced Threat Prevention,Advanced Threat Prevention capability delivered within PA-410 SKU-0112,P0112,254117,1016469
F00511,Advanced DNS Security,Advanced DNS Security capability delivered within PA-410 SKU-0112,P0112,24567,98268
F00512,App-ID,App-ID capability delivered within PA-410 SKU-0112,P0112,22811,91244
F00513,GlobalProtect,GlobalProtect capability delivered within PA-410 SKU-0112,P0112,9623,38494
F00514,Decryption,Decryption capability delivered within PA-410 SKU-0112,P0112,10265,41060
F00515,Decryption,Decryption capability delivered within PA-3440 SKU-0113,P0113,33053,132213
F00516,GlobalProtect,GlobalProtect capability delivered within PA-3440 SKU-0113,P0113,776596,3106384
F00517,Advanced WildFire,Advanced WildFire capability delivered within PA-3440 SKU-0113,P0113,35616,142466
F00518,Enterprise DLP,Enterprise DLP capability delivered within Prisma Access Mobile Users SKU-0114,P0114,24690,98760
F00519,SaaS Security,SaaS Security capability delivered within Prisma Access Mobile Users SKU-0114,P0114,122970,491880
F00520,Advanced URL Filtering,Advanced URL Filtering capability delivered within Prisma Access Mobile Users SKU-0114,P0114,24587,98348
F00521,Advanced Threat Prevention,Advanced Threat Prevention capability delivered within Prisma Access Mobile Users SKU-0114,P0114,607090,2428362
F00522,Advanced URL Filtering,Advanced URL Filtering capability delivered within Cloud NGFW for AWS SKU-0115,P0115,286171,1144685
F00523,Advanced Threat Prevention,Advanced Threat Prevention capability delivered within Cloud NGFW for AWS SKU-0115,P0115,8571,34284
F00524,Enterprise DLP,Enterprise DLP capability delivered within Cloud NGFW for AWS SKU-0115,P0115,1202742,4810968
F00525,App-ID,App-ID capability delivered within Cloud NGFW for AWS SKU-0115,P0115,7290,29163
F00526,Decryption,Decryption capability delivered within Cloud NGFW for AWS SKU-0115,P0115,450732,1802931
F00527,Advanced DNS Security,Advanced DNS Security capability delivered within CN-Series SKU-0116,P0116,9199,36797
F00528,App-ID,App-ID capability delivered within CN-Series SKU-0116,P0116,18587,74351
F00529,Advanced URL Filtering,Advanced URL Filtering capability delivered within CN-Series SKU-0116,P0116,506945,2027783
F00530,Advanced Threat Prevention,Advanced Threat Prevention capability delivered within CN-Series SKU-0116,P0116,12471,49886
F00531,Advanced WildFire,Advanced WildFire capability delivered within CN-Series SKU-0116,P0116,6634,26536
F00532,App-ID,App-ID capability delivered within Cloud NGFW for AWS SKU-0117,P0117,12890,51563
F00533,Decryption,Decryption capability delivered within Cloud NGFW for AWS SKU-0117,P0117,700852,2803411
F00534,Advanced URL Filtering,Advanced URL Filtering capability delivered within Cloud NGFW for AWS SKU-0117,P0117,13601,54407
F00535,Advanced URL Filtering,Advanced URL Filtering capability delivered within PA-460 SKU-0118,P0118,981149,3924597
F00536,Advanced Threat Prevention,Advanced Threat Prevention capability delivered within PA-460 SKU-0118,P0118,9369,37479
F00537,App-ID,App-ID capability delivered within PA-460 SKU-0118,P0118,177980,711923
F00538,Advanced DNS Security,Advanced DNS Security capability delivered within PA-460 SKU-0118,P0118,829910,3319643
F00539,Decryption,Decryption capability delivered within PA-460 SKU-0118,P0118,6496,25986
F00540,Advanced DNS Security,Advanced DNS Security capability delivered within Cloud NGFW for Azure SKU-0119,P0119,15535,62141
F00541,Decryption,Decryption capability delivered within Cloud NGFW for Azure SKU-0119,P0119,245045,980181
F00542,Advanced WildFire,Advanced WildFire capability delivered within Cloud NGFW for Azure SKU-0119,P0119,970538,3882152
F00543,Advanced DNS Security,Advanced DNS Security capability delivered within PA-410 SKU-0120,P0120,130740,522961
F00544,IoT/OT Security,IoT/OT Security capability delivered within PA-410 SKU-0120,P0120,23936,95745
F00545,Advanced Threat Prevention,Advanced Threat Prevention capability delivered within PA-410 SKU-0120,P0120,24822,99289
F00546,Decryption,Decryption capability delivered within PA-410 SKU-0120,P0120,282825,1131300
F00547,Advanced Threat Prevention,Advanced Threat Prevention capability delivered within Prisma Access Browser SKU-0121,P0121,15047,60188
F00548,GlobalProtect,GlobalProtect capability delivered within Prisma Access Browser SKU-0121,P0121,526632,2106529
F00549,SaaS Security,SaaS Security capability delivered within Prisma Access Browser SKU-0121,P0121,1066613,4266452
F00550,Advanced DNS Security,Advanced DNS Security capability delivered within Prisma Access Browser SKU-0121,P0121,7788,31153
F00551,Enterprise DLP,Enterprise DLP capability delivered within Cloud NGFW for Azure SKU-0122,P0122,325052,1300211
F00552,Advanced Threat Prevention,Advanced Threat Prevention capability delivered within Cloud NGFW for Azure SKU-0122,P0122,7503,30012
F00553,App-ID,App-ID capability delivered within Cloud NGFW for Azure SKU-0122,P0122,901850,3607403
F00554,Advanced URL Filtering,Advanced URL Filtering capability delivered within Cloud NGFW for Azure SKU-0122,P0122,32377,129508
F00555,Advanced Threat Prevention,Advanced Threat Prevention capability delivered within VM-100 SKU-0123,P0123,6844,27376
F00556,Advanced WildFire,Advanced WildFire capability delivered within VM-100 SKU-0123,P0123,9958,39832
F00557,App-ID,App-ID capability delivered within VM-100 SKU-0123,P0123,6427,25708
F00558,Advanced DNS Security,Advanced DNS Security capability delivered within VM-100 SKU-0123,P0123,520163,2080653
F00559,Advanced URL Filtering,Advanced URL Filtering capability delivered within VM-100 SKU-0123,P0123,746245,2984982
F00560,Advanced Threat Prevention,Advanced Threat Prevention capability delivered within Cloud NGFW for Azure SKU-0124,P0124,26767,107070
F00561,App-ID,App-ID capability delivered within Cloud NGFW for Azure SKU-0124,P0124,3831,15324
F00562,Advanced DNS Security,Advanced DNS Security capability delivered within Cloud NGFW for Azure SKU-0124,P0124,355216,1420864
F00563,Advanced WildFire,Advanced WildFire capability delivered within Cloud NGFW for Azure SKU-0124,P0124,16385,65540
F00564,Decryption,Decryption capability delivered within Cloud NGFW for Azure SKU-0124,P0124,14004,56017
F00565,Advanced URL Filtering,Advanced URL Filtering capability delivered within Cloud NGFW for Azure SKU-0124,P0124,7569,30277
F00566,Enterprise DLP,Enterprise DLP capability delivered within Cloud NGFW for Azure SKU-0125,P0125,769595,3078380
F00567,Advanced Threat Prevention,Advanced Threat Prevention capability delivered within Cloud NGFW for Azure SKU-0125,P0125,9007,36028
F00568,App-ID,App-ID capability delivered within Cloud NGFW for Azure SKU-0125,P0125,586695,2346780
F00569,Advanced URL Filtering,Advanced URL Filtering capability delivered within Cloud NGFW for Azure SKU-0125,P0125,18257,73030
F00570,Advanced WildFire,Advanced WildFire capability delivered within Cloud NGFW for Azure SKU-0125,P0125,23177,92710
F00571,Decryption,Decryption capability delivered within VM-700 SKU-0126,P0126,102681,410725
F00572,Advanced WildFire,Advanced WildFire capability delivered within VM-700 SKU-0126,P0126,9166,36664
F00573,Advanced URL Filtering,Advanced URL Filtering capability delivered within VM-700 SKU-0126,P0126,11694,46776
F00574,Advanced URL Filtering,Advanced URL Filtering capability delivered within VM-300 SKU-0127,P0127,690261,2761044
F00575,App-ID,App-ID capability delivered within VM-300 SKU-0127,P0127,190442,761770
F00576,Decryption,Decryption capability delivered within VM-300 SKU-0127,P0127,39865,159462
F00577,Advanced WildFire,Advanced WildFire capability delivered within PA-5445 SKU-0128,P0128,7295,29180
F00578,App-ID,App-ID capability delivered within PA-5445 SKU-0128,P0128,17482,69931
F00579,Advanced Threat Prevention,Advanced Threat Prevention capability delivered within PA-5445 SKU-0128,P0128,32899,131596
F00580,Decryption,Decryption capability delivered within PA-5445 SKU-0128,P0128,30456,121826
F00581,Decryption,Decryption capability delivered within VM-300 SKU-0129,P0129,7933,31732
F00582,App-ID,App-ID capability delivered within VM-300 SKU-0129,P0129,5436,21744
F00583,Advanced Threat Prevention,Advanced Threat Prevention capability delivered within VM-300 SKU-0129,P0129,7153,28613
F00584,Advanced WildFire,Advanced WildFire capability delivered within VM-300 SKU-0129,P0129,298156,1192625
F00585,Enterprise DLP,Enterprise DLP capability delivered within PA-3410 SKU-0130,P0130,8937,35748
F00586,Advanced WildFire,Advanced WildFire capability delivered within PA-3410 SKU-0130,P0130,331045,1324180
F00587,Decryption,Decryption capability delivered within PA-3410 SKU-0130,P0130,511059,2044237
F00588,Advanced URL Filtering,Advanced URL Filtering capability delivered within PA-3410 SKU-0130,P0130,8664,34656
F00589,Advanced DNS Security,Advanced DNS Security capability delivered within PA-3410 SKU-0130,P0130,39565,158261
F00590,App-ID,App-ID capability delivered within Cloud NGFW for Azure SKU-0131,P0131,18782,75128
F00591,Advanced DNS Security,Advanced DNS Security capability delivered within Cloud NGFW for Azure SKU-0131,P0131,127565,510260
F00592,Decryption,Decryption capability delivered within Cloud NGFW for Azure SKU-0131,P0131,236942,947770
F00593,Advanced Threat Prevention,Advanced Threat Prevention capability delivered within VM-100 SKU-0132,P0132,8392,33568
F00594,Advanced URL Filtering,Advanced URL Filtering capability delivered within VM-100 SKU-0132,P0132,732925,2931701
F00595,Advanced DNS Security,Advanced DNS Security capability delivered within VM-100 SKU-0132,P0132,305593,1222375
F00596,Decryption,Decryption capability delivered within VM-100 SKU-0132,P0132,16527,66108
F00597,IoT/OT Security,IoT/OT Security capability delivered within VM-100 SKU-0132,P0132,6574,26298
F00598,App-ID,App-ID capability delivered within PA-3410 SKU-0133,P0133,178280,713123
F00599,Decryption,Decryption capability delivered within PA-3410 SKU-0133,P0133,29949,119796
F00600,Advanced URL Filtering,Advanced URL Filtering capability delivered within PA-3410 SKU-0133,P0133,10863,43452
F00601,Advanced URL Filtering,Advanced URL Filtering capability delivered within Prisma Access Mobile Users SKU-0134,P0134,441894,1767579
F00602,Advanced Threat Prevention,Advanced Threat Prevention capability delivered within Prisma Access Mobile Users SKU-0134,P0134,958138,3832554
F00603,Advanced DNS Security,Advanced DNS Security capability delivered within Prisma Access Mobile Users SKU-0134,P0134,8489,33956
F00604,Advanced WildFire,Advanced WildFire capability delivered within Prisma Access Mobile Users SKU-0134,P0134,327923,1311692
F00605,Advanced URL Filtering,Advanced URL Filtering capability delivered within PA-460 SKU-0135,P0135,151400,605601
F00606,Advanced DNS Security,Advanced DNS Security capability delivered within PA-460 SKU-0135,P0135,254047,1016191
F00607,App-ID,App-ID capability delivered within PA-460 SKU-0135,P0135,732599,2930399
F00608,IoT/OT Security,IoT/OT Security capability delivered within PA-460 SKU-0135,P0135,5738,22953
F00609,Advanced Threat Prevention,Advanced Threat Prevention capability delivered within PA-460 SKU-0135,P0135,184163,736654
F00610,App-ID,App-ID capability delivered within Prisma Access Remote Networks SKU-0136,P0136,15529,62116
F00611,Advanced DNS Security,Advanced DNS Security capability delivered within Prisma Access Remote Networks SKU-0136,P0136,11983,47932
F00612,Advanced URL Filtering,Advanced URL Filtering capability delivered within Prisma Access Remote Networks SKU-0136,P0136,27760,111040
F00613,Advanced Threat Prevention,Advanced Threat Prevention capability delivered within Prisma Access Remote Networks SKU-0136,P0136,8174,32697
F00614,SaaS Security,SaaS Security capability delivered within Prisma Access Remote Networks SKU-0136,P0136,8144,32576
F00615,Advanced Threat Prevention,Advanced Threat Prevention capability delivered within CN-Series SKU-0137,P0137,202162,808648
F00616,Advanced DNS Security,Advanced DNS Security capability delivered within CN-Series SKU-0137,P0137,16599,66398
F00617,Advanced WildFire,Advanced WildFire capability delivered within CN-Series SKU-0137,P0137,884032,3536131
F00618,Decryption,Decryption capability delivered within CN-Series SKU-0137,P0137,278075,1112302
F00619,Advanced URL Filtering,Advanced URL Filtering capability delivered within CN-Series SKU-0137,P0137,27484,109939
F00620,GlobalProtect,GlobalProtect capability delivered within CN-Series SKU-0137,P0137,10898,43593
F00621,Decryption,Decryption capability delivered within Prisma Access Remote Networks SKU-0138,P0138,17523,70095
F00622,Advanced WildFire,Advanced WildFire capability delivered within Prisma Access Remote Networks SKU-0138,P0138,12624,50499
F00623,Advanced DNS Security,Advanced DNS Security capability delivered within Prisma Access Remote Networks SKU-0138,P0138,292152,1168608
F00624,SD-WAN,SD-WAN capability delivered within Prisma Access Remote Networks SKU-0138,P0138,399646,1598586
F00625,Advanced Threat Prevention,Advanced Threat Prevention capability delivered within PA-440 SKU-0139,P0139,13361,53445
F00626,IoT/OT Security,IoT/OT Security capability delivered within PA-440 SKU-0139,P0139,6070,24281
F00627,Advanced WildFire,Advanced WildFire capability delivered within PA-440 SKU-0139,P0139,9972,39891
F00628,Advanced DNS Security,Advanced DNS Security capability delivered within CN-Series SKU-0140,P0140,27548,110192
F00629,Advanced WildFire,Advanced WildFire capability delivered within CN-Series SKU-0140,P0140,10684,42739
F00630,Advanced URL Filtering,Advanced URL Filtering capability delivered within CN-Series SKU-0140,P0140,223136,892546
F00631,Decryption,Decryption capability delivered within CN-Series SKU-0140,P0140,8903,35612
F00632,Advanced URL Filtering,Advanced URL Filtering capability delivered within PA-410 SKU-0141,P0141,25480,101922
F00633,App-ID,App-ID capability delivered within PA-410 SKU-0141,P0141,12399,49598
F00634,Decryption,Decryption capability delivered within PA-410 SKU-0141,P0141,738023,2952093
F00635,Decryption,Decryption capability delivered within Prisma Access Remote Networks SKU-0142,P0142,272577,1090308
F00636,Advanced URL Filtering,Advanced URL Filtering capability delivered within Prisma Access Remote Networks SKU-0142,P0142,6028,24113
F00637,Advanced WildFire,Advanced WildFire capability delivered within Prisma Access Remote Networks SKU-0142,P0142,6213,24853
F00638,Advanced DNS Security,Advanced DNS Security capability delivered within Prisma Access Remote Networks SKU-0142,P0142,378686,1514744
F00639,SD-WAN,SD-WAN capability delivered within Prisma Access Remote Networks SKU-0142,P0142,11318,45274
F00640,Advanced Threat Prevention,Advanced Threat Prevention capability delivered within Prisma Access Remote Networks SKU-0142,P0142,10362,41449
F00641,Advanced WildFire,Advanced WildFire capability delivered within Cloud NGFW for AWS SKU-0143,P0143,24779,99119
F00642,Advanced URL Filtering,Advanced URL Filtering capability delivered within Cloud NGFW for AWS SKU-0143,P0143,141190,564761
F00643,Advanced DNS Security,Advanced DNS Security capability delivered within Cloud NGFW for AWS SKU-0143,P0143,31566,126266
F00644,Advanced Threat Prevention,Advanced Threat Prevention capability delivered within Cloud NGFW for AWS SKU-0143,P0143,10857,43428
F00645,Decryption,Decryption capability delivered within VM-300 SKU-0144,P0144,299563,1198253
F00646,Advanced URL Filtering,Advanced URL Filtering capability delivered within VM-300 SKU-0144,P0144,6922,27688
F00647,Advanced DNS Security,Advanced DNS Security capability delivered within VM-300 SKU-0144,P0144,770414,3081657
F00648,Advanced Threat Prevention,Advanced Threat Prevention capability delivered within VM-300 SKU-0144,P0144,122505,490022
F00649,Enterprise DLP,Enterprise DLP capability delivered within VM-300 SKU-0144,P0144,3941,15765
F00650,IoT/OT Security,IoT/OT Security capability delivered within VM-300 SKU-0144,P0144,9172,36691
F00651,App-ID,App-ID capability delivered within VM-500 SKU-0145,P0145,12349,49396
F00652,Advanced WildFire,Advanced WildFire capability delivered within VM-500 SKU-0145,P0145,10078,40314
F00653,Decryption,Decryption capability delivered within VM-500 SKU-0145,P0145,30375,121503
F00654,Advanced Threat Prevention,Advanced Threat Prevention capability delivered within VM-500 SKU-0145,P0145,23295,93180
F00655,Advanced DNS Security,Advanced DNS Security capability delivered within VM-500 SKU-0145,P0145,636322,2545290
F00656,Decryption,Decryption capability delivered within Prisma Access Mobile Users SKU-0146,P0146,471401,1885604
F00657,Advanced URL Filtering,Advanced URL Filtering capability delivered within Prisma Access Mobile Users SKU-0146,P0146,6083,24333
F00658,App-ID,App-ID capability delivered within Prisma Access Mobile Users SKU-0146,P0146,183087,732348
F00659,Advanced WildFire,Advanced WildFire capability delivered within Prisma Access Mobile Users SKU-0146,P0146,14593,58374
F00660,GlobalProtect,GlobalProtect capability delivered within Prisma Access Mobile Users SKU-0146,P0146,949985,3799941
F00661,Advanced Threat Prevention,Advanced Threat Prevention capability delivered within Prisma Access Mobile Users SKU-0146,P0146,18286,73146
F00662,Decryption,Decryption capability delivered within PA-7500 SKU-0147,P0147,18435,73742
F00663,Advanced WildFire,Advanced WildFire capability delivered within PA-7500 SKU-0147,P0147,7526,30105
F00664,App-ID,App-ID capability delivered within PA-7500 SKU-0147,P0147,19254,77016
F00665,Enterprise DLP,Enterprise DLP capability delivered within PA-7500 SKU-0147,P0147,24514,98057
F00666,Advanced URL Filtering,Advanced URL Filtering capability delivered within VM-100 SKU-0148,P0148,265105,1060423
F00667,Advanced DNS Security,Advanced DNS Security capability delivered within VM-100 SKU-0148,P0148,24854,99416
F00668,Enterprise DLP,Enterprise DLP capability delivered within VM-100 SKU-0148,P0148,186793,747172
F00669,Decryption,Decryption capability delivered within PA-5410 SKU-0149,P0149,289729,1158916
F00670,Advanced DNS Security,Advanced DNS Security capability delivered within PA-5410 SKU-0149,P0149,8184,32736
F00671,App-ID,App-ID capability delivered within PA-5410 SKU-0149,P0149,18199,72797
F00672,Advanced WildFire,Advanced WildFire capability delivered within PA-5410 SKU-0149,P0149,402844,1611379
F00673,IoT/OT Security,IoT/OT Security capability delivered within PA-5410 SKU-0149,P0149,537254,2149018
F00674,App-ID,App-ID capability delivered within Cloud NGFW for AWS SKU-0150,P0150,875683,3502732
F00675,Decryption,Decryption capability delivered within Cloud NGFW for AWS SKU-0150,P0150,7496,29984
F00676,Advanced Threat Prevention,Advanced Threat Prevention capability delivered within Cloud NGFW for AWS SKU-0150,P0150,3849,15396
F00677,Advanced Threat Prevention,Advanced Threat Prevention capability delivered within CN-Series SKU-0151,P0151,32584,130336
F00678,Advanced DNS Security,Advanced DNS Security capability delivered within CN-Series SKU-0151,P0151,13958,55832
F00679,Advanced URL Filtering,Advanced URL Filtering capability delivered within CN-Series SKU-0151,P0151,16279,65117
F00680,Advanced WildFire,Advanced WildFire capability delivered within Cloud NGFW for AWS SKU-0152,P0152,6556,26224
F00681,Advanced URL Filtering,Advanced URL Filtering capability delivered within Cloud NGFW for AWS SKU-0152,P0152,15295,61181
F00682,Decryption,Decryption capability delivered within Cloud NGFW for AWS SKU-0152,P0152,20340,81360
F00683,Advanced Threat Prevention,Advanced Threat Prevention capability delivered within Cloud NGFW for AWS SKU-0152,P0152,8377,33509
F00684,App-ID,App-ID capability delivered within Cloud NGFW for AWS SKU-0152,P0152,18015,72062
F00685,Decryption,Decryption capability delivered within CN-Series SKU-0153,P0153,5947,23788
F00686,GlobalProtect,GlobalProtect capability delivered within CN-Series SKU-0153,P0153,1240002,4960010
F00687,Advanced URL Filtering,Advanced URL Filtering capability delivered within CN-Series SKU-0153,P0153,25011,100047
F00688,App-ID,App-ID capability delivered within CN-Series SKU-0153,P0153,220138,880552
F00689,Advanced Threat Prevention,Advanced Threat Prevention capability delivered within Cloud NGFW for Azure SKU-0154,P0154,400484,1601939
F00690,Advanced WildFire,Advanced WildFire capability delivered within Cloud NGFW for Azure SKU-0154,P0154,105074,420296
F00691,Decryption,Decryption capability delivered within Cloud NGFW for Azure SKU-0154,P0154,10203,40813
F00692,App-ID,App-ID capability delivered within Cloud NGFW for Azure SKU-0154,P0154,10785,43143
F00693,Advanced URL Filtering,Advanced URL Filtering capability delivered within Cloud NGFW for Azure SKU-0154,P0154,30733,122932
F00694,App-ID,App-ID capability delivered within CN-Series SKU-0155,P0155,507252,2029010
F00695,Advanced URL Filtering,Advanced URL Filtering capability delivered within CN-Series SKU-0155,P0155,10588,42353
F00696,Advanced WildFire,Advanced WildFire capability delivered within CN-Series SKU-0155,P0155,32911,131644
F00697,Advanced Threat Prevention,Advanced Threat Prevention capability delivered within CN-Series SKU-0155,P0155,15610,62440
F00698,Decryption,Decryption capability delivered within CN-Series SKU-0155,P0155,9489,37956
F00699,Enterprise DLP,Enterprise DLP capability delivered within VM-100 SKU-0156,P0156,645268,2581073
F00700,Decryption,Decryption capability delivered within VM-100 SKU-0156,P0156,215792,863171
F00701,Advanced DNS Security,Advanced DNS Security capability delivered within VM-100 SKU-0156,P0156,40666,162666
F00702,Advanced URL Filtering,Advanced URL Filtering capability delivered within VM-100 SKU-0156,P0156,20040,80163
F00703,Advanced URL Filtering,Advanced URL Filtering capability delivered within Cloud NGFW for AWS SKU-0157,P0157,5673,22694
F00704,Advanced WildFire,Advanced WildFire capability delivered within Cloud NGFW for AWS SKU-0157,P0157,41528,166115
F00705,Advanced DNS Security,Advanced DNS Security capability delivered within Cloud NGFW for AWS SKU-0157,P0157,15696,62784
F00706,Decryption,Decryption capability delivered within Cloud NGFW for AWS SKU-0157,P0157,162393,649574
F00707,Advanced Threat Prevention,Advanced Threat Prevention capability delivered within PA-410 SKU-0158,P0158,16887,67548
F00708,Advanced DNS Security,Advanced DNS Security capability delivered within PA-410 SKU-0158,P0158,350887,1403550
F00709,Advanced WildFire,Advanced WildFire capability delivered within PA-410 SKU-0158,P0158,12853,51412
F00710,Decryption,Decryption capability delivered within Prisma Access Remote Networks SKU-0159,P0159,173265,693061
F00711,Advanced DNS Security,Advanced DNS Security capability delivered within Prisma Access Remote Networks SKU-0159,P0159,9262,37048
F00712,Advanced URL Filtering,Advanced URL Filtering capability delivered within Prisma Access Remote Networks SKU-0159,P0159,5283,21134
F00713,AI Access Security,AI Access Security capability delivered within Prisma Access Remote Networks SKU-0159,P0159,16333,65334
F00714,Advanced Threat Prevention,Advanced Threat Prevention capability delivered within Prisma Access Remote Networks SKU-0159,P0159,15080,60323
F00715,Advanced Threat Prevention,Advanced Threat Prevention capability delivered within VM-300 SKU-0160,P0160,5391,21566
F00716,Decryption,Decryption capability delivered within VM-300 SKU-0160,P0160,168148,672593
F00717,Enterprise DLP,Enterprise DLP capability delivered within VM-300 SKU-0160,P0160,28816,115265
F00718,App-ID,App-ID capability delivered within VM-300 SKU-0160,P0160,15927,63708
F00719,Advanced URL Filtering,Advanced URL Filtering capability delivered within VM-500 SKU-0161,P0161,15257,61028
F00720,App-ID,App-ID capability delivered within VM-500 SKU-0161,P0161,13868,55473
F00721,Enterprise DLP,Enterprise DLP capability delivered within VM-500 SKU-0161,P0161,10809,43239
F00722,Decryption,Decryption capability delivered within VM-500 SKU-0161,P0161,145282,581131
F00723,App-ID,App-ID capability delivered within VM-700 SKU-0162,P0162,31007,124030
F00724,Advanced URL Filtering,Advanced URL Filtering capability delivered within VM-700 SKU-0162,P0162,24330,97323
F00725,Advanced DNS Security,Advanced DNS Security capability delivered within VM-700 SKU-0162,P0162,310554,1242218
F00726,Decryption,Decryption capability delivered within VM-700 SKU-0162,P0162,16528,66112
F00727,Advanced WildFire,Advanced WildFire capability delivered within VM-700 SKU-0162,P0162,262511,1050047
F00728,Advanced Threat Prevention,Advanced Threat Prevention capability delivered within VM-700 SKU-0162,P0162,190644,762576
F00729,Advanced WildFire,Advanced WildFire capability delivered within Prisma Access Mobile Users SKU-0163,P0163,23969,95877
F00730,Advanced Threat Prevention,Advanced Threat Prevention capability delivered within Prisma Access Mobile Users SKU-0163,P0163,568330,2273320
F00731,Advanced URL Filtering,Advanced URL Filtering capability delivered within Prisma Access Mobile Users SKU-0163,P0163,9683,38734
F00732,Enterprise DLP,Enterprise DLP capability delivered within Prisma Access Mobile Users SKU-0163,P0163,947522,3790090
F00733,Advanced WildFire,Advanced WildFire capability delivered within PA-7500 SKU-0164,P0164,7027,28109
F00734,Decryption,Decryption capability delivered within PA-7500 SKU-0164,P0164,5384,21539
F00735,Advanced URL Filtering,Advanced URL Filtering capability delivered within PA-7500 SKU-0164,P0164,18225,72903
F00736,Advanced Threat Prevention,Advanced Threat Prevention capability delivered within CN-Series SKU-0165,P0165,651231,2604924
F00737,App-ID,App-ID capability delivered within CN-Series SKU-0165,P0165,273191,1092764
F00738,Advanced DNS Security,Advanced DNS Security capability delivered within CN-Series SKU-0165,P0165,5319,21276
F00739,Advanced WildFire,Advanced WildFire capability delivered within CN-Series SKU-0165,P0165,24501,98005
F00740,Advanced URL Filtering,Advanced URL Filtering capability delivered within CN-Series SKU-0165,P0165,38123,152495
F00741,AI Access Security,AI Access Security capability delivered within Prisma Access Remote Networks SKU-0166,P0166,16144,64576
F00742,Advanced WildFire,Advanced WildFire capability delivered within Prisma Access Remote Networks SKU-0166,P0166,801967,3207871
F00743,Advanced DNS Security,Advanced DNS Security capability delivered within Prisma Access Remote Networks SKU-0166,P0166,12810,51242
F00744,Decryption,Decryption capability delivered within Prisma Access Remote Networks SKU-0166,P0166,30919,123679
F00745,SD-WAN,SD-WAN capability delivered within Prisma Access Browser SKU-0167,P0167,23961,95844
F00746,Decryption,Decryption capability delivered within Prisma Access Browser SKU-0167,P0167,1164368,4657474
F00747,Advanced DNS Security,Advanced DNS Security capability delivered within Prisma Access Browser SKU-0167,P0167,13189,52756
F00748,Enterprise DLP,Enterprise DLP capability delivered within PA-440 SKU-0168,P0168,840836,3363347
F00749,App-ID,App-ID capability delivered within PA-440 SKU-0168,P0168,30063,120252
F00750,Advanced URL Filtering,Advanced URL Filtering capability delivered within PA-440 SKU-0168,P0168,103190,412761
F00751,Decryption,Decryption capability delivered within PA-440 SKU-0168,P0168,13900,55600
F00752,Advanced WildFire,Advanced WildFire capability delivered within PA-440 SKU-0168,P0168,536675,2146701
F00753,Advanced Threat Prevention,Advanced Threat Prevention capability delivered within PA-440 SKU-0168,P0168,5474,21897
F00754,Advanced Threat Prevention,Advanced Threat Prevention capability delivered within VM-300 SKU-0169,P0169,36876,147505
F00755,App-ID,App-ID capability delivered within VM-300 SKU-0169,P0169,324966,1299864
F00756,Advanced DNS Security,Advanced DNS Security capability delivered within VM-300 SKU-0169,P0169,16763,67055
F00757,Decryption,Decryption capability delivered within VM-300 SKU-0169,P0169,1176452,4705809
F00758,Advanced URL Filtering,Advanced URL Filtering capability delivered within VM-300 SKU-0169,P0169,15134,60536
F00759,Advanced Threat Prevention,Advanced Threat Prevention capability delivered within Prisma Access Browser SKU-0170,P0170,24117,96468
F00760,App-ID,App-ID capability delivered within Prisma Access Browser SKU-0170,P0170,7164,28656
F00761,AI Access Security,AI Access Security capability delivered within Prisma Access Browser SKU-0170,P0170,15871,63485
F00762,GlobalProtect,GlobalProtect capability delivered within Prisma Access Browser SKU-0170,P0170,10384,41539
F00763,Decryption,Decryption capability delivered within Prisma Access Browser SKU-0170,P0170,302998,1211993
F00764,Advanced WildFire,Advanced WildFire capability delivered within VM-300 SKU-0171,P0171,158907,635628
F00765,Enterprise DLP,Enterprise DLP capability delivered within VM-300 SKU-0171,P0171,505238,2020955
F00766,Advanced DNS Security,Advanced DNS Security capability delivered within VM-300 SKU-0171,P0171,26373,105492
F00767,Advanced URL Filtering,Advanced URL Filtering capability delivered within VM-300 SKU-0171,P0171,610367,2441470
F00768,Advanced Threat Prevention,Advanced Threat Prevention capability delivered within VM-100 SKU-0172,P0172,728292,2913168
F00769,Advanced WildFire,Advanced WildFire capability delivered within VM-100 SKU-0172,P0172,13666,54667
F00770,Decryption,Decryption capability delivered within VM-100 SKU-0172,P0172,17841,71366
F00771,Advanced WildFire,Advanced WildFire capability delivered within Prisma Access Remote Networks SKU-0173,P0173,21872,87490
F00772,Advanced DNS Security,Advanced DNS Security capability delivered within Prisma Access Remote Networks SKU-0173,P0173,266737,1066948
F00773,AI Access Security,AI Access Security capability delivered within Prisma Access Remote Networks SKU-0173,P0173,147672,590690
F00774,Decryption,Decryption capability delivered within Prisma Access Remote Networks SKU-0173,P0173,5860,23442
F00775,AI Access Security,AI Access Security capability delivered within Prisma Access Browser SKU-0174,P0174,5868,23472
F00776,Decryption,Decryption capability delivered within Prisma Access Browser SKU-0174,P0174,9539,38159
F00777,Advanced WildFire,Advanced WildFire capability delivered within Prisma Access Browser SKU-0174,P0174,4884,19537
F00778,Advanced URL Filtering,Advanced URL Filtering capability delivered within Prisma Access Browser SKU-0174,P0174,12159,48637
F00779,AI Access Security,AI Access Security capability delivered within Prisma Access Mobile Users SKU-0175,P0175,11153,44615
F00780,Advanced URL Filtering,Advanced URL Filtering capability delivered within Prisma Access Mobile Users SKU-0175,P0175,28869,115476
F00781,App-ID,App-ID capability delivered within Prisma Access Mobile Users SKU-0175,P0175,762933,3051734
F00782,Advanced Threat Prevention,Advanced Threat Prevention capability delivered within Prisma Access Mobile Users SKU-0175,P0175,344816,1379266
F00783,Advanced URL Filtering,Advanced URL Filtering capability delivered within PA-5445 SKU-0176,P0176,219236,876947
F00784,Advanced Threat Prevention,Advanced Threat Prevention capability delivered within PA-5445 SKU-0176,P0176,1316539,5266159
F00785,Advanced WildFire,Advanced WildFire capability delivered within PA-5445 SKU-0176,P0176,305381,1221524
F00786,GlobalProtect,GlobalProtect capability delivered within Prisma Access Mobile Users SKU-0177,P0177,25165,100660
F00787,Advanced WildFire,Advanced WildFire capability delivered within Prisma Access Mobile Users SKU-0177,P0177,1102741,4410964
F00788,Enterprise DLP,Enterprise DLP capability delivered within Prisma Access Mobile Users SKU-0177,P0177,690543,2762172
F00789,Advanced DNS Security,Advanced DNS Security capability delivered within PA-5445 SKU-0178,P0178,701909,2807636
F00790,App-ID,App-ID capability delivered within PA-5445 SKU-0178,P0178,331362,1325451
F00791,Advanced Threat Prevention,Advanced Threat Prevention capability delivered within PA-5445 SKU-0178,P0178,615157,2460628
F00792,IoT/OT Security,IoT/OT Security capability delivered within PA-5445 SKU-0178,P0178,24202,96810
F00793,Advanced URL Filtering,Advanced URL Filtering capability delivered within PA-5445 SKU-0178,P0178,22616,90466
F00794,Decryption,Decryption capability delivered within PA-5445 SKU-0178,P0178,11083,44335
F00795,Advanced Threat Prevention,Advanced Threat Prevention capability delivered within PA-3440 SKU-0179,P0179,145843,583375
F00796,Advanced WildFire,Advanced WildFire capability delivered within PA-3440 SKU-0179,P0179,8267,33068
F00797,App-ID,App-ID capability delivered within PA-3440 SKU-0179,P0179,41233,164933
F00798,Advanced DNS Security,Advanced DNS Security capability delivered within PA-3440 SKU-0179,P0179,653251,2613006
F00799,GlobalProtect,GlobalProtect capability delivered within PA-3440 SKU-0179,P0179,20135,80542
F00800,Decryption,Decryption capability delivered within CN-Series SKU-0180,P0180,11808,47232
F00801,Advanced Threat Prevention,Advanced Threat Prevention capability delivered within CN-Series SKU-0180,P0180,7100,28400
F00802,App-ID,App-ID capability delivered within CN-Series SKU-0180,P0180,32601,130407
F00803,Advanced DNS Security,Advanced DNS Security capability delivered within PA-460 SKU-0181,P0181,8195,32780
F00804,App-ID,App-ID capability delivered within PA-460 SKU-0181,P0181,8944,35779
F00805,Decryption,Decryption capability delivered within PA-460 SKU-0181,P0181,6388,25555
F00806,Advanced URL Filtering,Advanced URL Filtering capability delivered within PA-460 SKU-0181,P0181,376342,1505370
F00807,IoT/OT Security,IoT/OT Security capability delivered within PA-460 SKU-0181,P0181,31152,124610
F00808,Advanced WildFire,Advanced WildFire capability delivered within VM-500 SKU-0182,P0182,27119,108478
F00809,App-ID,App-ID capability delivered within VM-500 SKU-0182,P0182,210616,842467
F00810,Advanced URL Filtering,Advanced URL Filtering capability delivered within VM-500 SKU-0182,P0182,7300,29203
F00811,Advanced DNS Security,Advanced DNS Security capability delivered within VM-500 SKU-0182,P0182,4361,17446
F00812,Advanced Threat Prevention,Advanced Threat Prevention capability delivered within VM-500 SKU-0182,P0182,483950,1935803
F00813,Decryption,Decryption capability delivered within VM-500 SKU-0182,P0182,15180,60722
F00814,Advanced URL Filtering,Advanced URL Filtering capability delivered within PA-5445 SKU-0183,P0183,469247,1876988
F00815,GlobalProtect,GlobalProtect capability delivered within PA-5445 SKU-0183,P0183,130680,522722
F00816,App-ID,App-ID capability delivered within PA-5445 SKU-0183,P0183,10665,42660
F00817,Advanced WildFire,Advanced WildFire capability delivered within PA-1410 SKU-0184,P0184,13531,54124
F00818,App-ID,App-ID capability delivered within PA-1410 SKU-0184,P0184,296878,1187512
F00819,Advanced Threat Prevention,Advanced Threat Prevention capability delivered within PA-1410 SKU-0184,P0184,6540,26161
F00820,Enterprise DLP,Enterprise DLP capability delivered within PA-1410 SKU-0184,P0184,461554,1846219
F00821,Advanced URL Filtering,Advanced URL Filtering capability delivered within PA-1410 SKU-0184,P0184,811249,3244997
F00822,Advanced URL Filtering,Advanced URL Filtering capability delivered within VM-500 SKU-0185,P0185,581531,2326124
F00823,Advanced Threat Prevention,Advanced Threat Prevention capability delivered within VM-500 SKU-0185,P0185,19413,77652
F00824,App-ID,App-ID capability delivered within VM-500 SKU-0185,P0185,7376,29504
F00825,Advanced WildFire,Advanced WildFire capability delivered within VM-500 SKU-0185,P0185,292543,1170172
F00826,App-ID,App-ID capability delivered within Cloud NGFW for AWS SKU-0186,P0186,25100,100403
F00827,Advanced Threat Prevention,Advanced Threat Prevention capability delivered within Cloud NGFW for AWS SKU-0186,P0186,631183,2524733
F00828,Advanced URL Filtering,Advanced URL Filtering capability delivered within Cloud NGFW for AWS SKU-0186,P0186,453391,1813564
F00829,Advanced DNS Security,Advanced DNS Security capability delivered within Cloud NGFW for AWS SKU-0186,P0186,5150,20601
F00830,Decryption,Decryption capability delivered within Cloud NGFW for AWS SKU-0186,P0186,39550,158200
F00831,Enterprise DLP,Enterprise DLP capability delivered within Cloud NGFW for AWS SKU-0186,P0186,10483,41935
F00832,GlobalProtect,GlobalProtect capability delivered within Prisma Access Remote Networks SKU-0187,P0187,37839,151358
F00833,Advanced Threat Prevention,Advanced Threat Prevention capability delivered within Prisma Access Remote Networks SKU-0187,P0187,317393,1269575
F00834,Advanced WildFire,Advanced WildFire capability delivered within Prisma Access Remote Networks SKU-0187,P0187,808114,3232456
F00835,App-ID,App-ID capability delivered within Prisma Access Remote Networks SKU-0187,P0187,1241078,4964312
F00836,Advanced URL Filtering,Advanced URL Filtering capability delivered within Prisma Access Remote Networks SKU-0187,P0187,13672,54691
F00837,SD-WAN,SD-WAN capability delivered within Prisma Access Remote Networks SKU-0187,P0187,96731,386927
F00838,Decryption,Decryption capability delivered within Prisma Access Browser SKU-0188,P0188,510133,2040533
F00839,App-ID,App-ID capability delivered within Prisma Access Browser SKU-0188,P0188,6740,26963
F00840,SaaS Security,SaaS Security capability delivered within Prisma Access Browser SKU-0188,P0188,6284,25139
F00841,Advanced DNS Security,Advanced DNS Security capability delivered within Prisma Access Browser SKU-0188,P0188,14676,58704
F00842,Enterprise DLP,Enterprise DLP capability delivered within Prisma Access Browser SKU-0188,P0188,21806,87226
F00843,Enterprise DLP,Enterprise DLP capability delivered within PA-3410 SKU-0189,P0189,393277,1573109
F00844,Advanced URL Filtering,Advanced URL Filtering capability delivered within PA-3410 SKU-0189,P0189,266557,1066231
F00845,Advanced DNS Security,Advanced DNS Security capability delivered within PA-3410 SKU-0189,P0189,16609,66438
F00846,IoT/OT Security,IoT/OT Security capability delivered within PA-3410 SKU-0189,P0189,27381,109526
F00847,Advanced DNS Security,Advanced DNS Security capability delivered within VM-300 SKU-0190,P0190,9231,36926
F00848,Advanced WildFire,Advanced WildFire capability delivered within VM-300 SKU-0190,P0190,41895,167580
F00849,Advanced Threat Prevention,Advanced Threat Prevention capability delivered within VM-300 SKU-0190,P0190,221583,886332
F00850,GlobalProtect,GlobalProtect capability delivered within PA-3410 SKU-0191,P0191,27355,109423
F00851,Advanced URL Filtering,Advanced URL Filtering capability delivered within PA-3410 SKU-0191,P0191,20556,82225
F00852,Advanced WildFire,Advanced WildFire capability delivered within PA-3410 SKU-0191,P0191,10781,43127
F00853,Decryption,Decryption capability delivered within PA-3410 SKU-0191,P0191,8120,32480
F00854,App-ID,App-ID capability delivered within PA-3410 SKU-0191,P0191,293554,1174216
F00855,Advanced Threat Prevention,Advanced Threat Prevention capability delivered within PA-3410 SKU-0191,P0191,14004,56016
F00856,App-ID,App-ID capability delivered within CN-Series SKU-0192,P0192,11172,44690
F00857,Enterprise DLP,Enterprise DLP capability delivered within CN-Series SKU-0192,P0192,10686,42746
F00858,Advanced WildFire,Advanced WildFire capability delivered within CN-Series SKU-0192,P0192,11409,45638
F00859,Decryption,Decryption capability delivered within VM-300 SKU-0193,P0193,24637,98548
F00860,App-ID,App-ID capability delivered within VM-300 SKU-0193,P0193,30862,123449
F00861,Advanced DNS Security,Advanced DNS Security capability delivered within VM-300 SKU-0193,P0193,5944,23778
F00862,Advanced Threat Prevention,Advanced Threat Prevention capability delivered within VM-300 SKU-0193,P0193,11058,44232
F00863,Enterprise DLP,Enterprise DLP capability delivered within Cloud NGFW for AWS SKU-0194,P0194,34863,139452
F00864,Advanced Threat Prevention,Advanced Threat Prevention capability delivered within Cloud NGFW for AWS SKU-0194,P0194,391933,1567732
F00865,Advanced DNS Security,Advanced DNS Security capability delivered within Cloud NGFW for AWS SKU-0194,P0194,14123,56493
F00866,Advanced DNS Security,Advanced DNS Security capability delivered within CN-Series SKU-0195,P0195,784599,3138399
F00867,Enterprise DLP,Enterprise DLP capability delivered within CN-Series SKU-0195,P0195,16804,67216
F00868,Decryption,Decryption capability delivered within CN-Series SKU-0195,P0195,4562,18250
F00869,GlobalProtect,GlobalProtect capability delivered within VM-300 SKU-0196,P0196,33126,132505
F00870,Advanced DNS Security,Advanced DNS Security capability delivered within VM-300 SKU-0196,P0196,752147,3008589
F00871,Advanced Threat Prevention,Advanced Threat Prevention capability delivered within VM-300 SKU-0196,P0196,512815,2051260
F00872,Advanced DNS Security,Advanced DNS Security capability delivered within Prisma Access Mobile Users SKU-0197,P0197,216625,866500
F00873,App-ID,App-ID capability delivered within Prisma Access Mobile Users SKU-0197,P0197,9237,36951
F00874,AI Access Security,AI Access Security capability delivered within Prisma Access Mobile Users SKU-0197,P0197,11409,45636
F00875,Advanced WildFire,Advanced WildFire capability delivered within Prisma Access Mobile Users SKU-0197,P0197,245737,982948
F00876,Advanced WildFire,Advanced WildFire capability delivered within Prisma Access Remote Networks SKU-0198,P0198,7139,28559
F00877,Advanced URL Filtering,Advanced URL Filtering capability delivered within Prisma Access Remote Networks SKU-0198,P0198,141273,565092
F00878,App-ID,App-ID capability delivered within Prisma Access Remote Networks SKU-0198,P0198,202075,808303
F00879,Advanced URL Filtering,Advanced URL Filtering capability delivered within PA-410 SKU-0199,P0199,252174,1008697
F00880,IoT/OT Security,IoT/OT Security capability delivered within PA-410 SKU-0199,P0199,198887,795548
F00881,Advanced WildFire,Advanced WildFire capability delivered within PA-410 SKU-0199,P0199,4258,17032
F00882,App-ID,App-ID capability delivered within PA-410 SKU-0199,P0199,425823,1703294
F00883,Enterprise DLP,Enterprise DLP capability delivered within PA-410 SKU-0199,P0199,14061,56246
F00884,Advanced DNS Security,Advanced DNS Security capability delivered within PA-410 SKU-0199,P0199,429157,1716631
F00885,Advanced Threat Prevention,Advanced Threat Prevention capability delivered within PA-410 SKU-0200,P0200,934885,3739543
F00886,Advanced WildFire,Advanced WildFire capability delivered within PA-410 SKU-0200,P0200,11600,46403
F00887,Advanced DNS Security,Advanced DNS Security capability delivered within PA-410 SKU-0200,P0200,9440,37760
F00888,Decryption,Decryption capability delivered within PA-410 SKU-0200,P0200,423772,1695088
F00889,App-ID,App-ID capability delivered within PA-410 SKU-0200,P0200,6802,27210
F00890,IoT/OT Security,IoT/OT Security capability delivered within PA-460 SKU-0201,P0201,13881,55524
F00891,Advanced WildFire,Advanced WildFire capability delivered within PA-460 SKU-0201,P0201,9546,38185
F00892,Advanced Threat Prevention,Advanced Threat Prevention capability delivered within PA-460 SKU-0201,P0201,397622,1590488
F00893,Decryption,Decryption capability delivered within PA-460 SKU-0201,P0201,23677,94708
F00894,Advanced URL Filtering,Advanced URL Filtering capability delivered within PA-460 SKU-0201,P0201,1270584,5082336
F00895,GlobalProtect,GlobalProtect capability delivered within PA-460 SKU-0201,P0201,5334,21338
F00896,Decryption,Decryption capability delivered within PA-5445 SKU-0202,P0202,177694,710776
F00897,Advanced URL Filtering,Advanced URL Filtering capability delivered within PA-5445 SKU-0202,P0202,14758,59033
F00898,Advanced WildFire,Advanced WildFire capability delivered within PA-5445 SKU-0202,P0202,6380,25522
F00899,IoT/OT Security,IoT/OT Security capability delivered within PA-5445 SKU-0202,P0202,29750,119003
F00900,Advanced DNS Security,Advanced DNS Security capability delivered within PA-5445 SKU-0202,P0202,13389,53557
F00901,App-ID,App-ID capability delivered within VM-300 SKU-0203,P0203,464980,1859922
F00902,Advanced WildFire,Advanced WildFire capability delivered within VM-300 SKU-0203,P0203,22388,89552
F00903,GlobalProtect,GlobalProtect capability delivered within VM-300 SKU-0203,P0203,30253,121014
F00904,Decryption,Decryption capability delivered within VM-300 SKU-0203,P0203,132570,530281
F00905,Advanced URL Filtering,Advanced URL Filtering capability delivered within VM-300 SKU-0203,P0203,1341699,5366796
F00906,Advanced DNS Security,Advanced DNS Security capability delivered within VM-300 SKU-0203,P0203,11007,44029
F00907,Advanced DNS Security,Advanced DNS Security capability delivered within Prisma Access Remote Networks SKU-0204,P0204,29681,118726
F00908,Advanced WildFire,Advanced WildFire capability delivered within Prisma Access Remote Networks SKU-0204,P0204,8881,35524
F00909,AI Access Security,AI Access Security capability delivered within Prisma Access Remote Networks SKU-0204,P0204,682927,2731708
F00910,App-ID,App-ID capability delivered within Prisma Access Remote Networks SKU-0204,P0204,13975,55900
F00911,Advanced URL Filtering,Advanced URL Filtering capability delivered within Prisma Access Remote Networks SKU-0204,P0204,123930,495721
F00912,GlobalProtect,GlobalProtect capability delivered within Prisma Access Remote Networks SKU-0204,P0204,1299257,5197029
F00913,Advanced WildFire,Advanced WildFire capability delivered within CN-Series SKU-0205,P0205,231998,927992
F00914,Advanced DNS Security,Advanced DNS Security capability delivered within CN-Series SKU-0205,P0205,352390,1409560
F00915,Advanced URL Filtering,Advanced URL Filtering capability delivered within CN-Series SKU-0205,P0205,4050,16200
F00916,Advanced Threat Prevention,Advanced Threat Prevention capability delivered within CN-Series SKU-0205,P0205,13844,55378
F00917,Decryption,Decryption capability delivered within CN-Series SKU-0205,P0205,16039,64156
F00918,GlobalProtect,GlobalProtect capability delivered within PA-5445 SKU-0206,P0206,9666,38666
F00919,IoT/OT Security,IoT/OT Security capability delivered within PA-5445 SKU-0206,P0206,24248,96992
F00920,App-ID,App-ID capability delivered within PA-5445 SKU-0206,P0206,465306,1861226
F00921,Advanced URL Filtering,Advanced URL Filtering capability delivered within PA-460 SKU-0207,P0207,584798,2339193
F00922,Advanced Threat Prevention,Advanced Threat Prevention capability delivered within PA-460 SKU-0207,P0207,9750,39002
F00923,Advanced DNS Security,Advanced DNS Security capability delivered within PA-460 SKU-0207,P0207,4192,16768
F00924,Advanced WildFire,Advanced WildFire capability delivered within Cloud NGFW for Azure SKU-0208,P0208,13903,55612
F00925,Enterprise DLP,Enterprise DLP capability delivered within Cloud NGFW for Azure SKU-0208,P0208,20851,83404
F00926,Advanced DNS Security,Advanced DNS Security capability delivered within Cloud NGFW for Azure SKU-0208,P0208,11670,46681
F00927,Advanced Threat Prevention,Advanced Threat Prevention capability delivered within Cloud NGFW for Azure SKU-0208,P0208,487481,1949927
F00928,Advanced URL Filtering,Advanced URL Filtering capability delivered within Cloud NGFW for Azure SKU-0208,P0208,39959,159836
F00929,Decryption,Decryption capability delivered within Cloud NGFW for Azure SKU-0208,P0208,10518,42072
F00930,Advanced WildFire,Advanced WildFire capability delivered within Prisma Access Mobile Users SKU-0209,P0209,10281,41125
F00931,App-ID,App-ID capability delivered within Prisma Access Mobile Users SKU-0209,P0209,1268052,5072210
F00932,Advanced URL Filtering,Advanced URL Filtering capability delivered within Prisma Access Mobile Users SKU-0209,P0209,32205,128820
F00933,GlobalProtect,GlobalProtect capability delivered within Prisma Access Mobile Users SKU-0209,P0209,10712,42849
F00934,Enterprise DLP,Enterprise DLP capability delivered within Prisma Access Mobile Users SKU-0209,P0209,512663,2050654
F00935,App-ID,App-ID capability delivered within Cloud NGFW for Azure SKU-0210,P0210,32860,131442
F00936,Advanced WildFire,Advanced WildFire capability delivered within Cloud NGFW for Azure SKU-0210,P0210,13611,54445
F00937,Decryption,Decryption capability delivered within Cloud NGFW for Azure SKU-0210,P0210,40396,161587
F00938,Advanced Threat Prevention,Advanced Threat Prevention capability delivered within VM-100 SKU-0211,P0211,23541,94167
F00939,Advanced URL Filtering,Advanced URL Filtering capability delivered within VM-100 SKU-0211,P0211,285900,1143603
F00940,Decryption,Decryption capability delivered within VM-100 SKU-0211,P0211,4931,19727
F00941,Advanced DNS Security,Advanced DNS Security capability delivered within VM-100 SKU-0211,P0211,9903,39613
F00942,Advanced WildFire,Advanced WildFire capability delivered within VM-100 SKU-0211,P0211,32896,131585
F00943,Enterprise DLP,Enterprise DLP capability delivered within VM-100 SKU-0211,P0211,608227,2432909
F00944,Advanced URL Filtering,Advanced URL Filtering capability delivered within Prisma Access Remote Networks SKU-0212,P0212,159156,636624
F00945,App-ID,App-ID capability delivered within Prisma Access Remote Networks SKU-0212,P0212,11450,45803
F00946,SaaS Security,SaaS Security capability delivered within Prisma Access Remote Networks SKU-0212,P0212,485303,1941212
F00947,Enterprise DLP,Enterprise DLP capability delivered within Prisma Access Remote Networks SKU-0212,P0212,12245,48983
F00948,Decryption,Decryption capability delivered within Prisma Access Remote Networks SKU-0212,P0212,30423,121694
F00949,Advanced Threat Prevention,Advanced Threat Prevention capability delivered within Prisma Access Remote Networks SKU-0212,P0212,539355,2157420
F00950,Advanced URL Filtering,Advanced URL Filtering capability delivered within VM-100 SKU-0213,P0213,5754,23016
F00951,GlobalProtect,GlobalProtect capability delivered within VM-100 SKU-0213,P0213,798351,3193406
F00952,Decryption,Decryption capability delivered within VM-100 SKU-0213,P0213,9018,36072
F00953,Advanced DNS Security,Advanced DNS Security capability delivered within VM-100 SKU-0213,P0213,10872,43488
F00954,App-ID,App-ID capability delivered within VM-100 SKU-0213,P0213,155538,622153
F00955,Advanced WildFire,Advanced WildFire capability delivered within VM-100 SKU-0213,P0213,211810,847240
F00956,App-ID,App-ID capability delivered within PA-7500 SKU-0214,P0214,17458,69833
F00957,IoT/OT Security,IoT/OT Security capability delivered within PA-7500 SKU-0214,P0214,1291970,5167880
F00958,Advanced Threat Prevention,Advanced Threat Prevention capability delivered within PA-7500 SKU-0214,P0214,127930,511722
F00959,GlobalProtect,GlobalProtect capability delivered within PA-7500 SKU-0214,P0214,9389,37557
F00960,Advanced WildFire,Advanced WildFire capability delivered within PA-7500 SKU-0214,P0214,30837,123350
F00961,Advanced DNS Security,Advanced DNS Security capability delivered within PA-7500 SKU-0214,P0214,5312,21249
F00962,Advanced URL Filtering,Advanced URL Filtering capability delivered within Cloud NGFW for Azure SKU-0215,P0215,349474,1397897
F00963,Decryption,Decryption capability delivered within Cloud NGFW for Azure SKU-0215,P0215,11327,45309
F00964,Advanced DNS Security,Advanced DNS Security capability delivered within Cloud NGFW for Azure SKU-0215,P0215,758855,3035422
F00965,App-ID,App-ID capability delivered within Cloud NGFW for Azure SKU-0215,P0215,16701,66807
F00966,Advanced WildFire,Advanced WildFire capability delivered within Cloud NGFW for Azure SKU-0215,P0215,7127,28510
F00967,Enterprise DLP,Enterprise DLP capability delivered within Cloud NGFW for Azure SKU-0215,P0215,8201,32804
F00968,Decryption,Decryption capability delivered within VM-300 SKU-0216,P0216,525099,2100398
F00969,Advanced Threat Prevention,Advanced Threat Prevention capability delivered within VM-300 SKU-0216,P0216,474560,1898240
F00970,Advanced URL Filtering,Advanced URL Filtering capability delivered within VM-300 SKU-0216,P0216,20284,81138
F00971,Enterprise DLP,Enterprise DLP capability delivered within VM-300 SKU-0216,P0216,10761,43047
F00972,Decryption,Decryption capability delivered within Prisma Access Mobile Users SKU-0217,P0217,7567,30269
F00973,SaaS Security,SaaS Security capability delivered within Prisma Access Mobile Users SKU-0217,P0217,14889,59557
F00974,Advanced Threat Prevention,Advanced Threat Prevention capability delivered within Prisma Access Mobile Users SKU-0217,P0217,683563,2734254
F00975,Advanced URL Filtering,Advanced URL Filtering capability delivered within Prisma Access Mobile Users SKU-0217,P0217,169837,679350
F00976,Advanced WildFire,Advanced WildFire capability delivered within Prisma Access Mobile Users SKU-0217,P0217,582711,2330844
F00977,App-ID,App-ID capability delivered within Prisma Access Mobile Users SKU-0217,P0217,16679,66716
F00978,Advanced WildFire,Advanced WildFire capability delivered within VM-700 SKU-0218,P0218,17242,68968
F00979,Advanced URL Filtering,Advanced URL Filtering capability delivered within VM-700 SKU-0218,P0218,35955,143823
F00980,Advanced DNS Security,Advanced DNS Security capability delivered within VM-700 SKU-0218,P0218,629402,2517610
F00981,Advanced WildFire,Advanced WildFire capability delivered within VM-300 SKU-0219,P0219,99488,397952
F00982,Decryption,Decryption capability delivered within VM-300 SKU-0219,P0219,244528,978114
F00983,Advanced URL Filtering,Advanced URL Filtering capability delivered within VM-300 SKU-0219,P0219,774607,3098431
F00984,App-ID,App-ID capability delivered within VM-100 SKU-0220,P0220,11545,46182
F00985,Advanced Threat Prevention,Advanced Threat Prevention capability delivered within VM-100 SKU-0220,P0220,1045848,4183393
F00986,Advanced WildFire,Advanced WildFire capability delivered within VM-100 SKU-0220,P0220,10147,40590
F00987,Advanced DNS Security,Advanced DNS Security capability delivered within VM-300 SKU-0221,P0221,19694,78777
F00988,Enterprise DLP,Enterprise DLP capability delivered within VM-300 SKU-0221,P0221,763397,3053589
F00989,IoT/OT Security,IoT/OT Security capability delivered within VM-300 SKU-0221,P0221,147217,588868
F00990,Advanced Threat Prevention,Advanced Threat Prevention capability delivered within VM-300 SKU-0221,P0221,34300,137202
F00991,Advanced Threat Prevention,Advanced Threat Prevention capability delivered within PA-3440 SKU-0222,P0222,269598,1078394
F00992,Advanced WildFire,Advanced WildFire capability delivered within PA-3440 SKU-0222,P0222,438156,1752625
F00993,App-ID,App-ID capability delivered within PA-3440 SKU-0222,P0222,6925,27701
F00994,Decryption,Decryption capability delivered within PA-3440 SKU-0222,P0222,1342481,5369925
F00995,Advanced DNS Security,Advanced DNS Security capability delivered within Cloud NGFW for Azure SKU-0223,P0223,18930,75720
F00996,Advanced WildFire,Advanced WildFire capability delivered within Cloud NGFW for Azure SKU-0223,P0223,15298,61192
F00997,App-ID,App-ID capability delivered within Cloud NGFW for Azure SKU-0223,P0223,6845,27382
F00998,Advanced URL Filtering,Advanced URL Filtering capability delivered within Cloud NGFW for Azure SKU-0223,P0223,11406,45625
F00999,Advanced Threat Prevention,Advanced Threat Prevention capability delivered within VM-500 SKU-0224,P0224,3936,15745
F01000,Advanced DNS Security,Advanced DNS Security capability delivered within VM-500 SKU-0224,P0224,27486,109944
F01001,Decryption,Decryption capability delivered within VM-500 SKU-0224,P0224,5963,23852
F01002,App-ID,App-ID capability delivered within VM-500 SKU-0224,P0224,13058,52232
F01003,Advanced URL Filtering,Advanced URL Filtering capability delivered within VM-500 SKU-0224,P0224,302842,1211368
F01004,Decryption,Decryption capability delivered within Cloud NGFW for AWS SKU-0225,P0225,314146,1256587
F01005,Enterprise DLP,Enterprise DLP capability delivered within Cloud NGFW for AWS SKU-0225,P0225,808465,3233863
F01006,Advanced Threat Prevention,Advanced Threat Prevention capability delivered within Cloud NGFW for AWS SKU-0225,P0225,15997,63990
F01007,Advanced URL Filtering,Advanced URL Filtering capability delivered within Cloud NGFW for AWS SKU-0225,P0225,15516,62066
F01008,Advanced DNS Security,Advanced DNS Security capability delivered within Cloud NGFW for AWS SKU-0226,P0226,1314875,5259502
F01009,App-ID,App-ID capability delivered within Cloud NGFW for AWS SKU-0226,P0226,180231,720924
F01010,Advanced WildFire,Advanced WildFire capability delivered within Cloud NGFW for AWS SKU-0226,P0226,8490,33960
F01011,Advanced Threat Prevention,Advanced Threat Prevention capability delivered within PA-3440 SKU-0227,P0227,15855,63420
F01012,Advanced URL Filtering,Advanced URL Filtering capability delivered within PA-3440 SKU-0227,P0227,308865,1235461
F01013,Advanced DNS Security,Advanced DNS Security capability delivered within PA-3440 SKU-0227,P0227,209197,836789
F01014,Enterprise DLP,Enterprise DLP capability delivered within PA-3440 SKU-0227,P0227,628514,2514058
F01015,Decryption,Decryption capability delivered within PA-3440 SKU-0227,P0227,7576,30306
F01016,App-ID,App-ID capability delivered within PA-3440 SKU-0227,P0227,280866,1123465
F01017,Decryption,Decryption capability delivered within VM-700 SKU-0228,P0228,16304,65217
F01018,Advanced DNS Security,Advanced DNS Security capability delivered within VM-700 SKU-0228,P0228,657284,2629139
F01019,Advanced Threat Prevention,Advanced Threat Prevention capability delivered within VM-700 SKU-0228,P0228,28905,115622
F01020,Advanced WildFire,Advanced WildFire capability delivered within VM-700 SKU-0228,P0228,29379,117518
F01021,App-ID,App-ID capability delivered within VM-700 SKU-0228,P0228,19573,78292
F01022,Enterprise DLP,Enterprise DLP capability delivered within VM-700 SKU-0228,P0228,6023,24092
F01023,App-ID,App-ID capability delivered within Cloud NGFW for Azure SKU-0229,P0229,6766,27064
F01024,Advanced WildFire,Advanced WildFire capability delivered within Cloud NGFW for Azure SKU-0229,P0229,1037166,4148667
F01025,Enterprise DLP,Enterprise DLP capability delivered within Cloud NGFW for Azure SKU-0229,P0229,11205,44820
F01026,Advanced DNS Security,Advanced DNS Security capability delivered within Cloud NGFW for Azure SKU-0229,P0229,10194,40777
F01027,Enterprise DLP,Enterprise DLP capability delivered within PA-5445 SKU-0230,P0230,432783,1731135
F01028,Advanced Threat Prevention,Advanced Threat Prevention capability delivered within PA-5445 SKU-0230,P0230,730415,2921660
F01029,Advanced WildFire,Advanced WildFire capability delivered within PA-5445 SKU-0230,P0230,14166,56667
F01030,Advanced URL Filtering,Advanced URL Filtering capability delivered within Cloud NGFW for AWS SKU-0231,P0231,536613,2146452
F01031,Decryption,Decryption capability delivered within Cloud NGFW for AWS SKU-0231,P0231,462575,1850300
F01032,App-ID,App-ID capability delivered within Cloud NGFW for AWS SKU-0231,P0231,13104,52416
F01033,Advanced WildFire,Advanced WildFire capability delivered within Cloud NGFW for AWS SKU-0231,P0231,607749,2430997
F01034,Advanced DNS Security,Advanced DNS Security capability delivered within Cloud NGFW for AWS SKU-0231,P0231,30872,123490
F01035,Decryption,Decryption capability delivered within PA-5445 SKU-0232,P0232,12634,50536
F01036,GlobalProtect,GlobalProtect capability delivered within PA-5445 SKU-0232,P0232,192185,768743
F01037,Advanced DNS Security,Advanced DNS Security capability delivered within PA-5445 SKU-0232,P0232,169337,677348
F01038,Enterprise DLP,Enterprise DLP capability delivered within PA-5445 SKU-0232,P0232,404218,1616873
F01039,Advanced WildFire,Advanced WildFire capability delivered within PA-5445 SKU-0232,P0232,10577,42311
F01040,Advanced DNS Security,Advanced DNS Security capability delivered within Prisma Access Browser SKU-0233,P0233,440466,1761864
F01041,App-ID,App-ID capability delivered within Prisma Access Browser SKU-0233,P0233,4979,19916
F01042,GlobalProtect,GlobalProtect capability delivered within Prisma Access Browser SKU-0233,P0233,14828,59312
F01043,Advanced Threat Prevention,Advanced Threat Prevention capability delivered within Prisma Access Browser SKU-0233,P0233,20774,83096
F01044,Advanced WildFire,Advanced WildFire capability delivered within Prisma Access Browser SKU-0233,P0233,9041,36167
F01045,Decryption,Decryption capability delivered within Prisma Access Browser SKU-0233,P0233,15558,62232
F01046,App-ID,App-ID capability delivered within Cloud NGFW for Azure SKU-0234,P0234,10629,42516
F01047,Advanced Threat Prevention,Advanced Threat Prevention capability delivered within Cloud NGFW for Azure SKU-0234,P0234,14531,58124
F01048,Decryption,Decryption capability delivered within Cloud NGFW for Azure SKU-0234,P0234,189939,759759
F01049,Advanced Threat Prevention,Advanced Threat Prevention capability delivered within Cloud NGFW for Azure SKU-0235,P0235,120759,483038
F01050,Decryption,Decryption capability delivered within Cloud NGFW for Azure SKU-0235,P0235,6679,26716
F01051,App-ID,App-ID capability delivered within Cloud NGFW for Azure SKU-0235,P0235,14541,58165
F01052,Advanced URL Filtering,Advanced URL Filtering capability delivered within Cloud NGFW for Azure SKU-0235,P0235,523547,2094189
F01053,Advanced WildFire,Advanced WildFire capability delivered within Cloud NGFW for Azure SKU-0235,P0235,18431,73726
F01054,Advanced Threat Prevention,Advanced Threat Prevention capability delivered within PA-3440 SKU-0236,P0236,302275,1209100
F01055,App-ID,App-ID capability delivered within PA-3440 SKU-0236,P0236,22022,88088
F01056,Decryption,Decryption capability delivered within PA-3440 SKU-0236,P0236,8700,34802
F01057,Advanced DNS Security,Advanced DNS Security capability delivered within PA-3440 SKU-0236,P0236,714216,2856865
F01058,Advanced WildFire,Advanced WildFire capability delivered within PA-3440 SKU-0236,P0236,142140,568562
F01059,Advanced URL Filtering,Advanced URL Filtering capability delivered within PA-3440 SKU-0236,P0236,1137016,4548066
F01060,Decryption,Decryption capability delivered within PA-5445 SKU-0237,P0237,13530,54121
F01061,GlobalProtect,GlobalProtect capability delivered within PA-5445 SKU-0237,P0237,169959,679836
F01062,App-ID,App-ID capability delivered within PA-5445 SKU-0237,P0237,10343,41372
F01063,Advanced Threat Prevention,Advanced Threat Prevention capability delivered within Prisma Access Remote Networks SKU-0238,P0238,10068,40275
F01064,Decryption,Decryption capability delivered within Prisma Access Remote Networks SKU-0238,P0238,14629,58516
F01065,Advanced DNS Security,Advanced DNS Security capability delivered within Prisma Access Remote Networks SKU-0238,P0238,22025,88100
F01066,Advanced WildFire,Advanced WildFire capability delivered within Prisma Access Remote Networks SKU-0238,P0238,245184,980736
F01067,AI Access Security,AI Access Security capability delivered within Prisma Access Remote Networks SKU-0238,P0238,301129,1204516
F01068,Advanced WildFire,Advanced WildFire capability delivered within Cloud NGFW for AWS SKU-0239,P0239,24907,99631
F01069,App-ID,App-ID capability delivered within Cloud NGFW for AWS SKU-0239,P0239,4047,16190
F01070,Advanced Threat Prevention,Advanced Threat Prevention capability delivered within Cloud NGFW for AWS SKU-0239,P0239,548423,2193693
F01071,Advanced URL Filtering,Advanced URL Filtering capability delivered within Cloud NGFW for AWS SKU-0239,P0239,708064,2832256
F01072,Decryption,Decryption capability delivered within Cloud NGFW for AWS SKU-0239,P0239,5771,23084
F01073,Advanced WildFire,Advanced WildFire capability delivered within VM-300 SKU-0240,P0240,312407,1249628
F01074,Advanced DNS Security,Advanced DNS Security capability delivered within VM-300 SKU-0240,P0240,13846,55386
F01075,App-ID,App-ID capability delivered within VM-300 SKU-0240,P0240,4719,18879
F01076,Advanced URL Filtering,Advanced URL Filtering capability delivered within VM-300 SKU-0240,P0240,19804,79218
F01077,Decryption,Decryption capability delivered within VM-300 SKU-0240,P0240,718597,2874389
F01078,Advanced URL Filtering,Advanced URL Filtering capability delivered within PA-3410 SKU-0241,P0241,13759,55037
F01079,Advanced Threat Prevention,Advanced Threat Prevention capability delivered within PA-3410 SKU-0241,P0241,322341,1289364
F01080,Advanced WildFire,Advanced WildFire capability delivered within PA-3410 SKU-0241,P0241,15580,62320
F01081,GlobalProtect,GlobalProtect capability delivered within PA-3410 SKU-0241,P0241,155563,622252
F01082,Decryption,Decryption capability delivered within PA-3440 SKU-0242,P0242,15494,61976
F01083,Advanced WildFire,Advanced WildFire capability delivered within PA-3440 SKU-0242,P0242,14933,59732
F01084,App-ID,App-ID capability delivered within PA-3440 SKU-0242,P0242,7346,29385
F01085,Advanced URL Filtering,Advanced URL Filtering capability delivered within Prisma Access Mobile Users SKU-0243,P0243,213410,853640
F01086,SD-WAN,SD-WAN capability delivered within Prisma Access Mobile Users SKU-0243,P0243,370108,1480435
F01087,Advanced Threat Prevention,Advanced Threat Prevention capability delivered within Prisma Access Mobile Users SKU-0243,P0243,21438,85754
F01088,SaaS Security,SaaS Security capability delivered within Prisma Access Mobile Users SKU-0243,P0243,9374,37496
F01089,GlobalProtect,GlobalProtect capability delivered within Prisma Access Mobile Users SKU-0243,P0243,5008,20032
F01090,Enterprise DLP,Enterprise DLP capability delivered within Prisma Access Browser SKU-0244,P0244,4807,19228
F01091,SD-WAN,SD-WAN capability delivered within Prisma Access Browser SKU-0244,P0244,24526,98107
F01092,Advanced URL Filtering,Advanced URL Filtering capability delivered within Prisma Access Browser SKU-0244,P0244,309725,1238900
F01093,Decryption,Decryption capability delivered within Prisma Access Browser SKU-0244,P0244,677680,2710722
F01094,Advanced WildFire,Advanced WildFire capability delivered within Prisma Access Remote Networks SKU-0245,P0245,7504,30017
F01095,Decryption,Decryption capability delivered within Prisma Access Remote Networks SKU-0245,P0245,1339403,5357613
F01096,App-ID,App-ID capability delivered within Prisma Access Remote Networks SKU-0245,P0245,23244,92979
F01097,Advanced URL Filtering,Advanced URL Filtering capability delivered within Prisma Access Remote Networks SKU-0245,P0245,239802,959209
F01098,Advanced Threat Prevention,Advanced Threat Prevention capability delivered within Prisma Access Remote Networks SKU-0245,P0245,11964,47857
F01099,SaaS Security,SaaS Security capability delivered within Prisma Access Remote Networks SKU-0245,P0245,39462,157848
F01100,App-ID,App-ID capability delivered within PA-3410 SKU-0246,P0246,5389,21557
F01101,Decryption,Decryption capability delivered within PA-3410 SKU-0246,P0246,7513,30052
F01102,Advanced DNS Security,Advanced DNS Security capability delivered within PA-3410 SKU-0246,P0246,31572,126289
F01103,Advanced URL Filtering,Advanced URL Filtering capability delivered within PA-3410 SKU-0246,P0246,302132,1208529
F01104,Advanced WildFire,Advanced WildFire capability delivered within PA-3410 SKU-0246,P0246,1319030,5276120
F01105,IoT/OT Security,IoT/OT Security capability delivered within VM-700 SKU-0247,P0247,511160,2044643
F01106,App-ID,App-ID capability delivered within VM-700 SKU-0247,P0247,20319,81277
F01107,Advanced URL Filtering,Advanced URL Filtering capability delivered within VM-700 SKU-0247,P0247,13347,53388
F01108,Decryption,Decryption capability delivered within VM-500 SKU-0248,P0248,506757,2027028
F01109,Advanced WildFire,Advanced WildFire capability delivered within VM-500 SKU-0248,P0248,11065,44263
F01110,Advanced DNS Security,Advanced DNS Security capability delivered within VM-500 SKU-0248,P0248,27312,109248
F01111,Advanced URL Filtering,Advanced URL Filtering capability delivered within VM-500 SKU-0248,P0248,20623,82493
F01112,GlobalProtect,GlobalProtect capability delivered within VM-500 SKU-0248,P0248,136350,545402
F01113,Advanced DNS Security,Advanced DNS Security capability delivered within PA-440 SKU-0249,P0249,31158,124635
F01114,Advanced WildFire,Advanced WildFire capability delivered within PA-440 SKU-0249,P0249,13999,55997
F01115,Decryption,Decryption capability delivered within PA-440 SKU-0249,P0249,7105,28420
F01116,Advanced Threat Prevention,Advanced Threat Prevention capability delivered within PA-440 SKU-0249,P0249,262881,1051524
F01117,App-ID,App-ID capability delivered within PA-440 SKU-0249,P0249,5994,23977
F01118,Advanced Threat Prevention,Advanced Threat Prevention capability delivered within CN-Series SKU-0250,P0250,109829,439318
F01119,Advanced URL Filtering,Advanced URL Filtering capability delivered within CN-Series SKU-0250,P0250,13759,55036
F01120,Enterprise DLP,Enterprise DLP capability delivered within CN-Series SKU-0250,P0250,25642,102571
F01121,GlobalProtect,GlobalProtect capability delivered within CN-Series SKU-0250,P0250,30992,123971
F01122,App-ID,App-ID capability delivered within CN-Series SKU-0250,P0250,12038,48155
F01123,Advanced DNS Security,Advanced DNS Security capability delivered within CN-Series SKU-0250,P0250,258248,1032994
F01124,Advanced WildFire,Advanced WildFire capability delivered within PA-440 SKU-0251,P0251,4338,17355
F01125,Advanced DNS Security,Advanced DNS Security capability delivered within PA-440 SKU-0251,P0251,16579,66317
F01126,Advanced Threat Prevention,Advanced Threat Prevention capability delivered within PA-440 SKU-0251,P0251,165730,662923
F01127,App-ID,App-ID capability delivered within PA-440 SKU-0251,P0251,9919,39678
F01128,Decryption,Decryption capability delivered within PA-440 SKU-0251,P0251,1314908,5259632
F01129,Advanced WildFire,Advanced WildFire capability delivered within VM-300 SKU-0252,P0252,245705,982820
F01130,Advanced DNS Security,Advanced DNS Security capability delivered within VM-300 SKU-0252,P0252,189745,758982
F01131,App-ID,App-ID capability delivered within VM-300 SKU-0252,P0252,16071,64285
F01132,GlobalProtect,GlobalProtect capability delivered within VM-300 SKU-0252,P0252,552057,2208229
F01133,Advanced Threat Prevention,Advanced Threat Prevention capability delivered within VM-300 SKU-0252,P0252,17731,70927
F01134,App-ID,App-ID capability delivered within PA-3410 SKU-0253,P0253,192168,768674
F01135,Advanced WildFire,Advanced WildFire capability delivered within PA-3410 SKU-0253,P0253,12534,50137
F01136,Advanced Threat Prevention,Advanced Threat Prevention capability delivered within PA-3410 SKU-0253,P0253,12811,51246
F01137,Decryption,Decryption capability delivered within PA-3410 SKU-0253,P0253,19256,77025
F01138,Advanced Threat Prevention,Advanced Threat Prevention capability delivered within PA-7500 SKU-0254,P0254,13459,53837
F01139,Advanced WildFire,Advanced WildFire capability delivered within PA-7500 SKU-0254,P0254,10605,42420
F01140,GlobalProtect,GlobalProtect capability delivered within PA-7500 SKU-0254,P0254,220935,883740
F01141,Advanced URL Filtering,Advanced URL Filtering capability delivered within PA-7500 SKU-0254,P0254,16610,66443
F01142,Decryption,Decryption capability delivered within VM-500 SKU-0255,P0255,24343,97372
F01143,Enterprise DLP,Enterprise DLP capability delivered within VM-500 SKU-0255,P0255,179041,716167
F01144,App-ID,App-ID capability delivered within VM-500 SKU-0255,P0255,818191,3272766
F01145,Advanced URL Filtering,Advanced URL Filtering capability delivered within VM-500 SKU-0255,P0255,173075,692300
F01146,Advanced WildFire,Advanced WildFire capability delivered within VM-500 SKU-0255,P0255,23566,94264
F01147,Advanced DNS Security,Advanced DNS Security capability delivered within VM-500 SKU-0255,P0255,1081445,4325780
F01148,App-ID,App-ID capability delivered within VM-100 SKU-0256,P0256,306825,1227303
F01149,Advanced DNS Security,Advanced DNS Security capability delivered within VM-100 SKU-0256,P0256,388111,1552444
F01150,Decryption,Decryption capability delivered within VM-100 SKU-0256,P0256,14586,58345
F01151,Decryption,Decryption capability delivered within Cloud NGFW for Azure SKU-0257,P0257,631608,2526432
F01152,App-ID,App-ID capability delivered within Cloud NGFW for Azure SKU-0257,P0257,212226,848904
F01153,Advanced Threat Prevention,Advanced Threat Prevention capability delivered within Cloud NGFW for Azure SKU-0257,P0257,16506,66027
F01154,Advanced DNS Security,Advanced DNS Security capability delivered within Cloud NGFW for Azure SKU-0257,P0257,6696,26785
F01155,App-ID,App-ID capability delivered within Cloud NGFW for Azure SKU-0258,P0258,7576,30305
F01156,Enterprise DLP,Enterprise DLP capability delivered within Cloud NGFW for Azure SKU-0258,P0258,9298,37192
F01157,Advanced Threat Prevention,Advanced Threat Prevention capability delivered within Cloud NGFW for Azure SKU-0258,P0258,235553,942212
F01158,Advanced DNS Security,Advanced DNS Security capability delivered within Cloud NGFW for Azure SKU-0258,P0258,33122,132488
F01159,Advanced WildFire,Advanced WildFire capability delivered within Cloud NGFW for Azure SKU-0258,P0258,30310,121240
F01160,Advanced URL Filtering,Advanced URL Filtering capability delivered within Cloud NGFW for Azure SKU-0258,P0258,9814,39256
F01161,Advanced Threat Prevention,Advanced Threat Prevention capability delivered within Cloud NGFW for AWS SKU-0259,P0259,405210,1620842
F01162,Advanced DNS Security,Advanced DNS Security capability delivered within Cloud NGFW for AWS SKU-0259,P0259,638709,2554838
F01163,Enterprise DLP,Enterprise DLP capability delivered within Cloud NGFW for AWS SKU-0259,P0259,18882,75529
F01164,Advanced DNS Security,Advanced DNS Security capability delivered within Cloud NGFW for Azure SKU-0260,P0260,9364,37458
F01165,Decryption,Decryption capability delivered within Cloud NGFW for Azure SKU-0260,P0260,30036,120144
F01166,Advanced Threat Prevention,Advanced Threat Prevention capability delivered within Cloud NGFW for Azure SKU-0260,P0260,494560,1978242
F01167,App-ID,App-ID capability delivered within VM-100 SKU-0261,P0261,13544,54177
F01168,Advanced WildFire,Advanced WildFire capability delivered within VM-100 SKU-0261,P0261,192272,769089
F01169,Advanced DNS Security,Advanced DNS Security capability delivered within VM-100 SKU-0261,P0261,7946,31785
F01170,Decryption,Decryption capability delivered within VM-100 SKU-0261,P0261,507319,2029276
F01171,Advanced WildFire,Advanced WildFire capability delivered within Prisma Access Remote Networks SKU-0262,P0262,22693,90773
F01172,App-ID,App-ID capability delivered within Prisma Access Remote Networks SKU-0262,P0262,442066,1768267
F01173,AI Access Security,AI Access Security capability delivered within Prisma Access Remote Networks SKU-0262,P0262,9820,39280
F01174,Advanced DNS Security,Advanced DNS Security capability delivered within Prisma Access Remote Networks SKU-0262,P0262,15103,60415
F01175,Advanced URL Filtering,Advanced URL Filtering capability delivered within Prisma Access Remote Networks SKU-0262,P0262,11175,44702
F01176,Advanced URL Filtering,Advanced URL Filtering capability delivered within PA-5445 SKU-0263,P0263,826691,3306764
F01177,Advanced WildFire,Advanced WildFire capability delivered within PA-5445 SKU-0263,P0263,38093,152374
F01178,Decryption,Decryption capability delivered within PA-5445 SKU-0263,P0263,14481,57925
F01179,Enterprise DLP,Enterprise DLP capability delivered within PA-5445 SKU-0263,P0263,539427,2157711
F01180,Advanced DNS Security,Advanced DNS Security capability delivered within PA-5445 SKU-0263,P0263,8802,35208
F01181,Advanced Threat Prevention,Advanced Threat Prevention capability delivered within PA-5445 SKU-0263,P0263,7318,29273
F01182,Advanced WildFire,Advanced WildFire capability delivered within Prisma Access Mobile Users SKU-0264,P0264,21749,86997
F01183,Advanced DNS Security,Advanced DNS Security capability delivered within Prisma Access Mobile Users SKU-0264,P0264,17798,71193
F01184,Advanced Threat Prevention,Advanced Threat Prevention capability delivered within Prisma Access Mobile Users SKU-0264,P0264,429756,1719027
F01185,Advanced URL Filtering,Advanced URL Filtering capability delivered within Prisma Access Mobile Users SKU-0264,P0264,160729,642916
F01186,SD-WAN,SD-WAN capability delivered within Prisma Access Mobile Users SKU-0264,P0264,7795,31181
F01187,App-ID,App-ID capability delivered within PA-460 SKU-0265,P0265,29333,117335
F01188,Decryption,Decryption capability delivered within PA-460 SKU-0265,P0265,301889,1207556
F01189,IoT/OT Security,IoT/OT Security capability delivered within PA-460 SKU-0265,P0265,39666,158664
F01190,Advanced Threat Prevention,Advanced Threat Prevention capability delivered within PA-3410 SKU-0266,P0266,296925,1187700
F01191,Advanced DNS Security,Advanced DNS Security capability delivered within PA-3410 SKU-0266,P0266,482162,1928649
F01192,Advanced URL Filtering,Advanced URL Filtering capability delivered within PA-3410 SKU-0266,P0266,9155,36621
F01193,Advanced DNS Security,Advanced DNS Security capability delivered within PA-1410 SKU-0267,P0267,396843,1587375
F01194,Advanced URL Filtering,Advanced URL Filtering capability delivered within PA-1410 SKU-0267,P0267,603349,2413399
F01195,Enterprise DLP,Enterprise DLP capability delivered within PA-1410 SKU-0267,P0267,34090,136361
F01196,Advanced Threat Prevention,Advanced Threat Prevention capability delivered within PA-1410 SKU-0267,P0267,15588,62352
F01197,Advanced WildFire,Advanced WildFire capability delivered within PA-1410 SKU-0267,P0267,222871,891485
F01198,GlobalProtect,GlobalProtect capability delivered within PA-1410 SKU-0267,P0267,23801,95204
F01199,App-ID,App-ID capability delivered within VM-300 SKU-0268,P0268,5126,20504
F01200,Advanced URL Filtering,Advanced URL Filtering capability delivered within VM-300 SKU-0268,P0268,19692,78769
F01201,GlobalProtect,GlobalProtect capability delivered within VM-300 SKU-0268,P0268,22986,91947
F01202,Advanced DNS Security,Advanced DNS Security capability delivered within VM-300 SKU-0268,P0268,642094,2568377
F01203,Advanced WildFire,Advanced WildFire capability delivered within VM-300 SKU-0268,P0268,8278,33114
F01204,Advanced Threat Prevention,Advanced Threat Prevention capability delivered within VM-300 SKU-0268,P0268,12118,48472
F01205,Advanced Threat Prevention,Advanced Threat Prevention capability delivered within VM-500 SKU-0269,P0269,189471,757884
F01206,Advanced URL Filtering,Advanced URL Filtering capability delivered within VM-500 SKU-0269,P0269,13886,55545
F01207,Advanced DNS Security,Advanced DNS Security capability delivered within VM-500 SKU-0269,P0269,1104573,4418295
F01208,App-ID,App-ID capability delivered within VM-500 SKU-0269,P0269,9533,38135
F01209,Decryption,Decryption capability delivered within VM-500 SKU-0269,P0269,261556,1046227
F01210,Advanced WildFire,Advanced WildFire capability delivered within VM-500 SKU-0269,P0269,7360,29440
F01211,Advanced DNS Security,Advanced DNS Security capability delivered within Prisma Access Mobile Users SKU-0270,P0270,9229,36916
F01212,SaaS Security,SaaS Security capability delivered within Prisma Access Mobile Users SKU-0270,P0270,427193,1708775
F01213,Advanced URL Filtering,Advanced URL Filtering capability delivered within Prisma Access Mobile Users SKU-0270,P0270,27979,111918
F01214,Decryption,Decryption capability delivered within Prisma Access Mobile Users SKU-0270,P0270,249328,997315
F01215,SD-WAN,SD-WAN capability delivered within Prisma Access Mobile Users SKU-0270,P0270,11066,44264
F01216,Advanced URL Filtering,Advanced URL Filtering capability delivered within Prisma Access Browser SKU-0271,P0271,208588,834355
F01217,GlobalProtect,GlobalProtect capability delivered within Prisma Access Browser SKU-0271,P0271,31815,127260
F01218,App-ID,App-ID capability delivered within Prisma Access Browser SKU-0271,P0271,25078,100312
F01219,Decryption,Decryption capability delivered within Prisma Access Browser SKU-0271,P0271,4599,18399
F01220,SD-WAN,SD-WAN capability delivered within Prisma Access Browser SKU-0271,P0271,12380,49523
F01221,Advanced Threat Prevention,Advanced Threat Prevention capability delivered within VM-100 SKU-0272,P0272,5112,20448
F01222,Advanced DNS Security,Advanced DNS Security capability delivered within VM-100 SKU-0272,P0272,779681,3118727
F01223,Advanced WildFire,Advanced WildFire capability delivered within VM-100 SKU-0272,P0272,262129,1048516
F01224,Decryption,Decryption capability delivered within VM-100 SKU-0272,P0272,10095,40383
F01225,Enterprise DLP,Enterprise DLP capability delivered within VM-100 SKU-0272,P0272,9643,38573
F01226,App-ID,App-ID capability delivered within VM-100 SKU-0272,P0272,156547,626189
F01227,App-ID,App-ID capability delivered within Cloud NGFW for AWS SKU-0273,P0273,228583,914333
F01228,Advanced Threat Prevention,Advanced Threat Prevention capability delivered within Cloud NGFW for AWS SKU-0273,P0273,341537,1366150
F01229,Advanced DNS Security,Advanced DNS Security capability delivered within Cloud NGFW for AWS SKU-0273,P0273,39887,159548
F01230,Decryption,Decryption capability delivered within Cloud NGFW for AWS SKU-0273,P0273,15569,62279
F01231,Advanced WildFire,Advanced WildFire capability delivered within Cloud NGFW for AWS SKU-0273,P0273,20793,83175
F01232,Advanced URL Filtering,Advanced URL Filtering capability delivered within Cloud NGFW for AWS SKU-0273,P0273,119392,477568
F01233,Advanced DNS Security,Advanced DNS Security capability delivered within CN-Series SKU-0274,P0274,216508,866034
F01234,Advanced WildFire,Advanced WildFire capability delivered within CN-Series SKU-0274,P0274,739527,2958109
F01235,Advanced Threat Prevention,Advanced Threat Prevention capability delivered within CN-Series SKU-0274,P0274,234556,938226
F01236,Decryption,Decryption capability delivered within CN-Series SKU-0274,P0274,269255,1077020
F01237,Advanced WildFire,Advanced WildFire capability delivered within Cloud NGFW for AWS SKU-0275,P0275,4184,16736
F01238,App-ID,App-ID capability delivered within Cloud NGFW for AWS SKU-0275,P0275,25691,102764
F01239,Decryption,Decryption capability delivered within Cloud NGFW for AWS SKU-0275,P0275,25585,102343
F01240,Advanced DNS Security,Advanced DNS Security capability delivered within Cloud NGFW for AWS SKU-0275,P0275,13218,52875
F01241,Advanced Threat Prevention,Advanced Threat Prevention capability delivered within VM-500 SKU-0276,P0276,758915,3035662
F01242,IoT/OT Security,IoT/OT Security capability delivered within VM-500 SKU-0276,P0276,9569,38279
F01243,App-ID,App-ID capability delivered within VM-500 SKU-0276,P0276,25353,101415
F01244,Advanced DNS Security,Advanced DNS Security capability delivered within VM-500 SKU-0276,P0276,18793,75175
F01245,Decryption,Decryption capability delivered within VM-500 SKU-0276,P0276,642235,2568943
F01246,Advanced WildFire,Advanced WildFire capability delivered within Prisma Access Remote Networks SKU-0277,P0277,18332,73330
F01247,Advanced DNS Security,Advanced DNS Security capability delivered within Prisma Access Remote Networks SKU-0277,P0277,447801,1791204
F01248,App-ID,App-ID capability delivered within Prisma Access Remote Networks SKU-0277,P0277,13621,54484
F01249,Enterprise DLP,Enterprise DLP capability delivered within Prisma Access Remote Networks SKU-0277,P0277,198227,792911
F01250,Advanced Threat Prevention,Advanced Threat Prevention capability delivered within PA-410 SKU-0278,P0278,9146,36584
F01251,Enterprise DLP,Enterprise DLP capability delivered within PA-410 SKU-0278,P0278,322894,1291576
F01252,App-ID,App-ID capability delivered within PA-410 SKU-0278,P0278,33541,134165
F01253,Decryption,Decryption capability delivered within PA-410 SKU-0278,P0278,705675,2822701
F01254,Advanced URL Filtering,Advanced URL Filtering capability delivered within PA-410 SKU-0278,P0278,24893,99572
F01255,Advanced WildFire,Advanced WildFire capability delivered within PA-410 SKU-0278,P0278,18253,73012
F01256,Advanced Threat Prevention,Advanced Threat Prevention capability delivered within VM-500 SKU-0279,P0279,26557,106230
F01257,Advanced DNS Security,Advanced DNS Security capability delivered within VM-500 SKU-0279,P0279,23928,95715
F01258,Enterprise DLP,Enterprise DLP capability delivered within VM-500 SKU-0279,P0279,101156,404627
F01259,Decryption,Decryption capability delivered within VM-500 SKU-0279,P0279,8078,32312
F01260,Advanced WildFire,Advanced WildFire capability delivered within VM-500 SKU-0279,P0279,1144383,4577533
F01261,GlobalProtect,GlobalProtect capability delivered within VM-500 SKU-0279,P0279,18835,75340
F01262,Advanced WildFire,Advanced WildFire capability delivered within Prisma Access Remote Networks SKU-0280,P0280,6919,27679
F01263,Advanced DNS Security,Advanced DNS Security capability delivered within Prisma Access Remote Networks SKU-0280,P0280,1372511,5490044
F01264,Advanced URL Filtering,Advanced URL Filtering capability delivered within Prisma Access Remote Networks SKU-0280,P0280,219562,878250
F01265,GlobalProtect,GlobalProtect capability delivered within Prisma Access Remote Networks SKU-0280,P0280,112731,450927
F01266,AI Access Security,AI Access Security capability delivered within Prisma Access Remote Networks SKU-0280,P0280,454946,1819787
F01267,App-ID,App-ID capability delivered within Prisma Access Mobile Users SKU-0281,P0281,136098,544392
F01268,Advanced Threat Prevention,Advanced Threat Prevention capability delivered within Prisma Access Mobile Users SKU-0281,P0281,1108854,4435418
F01269,Advanced URL Filtering,Advanced URL Filtering capability delivered within Prisma Access Mobile Users SKU-0281,P0281,11023,44093
F01270,Advanced WildFire,Advanced WildFire capability delivered within PA-5410 SKU-0282,P0282,9009,36036
F01271,Advanced Threat Prevention,Advanced Threat Prevention capability delivered within PA-5410 SKU-0282,P0282,667952,2671811
F01272,Advanced URL Filtering,Advanced URL Filtering capability delivered within PA-5410 SKU-0282,P0282,14890,59563
F01273,Advanced DNS Security,Advanced DNS Security capability delivered within PA-5410 SKU-0282,P0282,14764,59057
F01274,Decryption,Decryption capability delivered within PA-5410 SKU-0282,P0282,317423,1269694
F01275,App-ID,App-ID capability delivered within PA-5410 SKU-0282,P0282,24417,97671
F01276,Decryption,Decryption capability delivered within PA-1410 SKU-0283,P0283,21810,87243
F01277,Advanced Threat Prevention,Advanced Threat Prevention capability delivered within PA-1410 SKU-0283,P0283,172165,688661
F01278,IoT/OT Security,IoT/OT Security capability delivered within PA-1410 SKU-0283,P0283,34567,138270
F01279,Advanced DNS Security,Advanced DNS Security capability delivered within PA-1410 SKU-0283,P0283,8136,32544
F01280,Advanced WildFire,Advanced WildFire capability delivered within PA-1410 SKU-0283,P0283,9168,36672
F01281,Advanced Threat Prevention,Advanced Threat Prevention capability delivered within VM-300 SKU-0284,P0284,21295,85180
F01282,Advanced DNS Security,Advanced DNS Security capability delivered within VM-300 SKU-0284,P0284,817145,3268582
F01283,Advanced URL Filtering,Advanced URL Filtering capability delivered within VM-300 SKU-0284,P0284,207133,828535
F01284,Advanced URL Filtering,Advanced URL Filtering capability delivered within VM-300 SKU-0285,P0285,28645,114583
F01285,App-ID,App-ID capability delivered within VM-300 SKU-0285,P0285,274122,1096491
F01286,GlobalProtect,GlobalProtect capability delivered within VM-300 SKU-0285,P0285,24055,96221
F01287,Advanced DNS Security,Advanced DNS Security capability delivered within VM-300 SKU-0285,P0285,15581,62324
F01288,Advanced Threat Prevention,Advanced Threat Prevention capability delivered within VM-300 SKU-0285,P0285,117613,470455
F01289,Decryption,Decryption capability delivered within VM-300 SKU-0285,P0285,3857,15429
F01290,Advanced DNS Security,Advanced DNS Security capability delivered within CN-Series SKU-0286,P0286,15523,62094
F01291,Decryption,Decryption capability delivered within CN-Series SKU-0286,P0286,27643,110572
F01292,Enterprise DLP,Enterprise DLP capability delivered within CN-Series SKU-0286,P0286,25494,101976
F01293,App-ID,App-ID capability delivered within CN-Series SKU-0286,P0286,10155,40621
F01294,Advanced Threat Prevention,Advanced Threat Prevention capability delivered within CN-Series SKU-0286,P0286,392704,1570816
F01295,Advanced DNS Security,Advanced DNS Security capability delivered within PA-1410 SKU-0287,P0287,20241,80965
F01296,Advanced Threat Prevention,Advanced Threat Prevention capability delivered within PA-1410 SKU-0287,P0287,113823,455293
F01297,App-ID,App-ID capability delivered within PA-1410 SKU-0287,P0287,15254,61017
F01298,Decryption,Decryption capability delivered within PA-1410 SKU-0287,P0287,5070,20280
F01299,IoT/OT Security,IoT/OT Security capability delivered within PA-1410 SKU-0287,P0287,15495,61983
F01300,Advanced URL Filtering,Advanced URL Filtering capability delivered within PA-1410 SKU-0287,P0287,157615,630463
F01301,App-ID,App-ID capability delivered within VM-700 SKU-0288,P0288,829243,3316972
F01302,Advanced Threat Prevention,Advanced Threat Prevention capability delivered within VM-700 SKU-0288,P0288,6396,25586
F01303,Enterprise DLP,Enterprise DLP capability delivered within VM-700 SKU-0288,P0288,335131,1340524
F01304,IoT/OT Security,IoT/OT Security capability delivered within VM-700 SKU-0288,P0288,212673,850695
F01305,Advanced WildFire,Advanced WildFire capability delivered within VM-700 SKU-0288,P0288,9326,37305
F01306,Advanced URL Filtering,Advanced URL Filtering capability delivered within CN-Series SKU-0289,P0289,1386191,5544766
F01307,Decryption,Decryption capability delivered within CN-Series SKU-0289,P0289,319991,1279964
F01308,App-ID,App-ID capability delivered within CN-Series SKU-0289,P0289,395214,1580858
F01309,Enterprise DLP,Enterprise DLP capability delivered within CN-Series SKU-0289,P0289,180882,723530
F01310,GlobalProtect,GlobalProtect capability delivered within CN-Series SKU-0290,P0290,17395,69582
F01311,Advanced DNS Security,Advanced DNS Security capability delivered within CN-Series SKU-0290,P0290,11274,45097
F01312,Enterprise DLP,Enterprise DLP capability delivered within CN-Series SKU-0290,P0290,192270,769082
F01313,Advanced Threat Prevention,Advanced Threat Prevention capability delivered within CN-Series SKU-0290,P0290,242471,969887
F01314,Decryption,Decryption capability delivered within CN-Series SKU-0290,P0290,5140,20560
F01315,Advanced URL Filtering,Advanced URL Filtering capability delivered within CN-Series SKU-0290,P0290,25844,103376
F01316,App-ID,App-ID capability delivered within PA-440 SKU-0291,P0291,30951,123807
F01317,Advanced WildFire,Advanced WildFire capability delivered within PA-440 SKU-0291,P0291,12317,49271
F01318,Advanced Threat Prevention,Advanced Threat Prevention capability delivered within PA-440 SKU-0291,P0291,8344,33377
F01319,Enterprise DLP,Enterprise DLP capability delivered within PA-440 SKU-0291,P0291,242492,969968
F01320,Decryption,Decryption capability delivered within PA-440 SKU-0291,P0291,24753,99013
F01321,Advanced DNS Security,Advanced DNS Security capability delivered within PA-460 SKU-0292,P0292,263361,1053444
F01322,Advanced URL Filtering,Advanced URL Filtering capability delivered within PA-460 SKU-0292,P0292,7171,28684
F01323,App-ID,App-ID capability delivered within PA-460 SKU-0292,P0292,14025,56102
F01324,Decryption,Decryption capability delivered within PA-460 SKU-0292,P0292,787599,3150397
F01325,Advanced URL Filtering,Advanced URL Filtering capability delivered within Prisma Access Remote Networks SKU-0293,P0293,523797,2095188
F01326,Advanced Threat Prevention,Advanced Threat Prevention capability delivered within Prisma Access Remote Networks SKU-0293,P0293,382138,1528554
F01327,Advanced DNS Security,Advanced DNS Security capability delivered within Prisma Access Remote Networks SKU-0293,P0293,6842,27371
F01328,Enterprise DLP,Enterprise DLP capability delivered within Prisma Access Remote Networks SKU-0293,P0293,241707,966830
F01329,Advanced WildFire,Advanced WildFire capability delivered within Prisma Access Remote Networks SKU-0293,P0293,15469,61879
F01330,Advanced Threat Prevention,Advanced Threat Prevention capability delivered within PA-3410 SKU-0294,P0294,131768,527075
F01331,App-ID,App-ID capability delivered within PA-3410 SKU-0294,P0294,22068,88272
F01332,Advanced DNS Security,Advanced DNS Security capability delivered within PA-3410 SKU-0294,P0294,314208,1256833
F01333,Advanced WildFire,Advanced WildFire capability delivered within PA-3410 SKU-0294,P0294,11026,44107
F01334,GlobalProtect,GlobalProtect capability delivered within PA-3410 SKU-0294,P0294,18064,72258
F01335,Advanced Threat Prevention,Advanced Threat Prevention capability delivered within Prisma Access Remote Networks SKU-0295,P0295,222961,891847
F01336,App-ID,App-ID capability delivered within Prisma Access Remote Networks SKU-0295,P0295,32666,130667
F01337,Advanced DNS Security,Advanced DNS Security capability delivered within Prisma Access Remote Networks SKU-0295,P0295,12773,51092
F01338,Advanced WildFire,Advanced WildFire capability delivered within Cloud NGFW for Azure SKU-0296,P0296,199406,797627
F01339,Advanced DNS Security,Advanced DNS Security capability delivered within Cloud NGFW for Azure SKU-0296,P0296,16658,66635
F01340,Advanced Threat Prevention,Advanced Threat Prevention capability delivered within Cloud NGFW for Azure SKU-0296,P0296,30888,123555
F01341,Enterprise DLP,Enterprise DLP capability delivered within Cloud NGFW for Azure SKU-0296,P0296,30527,122111
F01342,App-ID,App-ID capability delivered within Cloud NGFW for Azure SKU-0296,P0296,10457,41829
F01343,Advanced URL Filtering,Advanced URL Filtering capability delivered within Cloud NGFW for Azure SKU-0296,P0296,700271,2801085
F01344,Advanced WildFire,Advanced WildFire capability delivered within PA-5410 SKU-0297,P0297,20664,82658
F01345,Enterprise DLP,Enterprise DLP capability delivered within PA-5410 SKU-0297,P0297,147985,591941
F01346,Advanced URL Filtering,Advanced URL Filtering capability delivered within PA-5410 SKU-0297,P0297,14504,58017
F01347,Advanced DNS Security,Advanced DNS Security capability delivered within PA-5410 SKU-0297,P0297,634191,2536766
F01348,Decryption,Decryption capability delivered within VM-500 SKU-0298,P0298,23670,94682
F01349,Advanced Threat Prevention,Advanced Threat Prevention capability delivered within VM-500 SKU-0298,P0298,10777,43109
F01350,Advanced DNS Security,Advanced DNS Security capability delivered within VM-500 SKU-0298,P0298,12464,49856
F01351,IoT/OT Security,IoT/OT Security capability delivered within PA-5445 SKU-0299,P0299,216394,865576
F01352,Advanced WildFire,Advanced WildFire capability delivered within PA-5445 SKU-0299,P0299,21951,87806
F01353,App-ID,App-ID capability delivered within PA-5445 SKU-0299,P0299,8285,33140
F01354,Advanced DNS Security,Advanced DNS Security capability delivered within PA-5445 SKU-0299,P0299,10190,40762
F01355,Advanced Threat Prevention,Advanced Threat Prevention capability delivered within PA-5445 SKU-0299,P0299,13835,55343
F01356,Advanced URL Filtering,Advanced URL Filtering capability delivered within PA-5445 SKU-0299,P0299,734053,2936212
F01357,Advanced WildFire,Advanced WildFire capability delivered within VM-100 SKU-0300,P0300,5527,22108
F01358,App-ID,App-ID capability delivered within VM-100 SKU-0300,P0300,740701,2962806
F01359,Advanced Threat Prevention,Advanced Threat Prevention capability delivered within VM-100 SKU-0300,P0300,310562,1242251
F01360,Advanced URL Filtering,Advanced URL Filtering capability delivered within PA-5445 SKU-0301,P0301,10405,41623
F01361,IoT/OT Security,IoT/OT Security capability delivered within PA-5445 SKU-0301,P0301,10965,43860
F01362,App-ID,App-ID capability delivered within PA-5445 SKU-0301,P0301,10865,43462
F01363,Advanced URL Filtering,Advanced URL Filtering capability delivered within Cloud NGFW for Azure SKU-0302,P0302,1102853,4411412
F01364,Decryption,Decryption capability delivered within Cloud NGFW for Azure SKU-0302,P0302,6639,26558
F01365,Advanced Threat Prevention,Advanced Threat Prevention capability delivered within Cloud NGFW for Azure SKU-0302,P0302,384090,1536360
F01366,App-ID,App-ID capability delivered within PA-1410 SKU-0303,P0303,1108516,4434064
F01367,Advanced DNS Security,Advanced DNS Security capability delivered within PA-1410 SKU-0303,P0303,12386,49546
F01368,Advanced URL Filtering,Advanced URL Filtering capability delivered within PA-1410 SKU-0303,P0303,4312,17251
F01369,Advanced DNS Security,Advanced DNS Security capability delivered within Prisma Access Mobile Users SKU-0304,P0304,534000,2136003
F01370,SaaS Security,SaaS Security capability delivered within Prisma Access Mobile Users SKU-0304,P0304,10073,40293
F01371,App-ID,App-ID capability delivered within Prisma Access Mobile Users SKU-0304,P0304,4579,18318
F01372,Advanced WildFire,Advanced WildFire capability delivered within Prisma Access Mobile Users SKU-0304,P0304,234055,936223
F01373,App-ID,App-ID capability delivered within Prisma Access Remote Networks SKU-0305,P0305,6823,27292
F01374,Advanced WildFire,Advanced WildFire capability delivered within Prisma Access Remote Networks SKU-0305,P0305,9024,36096
F01375,Advanced DNS Security,Advanced DNS Security capability delivered within Prisma Access Remote Networks SKU-0305,P0305,435140,1740560
F01376,AI Access Security,AI Access Security capability delivered within Prisma Access Remote Networks SKU-0305,P0305,4755,19023
F01377,SD-WAN,SD-WAN capability delivered within Prisma Access Browser SKU-0306,P0306,279439,1117756
F01378,Advanced Threat Prevention,Advanced Threat Prevention capability delivered within Prisma Access Browser SKU-0306,P0306,846143,3384572
F01379,Advanced WildFire,Advanced WildFire capability delivered within Prisma Access Browser SKU-0306,P0306,10726,42906
F01380,App-ID,App-ID capability delivered within Prisma Access Browser SKU-0306,P0306,17504,70017
F01381,SD-WAN,SD-WAN capability delivered within Prisma Access Remote Networks SKU-0307,P0307,473238,1892952
F01382,Advanced Threat Prevention,Advanced Threat Prevention capability delivered within Prisma Access Remote Networks SKU-0307,P0307,6729,26916
F01383,Decryption,Decryption capability delivered within Prisma Access Remote Networks SKU-0307,P0307,1079498,4317992
F01384,GlobalProtect,GlobalProtect capability delivered within Prisma Access Remote Networks SKU-0307,P0307,121761,487046
F01385,Advanced WildFire,Advanced WildFire capability delivered within Prisma Access Remote Networks SKU-0307,P0307,314925,1259701
F01386,App-ID,App-ID capability delivered within Prisma Access Remote Networks SKU-0307,P0307,4151,16605
F01387,Advanced DNS Security,Advanced DNS Security capability delivered within PA-5445 SKU-0308,P0308,239846,959384
F01388,Advanced Threat Prevention,Advanced Threat Prevention capability delivered within PA-5445 SKU-0308,P0308,6186,24744
F01389,Decryption,Decryption capability delivered within PA-5445 SKU-0308,P0308,15577,62308
F01390,Advanced WildFire,Advanced WildFire capability delivered within PA-5445 SKU-0308,P0308,107149,428599
F01391,Advanced URL Filtering,Advanced URL Filtering capability delivered within PA-5445 SKU-0308,P0308,29697,118788
F01392,App-ID,App-ID capability delivered within PA-5445 SKU-0308,P0308,461253,1845012
F01393,Advanced Threat Prevention,Advanced Threat Prevention capability delivered within Prisma Access Browser SKU-0309,P0309,1209739,4838958
F01394,Advanced URL Filtering,Advanced URL Filtering capability delivered within Prisma Access Browser SKU-0309,P0309,7496,29986
F01395,App-ID,App-ID capability delivered within Prisma Access Browser SKU-0309,P0309,6987,27951
F01396,SaaS Security,SaaS Security capability delivered within Prisma Access Browser SKU-0309,P0309,13257,53028
F01397,Advanced Threat Prevention,Advanced Threat Prevention capability delivered within CN-Series SKU-0310,P0310,549625,2198502
F01398,Advanced DNS Security,Advanced DNS Security capability delivered within CN-Series SKU-0310,P0310,15384,61536
F01399,Enterprise DLP,Enterprise DLP capability delivered within CN-Series SKU-0310,P0310,147440,589760
F01400,Advanced WildFire,Advanced WildFire capability delivered within CN-Series SKU-0310,P0310,20502,82008
F01401,Advanced URL Filtering,Advanced URL Filtering capability delivered within CN-Series SKU-0310,P0310,230467,921868
F01402,Decryption,Decryption capability delivered within Cloud NGFW for Azure SKU-0311,P0311,5926,23705
F01403,Advanced URL Filtering,Advanced URL Filtering capability delivered within Cloud NGFW for Azure SKU-0311,P0311,8700,34803
F01404,Advanced Threat Prevention,Advanced Threat Prevention capability delivered within Cloud NGFW for Azure SKU-0311,P0311,27131,108525
F01405,Advanced Threat Prevention,Advanced Threat Prevention capability delivered within PA-5410 SKU-0312,P0312,12342,49368
F01406,App-ID,App-ID capability delivered within PA-5410 SKU-0312,P0312,437853,1751412
F01407,Advanced WildFire,Advanced WildFire capability delivered within PA-5410 SKU-0312,P0312,6867,27468
F01408,Decryption,Decryption capability delivered within PA-5410 SKU-0312,P0312,20400,81603
F01409,Advanced DNS Security,Advanced DNS Security capability delivered within PA-5410 SKU-0312,P0312,161404,645616
F01410,App-ID,App-ID capability delivered within Cloud NGFW for AWS SKU-0313,P0313,10284,41137
F01411,Decryption,Decryption capability delivered within Cloud NGFW for AWS SKU-0313,P0313,540388,2161554
F01412,Advanced URL Filtering,Advanced URL Filtering capability delivered within Cloud NGFW for AWS SKU-0313,P0313,238533,954133
F01413,Advanced DNS Security,Advanced DNS Security capability delivered within Cloud NGFW for AWS SKU-0313,P0313,34820,139282
F01414,Advanced WildFire,Advanced WildFire capability delivered within Cloud NGFW for AWS SKU-0313,P0313,205510,822041
F01415,Advanced Threat Prevention,Advanced Threat Prevention capability delivered within Cloud NGFW for AWS SKU-0313,P0313,11215,44861
F01416,Advanced WildFire,Advanced WildFire capability delivered within VM-500 SKU-0314,P0314,10978,43915
F01417,Advanced Threat Prevention,Advanced Threat Prevention capability delivered within VM-500 SKU-0314,P0314,156599,626398
F01418,App-ID,App-ID capability delivered within VM-500 SKU-0314,P0314,7701,30807
F01419,Decryption,Decryption capability delivered within VM-500 SKU-0314,P0314,12208,48832
F01420,Advanced URL Filtering,Advanced URL Filtering capability delivered within VM-500 SKU-0314,P0314,518287,2073151
F01421,App-ID,App-ID capability delivered within CN-Series SKU-0315,P0315,10600,42402
F01422,Advanced DNS Security,Advanced DNS Security capability delivered within CN-Series SKU-0315,P0315,769396,3077586
F01423,Advanced Threat Prevention,Advanced Threat Prevention capability delivered within CN-Series SKU-0315,P0315,3799,15196
F01424,GlobalProtect,GlobalProtect capability delivered within CN-Series SKU-0315,P0315,137224,548898
F01425,Advanced WildFire,Advanced WildFire capability delivered within CN-Series SKU-0315,P0315,8382,33528
F01426,Advanced WildFire,Advanced WildFire capability delivered within CN-Series SKU-0316,P0316,107867,431469
F01427,App-ID,App-ID capability delivered within CN-Series SKU-0316,P0316,246186,984746
F01428,Advanced DNS Security,Advanced DNS Security capability delivered within CN-Series SKU-0316,P0316,15087,60350
F01429,Advanced Threat Prevention,Advanced Threat Prevention capability delivered within CN-Series SKU-0316,P0316,681103,2724415
F01430,Advanced URL Filtering,Advanced URL Filtering capability delivered within CN-Series SKU-0316,P0316,29604,118416
F01431,Decryption,Decryption capability delivered within CN-Series SKU-0316,P0316,749554,2998217
F01432,Advanced WildFire,Advanced WildFire capability delivered within VM-700 SKU-0317,P0317,279714,1118856
F01433,App-ID,App-ID capability delivered within VM-700 SKU-0317,P0317,418279,1673116
F01434,Advanced Threat Prevention,Advanced Threat Prevention capability delivered within VM-700 SKU-0317,P0317,16476,65906
F01435,Enterprise DLP,Enterprise DLP capability delivered within Prisma Access Remote Networks SKU-0318,P0318,9953,39812
F01436,Decryption,Decryption capability delivered within Prisma Access Remote Networks SKU-0318,P0318,8983,35933
F01437,Advanced WildFire,Advanced WildFire capability delivered within Prisma Access Remote Networks SKU-0318,P0318,12023,48093
F01438,App-ID,App-ID capability delivered within Prisma Access Remote Networks SKU-0318,P0318,151839,607357
F01439,Advanced WildFire,Advanced WildFire capability delivered within VM-700 SKU-0319,P0319,4981,19927
F01440,Advanced Threat Prevention,Advanced Threat Prevention capability delivered within VM-700 SKU-0319,P0319,188761,755044
F01441,Advanced URL Filtering,Advanced URL Filtering capability delivered within VM-700 SKU-0319,P0319,507652,2030611
F01442,App-ID,App-ID capability delivered within VM-700 SKU-0319,P0319,18059,72239
F01443,Advanced Threat Prevention,Advanced Threat Prevention capability delivered within VM-500 SKU-0320,P0320,8924,35696
F01444,App-ID,App-ID capability delivered within VM-500 SKU-0320,P0320,825080,3300321
F01445,Advanced WildFire,Advanced WildFire capability delivered within VM-500 SKU-0320,P0320,13524,54099
F01446,Decryption,Decryption capability delivered within VM-500 SKU-0320,P0320,5881,23527
F01447,App-ID,App-ID capability delivered within Cloud NGFW for AWS SKU-0321,P0321,7550,30200
F01448,Advanced WildFire,Advanced WildFire capability delivered within Cloud NGFW for AWS SKU-0321,P0321,154126,616507
F01449,Advanced Threat Prevention,Advanced Threat Prevention capability delivered within Cloud NGFW for AWS SKU-0321,P0321,506932,2027729
F01450,Decryption,Decryption capability delivered within Cloud NGFW for AWS SKU-0321,P0321,111100,444401
F01451,IoT/OT Security,IoT/OT Security capability delivered within VM-300 SKU-0322,P0322,1062090,4248361
F01452,Advanced DNS Security,Advanced DNS Security capability delivered within VM-300 SKU-0322,P0322,8453,33815
F01453,Advanced URL Filtering,Advanced URL Filtering capability delivered within VM-300 SKU-0322,P0322,346376,1385505
F01454,Advanced Threat Prevention,Advanced Threat Prevention capability delivered within VM-300 SKU-0322,P0322,204582,818328
F01455,Advanced WildFire,Advanced WildFire capability delivered within VM-300 SKU-0322,P0322,4111,16446
F01456,Enterprise DLP,Enterprise DLP capability delivered within VM-300 SKU-0322,P0322,26803,107212
F01457,Advanced WildFire,Advanced WildFire capability delivered within Cloud NGFW for Azure SKU-0323,P0323,8110,32440
F01458,App-ID,App-ID capability delivered within Cloud NGFW for Azure SKU-0323,P0323,306850,1227403
F01459,Decryption,Decryption capability delivered within Cloud NGFW for Azure SKU-0323,P0323,13777,55110
F01460,Advanced Threat Prevention,Advanced Threat Prevention capability delivered within Cloud NGFW for Azure SKU-0323,P0323,332814,1331256
F01461,Advanced WildFire,Advanced WildFire capability delivered within PA-460 SKU-0324,P0324,415143,1660575
F01462,Decryption,Decryption capability delivered within PA-460 SKU-0324,P0324,21950,87800
F01463,Enterprise DLP,Enterprise DLP capability delivered within PA-460 SKU-0324,P0324,156264,625059
F01464,App-ID,App-ID capability delivered within PA-460 SKU-0324,P0324,11954,47818
F01465,Enterprise DLP,Enterprise DLP capability delivered within PA-7500 SKU-0325,P0325,693560,2774243
F01466,IoT/OT Security,IoT/OT Security capability delivered within PA-7500 SKU-0325,P0325,7301,29204
F01467,App-ID,App-ID capability delivered within PA-7500 SKU-0325,P0325,7322,29288
F01468,Advanced Threat Prevention,Advanced Threat Prevention capability delivered within PA-7500 SKU-0325,P0325,204921,819687
F01469,Advanced DNS Security,Advanced DNS Security capability delivered within PA-7500 SKU-0325,P0325,5260,21040
F01470,App-ID,App-ID capability delivered within CN-Series SKU-0326,P0326,203460,813843
F01471,Advanced URL Filtering,Advanced URL Filtering capability delivered within CN-Series SKU-0326,P0326,13705,54823
F01472,Advanced DNS Security,Advanced DNS Security capability delivered within CN-Series SKU-0326,P0326,10616,42465
F01473,Advanced Threat Prevention,Advanced Threat Prevention capability delivered within CN-Series SKU-0326,P0326,193331,773324
F01474,Advanced WildFire,Advanced WildFire capability delivered within CN-Series SKU-0326,P0326,684671,2738684
F01475,Advanced DNS Security,Advanced DNS Security capability delivered within Cloud NGFW for AWS SKU-0327,P0327,516561,2066246
F01476,Decryption,Decryption capability delivered within Cloud NGFW for AWS SKU-0327,P0327,17547,70188
F01477,App-ID,App-ID capability delivered within Cloud NGFW for AWS SKU-0327,P0327,21551,86204
F01478,Advanced URL Filtering,Advanced URL Filtering capability delivered within Cloud NGFW for AWS SKU-0327,P0327,8326,33304
F01479,Enterprise DLP,Enterprise DLP capability delivered within Cloud NGFW for AWS SKU-0327,P0327,18414,73658
F01480,Advanced WildFire,Advanced WildFire capability delivered within Prisma Access Browser SKU-0328,P0328,523276,2093105
F01481,App-ID,App-ID capability delivered within Prisma Access Browser SKU-0328,P0328,4016,16064
F01482,Advanced DNS Security,Advanced DNS Security capability delivered within Prisma Access Browser SKU-0328,P0328,18552,74209
F01483,SaaS Security,SaaS Security capability delivered within Prisma Access Browser SKU-0328,P0328,39917,159669
F01484,GlobalProtect,GlobalProtect capability delivered within Prisma Access Browser SKU-0328,P0328,7283,29132
F01485,Advanced URL Filtering,Advanced URL Filtering capability delivered within Prisma Access Remote Networks SKU-0329,P0329,108701,434804
F01486,Advanced DNS Security,Advanced DNS Security capability delivered within Prisma Access Remote Networks SKU-0329,P0329,226299,905198
F01487,Decryption,Decryption capability delivered within Prisma Access Remote Networks SKU-0329,P0329,8822,35289
F01488,Advanced Threat Prevention,Advanced Threat Prevention capability delivered within Prisma Access Remote Networks SKU-0329,P0329,772124,3088497
F01489,Advanced WildFire,Advanced WildFire capability delivered within Prisma Access Remote Networks SKU-0329,P0329,15427,61710
F01490,App-ID,App-ID capability delivered within Prisma Access Remote Networks SKU-0329,P0329,8033,32133
F01491,Advanced WildFire,Advanced WildFire capability delivered within Prisma Access Browser SKU-0330,P0330,134974,539898
F01492,App-ID,App-ID capability delivered within Prisma Access Browser SKU-0330,P0330,1386357,5545429
F01493,SD-WAN,SD-WAN capability delivered within Prisma Access Browser SKU-0330,P0330,267413,1069652
F01494,Advanced DNS Security,Advanced DNS Security capability delivered within Prisma Access Browser SKU-0330,P0330,28179,112716
F01495,AI Access Security,AI Access Security capability delivered within Prisma Access Browser SKU-0330,P0330,552517,2210070
F01496,App-ID,App-ID capability delivered within Cloud NGFW for AWS SKU-0331,P0331,10850,43400
F01497,Advanced WildFire,Advanced WildFire capability delivered within Cloud NGFW for AWS SKU-0331,P0331,6887,27551
F01498,Advanced Threat Prevention,Advanced Threat Prevention capability delivered within Cloud NGFW for AWS SKU-0331,P0331,722972,2891888
F01499,Enterprise DLP,Enterprise DLP capability delivered within Cloud NGFW for AWS SKU-0331,P0331,5490,21960
F01500,Advanced URL Filtering,Advanced URL Filtering capability delivered within Cloud NGFW for AWS SKU-0331,P0331,260776,1043105
F01501,Advanced DNS Security,Advanced DNS Security capability delivered within Cloud NGFW for AWS SKU-0331,P0331,17201,68807
F01502,Advanced URL Filtering,Advanced URL Filtering capability delivered within PA-3440 SKU-0332,P0332,7754,31018
F01503,App-ID,App-ID capability delivered within PA-3440 SKU-0332,P0332,637063,2548254
F01504,Advanced WildFire,Advanced WildFire capability delivered within PA-3440 SKU-0332,P0332,455692,1822768
F01505,Decryption,Decryption capability delivered within PA-3440 SKU-0332,P0332,4906,19626
F01506,Advanced Threat Prevention,Advanced Threat Prevention capability delivered within PA-3440 SKU-0332,P0332,15680,62723
F01507,Advanced DNS Security,Advanced DNS Security capability delivered within Cloud NGFW for AWS SKU-0333,P0333,7568,30274
F01508,Advanced URL Filtering,Advanced URL Filtering capability delivered within Cloud NGFW for AWS SKU-0333,P0333,214704,858816
F01509,Advanced WildFire,Advanced WildFire capability delivered within Cloud NGFW for AWS SKU-0333,P0333,553290,2213160
F01510,Advanced Threat Prevention,Advanced Threat Prevention capability delivered within Cloud NGFW for AWS SKU-0333,P0333,13112,52448
F01511,App-ID,App-ID capability delivered within Cloud NGFW for AWS SKU-0333,P0333,30046,120186
F01512,App-ID,App-ID capability delivered within Cloud NGFW for AWS SKU-0334,P0334,7998,31995
F01513,Decryption,Decryption capability delivered within Cloud NGFW for AWS SKU-0334,P0334,309688,1238752
F01514,Advanced Threat Prevention,Advanced Threat Prevention capability delivered within Cloud NGFW for AWS SKU-0334,P0334,23626,94506
F01515,Advanced DNS Security,Advanced DNS Security capability delivered within Cloud NGFW for AWS SKU-0334,P0334,262001,1048004
F01516,Advanced WildFire,Advanced WildFire capability delivered within Cloud NGFW for AWS SKU-0334,P0334,18715,74863
F01517,Advanced URL Filtering,Advanced URL Filtering capability delivered within Cloud NGFW for AWS SKU-0334,P0334,560238,2240955
F01518,Advanced URL Filtering,Advanced URL Filtering capability delivered within PA-5410 SKU-0335,P0335,23412,93650
F01519,Advanced DNS Security,Advanced DNS Security capability delivered within PA-5410 SKU-0335,P0335,7717,30870
F01520,Decryption,Decryption capability delivered within PA-5410 SKU-0335,P0335,337568,1350275
F01521,Advanced WildFire,Advanced WildFire capability delivered within PA-5410 SKU-0335,P0335,120662,482649
F01522,Advanced Threat Prevention,Advanced Threat Prevention capability delivered within PA-5410 SKU-0335,P0335,9845,39381
F01523,Advanced URL Filtering,Advanced URL Filtering capability delivered within VM-500 SKU-0336,P0336,12241,48967
F01524,Advanced Threat Prevention,Advanced Threat Prevention capability delivered within VM-500 SKU-0336,P0336,11123,44495
F01525,IoT/OT Security,IoT/OT Security capability delivered within VM-500 SKU-0336,P0336,23716,94865
F01526,App-ID,App-ID capability delivered within VM-500 SKU-0336,P0336,22299,89199
F01527,GlobalProtect,GlobalProtect capability delivered within VM-500 SKU-0336,P0336,7877,31509
F01528,Advanced WildFire,Advanced WildFire capability delivered within VM-500 SKU-0336,P0336,11619,46477
F01529,App-ID,App-ID capability delivered within CN-Series SKU-0337,P0337,11114,44457
F01530,Decryption,Decryption capability delivered within CN-Series SKU-0337,P0337,292701,1170804
F01531,Advanced URL Filtering,Advanced URL Filtering capability delivered within CN-Series SKU-0337,P0337,5660,22640
F01532,Advanced WildFire,Advanced WildFire capability delivered within CN-Series SKU-0337,P0337,23380,93520
F01533,Advanced DNS Security,Advanced DNS Security capability delivered within Prisma Access Mobile Users SKU-0338,P0338,6170,24682
F01534,App-ID,App-ID capability delivered within Prisma Access Mobile Users SKU-0338,P0338,29447,117790
F01535,SaaS Security,SaaS Security capability delivered within Prisma Access Mobile Users SKU-0338,P0338,546820,2187280
F01536,GlobalProtect,GlobalProtect capability delivered within VM-500 SKU-0339,P0339,787411,3149646
F01537,Enterprise DLP,Enterprise DLP capability delivered within VM-500 SKU-0339,P0339,324070,1296282
F01538,App-ID,App-ID capability delivered within VM-500 SKU-0339,P0339,23467,93868
F01539,Advanced DNS Security,Advanced DNS Security capability delivered within VM-500 SKU-0339,P0339,206271,825084
F01540,Advanced Threat Prevention,Advanced Threat Prevention capability delivered within PA-460 SKU-0340,P0340,13323,53292
F01541,App-ID,App-ID capability delivered within PA-460 SKU-0340,P0340,18150,72602
F01542,Enterprise DLP,Enterprise DLP capability delivered within PA-460 SKU-0340,P0340,6456,25824
F01543,Advanced Threat Prevention,Advanced Threat Prevention capability delivered within VM-300 SKU-0341,P0341,796605,3186422
F01544,Advanced WildFire,Advanced WildFire capability delivered within VM-300 SKU-0341,P0341,18148,72593
F01545,Advanced URL Filtering,Advanced URL Filtering capability delivered within VM-300 SKU-0341,P0341,1248546,4994187
F01546,App-ID,App-ID capability delivered within VM-300 SKU-0341,P0341,217391,869564
F01547,Decryption,Decryption capability delivered within VM-300 SKU-0341,P0341,269224,1076896
F01548,Advanced DNS Security,Advanced DNS Security capability delivered within VM-300 SKU-0341,P0341,5833,23332
F01549,App-ID,App-ID capability delivered within VM-100 SKU-0342,P0342,11170,44682
F01550,Enterprise DLP,Enterprise DLP capability delivered within VM-100 SKU-0342,P0342,9960,39840
F01551,Advanced URL Filtering,Advanced URL Filtering capability delivered within VM-100 SKU-0342,P0342,30917,123668
F01552,Decryption,Decryption capability delivered within VM-100 SKU-0342,P0342,14373,57492
F01553,IoT/OT Security,IoT/OT Security capability delivered within VM-500 SKU-0343,P0343,19615,78463
F01554,App-ID,App-ID capability delivered within VM-500 SKU-0343,P0343,273202,1092808
F01555,Advanced Threat Prevention,Advanced Threat Prevention capability delivered within VM-500 SKU-0343,P0343,133814,535256
F01556,Advanced URL Filtering,Advanced URL Filtering capability delivered within VM-500 SKU-0343,P0343,161387,645549
F01557,Decryption,Decryption capability delivered within VM-500 SKU-0343,P0343,20419,81676
F01558,GlobalProtect,GlobalProtect capability delivered within VM-500 SKU-0343,P0343,423996,1695987
F01559,GlobalProtect,GlobalProtect capability delivered within PA-410 SKU-0344,P0344,25468,101873
F01560,Advanced URL Filtering,Advanced URL Filtering capability delivered within PA-410 SKU-0344,P0344,6989,27956
F01561,Advanced WildFire,Advanced WildFire capability delivered within PA-410 SKU-0344,P0344,14975,59902
F01562,App-ID,App-ID capability delivered within PA-410 SKU-0344,P0344,23718,94875
F01563,Advanced DNS Security,Advanced DNS Security capability delivered within VM-500 SKU-0345,P0345,15576,62304
F01564,Advanced URL Filtering,Advanced URL Filtering capability delivered within VM-500 SKU-0345,P0345,190876,763504
F01565,Advanced Threat Prevention,Advanced Threat Prevention capability delivered within VM-500 SKU-0345,P0345,576052,2304210
F01566,Advanced DNS Security,Advanced DNS Security capability delivered within VM-300 SKU-0346,P0346,9793,39173
F01567,Advanced URL Filtering,Advanced URL Filtering capability delivered within VM-300 SKU-0346,P0346,6478,25912
F01568,App-ID,App-ID capability delivered within VM-300 SKU-0346,P0346,12483,49932
F01569,GlobalProtect,GlobalProtect capability delivered within VM-300 SKU-0346,P0346,606698,2426794
F01570,Advanced WildFire,Advanced WildFire capability delivered within VM-300 SKU-0346,P0346,184335,737342
F01571,Advanced URL Filtering,Advanced URL Filtering capability delivered within Cloud NGFW for Azure SKU-0347,P0347,201184,804736
F01572,Advanced DNS Security,Advanced DNS Security capability delivered within Cloud NGFW for Azure SKU-0347,P0347,426705,1706820
F01573,Decryption,Decryption capability delivered within Cloud NGFW for Azure SKU-0347,P0347,479135,1916540
F01574,Advanced WildFire,Advanced WildFire capability delivered within Cloud NGFW for Azure SKU-0347,P0347,19149,76599
F01575,Advanced Threat Prevention,Advanced Threat Prevention capability delivered within Cloud NGFW for Azure SKU-0347,P0347,16305,65222
F01576,Advanced Threat Prevention,Advanced Threat Prevention capability delivered within VM-700 SKU-0348,P0348,369634,1478537
F01577,Enterprise DLP,Enterprise DLP capability delivered within VM-700 SKU-0348,P0348,7225,28903
F01578,Advanced URL Filtering,Advanced URL Filtering capability delivered within VM-700 SKU-0348,P0348,204793,819172
F01579,Advanced WildFire,Advanced WildFire capability delivered within VM-700 SKU-0348,P0348,542827,2171308
F01580,Advanced DNS Security,Advanced DNS Security capability delivered within VM-700 SKU-0348,P0348,996834,3987336
F01581,GlobalProtect,GlobalProtect capability delivered within VM-700 SKU-0348,P0348,3637,14548
F01582,Advanced DNS Security,Advanced DNS Security capability delivered within Prisma Access Browser SKU-0349,P0349,10836,43347
F01583,App-ID,App-ID capability delivered within Prisma Access Browser SKU-0349,P0349,424213,1696853
F01584,Enterprise DLP,Enterprise DLP capability delivered within Prisma Access Browser SKU-0349,P0349,16351,65406
F01585,AI Access Security,AI Access Security capability delivered within Prisma Access Browser SKU-0349,P0349,105301,421204
F01586,AI Access Security,AI Access Security capability delivered within Prisma Access Mobile Users SKU-0350,P0350,14135,56540
F01587,App-ID,App-ID capability delivered within Prisma Access Mobile Users SKU-0350,P0350,4847,19388
F01588,Advanced WildFire,Advanced WildFire capability delivered within Prisma Access Mobile Users SKU-0350,P0350,402923,1611692
F01589,Decryption,Decryption capability delivered within Prisma Access Mobile Users SKU-0350,P0350,426873,1707492
F01590,Advanced DNS Security,Advanced DNS Security capability delivered within Prisma Access Mobile Users SKU-0350,P0350,38789,155157
F01591,SaaS Security,SaaS Security capability delivered within Prisma Access Mobile Users SKU-0350,P0350,311344,1245377
F01592,Advanced URL Filtering,Advanced URL Filtering capability delivered within VM-500 SKU-0351,P0351,21551,86204
F01593,Advanced WildFire,Advanced WildFire capability delivered within VM-500 SKU-0351,P0351,14641,58567
F01594,Advanced DNS Security,Advanced DNS Security capability delivered within VM-500 SKU-0351,P0351,33467,133870
F01595,Enterprise DLP,Enterprise DLP capability delivered within VM-500 SKU-0351,P0351,119406,477626
F01596,App-ID,App-ID capability delivered within VM-500 SKU-0351,P0351,471553,1886215
F01597,Advanced WildFire,Advanced WildFire capability delivered within PA-5445 SKU-0352,P0352,134924,539696
F01598,Advanced Threat Prevention,Advanced Threat Prevention capability delivered within PA-5445 SKU-0352,P0352,9994,39977
F01599,Advanced URL Filtering,Advanced URL Filtering capability delivered within PA-5445 SKU-0352,P0352,11691,46767
F01600,GlobalProtect,GlobalProtect capability delivered within PA-3410 SKU-0353,P0353,26105,104423
F01601,Advanced URL Filtering,Advanced URL Filtering capability delivered within PA-3410 SKU-0353,P0353,532831,2131325
F01602,Advanced WildFire,Advanced WildFire capability delivered within PA-3410 SKU-0353,P0353,4350,17401
F01603,App-ID,App-ID capability delivered within PA-3410 SKU-0353,P0353,9611,38445
F01604,Decryption,Decryption capability delivered within PA-410 SKU-0354,P0354,187450,749803
F01605,Advanced DNS Security,Advanced DNS Security capability delivered within PA-410 SKU-0354,P0354,17202,68810
F01606,Advanced Threat Prevention,Advanced Threat Prevention capability delivered within PA-410 SKU-0354,P0354,18649,74599
F01607,Advanced WildFire,Advanced WildFire capability delivered within PA-410 SKU-0354,P0354,959414,3837657
F01608,App-ID,App-ID capability delivered within PA-410 SKU-0354,P0354,5022,20091
F01609,IoT/OT Security,IoT/OT Security capability delivered within PA-410 SKU-0354,P0354,10749,42998
F01610,Decryption,Decryption capability delivered within VM-300 SKU-0355,P0355,9328,37314
F01611,Advanced WildFire,Advanced WildFire capability delivered within VM-300 SKU-0355,P0355,410982,1643930
F01612,Advanced URL Filtering,Advanced URL Filtering capability delivered within VM-300 SKU-0355,P0355,488280,1953122
F01613,Advanced Threat Prevention,Advanced Threat Prevention capability delivered within VM-300 SKU-0355,P0355,14956,59824
F01614,App-ID,App-ID capability delivered within VM-300 SKU-0355,P0355,21855,87423
F01615,GlobalProtect,GlobalProtect capability delivered within Prisma Access Remote Networks SKU-0356,P0356,7553,30215
F01616,App-ID,App-ID capability delivered within Prisma Access Remote Networks SKU-0356,P0356,12027,48111
F01617,Advanced Threat Prevention,Advanced Threat Prevention capability delivered within Prisma Access Remote Networks SKU-0356,P0356,10343,41373
F01618,App-ID,App-ID capability delivered within Prisma Access Remote Networks SKU-0357,P0357,15869,63478
F01619,AI Access Security,AI Access Security capability delivered within Prisma Access Remote Networks SKU-0357,P0357,9764,39057
F01620,Advanced Threat Prevention,Advanced Threat Prevention capability delivered within Prisma Access Remote Networks SKU-0357,P0357,1328531,5314127
F01621,SD-WAN,SD-WAN capability delivered within Prisma Access Remote Networks SKU-0357,P0357,569122,2276489
F01622,Decryption,Decryption capability delivered within Prisma Access Remote Networks SKU-0357,P0357,281307,1125229
F01623,Advanced DNS Security,Advanced DNS Security capability delivered within Prisma Access Mobile Users SKU-0358,P0358,1256913,5027655
F01624,Advanced WildFire,Advanced WildFire capability delivered within Prisma Access Mobile Users SKU-0358,P0358,11004,44018
F01625,Decryption,Decryption capability delivered within Prisma Access Mobile Users SKU-0358,P0358,154102,616409
F01626,App-ID,App-ID capability delivered within Prisma Access Mobile Users SKU-0358,P0358,241343,965375
F01627,Advanced Threat Prevention,Advanced Threat Prevention capability delivered within Prisma Access Mobile Users SKU-0358,P0358,423095,1692380
F01628,SD-WAN,SD-WAN capability delivered within Prisma Access Mobile Users SKU-0358,P0358,16150,64601
F01629,Advanced DNS Security,Advanced DNS Security capability delivered within PA-5410 SKU-0359,P0359,16202,64811
F01630,GlobalProtect,GlobalProtect capability delivered within PA-5410 SKU-0359,P0359,28326,113304
F01631,Decryption,Decryption capability delivered within PA-5410 SKU-0359,P0359,203056,812225
F01632,Advanced Threat Prevention,Advanced Threat Prevention capability delivered within PA-5410 SKU-0359,P0359,331092,1324368
F01633,Advanced DNS Security,Advanced DNS Security capability delivered within Cloud NGFW for AWS SKU-0360,P0360,7976,31906
F01634,Advanced WildFire,Advanced WildFire capability delivered within Cloud NGFW for AWS SKU-0360,P0360,17123,68493
F01635,Enterprise DLP,Enterprise DLP capability delivered within Cloud NGFW for AWS SKU-0360,P0360,18958,75834
F01636,Decryption,Decryption capability delivered within Cloud NGFW for AWS SKU-0360,P0360,10678,42712
F01637,Advanced URL Filtering,Advanced URL Filtering capability delivered within Prisma Access Mobile Users SKU-0361,P0361,135891,543565
F01638,Advanced Threat Prevention,Advanced Threat Prevention capability delivered within Prisma Access Mobile Users SKU-0361,P0361,8162,32648
F01639,GlobalProtect,GlobalProtect capability delivered within Prisma Access Mobile Users SKU-0361,P0361,11751,47004
F01640,Advanced WildFire,Advanced WildFire capability delivered within Prisma Access Mobile Users SKU-0361,P0361,551221,2204887
F01641,Advanced WildFire,Advanced WildFire capability delivered within PA-460 SKU-0362,P0362,272051,1088206
F01642,Enterprise DLP,Enterprise DLP capability delivered within PA-460 SKU-0362,P0362,9548,38192
F01643,Decryption,Decryption capability delivered within PA-460 SKU-0362,P0362,97525,390101
F01644,Advanced URL Filtering,Advanced URL Filtering capability delivered within PA-460 SKU-0363,P0363,21293,85173
F01645,Decryption,Decryption capability delivered within PA-460 SKU-0363,P0363,216020,864082
F01646,Advanced WildFire,Advanced WildFire capability delivered within PA-460 SKU-0363,P0363,211570,846281
F01647,Advanced Threat Prevention,Advanced Threat Prevention capability delivered within PA-460 SKU-0363,P0363,5741,22965
F01648,App-ID,App-ID capability delivered within PA-460 SKU-0363,P0363,682396,2729587
F01649,Advanced URL Filtering,Advanced URL Filtering capability delivered within VM-700 SKU-0364,P0364,139826,559305
F01650,Decryption,Decryption capability delivered within VM-700 SKU-0364,P0364,6223,24892
F01651,IoT/OT Security,IoT/OT Security capability delivered within VM-700 SKU-0364,P0364,20192,80769
F01652,App-ID,App-ID capability delivered within VM-700 SKU-0364,P0364,723190,2892760
F01653,Advanced WildFire,Advanced WildFire capability delivered within Prisma Access Mobile Users SKU-0365,P0365,12376,49506
F01654,Decryption,Decryption capability delivered within Prisma Access Mobile Users SKU-0365,P0365,304913,1219652
F01655,App-ID,App-ID capability delivered within Prisma Access Mobile Users SKU-0365,P0365,33567,134270
F01656,Advanced WildFire,Advanced WildFire capability delivered within Prisma Access Browser SKU-0366,P0366,27364,109457
F01657,Enterprise DLP,Enterprise DLP capability delivered within Prisma Access Browser SKU-0366,P0366,22941,91764
F01658,SaaS Security,SaaS Security capability delivered within Prisma Access Browser SKU-0366,P0366,15875,63502
F01659,App-ID,App-ID capability delivered within PA-440 SKU-0367,P0367,15531,62125
F01660,Advanced WildFire,Advanced WildFire capability delivered within PA-440 SKU-0367,P0367,1081805,4327220
F01661,Advanced Threat Prevention,Advanced Threat Prevention capability delivered within PA-440 SKU-0367,P0367,6862,27451
F01662,Advanced DNS Security,Advanced DNS Security capability delivered within PA-440 SKU-0367,P0367,17101,68404
F01663,Advanced URL Filtering,Advanced URL Filtering capability delivered within PA-440 SKU-0367,P0367,393979,1575919
F01664,App-ID,App-ID capability delivered within VM-700 SKU-0368,P0368,819826,3279304
F01665,Advanced Threat Prevention,Advanced Threat Prevention capability delivered within VM-700 SKU-0368,P0368,250695,1002781
F01666,Advanced URL Filtering,Advanced URL Filtering capability delivered within VM-700 SKU-0368,P0368,31915,127660
F01667,Advanced DNS Security,Advanced DNS Security capability delivered within VM-700 SKU-0368,P0368,4399,17596
F01668,Advanced DNS Security,Advanced DNS Security capability delivered within Prisma Access Mobile Users SKU-0369,P0369,286156,1144627
F01669,AI Access Security,AI Access Security capability delivered within Prisma Access Mobile Users SKU-0369,P0369,7243,28972
F01670,App-ID,App-ID capability delivered within Prisma Access Mobile Users SKU-0369,P0369,240118,960475
F01671,Advanced WildFire,Advanced WildFire capability delivered within Prisma Access Mobile Users SKU-0369,P0369,212708,850833
F01672,Advanced WildFire,Advanced WildFire capability delivered within VM-100 SKU-0370,P0370,11936,47746
F01673,Advanced DNS Security,Advanced DNS Security capability delivered within VM-100 SKU-0370,P0370,1329306,5317224
F01674,Decryption,Decryption capability delivered within VM-100 SKU-0370,P0370,8054,32217
F01675,App-ID,App-ID capability delivered within VM-100 SKU-0370,P0370,21970,87880
F01676,Advanced URL Filtering,Advanced URL Filtering capability delivered within VM-100 SKU-0370,P0370,14444,57778
F01677,Advanced Threat Prevention,Advanced Threat Prevention capability delivered within VM-100 SKU-0370,P0370,332914,1331658
F01678,IoT/OT Security,IoT/OT Security capability delivered within VM-700 SKU-0371,P0371,9088,36352
F01679,App-ID,App-ID capability delivered within VM-700 SKU-0371,P0371,814703,3258815
F01680,Advanced WildFire,Advanced WildFire capability delivered within VM-700 SKU-0371,P0371,122319,489277
F01681,Advanced WildFire,Advanced WildFire capability delivered within PA-3440 SKU-0372,P0372,10037,40148
F01682,App-ID,App-ID capability delivered within PA-3440 SKU-0372,P0372,5211,20844
F01683,Advanced URL Filtering,Advanced URL Filtering capability delivered within PA-3440 SKU-0372,P0372,423866,1695464
F01684,Enterprise DLP,Enterprise DLP capability delivered within PA-3440 SKU-0372,P0372,161892,647568
F01685,Decryption,Decryption capability delivered within PA-3440 SKU-0372,P0372,14148,56593
F01686,App-ID,App-ID capability delivered within Prisma Access Mobile Users SKU-0373,P0373,211980,847920
F01687,Advanced DNS Security,Advanced DNS Security capability delivered within Prisma Access Mobile Users SKU-0373,P0373,26991,107966
F01688,Advanced Threat Prevention,Advanced Threat Prevention capability delivered within Prisma Access Mobile Users SKU-0373,P0373,164771,659084
F01689,Advanced Threat Prevention,Advanced Threat Prevention capability delivered within Cloud NGFW for Azure SKU-0374,P0374,13157,52629
F01690,Decryption,Decryption capability delivered within Cloud NGFW for Azure SKU-0374,P0374,5240,20960
F01691,Advanced DNS Security,Advanced DNS Security capability delivered within Cloud NGFW for Azure SKU-0374,P0374,22402,89608
F01692,Decryption,Decryption capability delivered within Cloud NGFW for AWS SKU-0375,P0375,14694,58778
F01693,Advanced URL Filtering,Advanced URL Filtering capability delivered within Cloud NGFW for AWS SKU-0375,P0375,318757,1275030
F01694,Advanced DNS Security,Advanced DNS Security capability delivered within Cloud NGFW for AWS SKU-0375,P0375,7250,29000
F01695,Advanced Threat Prevention,Advanced Threat Prevention capability delivered within Cloud NGFW for AWS SKU-0375,P0375,15463,61852
F01696,Advanced WildFire,Advanced WildFire capability delivered within Cloud NGFW for AWS SKU-0375,P0375,944114,3776456
F01697,App-ID,App-ID capability delivered within Cloud NGFW for AWS SKU-0375,P0375,28506,114024
F01698,Advanced WildFire,Advanced WildFire capability delivered within Prisma Access Mobile Users SKU-0376,P0376,261531,1046124
F01699,App-ID,App-ID capability delivered within Prisma Access Mobile Users SKU-0376,P0376,6515,26060
F01700,Decryption,Decryption capability delivered within Prisma Access Mobile Users SKU-0376,P0376,1329766,5319065
F01701,Advanced Threat Prevention,Advanced Threat Prevention capability delivered within Prisma Access Mobile Users SKU-0376,P0376,19917,79670
F01702,Advanced DNS Security,Advanced DNS Security capability delivered within Prisma Access Mobile Users SKU-0376,P0376,7061,28244
F01703,Advanced DNS Security,Advanced DNS Security capability delivered within VM-100 SKU-0377,P0377,16180,64720
F01704,Enterprise DLP,Enterprise DLP capability delivered within VM-100 SKU-0377,P0377,24909,99636
F01705,Advanced WildFire,Advanced WildFire capability delivered within VM-100 SKU-0377,P0377,517936,2071747
F01706,Advanced URL Filtering,Advanced URL Filtering capability delivered within VM-100 SKU-0377,P0377,4435,17740
F01707,Advanced Threat Prevention,Advanced Threat Prevention capability delivered within VM-100 SKU-0377,P0377,152869,611478
F01708,Advanced DNS Security,Advanced DNS Security capability delivered within PA-5445 SKU-0378,P0378,24702,98809
F01709,App-ID,App-ID capability delivered within PA-5445 SKU-0378,P0378,18657,74628
F01710,Advanced Threat Prevention,Advanced Threat Prevention capability delivered within PA-5445 SKU-0378,P0378,240552,962208
F01711,Advanced WildFire,Advanced WildFire capability delivered within PA-5445 SKU-0378,P0378,494435,1977740
F01712,Decryption,Decryption capability delivered within Prisma Access Mobile Users SKU-0379,P0379,183121,732484
F01713,GlobalProtect,GlobalProtect capability delivered within Prisma Access Mobile Users SKU-0379,P0379,14553,58213
F01714,Advanced DNS Security,Advanced DNS Security capability delivered within Prisma Access Mobile Users SKU-0379,P0379,404413,1617654
F01715,Advanced WildFire,Advanced WildFire capability delivered within Prisma Access Mobile Users SKU-0379,P0379,919545,3678183
F01716,Decryption,Decryption capability delivered within PA-3440 SKU-0380,P0380,675815,2703262
F01717,Advanced DNS Security,Advanced DNS Security capability delivered within PA-3440 SKU-0380,P0380,16547,66190
F01718,App-ID,App-ID capability delivered within PA-3440 SKU-0380,P0380,14750,59001
F01719,IoT/OT Security,IoT/OT Security capability delivered within PA-3440 SKU-0380,P0380,6359,25438
F01720,Advanced URL Filtering,Advanced URL Filtering capability delivered within PA-3440 SKU-0380,P0380,20273,81092
F01721,App-ID,App-ID capability delivered within Prisma Access Remote Networks SKU-0381,P0381,4213,16853
F01722,Advanced DNS Security,Advanced DNS Security capability delivered within Prisma Access Remote Networks SKU-0381,P0381,1065789,4263159
F01723,Decryption,Decryption capability delivered within Prisma Access Remote Networks SKU-0381,P0381,10078,40314
F01724,Advanced DNS Security,Advanced DNS Security capability delivered within Cloud NGFW for Azure SKU-0382,P0382,222900,891603
F01725,Advanced Threat Prevention,Advanced Threat Prevention capability delivered within Cloud NGFW for Azure SKU-0382,P0382,19501,78007
F01726,Advanced WildFire,Advanced WildFire capability delivered within Cloud NGFW for Azure SKU-0382,P0382,662408,2649635
F01727,Advanced URL Filtering,Advanced URL Filtering capability delivered within Cloud NGFW for Azure SKU-0382,P0382,149425,597700
F01728,App-ID,App-ID capability delivered within Cloud NGFW for Azure SKU-0382,P0382,17170,68682
F01729,Decryption,Decryption capability delivered within Cloud NGFW for Azure SKU-0383,P0383,19141,76566
F01730,Advanced DNS Security,Advanced DNS Security capability delivered within Cloud NGFW for Azure SKU-0383,P0383,120620,482480
F01731,Advanced Threat Prevention,Advanced Threat Prevention capability delivered within Cloud NGFW for Azure SKU-0383,P0383,704338,2817355
F01732,Advanced URL Filtering,Advanced URL Filtering capability delivered within Cloud NGFW for Azure SKU-0383,P0383,6788,27155
F01733,Advanced WildFire,Advanced WildFire capability delivered within Cloud NGFW for Azure SKU-0383,P0383,209928,839713
F01734,App-ID,App-ID capability delivered within Cloud NGFW for Azure SKU-0383,P0383,18458,73832
F01735,Decryption,Decryption capability delivered within PA-3440 SKU-0384,P0384,7633,30532
F01736,App-ID,App-ID capability delivered within PA-3440 SKU-0384,P0384,1185775,4743100
F01737,Advanced WildFire,Advanced WildFire capability delivered within PA-3440 SKU-0384,P0384,125826,503305
F01738,GlobalProtect,GlobalProtect capability delivered within PA-3440 SKU-0384,P0384,7503,30012
F01739,Advanced URL Filtering,Advanced URL Filtering capability delivered within PA-3440 SKU-0384,P0384,12848,51395
F01740,Enterprise DLP,Enterprise DLP capability delivered within Cloud NGFW for AWS SKU-0385,P0385,623335,2493343
F01741,Decryption,Decryption capability delivered within Cloud NGFW for AWS SKU-0385,P0385,18593,74375
F01742,App-ID,App-ID capability delivered within Cloud NGFW for AWS SKU-0385,P0385,256930,1027720
F01743,Advanced WildFire,Advanced WildFire capability delivered within Cloud NGFW for AWS SKU-0385,P0385,9287,37148
F01744,Advanced DNS Security,Advanced DNS Security capability delivered within Cloud NGFW for AWS SKU-0385,P0385,154699,618798
F01745,Advanced URL Filtering,Advanced URL Filtering capability delivered within Cloud NGFW for AWS SKU-0385,P0385,31905,127620
F01746,Decryption,Decryption capability delivered within Prisma Access Mobile Users SKU-0386,P0386,11530,46123
F01747,Advanced URL Filtering,Advanced URL Filtering capability delivered within Prisma Access Mobile Users SKU-0386,P0386,469983,1879934
F01748,Advanced Threat Prevention,Advanced Threat Prevention capability delivered within Prisma Access Mobile Users SKU-0386,P0386,1068988,4275952
F01749,App-ID,App-ID capability delivered within PA-410 SKU-0387,P0387,620611,2482445
F01750,Advanced WildFire,Advanced WildFire capability delivered within PA-410 SKU-0387,P0387,4221,16884
F01751,Advanced Threat Prevention,Advanced Threat Prevention capability delivered within PA-410 SKU-0387,P0387,900656,3602627
F01752,Enterprise DLP,Enterprise DLP capability delivered within PA-410 SKU-0387,P0387,271726,1086906
F01753,Advanced DNS Security,Advanced DNS Security capability delivered within PA-410 SKU-0387,P0387,15377,61508
F01754,IoT/OT Security,IoT/OT Security capability delivered within PA-410 SKU-0387,P0387,22979,91919
F01755,App-ID,App-ID capability delivered within VM-300 SKU-0388,P0388,168044,672176
F01756,Enterprise DLP,Enterprise DLP capability delivered within VM-300 SKU-0388,P0388,27169,108676
F01757,Advanced URL Filtering,Advanced URL Filtering capability delivered within VM-300 SKU-0388,P0388,4980,19922
F01758,App-ID,App-ID capability delivered within Prisma Access Mobile Users SKU-0389,P0389,477818,1911272
F01759,Advanced DNS Security,Advanced DNS Security capability delivered within Prisma Access Mobile Users SKU-0389,P0389,16436,65746
F01760,Advanced URL Filtering,Advanced URL Filtering capability delivered within Prisma Access Mobile Users SKU-0389,P0389,293149,1172598
F01761,Advanced Threat Prevention,Advanced Threat Prevention capability delivered within Prisma Access Mobile Users SKU-0389,P0389,13664,54659
F01762,Advanced WildFire,Advanced WildFire capability delivered within Prisma Access Mobile Users SKU-0389,P0389,1091599,4366397
F01763,GlobalProtect,GlobalProtect capability delivered within PA-3410 SKU-0390,P0390,123146,492584
F01764,Advanced DNS Security,Advanced DNS Security capability delivered within PA-3410 SKU-0390,P0390,23735,94943
F01765,App-ID,App-ID capability delivered within PA-3410 SKU-0390,P0390,11550,46200
F01766,Advanced Threat Prevention,Advanced Threat Prevention capability delivered within PA-3410 SKU-0390,P0390,16720,66880
F01767,Advanced Threat Prevention,Advanced Threat Prevention capability delivered within PA-3440 SKU-0391,P0391,926350,3705400
F01768,Advanced URL Filtering,Advanced URL Filtering capability delivered within PA-3440 SKU-0391,P0391,332210,1328840
F01769,App-ID,App-ID capability delivered within PA-3440 SKU-0391,P0391,20161,80646
F01770,Advanced WildFire,Advanced WildFire capability delivered within PA-3440 SKU-0391,P0391,14323,57293
F01771,Advanced URL Filtering,Advanced URL Filtering capability delivered within Prisma Access Remote Networks SKU-0392,P0392,22956,91824
F01772,Advanced WildFire,Advanced WildFire capability delivered within Prisma Access Remote Networks SKU-0392,P0392,21343,85372
F01773,App-ID,App-ID capability delivered within Prisma Access Remote Networks SKU-0392,P0392,1016185,4064741
F01774,Decryption,Decryption capability delivered within Prisma Access Remote Networks SKU-0392,P0392,3778,15112
F01775,Advanced DNS Security,Advanced DNS Security capability delivered within Prisma Access Remote Networks SKU-0392,P0392,398721,1594885
F01776,SD-WAN,SD-WAN capability delivered within Prisma Access Remote Networks SKU-0392,P0392,273090,1092363
F01777,Advanced WildFire,Advanced WildFire capability delivered within Prisma Access Mobile Users SKU-0393,P0393,219930,879722
F01778,Decryption,Decryption capability delivered within Prisma Access Mobile Users SKU-0393,P0393,4309,17238
F01779,App-ID,App-ID capability delivered within Prisma Access Mobile Users SKU-0393,P0393,16232,64929
F01780,Advanced DNS Security,Advanced DNS Security capability delivered within Prisma Access Mobile Users SKU-0393,P0393,5970,23881
F01781,Advanced Threat Prevention,Advanced Threat Prevention capability delivered within Prisma Access Mobile Users SKU-0393,P0393,25294,101179
F01782,Enterprise DLP,Enterprise DLP capability delivered within VM-300 SKU-0394,P0394,9288,37154
F01783,Advanced DNS Security,Advanced DNS Security capability delivered within VM-300 SKU-0394,P0394,14675,58703
F01784,Advanced Threat Prevention,Advanced Threat Prevention capability delivered within VM-300 SKU-0394,P0394,383766,1535064
F01785,App-ID,App-ID capability delivered within VM-300 SKU-0394,P0394,6476,25907
F01786,Advanced Threat Prevention,Advanced Threat Prevention capability delivered within Cloud NGFW for Azure SKU-0395,P0395,484973,1939895
F01787,Decryption,Decryption capability delivered within Cloud NGFW for Azure SKU-0395,P0395,10754,43016
F01788,Advanced WildFire,Advanced WildFire capability delivered within Cloud NGFW for Azure SKU-0395,P0395,137400,549602
F01789,Enterprise DLP,Enterprise DLP capability delivered within Cloud NGFW for Azure SKU-0395,P0395,30129,120516
F01790,App-ID,App-ID capability delivered within VM-300 SKU-0396,P0396,8811,35246
F01791,Advanced Threat Prevention,Advanced Threat Prevention capability delivered within VM-300 SKU-0396,P0396,481535,1926141
F01792,Advanced URL Filtering,Advanced URL Filtering capability delivered within VM-300 SKU-0396,P0396,17401,69604
F01793,Advanced DNS Security,Advanced DNS Security capability delivered within VM-300 SKU-0397,P0397,16818,67275
F01794,App-ID,App-ID capability delivered within VM-300 SKU-0397,P0397,513051,2052204
F01795,Advanced Threat Prevention,Advanced Threat Prevention capability delivered within VM-300 SKU-0397,P0397,7709,30837
F01796,GlobalProtect,GlobalProtect capability delivered within VM-300 SKU-0397,P0397,20381,81526
F01797,Enterprise DLP,Enterprise DLP capability delivered within VM-300 SKU-0397,P0397,16141,64567
F01798,Advanced WildFire,Advanced WildFire capability delivered within PA-410 SKU-0398,P0398,6295,25182
F01799,Advanced Threat Prevention,Advanced Threat Prevention capability delivered within PA-410 SKU-0398,P0398,177817,711271
F01800,App-ID,App-ID capability delivered within PA-410 SKU-0398,P0398,23656,94624
F01801,Advanced URL Filtering,Advanced URL Filtering capability delivered within PA-410 SKU-0398,P0398,468371,1873484
F01802,Advanced DNS Security,Advanced DNS Security capability delivered within PA-410 SKU-0398,P0398,1298942,5195769
F01803,Decryption,Decryption capability delivered within PA-410 SKU-0398,P0398,8417,33668
F01804,Advanced DNS Security,Advanced DNS Security capability delivered within PA-1410 SKU-0399,P0399,410782,1643128
F01805,Advanced WildFire,Advanced WildFire capability delivered within PA-1410 SKU-0399,P0399,241178,964715
F01806,Enterprise DLP,Enterprise DLP capability delivered within PA-1410 SKU-0399,P0399,7510,30040
F01807,Decryption,Decryption capability delivered within PA-1410 SKU-0399,P0399,215828,863315
F01808,Advanced URL Filtering,Advanced URL Filtering capability delivered within PA-1410 SKU-0399,P0399,8086,32345
F01809,Advanced WildFire,Advanced WildFire capability delivered within Prisma Access Mobile Users SKU-0400,P0400,519983,2079935
F01810,Decryption,Decryption capability delivered within Prisma Access Mobile Users SKU-0400,P0400,13909,55637
F01811,Advanced DNS Security,Advanced DNS Security capability delivered within Prisma Access Mobile Users SKU-0400,P0400,8465,33862
F01812,App-ID,App-ID capability delivered within VM-500 SKU-0401,P0401,326261,1305047
F01813,Advanced DNS Security,Advanced DNS Security capability delivered within VM-500 SKU-0401,P0401,506447,2025791
F01814,Advanced URL Filtering,Advanced URL Filtering capability delivered within VM-500 SKU-0401,P0401,4410,17641
F01815,Advanced WildFire,Advanced WildFire capability delivered within VM-500 SKU-0401,P0401,29056,116224
F01816,Decryption,Decryption capability delivered within VM-500 SKU-0401,P0401,15222,60888
F01817,Advanced WildFire,Advanced WildFire capability delivered within VM-100 SKU-0402,P0402,5411,21644
F01818,Advanced DNS Security,Advanced DNS Security capability delivered within VM-100 SKU-0402,P0402,193579,774317
F01819,Advanced URL Filtering,Advanced URL Filtering capability delivered within VM-100 SKU-0402,P0402,19074,76297
F01820,Decryption,Decryption capability delivered within VM-100 SKU-0402,P0402,11594,46377
F01821,App-ID,App-ID capability delivered within VM-100 SKU-0402,P0402,193218,772873
F01822,IoT/OT Security,IoT/OT Security capability delivered within VM-100 SKU-0402,P0402,458874,1835496
F01823,Advanced URL Filtering,Advanced URL Filtering capability delivered within Prisma Access Browser SKU-0403,P0403,35807,143231
F01824,AI Access Security,AI Access Security capability delivered within Prisma Access Browser SKU-0403,P0403,3850,15403
F01825,Advanced DNS Security,Advanced DNS Security capability delivered within Prisma Access Browser SKU-0403,P0403,30768,123075
F01826,Enterprise DLP,Enterprise DLP capability delivered within Prisma Access Browser SKU-0403,P0403,182053,728214
F01827,App-ID,App-ID capability delivered within Prisma Access Browser SKU-0403,P0403,18193,72772
F01828,Decryption,Decryption capability delivered within Prisma Access Browser SKU-0403,P0403,141123,564494
F01829,App-ID,App-ID capability delivered within Cloud NGFW for AWS SKU-0404,P0404,16218,64872
F01830,Advanced URL Filtering,Advanced URL Filtering capability delivered within Cloud NGFW for AWS SKU-0404,P0404,8031,32126
F01831,Advanced DNS Security,Advanced DNS Security capability delivered within Cloud NGFW for AWS SKU-0404,P0404,248606,994424
F01832,Advanced WildFire,Advanced WildFire capability delivered within Cloud NGFW for AWS SKU-0404,P0404,326317,1305269
F01833,Advanced Threat Prevention,Advanced Threat Prevention capability delivered within Prisma Access Remote Networks SKU-0405,P0405,7237,28950
F01834,Decryption,Decryption capability delivered within Prisma Access Remote Networks SKU-0405,P0405,335896,1343585
F01835,Advanced WildFire,Advanced WildFire capability delivered within Prisma Access Remote Networks SKU-0405,P0405,198691,794764
F01836,App-ID,App-ID capability delivered within Prisma Access Remote Networks SKU-0405,P0405,22128,88515
F01837,Advanced WildFire,Advanced WildFire capability delivered within PA-5445 SKU-0406,P0406,109098,436393
F01838,Advanced DNS Security,Advanced DNS Security capability delivered within PA-5445 SKU-0406,P0406,12997,51989
F01839,App-ID,App-ID capability delivered within PA-5445 SKU-0406,P0406,1346554,5386216
F01840,Advanced URL Filtering,Advanced URL Filtering capability delivered within PA-5445 SKU-0406,P0406,8879,35516
F01841,Decryption,Decryption capability delivered within PA-5445 SKU-0406,P0406,744876,2979505
F01842,IoT/OT Security,IoT/OT Security capability delivered within PA-5445 SKU-0406,P0406,23354,93416
F01843,Decryption,Decryption capability delivered within PA-1410 SKU-0407,P0407,176011,704046
F01844,Advanced DNS Security,Advanced DNS Security capability delivered within PA-1410 SKU-0407,P0407,542779,2171119
F01845,Enterprise DLP,Enterprise DLP capability delivered within PA-1410 SKU-0407,P0407,1063817,4255268
F01846,App-ID,App-ID capability delivered within PA-1410 SKU-0407,P0407,6193,24772
F01847,IoT/OT Security,IoT/OT Security capability delivered within PA-1410 SKU-0407,P0407,19207,76830
F01848,Advanced Threat Prevention,Advanced Threat Prevention capability delivered within PA-1410 SKU-0407,P0407,5202,20810
F01849,Advanced WildFire,Advanced WildFire capability delivered within VM-500 SKU-0408,P0408,7182,28730
F01850,Advanced Threat Prevention,Advanced Threat Prevention capability delivered within VM-500 SKU-0408,P0408,128596,514387
F01851,Advanced DNS Security,Advanced DNS Security capability delivered within VM-500 SKU-0408,P0408,13876,55504
F01852,GlobalProtect,GlobalProtect capability delivered within VM-500 SKU-0408,P0408,925926,3703704
F01853,Advanced URL Filtering,Advanced URL Filtering capability delivered within VM-500 SKU-0408,P0408,41677,166710
F01854,IoT/OT Security,IoT/OT Security capability delivered within VM-500 SKU-0408,P0408,154737,618951
F01855,App-ID,App-ID capability delivered within VM-500 SKU-0409,P0409,18886,75547
F01856,Advanced DNS Security,Advanced DNS Security capability delivered within VM-500 SKU-0409,P0409,5893,23572
F01857,Enterprise DLP,Enterprise DLP capability delivered within VM-500 SKU-0409,P0409,758152,3032608
F01858,IoT/OT Security,IoT/OT Security capability delivered within VM-500 SKU-0409,P0409,10260,41042
F01859,App-ID,App-ID capability delivered within Prisma Access Browser SKU-0410,P0410,668547,2674188
F01860,Advanced URL Filtering,Advanced URL Filtering capability delivered within Prisma Access Browser SKU-0410,P0410,14714,58856
F01861,SD-WAN,SD-WAN capability delivered within Prisma Access Browser SKU-0410,P0410,40499,161997
F01862,Advanced WildFire,Advanced WildFire capability delivered within Prisma Access Browser SKU-0410,P0410,1153541,4614167
F01863,Advanced Threat Prevention,Advanced Threat Prevention capability delivered within Prisma Access Browser SKU-0410,P0410,17392,69568
F01864,Enterprise DLP,Enterprise DLP capability delivered within VM-300 SKU-0411,P0411,36414,145658
F01865,Advanced DNS Security,Advanced DNS Security capability delivered within VM-300 SKU-0411,P0411,214613,858452
F01866,App-ID,App-ID capability delivered within VM-300 SKU-0411,P0411,986952,3947810
F01867,SaaS Security,SaaS Security capability delivered within Prisma Access Remote Networks SKU-0412,P0412,298208,1192834
F01868,Decryption,Decryption capability delivered within Prisma Access Remote Networks SKU-0412,P0412,13009,52036
F01869,Enterprise DLP,Enterprise DLP capability delivered within Prisma Access Remote Networks SKU-0412,P0412,142918,571673
F01870,App-ID,App-ID capability delivered within Prisma Access Remote Networks SKU-0412,P0412,5392,21568
F01871,Decryption,Decryption capability delivered within PA-7500 SKU-0413,P0413,167303,669213
F01872,Advanced DNS Security,Advanced DNS Security capability delivered within PA-7500 SKU-0413,P0413,222199,888797
F01873,Advanced URL Filtering,Advanced URL Filtering capability delivered within PA-7500 SKU-0413,P0413,734727,2938908
F01874,Advanced URL Filtering,Advanced URL Filtering capability delivered within VM-100 SKU-0414,P0414,141331,565326
F01875,Advanced WildFire,Advanced WildFire capability delivered within VM-100 SKU-0414,P0414,224540,898161
F01876,App-ID,App-ID capability delivered within VM-100 SKU-0414,P0414,12775,51102
F01877,Advanced Threat Prevention,Advanced Threat Prevention capability delivered within VM-100 SKU-0414,P0414,679598,2718394
F01878,Enterprise DLP,Enterprise DLP capability delivered within VM-100 SKU-0414,P0414,23172,92688
F01879,Advanced DNS Security,Advanced DNS Security capability delivered within VM-100 SKU-0414,P0414,18644,74577
F01880,Enterprise DLP,Enterprise DLP capability delivered within VM-500 SKU-0415,P0415,18818,75273
F01881,Advanced Threat Prevention,Advanced Threat Prevention capability delivered within VM-500 SKU-0415,P0415,315239,1260958
F01882,Decryption,Decryption capability delivered within VM-500 SKU-0415,P0415,6637,26551
F01883,Advanced URL Filtering,Advanced URL Filtering capability delivered within VM-500 SKU-0415,P0415,862197,3448790
F01884,Advanced DNS Security,Advanced DNS Security capability delivered within VM-500 SKU-0415,P0415,9694,38778
F01885,Advanced WildFire,Advanced WildFire capability delivered within VM-100 SKU-0416,P0416,38220,152883
F01886,Advanced DNS Security,Advanced DNS Security capability delivered within VM-100 SKU-0416,P0416,18012,72050
F01887,Decryption,Decryption capability delivered within VM-100 SKU-0416,P0416,1385137,5540548
F01888,GlobalProtect,GlobalProtect capability delivered within VM-100 SKU-0416,P0416,4067,16269
F01889,Enterprise DLP,Enterprise DLP capability delivered within VM-100 SKU-0416,P0416,6739,26958
F01890,App-ID,App-ID capability delivered within VM-100 SKU-0416,P0416,666347,2665390
F01891,Advanced URL Filtering,Advanced URL Filtering capability delivered within PA-460 SKU-0417,P0417,10236,40946
F01892,Advanced Threat Prevention,Advanced Threat Prevention capability delivered within PA-460 SKU-0417,P0417,413185,1652740
F01893,Advanced DNS Security,Advanced DNS Security capability delivered within PA-460 SKU-0417,P0417,745852,2983410
F01894,App-ID,App-ID capability delivered within PA-460 SKU-0417,P0417,18127,72511
F01895,Decryption,Decryption capability delivered within PA-460 SKU-0418,P0418,285691,1142765
F01896,Advanced Threat Prevention,Advanced Threat Prevention capability delivered within PA-460 SKU-0418,P0418,16407,65631
F01897,IoT/OT Security,IoT/OT Security capability delivered within PA-460 SKU-0418,P0418,326726,1306907
F01898,Advanced URL Filtering,Advanced URL Filtering capability delivered within PA-440 SKU-0419,P0419,16275,65103
F01899,Advanced Threat Prevention,Advanced Threat Prevention capability delivered within PA-440 SKU-0419,P0419,98777,395110
F01900,GlobalProtect,GlobalProtect capability delivered within PA-440 SKU-0419,P0419,19889,79556
F01901,Advanced DNS Security,Advanced DNS Security capability delivered within PA-3410 SKU-0420,P0420,30582,122328
F01902,App-ID,App-ID capability delivered within PA-3410 SKU-0420,P0420,6819,27277
F01903,GlobalProtect,GlobalProtect capability delivered within PA-3410 SKU-0420,P0420,130488,521952
F01904,Decryption,Decryption capability delivered within PA-3410 SKU-0420,P0420,493210,1972843
F01905,Advanced URL Filtering,Advanced URL Filtering capability delivered within PA-410 SKU-0421,P0421,11904,47619
F01906,Advanced WildFire,Advanced WildFire capability delivered within PA-410 SKU-0421,P0421,13174,52697
F01907,Advanced DNS Security,Advanced DNS Security capability delivered within PA-410 SKU-0421,P0421,953868,3815472
F01908,Decryption,Decryption capability delivered within PA-410 SKU-0421,P0421,272384,1089539
F01909,Advanced Threat Prevention,Advanced Threat Prevention capability delivered within PA-410 SKU-0421,P0421,340933,1363732
F01910,Enterprise DLP,Enterprise DLP capability delivered within PA-410 SKU-0421,P0421,9168,36674
F01911,Advanced DNS Security,Advanced DNS Security capability delivered within PA-7500 SKU-0422,P0422,8106,32424
F01912,Decryption,Decryption capability delivered within PA-7500 SKU-0422,P0422,16813,67253
F01913,App-ID,App-ID capability delivered within PA-7500 SKU-0422,P0422,27946,111785
F01914,Advanced WildFire,Advanced WildFire capability delivered within PA-7500 SKU-0422,P0422,16939,67756
F01915,Advanced Threat Prevention,Advanced Threat Prevention capability delivered within VM-700 SKU-0423,P0423,149008,596035
F01916,Advanced DNS Security,Advanced DNS Security capability delivered within VM-700 SKU-0423,P0423,27798,111195
F01917,Advanced WildFire,Advanced WildFire capability delivered within VM-700 SKU-0423,P0423,488760,1955040
F01918,Advanced Threat Prevention,Advanced Threat Prevention capability delivered within VM-500 SKU-0424,P0424,16028,64113
F01919,Advanced DNS Security,Advanced DNS Security capability delivered within VM-500 SKU-0424,P0424,339582,1358328
F01920,Decryption,Decryption capability delivered within VM-500 SKU-0424,P0424,122759,491037
F01921,App-ID,App-ID capability delivered within VM-500 SKU-0424,P0424,1278785,5115142
F01922,Advanced WildFire,Advanced WildFire capability delivered within VM-500 SKU-0424,P0424,18547,74189
F01923,Advanced URL Filtering,Advanced URL Filtering capability delivered within VM-500 SKU-0424,P0424,8266,33064
F01924,Advanced Threat Prevention,Advanced Threat Prevention capability delivered within Prisma Access Mobile Users SKU-0425,P0425,8680,34723
F01925,App-ID,App-ID capability delivered within Prisma Access Mobile Users SKU-0425,P0425,20555,82221
F01926,Decryption,Decryption capability delivered within Prisma Access Mobile Users SKU-0425,P0425,408246,1632985
F01927,GlobalProtect,GlobalProtect capability delivered within Prisma Access Mobile Users SKU-0425,P0425,7046,28187
F01928,Advanced URL Filtering,Advanced URL Filtering capability delivered within Prisma Access Mobile Users SKU-0425,P0425,12781,51127
F01929,Enterprise DLP,Enterprise DLP capability delivered within Prisma Access Mobile Users SKU-0426,P0426,23224,92898
F01930,Decryption,Decryption capability delivered within Prisma Access Mobile Users SKU-0426,P0426,15439,61756
F01931,Advanced URL Filtering,Advanced URL Filtering capability delivered within Prisma Access Mobile Users SKU-0426,P0426,18824,75297
F01932,App-ID,App-ID capability delivered within Prisma Access Remote Networks SKU-0427,P0427,427443,1709773
F01933,Advanced Threat Prevention,Advanced Threat Prevention capability delivered within Prisma Access Remote Networks SKU-0427,P0427,5726,22904
F01934,SD-WAN,SD-WAN capability delivered within Prisma Access Remote Networks SKU-0427,P0427,31474,125897
F01935,Advanced WildFire,Advanced WildFire capability delivered within Cloud NGFW for Azure SKU-0428,P0428,786527,3146110
F01936,Advanced URL Filtering,Advanced URL Filtering capability delivered within Cloud NGFW for Azure SKU-0428,P0428,863259,3453036
F01937,Advanced DNS Security,Advanced DNS Security capability delivered within Cloud NGFW for Azure SKU-0428,P0428,5110,20440
F01938,App-ID,App-ID capability delivered within Cloud NGFW for Azure SKU-0428,P0428,24232,96928
F01939,Advanced Threat Prevention,Advanced Threat Prevention capability delivered within Cloud NGFW for Azure SKU-0428,P0428,16230,64922
F01940,Advanced Threat Prevention,Advanced Threat Prevention capability delivered within VM-500 SKU-0429,P0429,8032,32130
F01941,Advanced DNS Security,Advanced DNS Security capability delivered within VM-500 SKU-0429,P0429,16688,66752
F01942,Decryption,Decryption capability delivered within VM-500 SKU-0429,P0429,13611,54444
F01943,GlobalProtect,GlobalProtect capability delivered within VM-500 SKU-0429,P0429,258636,1034544
F01944,Advanced URL Filtering,Advanced URL Filtering capability delivered within Cloud NGFW for AWS SKU-0430,P0430,541209,2164836
F01945,App-ID,App-ID capability delivered within Cloud NGFW for AWS SKU-0430,P0430,23495,93981
F01946,Advanced WildFire,Advanced WildFire capability delivered within Cloud NGFW for AWS SKU-0430,P0430,30364,121458
F01947,Decryption,Decryption capability delivered within Cloud NGFW for AWS SKU-0430,P0430,1219722,4878888
F01948,Advanced Threat Prevention,Advanced Threat Prevention capability delivered within Prisma Access Remote Networks SKU-0431,P0431,172195,688781
F01949,Advanced URL Filtering,Advanced URL Filtering capability delivered within Prisma Access Remote Networks SKU-0431,P0431,14438,57755
F01950,AI Access Security,AI Access Security capability delivered within Prisma Access Remote Networks SKU-0431,P0431,11000,44001
F01951,Advanced WildFire,Advanced WildFire capability delivered within Prisma Access Remote Networks SKU-0431,P0431,236968,947875
F01952,Advanced DNS Security,Advanced DNS Security capability delivered within Prisma Access Remote Networks SKU-0431,P0431,19526,78105
F01953,Decryption,Decryption capability delivered within VM-100 SKU-0432,P0432,8860,35440
F01954,Advanced DNS Security,Advanced DNS Security capability delivered within VM-100 SKU-0432,P0432,877830,3511322
F01955,Advanced Threat Prevention,Advanced Threat Prevention capability delivered within VM-100 SKU-0432,P0432,324873,1299492
F01956,Advanced URL Filtering,Advanced URL Filtering capability delivered within VM-100 SKU-0432,P0432,13786,55145
F01957,Enterprise DLP,Enterprise DLP capability delivered within PA-3410 SKU-0433,P0433,215556,862224
F01958,Advanced URL Filtering,Advanced URL Filtering capability delivered within PA-3410 SKU-0433,P0433,21835,87341
F01959,Advanced DNS Security,Advanced DNS Security capability delivered within PA-3410 SKU-0433,P0433,9010,36043
F01960,App-ID,App-ID capability delivered within CN-Series SKU-0434,P0434,412825,1651300
F01961,Decryption,Decryption capability delivered within CN-Series SKU-0434,P0434,16795,67182
F01962,Advanced DNS Security,Advanced DNS Security capability delivered within CN-Series SKU-0434,P0434,14184,56738
F01963,Advanced Threat Prevention,Advanced Threat Prevention capability delivered within CN-Series SKU-0434,P0434,176623,706494
F01964,Advanced WildFire,Advanced WildFire capability delivered within Prisma Access Browser SKU-0435,P0435,19494,77978
F01965,Decryption,Decryption capability delivered within Prisma Access Browser SKU-0435,P0435,25174,100696
F01966,Advanced URL Filtering,Advanced URL Filtering capability delivered within Prisma Access Browser SKU-0435,P0435,148584,594337
F01967,Advanced URL Filtering,Advanced URL Filtering capability delivered within Cloud NGFW for Azure SKU-0436,P0436,434459,1737837
F01968,Advanced DNS Security,Advanced DNS Security capability delivered within Cloud NGFW for Azure SKU-0436,P0436,8320,33280
F01969,Advanced Threat Prevention,Advanced Threat Prevention capability delivered within Cloud NGFW for Azure SKU-0436,P0436,17820,71281
F01970,GlobalProtect,GlobalProtect capability delivered within CN-Series SKU-0437,P0437,10714,42857
F01971,Advanced URL Filtering,Advanced URL Filtering capability delivered within CN-Series SKU-0437,P0437,10394,41576
F01972,Advanced DNS Security,Advanced DNS Security capability delivered within CN-Series SKU-0437,P0437,11238,44953
F01973,Advanced Threat Prevention,Advanced Threat Prevention capability delivered within VM-700 SKU-0438,P0438,9127,36509
F01974,Decryption,Decryption capability delivered within VM-700 SKU-0438,P0438,18566,74267
F01975,Advanced DNS Security,Advanced DNS Security capability delivered within VM-700 SKU-0438,P0438,189410,757642
F01976,Advanced WildFire,Advanced WildFire capability delivered within VM-700 SKU-0438,P0438,35651,142604
F01977,IoT/OT Security,IoT/OT Security capability delivered within VM-700 SKU-0438,P0438,7968,31872
F01978,Advanced WildFire,Advanced WildFire capability delivered within Prisma Access Remote Networks SKU-0439,P0439,17995,71981
F01979,GlobalProtect,GlobalProtect capability delivered within Prisma Access Remote Networks SKU-0439,P0439,19472,77888
F01980,Enterprise DLP,Enterprise DLP capability delivered within Prisma Access Remote Networks SKU-0439,P0439,1171649,4686599
F01981,Advanced URL Filtering,Advanced URL Filtering capability delivered within Prisma Access Remote Networks SKU-0439,P0439,439491,1757966
F01982,Advanced DNS Security,Advanced DNS Security capability delivered within Prisma Access Remote Networks SKU-0439,P0439,220230,880923
F01983,Advanced Threat Prevention,Advanced Threat Prevention capability delivered within Prisma Access Remote Networks SKU-0439,P0439,628297,2513189
F01984,IoT/OT Security,IoT/OT Security capability delivered within VM-100 SKU-0440,P0440,7629,30516
F01985,Advanced URL Filtering,Advanced URL Filtering capability delivered within VM-100 SKU-0440,P0440,10407,41629
F01986,Advanced WildFire,Advanced WildFire capability delivered within VM-100 SKU-0440,P0440,1017464,4069858
F01987,Advanced WildFire,Advanced WildFire capability delivered within Prisma Access Browser SKU-0441,P0441,495945,1983780
F01988,AI Access Security,AI Access Security capability delivered within Prisma Access Browser SKU-0441,P0441,15661,62645
F01989,Enterprise DLP,Enterprise DLP capability delivered within Prisma Access Browser SKU-0441,P0441,6449,25797
F01990,Advanced DNS Security,Advanced DNS Security capability delivered within Prisma Access Browser SKU-0441,P0441,19553,78212
F01991,App-ID,App-ID capability delivered within Prisma Access Browser SKU-0441,P0441,12917,51670
F01992,Advanced Threat Prevention,Advanced Threat Prevention capability delivered within Prisma Access Browser SKU-0441,P0441,34235,136940
F01993,App-ID,App-ID capability delivered within CN-Series SKU-0442,P0442,18140,72562
F01994,Enterprise DLP,Enterprise DLP capability delivered within CN-Series SKU-0442,P0442,11930,47721
F01995,Advanced DNS Security,Advanced DNS Security capability delivered within CN-Series SKU-0442,P0442,522002,2088009
F01996,GlobalProtect,GlobalProtect capability delivered within CN-Series SKU-0442,P0442,15895,63580
F01997,Advanced Threat Prevention,Advanced Threat Prevention capability delivered within CN-Series SKU-0442,P0442,186470,745883
F01998,Decryption,Decryption capability delivered within CN-Series SKU-0442,P0442,18704,74817
F01999,Enterprise DLP,Enterprise DLP capability delivered within PA-3410 SKU-0443,P0443,8011,32046
F02000,Advanced Threat Prevention,Advanced Threat Prevention capability delivered within PA-3410 SKU-0443,P0443,950117,3800468
F02001,Advanced URL Filtering,Advanced URL Filtering capability delivered within PA-3410 SKU-0443,P0443,10461,41844
F02002,App-ID,App-ID capability delivered within PA-3410 SKU-0443,P0443,21153,84615
F02003,Advanced DNS Security,Advanced DNS Security capability delivered within PA-3410 SKU-0443,P0443,19910,79640
F02004,Decryption,Decryption capability delivered within PA-3410 SKU-0443,P0443,23997,95988
F02005,Advanced Threat Prevention,Advanced Threat Prevention capability delivered within VM-300 SKU-0444,P0444,25566,102265
F02006,Advanced WildFire,Advanced WildFire capability delivered within VM-300 SKU-0444,P0444,18482,73928
F02007,Enterprise DLP,Enterprise DLP capability delivered within VM-300 SKU-0444,P0444,6462,25850
F02008,Advanced DNS Security,Advanced DNS Security capability delivered within Prisma Access Browser SKU-0445,P0445,15547,62189
F02009,Advanced WildFire,Advanced WildFire capability delivered within Prisma Access Browser SKU-0445,P0445,193804,775216
F02010,Advanced Threat Prevention,Advanced Threat Prevention capability delivered within Prisma Access Browser SKU-0445,P0445,6385,25543
F02011,Enterprise DLP,Enterprise DLP capability delivered within Prisma Access Browser SKU-0445,P0445,11323,45292
F02012,Decryption,Decryption capability delivered within Prisma Access Browser SKU-0445,P0445,681477,2725911
F02013,SaaS Security,SaaS Security capability delivered within Prisma Access Browser SKU-0445,P0445,473118,1892472
F02014,Advanced Threat Prevention,Advanced Threat Prevention capability delivered within VM-100 SKU-0446,P0446,24806,99226
F02015,Advanced WildFire,Advanced WildFire capability delivered within VM-100 SKU-0446,P0446,828673,3314692
F02016,Advanced DNS Security,Advanced DNS Security capability delivered within VM-100 SKU-0446,P0446,105102,420408
F02017,GlobalProtect,GlobalProtect capability delivered within VM-100 SKU-0446,P0446,21036,84146
F02018,Decryption,Decryption capability delivered within VM-100 SKU-0446,P0446,286712,1146849
F02019,Advanced URL Filtering,Advanced URL Filtering capability delivered within VM-100 SKU-0446,P0446,11405,45623
F02020,Decryption,Decryption capability delivered within VM-100 SKU-0447,P0447,6251,25004
F02021,Advanced URL Filtering,Advanced URL Filtering capability delivered within VM-100 SKU-0447,P0447,432634,1730536
F02022,Advanced WildFire,Advanced WildFire capability delivered within VM-100 SKU-0447,P0447,277909,1111639
F02023,Enterprise DLP,Enterprise DLP capability delivered within VM-100 SKU-0447,P0447,9413,37653
F02024,Advanced DNS Security,Advanced DNS Security capability delivered within VM-100 SKU-0447,P0447,17964,71857
F02025,App-ID,App-ID capability delivered within VM-100 SKU-0447,P0447,9725,38901
F02026,Advanced Threat Prevention,Advanced Threat Prevention capability delivered within Prisma Access Mobile Users SKU-0448,P0448,377254,1509016
F02027,GlobalProtect,GlobalProtect capability delivered within Prisma Access Mobile Users SKU-0448,P0448,12821,51284
F02028,SaaS Security,SaaS Security capability delivered within Prisma Access Mobile Users SKU-0448,P0448,162710,650840
F02029,Advanced WildFire,Advanced WildFire capability delivered within Prisma Access Mobile Users SKU-0448,P0448,719821,2879286
F02030,Advanced DNS Security,Advanced DNS Security capability delivered within Prisma Access Mobile Users SKU-0448,P0448,391477,1565911
F02031,Decryption,Decryption capability delivered within Prisma Access Mobile Users SKU-0448,P0448,16569,66277
F02032,Advanced URL Filtering,Advanced URL Filtering capability delivered within Cloud NGFW for Azure SKU-0449,P0449,5266,21064
F02033,Advanced DNS Security,Advanced DNS Security capability delivered within Cloud NGFW for Azure SKU-0449,P0449,807667,3230668
F02034,Advanced Threat Prevention,Advanced Threat Prevention capability delivered within Cloud NGFW for Azure SKU-0449,P0449,27469,109876
F02035,Advanced WildFire,Advanced WildFire capability delivered within Cloud NGFW for Azure SKU-0450,P0450,152339,609356
F02036,App-ID,App-ID capability delivered within Cloud NGFW for Azure SKU-0450,P0450,485293,1941174
F02037,Decryption,Decryption capability delivered within Cloud NGFW for Azure SKU-0450,P0450,31214,124858
F02038,App-ID,App-ID capability delivered within PA-440 SKU-0451,P0451,11847,47389
F02039,Advanced URL Filtering,Advanced URL Filtering capability delivered within PA-440 SKU-0451,P0451,36963,147852
F02040,Advanced WildFire,Advanced WildFire capability delivered within PA-440 SKU-0451,P0451,464534,1858138
F02041,Advanced Threat Prevention,Advanced Threat Prevention capability delivered within PA-440 SKU-0451,P0451,6849,27398
F02042,IoT/OT Security,IoT/OT Security capability delivered within PA-440 SKU-0451,P0451,1242569,4970278
F02043,Advanced URL Filtering,Advanced URL Filtering capability delivered within PA-5410 SKU-0452,P0452,371932,1487729
F02044,Advanced DNS Security,Advanced DNS Security capability delivered within PA-5410 SKU-0452,P0452,603131,2412524
F02045,App-ID,App-ID capability delivered within PA-5410 SKU-0452,P0452,4690,18761
F02046,GlobalProtect,GlobalProtect capability delivered within PA-5410 SKU-0452,P0452,16652,66608
F02047,Decryption,Decryption capability delivered within PA-5410 SKU-0452,P0452,10248,40992
F02048,Advanced WildFire,Advanced WildFire capability delivered within PA-5410 SKU-0452,P0452,29730,118923
F02049,IoT/OT Security,IoT/OT Security capability delivered within PA-440 SKU-0453,P0453,7553,30215
F02050,Advanced URL Filtering,Advanced URL Filtering capability delivered within PA-440 SKU-0453,P0453,771373,3085495
F02051,App-ID,App-ID capability delivered within PA-440 SKU-0453,P0453,22370,89480
F02052,Advanced WildFire,Advanced WildFire capability delivered within PA-440 SKU-0453,P0453,12086,48345
F02053,Advanced Threat Prevention,Advanced Threat Prevention capability delivered within PA-440 SKU-0453,P0453,7601,30407
F02054,Advanced DNS Security,Advanced DNS Security capability delivered within PA-440 SKU-0453,P0453,125534,502136
F02055,App-ID,App-ID capability delivered within Cloud NGFW for AWS SKU-0454,P0454,869887,3479548
F02056,Enterprise DLP,Enterprise DLP capability delivered within Cloud NGFW for AWS SKU-0454,P0454,9404,37618
F02057,Advanced WildFire,Advanced WildFire capability delivered within Cloud NGFW for AWS SKU-0454,P0454,32861,131446
F02058,Decryption,Decryption capability delivered within PA-1410 SKU-0455,P0455,361838,1447353
F02059,IoT/OT Security,IoT/OT Security capability delivered within PA-1410 SKU-0455,P0455,316199,1264799
F02060,App-ID,App-ID capability delivered within PA-1410 SKU-0455,P0455,10806,43224
F02061,Advanced DNS Security,Advanced DNS Security capability delivered within PA-1410 SKU-0455,P0455,117899,471596
F02062,Advanced WildFire,Advanced WildFire capability delivered within PA-410 SKU-0456,P0456,718846,2875386
F02063,Decryption,Decryption capability delivered within PA-410 SKU-0456,P0456,19597,78388
F02064,App-ID,App-ID capability delivered within PA-410 SKU-0456,P0456,1179944,4719779
F02065,IoT/OT Security,IoT/OT Security capability delivered within PA-410 SKU-0456,P0456,5530,22122
F02066,Advanced URL Filtering,Advanced URL Filtering capability delivered within PA-410 SKU-0456,P0456,30439,121758
F02067,App-ID,App-ID capability delivered within CN-Series SKU-0457,P0457,650550,2602202
F02068,Decryption,Decryption capability delivered within CN-Series SKU-0457,P0457,12942,51769
F02069,IoT/OT Security,IoT/OT Security capability delivered within CN-Series SKU-0457,P0457,32443,129775
F02070,Advanced DNS Security,Advanced DNS Security capability delivered within CN-Series SKU-0457,P0457,390960,1563840
F02071,Advanced WildFire,Advanced WildFire capability delivered within CN-Series SKU-0457,P0457,33072,132289
F02072,App-ID,App-ID capability delivered within VM-700 SKU-0458,P0458,117085,468341
F02073,Enterprise DLP,Enterprise DLP capability delivered within VM-700 SKU-0458,P0458,377546,1510184
F02074,Advanced URL Filtering,Advanced URL Filtering capability delivered within VM-700 SKU-0458,P0458,11617,46468
F02075,Advanced WildFire,Advanced WildFire capability delivered within VM-700 SKU-0458,P0458,9515,38061
F02076,Advanced WildFire,Advanced WildFire capability delivered within Cloud NGFW for Azure SKU-0459,P0459,1299797,5199190
F02077,Advanced Threat Prevention,Advanced Threat Prevention capability delivered within Cloud NGFW for Azure SKU-0459,P0459,18913,75654
F02078,Advanced URL Filtering,Advanced URL Filtering capability delivered within Cloud NGFW for Azure SKU-0459,P0459,9952,39809
F02079,Enterprise DLP,Enterprise DLP capability delivered within PA-5410 SKU-0460,P0460,482237,1928950
F02080,Advanced URL Filtering,Advanced URL Filtering capability delivered within PA-5410 SKU-0460,P0460,19579,78318
F02081,Advanced Threat Prevention,Advanced Threat Prevention capability delivered within PA-5410 SKU-0460,P0460,300136,1200544
F02082,Decryption,Decryption capability delivered within PA-5410 SKU-0460,P0460,4310,17242
F02083,Advanced WildFire,Advanced WildFire capability delivered within PA-5410 SKU-0460,P0460,20368,81473
F02084,IoT/OT Security,IoT/OT Security capability delivered within PA-5410 SKU-0460,P0460,12766,51064
F02085,IoT/OT Security,IoT/OT Security capability delivered within VM-100 SKU-0461,P0461,5133,20532
F02086,GlobalProtect,GlobalProtect capability delivered within VM-100 SKU-0461,P0461,610257,2441028
F02087,Advanced DNS Security,Advanced DNS Security capability delivered within VM-100 SKU-0461,P0461,296744,1186977
F02088,Advanced WildFire,Advanced WildFire capability delivered within VM-100 SKU-0461,P0461,13744,54976
F02089,Advanced Threat Prevention,Advanced Threat Prevention capability delivered within VM-100 SKU-0461,P0461,422822,1691291
F02090,App-ID,App-ID capability delivered within VM-100 SKU-0461,P0461,14192,56768
F02091,Advanced DNS Security,Advanced DNS Security capability delivered within PA-460 SKU-0462,P0462,219618,878474
F02092,Advanced URL Filtering,Advanced URL Filtering capability delivered within PA-460 SKU-0462,P0462,10811,43244
F02093,Advanced Threat Prevention,Advanced Threat Prevention capability delivered within PA-460 SKU-0462,P0462,299732,1198928
F02094,Decryption,Decryption capability delivered within PA-460 SKU-0462,P0462,9093,36373
F02095,App-ID,App-ID capability delivered within VM-300 SKU-0463,P0463,534394,2137579
F02096,Advanced URL Filtering,Advanced URL Filtering capability delivered within VM-300 SKU-0463,P0463,364892,1459568
F02097,GlobalProtect,GlobalProtect capability delivered within VM-300 SKU-0463,P0463,12327,49310
F02098,Advanced WildFire,Advanced WildFire capability delivered within VM-300 SKU-0463,P0463,1136357,4545428
F02099,Advanced WildFire,Advanced WildFire capability delivered within PA-3410 SKU-0464,P0464,345917,1383669
F02100,Advanced URL Filtering,Advanced URL Filtering capability delivered within PA-3410 SKU-0464,P0464,17779,71117
F02101,App-ID,App-ID capability delivered within PA-3410 SKU-0464,P0464,508735,2034941
F02102,Enterprise DLP,Enterprise DLP capability delivered within PA-3410 SKU-0464,P0464,30180,120720
F02103,GlobalProtect,GlobalProtect capability delivered within PA-3410 SKU-0464,P0464,7368,29472
F02104,Decryption,Decryption capability delivered within PA-410 SKU-0465,P0465,1327669,5310676
F02105,GlobalProtect,GlobalProtect capability delivered within PA-410 SKU-0465,P0465,8856,35427
F02106,Advanced Threat Prevention,Advanced Threat Prevention capability delivered within PA-410 SKU-0465,P0465,15780,63122
F02107,App-ID,App-ID capability delivered within PA-410 SKU-0465,P0465,796322,3185290
F02108,Advanced WildFire,Advanced WildFire capability delivered within PA-410 SKU-0465,P0465,19126,76507
F02109,Advanced DNS Security,Advanced DNS Security capability delivered within PA-410 SKU-0465,P0465,158920,635682
F02110,App-ID,App-ID capability delivered within Cloud NGFW for AWS SKU-0466,P0466,16607,66430
F02111,Advanced WildFire,Advanced WildFire capability delivered within Cloud NGFW for AWS SKU-0466,P0466,6952,27808
F02112,Advanced DNS Security,Advanced DNS Security capability delivered within Cloud NGFW for AWS SKU-0466,P0466,517730,2070920
F02113,Advanced DNS Security,Advanced DNS Security capability delivered within VM-100 SKU-0467,P0467,11881,47526
F02114,Advanced WildFire,Advanced WildFire capability delivered within VM-100 SKU-0467,P0467,411411,1645644
F02115,Advanced Threat Prevention,Advanced Threat Prevention capability delivered within VM-100 SKU-0467,P0467,308055,1232220
F02116,App-ID,App-ID capability delivered within VM-100 SKU-0467,P0467,96625,386500
F02117,IoT/OT Security,IoT/OT Security capability delivered within VM-100 SKU-0467,P0467,16191,64767
F02118,Advanced URL Filtering,Advanced URL Filtering capability delivered within VM-700 SKU-0468,P0468,236813,947252
F02119,App-ID,App-ID capability delivered within VM-700 SKU-0468,P0468,12407,49629
F02120,IoT/OT Security,IoT/OT Security capability delivered within VM-700 SKU-0468,P0468,5538,22153
F02121,Decryption,Decryption capability delivered within VM-700 SKU-0468,P0468,17377,69508
F02122,Advanced Threat Prevention,Advanced Threat Prevention capability delivered within VM-700 SKU-0468,P0468,1023512,4094049
F02123,Enterprise DLP,Enterprise DLP capability delivered within VM-700 SKU-0468,P0468,29558,118232
F02124,Decryption,Decryption capability delivered within PA-3410 SKU-0469,P0469,38435,153742
F02125,App-ID,App-ID capability delivered within PA-3410 SKU-0469,P0469,23674,94699
F02126,Advanced Threat Prevention,Advanced Threat Prevention capability delivered within PA-3410 SKU-0469,P0469,11194,44776
F02127,App-ID,App-ID capability delivered within Prisma Access Browser SKU-0470,P0470,174764,699057
F02128,Advanced WildFire,Advanced WildFire capability delivered within Prisma Access Browser SKU-0470,P0470,22309,89236
F02129,Decryption,Decryption capability delivered within Prisma Access Browser SKU-0470,P0470,18865,75461
F02130,Advanced Threat Prevention,Advanced Threat Prevention capability delivered within VM-500 SKU-0471,P0471,8954,35817
F02131,App-ID,App-ID capability delivered within VM-500 SKU-0471,P0471,27802,111211
F02132,Decryption,Decryption capability delivered within VM-500 SKU-0471,P0471,19989,79956
F02133,Advanced WildFire,Advanced WildFire capability delivered within VM-500 SKU-0471,P0471,137032,548128
F02134,IoT/OT Security,IoT/OT Security capability delivered within VM-500 SKU-0471,P0471,161955,647823
F02135,Advanced DNS Security,Advanced DNS Security capability delivered within VM-500 SKU-0471,P0471,376675,1506703
F02136,Advanced WildFire,Advanced WildFire capability delivered within Cloud NGFW for Azure SKU-0472,P0472,1030146,4120587
F02137,Advanced URL Filtering,Advanced URL Filtering capability delivered within Cloud NGFW for Azure SKU-0472,P0472,362261,1449047
F02138,App-ID,App-ID capability delivered within Cloud NGFW for Azure SKU-0472,P0472,19737,78948
F02139,Enterprise DLP,Enterprise DLP capability delivered within Cloud NGFW for Azure SKU-0472,P0472,14981,59924
F02140,Decryption,Decryption capability delivered within Cloud NGFW for Azure SKU-0472,P0472,7834,31338
F02141,Advanced DNS Security,Advanced DNS Security capability delivered within PA-1410 SKU-0473,P0473,27927,111709
F02142,Advanced Threat Prevention,Advanced Threat Prevention capability delivered within PA-1410 SKU-0473,P0473,15016,60065
F02143,GlobalProtect,GlobalProtect capability delivered within PA-1410 SKU-0473,P0473,216019,864076
F02144,Decryption,Decryption capability delivered within PA-1410 SKU-0473,P0473,8057,32228
F02145,Advanced WildFire,Advanced WildFire capability delivered within PA-5445 SKU-0474,P0474,689908,2759635
F02146,App-ID,App-ID capability delivered within PA-5445 SKU-0474,P0474,3963,15852
F02147,GlobalProtect,GlobalProtect capability delivered within PA-5445 SKU-0474,P0474,424660,1698641
F02148,Enterprise DLP,Enterprise DLP capability delivered within PA-5445 SKU-0474,P0474,33423,133692
F02149,Advanced Threat Prevention,Advanced Threat Prevention capability delivered within Cloud NGFW for AWS SKU-0475,P0475,12350,49400
F02150,Advanced URL Filtering,Advanced URL Filtering capability delivered within Cloud NGFW for AWS SKU-0475,P0475,25816,103267
F02151,Advanced DNS Security,Advanced DNS Security capability delivered within Cloud NGFW for AWS SKU-0475,P0475,17605,70420
F02152,Decryption,Decryption capability delivered within PA-460 SKU-0476,P0476,693060,2772242
F02153,Advanced Threat Prevention,Advanced Threat Prevention capability delivered within PA-460 SKU-0476,P0476,17464,69859
F02154,Enterprise DLP,Enterprise DLP capability delivered within PA-460 SKU-0476,P0476,210724,842896
F02155,Advanced Threat Prevention,Advanced Threat Prevention capability delivered within VM-300 SKU-0477,P0477,758997,3035991
F02156,Advanced WildFire,Advanced WildFire capability delivered within VM-300 SKU-0477,P0477,1213414,4853658
F02157,Advanced DNS Security,Advanced DNS Security capability delivered within VM-300 SKU-0477,P0477,10566,42264
F02158,Advanced URL Filtering,Advanced URL Filtering capability delivered within VM-300 SKU-0477,P0477,7211,28845
F02159,App-ID,App-ID capability delivered within VM-300 SKU-0477,P0477,30805,123220
F02160,Advanced URL Filtering,Advanced URL Filtering capability delivered within PA-7500 SKU-0478,P0478,370107,1480430
F02161,Decryption,Decryption capability delivered within PA-7500 SKU-0478,P0478,5033,20132
F02162,IoT/OT Security,IoT/OT Security capability delivered within PA-7500 SKU-0478,P0478,7932,31728
F02163,Advanced DNS Security,Advanced DNS Security capability delivered within PA-410 SKU-0479,P0479,11057,44229
F02164,App-ID,App-ID capability delivered within PA-410 SKU-0479,P0479,3966,15864
F02165,Advanced WildFire,Advanced WildFire capability delivered within PA-410 SKU-0479,P0479,16606,66424
F02166,Advanced URL Filtering,Advanced URL Filtering capability delivered within PA-410 SKU-0479,P0479,19683,78732
F02167,GlobalProtect,GlobalProtect capability delivered within PA-410 SKU-0479,P0479,144559,578236
F02168,Decryption,Decryption capability delivered within Cloud NGFW for Azure SKU-0480,P0480,25154,100616
F02169,App-ID,App-ID capability delivered within Cloud NGFW for Azure SKU-0480,P0480,10121,40484
F02170,Advanced Threat Prevention,Advanced Threat Prevention capability delivered within Cloud NGFW for Azure SKU-0480,P0480,30968,123875
F02171,Advanced WildFire,Advanced WildFire capability delivered within Cloud NGFW for Azure SKU-0480,P0480,325126,1300507
F02172,Advanced DNS Security,Advanced DNS Security capability delivered within Cloud NGFW for Azure SKU-0480,P0480,257436,1029746
F02173,Advanced WildFire,Advanced WildFire capability delivered within CN-Series SKU-0481,P0481,781561,3126244
F02174,Advanced Threat Prevention,Advanced Threat Prevention capability delivered within CN-Series SKU-0481,P0481,30654,122616
F02175,Advanced URL Filtering,Advanced URL Filtering capability delivered within CN-Series SKU-0481,P0481,18814,75257
F02176,Decryption,Decryption capability delivered within CN-Series SKU-0481,P0481,11844,47377
F02177,App-ID,App-ID capability delivered within CN-Series SKU-0481,P0481,17862,71449
F02178,App-ID,App-ID capability delivered within Prisma Access Browser SKU-0482,P0482,281924,1127698
F02179,Decryption,Decryption capability delivered within Prisma Access Browser SKU-0482,P0482,32422,129691
F02180,GlobalProtect,GlobalProtect capability delivered within Prisma Access Browser SKU-0482,P0482,5019,20077
F02181,Advanced DNS Security,Advanced DNS Security capability delivered within Prisma Access Browser SKU-0482,P0482,11976,47906
F02182,Advanced Threat Prevention,Advanced Threat Prevention capability delivered within Cloud NGFW for AWS SKU-0483,P0483,5172,20691
F02183,Decryption,Decryption capability delivered within Cloud NGFW for AWS SKU-0483,P0483,802158,3208632
F02184,Enterprise DLP,Enterprise DLP capability delivered within Cloud NGFW for AWS SKU-0483,P0483,7797,31188
F02185,Advanced URL Filtering,Advanced URL Filtering capability delivered within Cloud NGFW for AWS SKU-0483,P0483,25364,101459
F02186,App-ID,App-ID capability delivered within Cloud NGFW for AWS SKU-0483,P0483,7286,29144
F02187,Advanced WildFire,Advanced WildFire capability delivered within VM-100 SKU-0484,P0484,236541,946164
F02188,Advanced URL Filtering,Advanced URL Filtering capability delivered within VM-100 SKU-0484,P0484,7228,28915
F02189,App-ID,App-ID capability delivered within VM-100 SKU-0484,P0484,7694,30779
F02190,Advanced Threat Prevention,Advanced Threat Prevention capability delivered within VM-100 SKU-0484,P0484,101525,406102
F02191,Decryption,Decryption capability delivered within VM-100 SKU-0484,P0484,508608,2034432
F02192,Advanced DNS Security,Advanced DNS Security capability delivered within VM-100 SKU-0484,P0484,15409,61637
F02193,Decryption,Decryption capability delivered within PA-460 SKU-0485,P0485,4856,19424
F02194,Advanced Threat Prevention,Advanced Threat Prevention capability delivered within PA-460 SKU-0485,P0485,9150,36600
F02195,Advanced WildFire,Advanced WildFire capability delivered within PA-460 SKU-0485,P0485,149412,597650
F02196,Advanced Threat Prevention,Advanced Threat Prevention capability delivered within Prisma Access Remote Networks SKU-0486,P0486,6790,27162
F02197,Advanced DNS Security,Advanced DNS Security capability delivered within Prisma Access Remote Networks SKU-0486,P0486,5169,20676
F02198,Decryption,Decryption capability delivered within Prisma Access Remote Networks SKU-0486,P0486,97382,389528
F02199,Enterprise DLP,Enterprise DLP capability delivered within Prisma Access Remote Networks SKU-0486,P0486,1160809,4643236
F02200,Advanced Threat Prevention,Advanced Threat Prevention capability delivered within Cloud NGFW for AWS SKU-0487,P0487,5897,23590
F02201,Decryption,Decryption capability delivered within Cloud NGFW for AWS SKU-0487,P0487,8854,35417
F02202,Enterprise DLP,Enterprise DLP capability delivered within Cloud NGFW for AWS SKU-0487,P0487,21633,86534
F02203,Advanced DNS Security,Advanced DNS Security capability delivered within Cloud NGFW for AWS SKU-0487,P0487,1329272,5317091
F02204,App-ID,App-ID capability delivered within Cloud NGFW for AWS SKU-0487,P0487,166928,667712
F02205,Advanced URL Filtering,Advanced URL Filtering capability delivered within Prisma Access Remote Networks SKU-0488,P0488,706059,2824236
F02206,Decryption,Decryption capability delivered within Prisma Access Remote Networks SKU-0488,P0488,36592,146368
F02207,Advanced WildFire,Advanced WildFire capability delivered within Prisma Access Remote Networks SKU-0488,P0488,324741,1298964
F02208,AI Access Security,AI Access Security capability delivered within Prisma Access Remote Networks SKU-0488,P0488,32324,129299
F02209,Advanced URL Filtering,Advanced URL Filtering capability delivered within Prisma Access Mobile Users SKU-0489,P0489,31492,125968
F02210,Advanced Threat Prevention,Advanced Threat Prevention capability delivered within Prisma Access Mobile Users SKU-0489,P0489,24488,97952
F02211,Advanced WildFire,Advanced WildFire capability delivered within Prisma Access Mobile Users SKU-0489,P0489,754924,3019699
F02212,SD-WAN,SD-WAN capability delivered within Prisma Access Mobile Users SKU-0489,P0489,18263,73055
F02213,App-ID,App-ID capability delivered within Prisma Access Mobile Users SKU-0489,P0489,5816,23266
F02214,Advanced DNS Security,Advanced DNS Security capability delivered within VM-100 SKU-0490,P0490,16364,65457
F02215,Advanced WildFire,Advanced WildFire capability delivered within VM-100 SKU-0490,P0490,384943,1539774
F02216,Advanced URL Filtering,Advanced URL Filtering capability delivered within VM-100 SKU-0490,P0490,515119,2060476
F02217,GlobalProtect,GlobalProtect capability delivered within VM-100 SKU-0490,P0490,154656,618625
F02218,Advanced Threat Prevention,Advanced Threat Prevention capability delivered within VM-100 SKU-0490,P0490,24297,97191
F02219,Decryption,Decryption capability delivered within VM-100 SKU-0490,P0490,14281,57125
F02220,Advanced Threat Prevention,Advanced Threat Prevention capability delivered within Cloud NGFW for AWS SKU-0491,P0491,964879,3859518
F02221,Advanced WildFire,Advanced WildFire capability delivered within Cloud NGFW for AWS SKU-0491,P0491,7345,29382
F02222,App-ID,App-ID capability delivered within Cloud NGFW for AWS SKU-0491,P0491,5158,20633
F02223,Advanced DNS Security,Advanced DNS Security capability delivered within PA-7500 SKU-0492,P0492,15176,60706
F02224,Enterprise DLP,Enterprise DLP capability delivered within PA-7500 SKU-0492,P0492,8383,33532
F02225,Advanced Threat Prevention,Advanced Threat Prevention capability delivered within PA-7500 SKU-0492,P0492,29673,118694
F02226,Advanced URL Filtering,Advanced URL Filtering capability delivered within PA-7500 SKU-0492,P0492,12047,48188
F02227,App-ID,App-ID capability delivered within PA-7500 SKU-0492,P0492,118580,474322
F02228,Decryption,Decryption capability delivered within PA-7500 SKU-0492,P0492,30004,120017
F02229,Decryption,Decryption capability delivered within VM-500 SKU-0493,P0493,207998,831993
F02230,Advanced DNS Security,Advanced DNS Security capability delivered within VM-500 SKU-0493,P0493,9326,37306
F02231,Advanced WildFire,Advanced WildFire capability delivered within VM-500 SKU-0493,P0493,39962,159848
F02232,Enterprise DLP,Enterprise DLP capability delivered within VM-500 SKU-0493,P0493,200322,801291
F02233,Advanced URL Filtering,Advanced URL Filtering capability delivered within VM-500 SKU-0493,P0493,595533,2382132
F02234,IoT/OT Security,IoT/OT Security capability delivered within PA-7500 SKU-0494,P0494,9802,39209
F02235,Advanced URL Filtering,Advanced URL Filtering capability delivered within PA-7500 SKU-0494,P0494,409686,1638744
F02236,App-ID,App-ID capability delivered within PA-7500 SKU-0494,P0494,4115,16461
F02237,Advanced Threat Prevention,Advanced Threat Prevention capability delivered within PA-7500 SKU-0494,P0494,20427,81711
F02238,Advanced DNS Security,Advanced DNS Security capability delivered within PA-7500 SKU-0494,P0494,7308,29234
F02239,Advanced WildFire,Advanced WildFire capability delivered within PA-440 SKU-0495,P0495,349815,1399262
F02240,IoT/OT Security,IoT/OT Security capability delivered within PA-440 SKU-0495,P0495,18886,75547
F02241,App-ID,App-ID capability delivered within PA-440 SKU-0495,P0495,158043,632172
F02242,Decryption,Decryption capability delivered within PA-440 SKU-0495,P0495,16964,67856
F02243,Advanced URL Filtering,Advanced URL Filtering capability delivered within PA-440 SKU-0495,P0495,19866,79464
F02244,Decryption,Decryption capability delivered within Cloud NGFW for AWS SKU-0496,P0496,14683,58734
F02245,Enterprise DLP,Enterprise DLP capability delivered within Cloud NGFW for AWS SKU-0496,P0496,617959,2471836
F02246,Advanced Threat Prevention,Advanced Threat Prevention capability delivered within Cloud NGFW for AWS SKU-0496,P0496,15118,60474
F02247,App-ID,App-ID capability delivered within Cloud NGFW for AWS SKU-0496,P0496,34689,138759
F02248,Advanced WildFire,Advanced WildFire capability delivered within Cloud NGFW for AWS SKU-0496,P0496,201658,806634
F02249,Advanced URL Filtering,Advanced URL Filtering capability delivered within VM-100 SKU-0497,P0497,322446,1289784
F02250,Advanced Threat Prevention,Advanced Threat Prevention capability delivered within VM-100 SKU-0497,P0497,26465,105862
F02251,App-ID,App-ID capability delivered within VM-100 SKU-0497,P0497,366382,1465529
F02252,Advanced DNS Security,Advanced DNS Security capability delivered within VM-100 SKU-0497,P0497,6425,25702
F02253,Advanced URL Filtering,Advanced URL Filtering capability delivered within VM-500 SKU-0498,P0498,9292,37168
F02254,Advanced WildFire,Advanced WildFire capability delivered within VM-500 SKU-0498,P0498,638850,2555400
F02255,App-ID,App-ID capability delivered within VM-500 SKU-0498,P0498,383345,1533380
F02256,Advanced DNS Security,Advanced DNS Security capability delivered within VM-500 SKU-0498,P0498,22956,91824
F02257,Advanced Threat Prevention,Advanced Threat Prevention capability delivered within VM-500 SKU-0498,P0498,789909,3159636
F02258,Decryption,Decryption capability delivered within VM-500 SKU-0498,P0498,12616,50466
F02259,Advanced DNS Security,Advanced DNS Security capability delivered within PA-3440 SKU-0499,P0499,6508,26035
F02260,Advanced URL Filtering,Advanced URL Filtering capability delivered within PA-3440 SKU-0499,P0499,422500,1690000
F02261,Advanced Threat Prevention,Advanced Threat Prevention capability delivered within PA-3440 SKU-0499,P0499,385716,1542866
F02262,App-ID,App-ID capability delivered within PA-3440 SKU-0499,P0499,9973,39893
F02263,Advanced WildFire,Advanced WildFire capability delivered within PA-3440 SKU-0499,P0499,1098039,4392157
F02264,Decryption,Decryption capability delivered within PA-3440 SKU-0499,P0499,9195,36780
F02265,App-ID,App-ID capability delivered within PA-3410 SKU-0500,P0500,260560,1042243
F02266,Advanced WildFire,Advanced WildFire capability delivered within PA-3410 SKU-0500,P0500,33426,133706
F02267,Decryption,Decryption capability delivered within PA-3410 SKU-0500,P0500,25683,102733
F02268,Advanced Threat Prevention,Advanced Threat Prevention capability delivered within PA-3410 SKU-0500,P0500,10533,42132
