cust_id,product_id,month,lur,util_health,feature_adoption,sustained_usage,ttv_score,ever_active_before,arr,vrs,flag_single_feature_dependency,flag_expansion,state,cust_name,segment,region,product_name,product_platform
C0002,P0149,2025-07-01,0.0,0.0,0.0,0.0,,0,137504.95,0.0,false,false,Grace Period,Doyle Ltd,Mid-Market,APAC,PA-5410 SKU-0149,hardware_ngfw
C0002,P0149,2025-08-01,0.0,0.0,0.0,0.0,0.467,0,137504.95,7.0,false,false,Shelfware Risk,Doyle Ltd,Mid-Market,APAC,PA-5410 SKU-0149,hardware_ngfw
C0002,P0149,2025-09-01,0.22,0.444,0.0,0.5,0.467,0,137504.95,35.0,false,false,Onboarding Stall,Doyle Ltd,Mid-Market,APAC,PA-5410 SKU-0149,hardware_ngfw
C0002,P0149,2025-10-01,0.48,0.756,0.14,0.8,0.467,1,137504.95,57.0,false,false,Onboarding Stall,Doyle Ltd,Mid-Market,APAC,PA-5410 SKU-0149,hardware_ngfw
C0002,P0149,2025-11-01,0.663,0.916,0.14,1.0,0.467,1,137504.95,67.5,false,false,Onboarding Stall,Doyle Ltd,Mid-Market,APAC,PA-5410 SKU-0149,hardware_ngfw
C0002,P0149,2025-12-01,0.481,0.757,0.14,1.0,0.467,1,137504.95,62.0,false,false,Onboarding Stall,Doyle Ltd,Mid-Market,APAC,PA-5410 SKU-0149,hardware_ngfw
C0002,P0149,2026-01-01,0.553,0.843,0.14,1.0,0.467,1,137504.95,65.0,false,false,Onboarding Stall,Doyle Ltd,Mid-Market,APAC,PA-5410 SKU-0149,hardware_ngfw
C0002,P0149,2026-02-01,0.671,0.918,0.14,1.0,0.467,1,137504.95,67.6,false,false,Onboarding Stall,Doyle Ltd,Mid-Market,APAC,PA-5410 SKU-0149,hardware_ngfw
C0002,P0149,2026-03-01,0.779,0.945,0.2,1.0,0.467,1,137504.95,70.1,false,false,Onboarding Stall,Doyle Ltd,Mid-Market,APAC,PA-5410 SKU-0149,hardware_ngfw
C0002,P0149,2026-04-01,0.932,0.983,0.14,1.0,0.467,1,137504.95,69.9,true,false,Onboarding Stall,Doyle Ltd,Mid-Market,APAC,PA-5410 SKU-0149,hardware_ngfw
C0002,P0149,2026-05-01,0.686,0.922,0.28,1.0,0.467,1,137504.95,71.3,false,false,Onboarding Stall,Doyle Ltd,Mid-Market,APAC,PA-5410 SKU-0149,hardware_ngfw
C0002,P0149,2026-06-01,0.705,0.926,0.4,1.0,0.467,1,137504.95,74.4,false,false,Value Realized,Doyle Ltd,Mid-Market,APAC,PA-5410 SKU-0149,hardware_ngfw
C0006,P0061,2025-08-01,0.708,0.927,0.167,1.0,1.0,0,34589.04,76.6,false,false,Value Realized,"Gardner, Robinson and Lawrence",Mid-Market,AMER,Prisma Access Remote Networks SKU-0061,sase
C0006,P0061,2025-09-01,0.746,0.937,0.4,1.0,1.0,1,34589.04,82.8,false,false,Value Realized,"Gardner, Robinson and Lawrence",Mid-Market,AMER,Prisma Access Remote Networks SKU-0061,sase
C0006,P0061,2025-10-01,0.929,0.982,0.35,1.0,1.0,1,34589.04,83.1,false,false,Value Realized,"Gardner, Robinson and Lawrence",Mid-Market,AMER,Prisma Access Remote Networks SKU-0061,sase
C0006,P0061,2025-11-01,0.977,0.994,0.5,1.0,1.0,1,34589.04,87.3,false,false,Value Realized,"Gardner, Robinson and Lawrence",Mid-Market,AMER,Prisma Access Remote Networks SKU-0061,sase
C0006,P0061,2025-12-01,0.713,0.928,0.4,1.0,1.0,1,34589.04,82.5,false,false,Value Realized,"Gardner, Robinson and Lawrence",Mid-Market,AMER,Prisma Access Remote Networks SKU-0061,sase
C0006,P0061,2026-01-01,0.737,0.934,0.35,1.0,1.0,1,34589.04,81.4,false,false,Value Realized,"Gardner, Robinson and Lawrence",Mid-Market,AMER,Prisma Access Remote Networks SKU-0061,sase
C0006,P0061,2026-02-01,0.846,0.961,0.517,1.0,1.0,1,34589.04,86.6,false,false,Value Realized,"Gardner, Robinson and Lawrence",Mid-Market,AMER,Prisma Access Remote Networks SKU-0061,sase
C0006,P0061,2026-03-01,0.596,0.895,0.567,1.0,1.0,1,34589.04,85.5,false,false,Value Realized,"Gardner, Robinson and Lawrence",Mid-Market,AMER,Prisma Access Remote Networks SKU-0061,sase
C0006,P0061,2026-04-01,0.539,0.827,0.633,1.0,1.0,1,34589.04,84.8,false,false,Value Realized,"Gardner, Robinson and Lawrence",Mid-Market,AMER,Prisma Access Remote Networks SKU-0061,sase
C0006,P0061,2026-05-01,0.613,0.903,0.733,1.0,1.0,1,34589.04,89.9,false,false,Value Realized,"Gardner, Robinson and Lawrence",Mid-Market,AMER,Prisma Access Remote Networks SKU-0061,sase
C0006,P0061,2026-06-01,0.586,0.883,0.583,1.0,1.0,1,34589.04,85.5,false,false,Value Realized,"Gardner, Robinson and Lawrence",Mid-Market,AMER,Prisma Access Remote Networks SKU-0061,sase
C0009,P0032,2025-07-01,1.126,1.0,0.75,1.0,1.0,0,26167.08,93.8,false,false,Value Realized,Garcia-James,Mid-Market,AMER,VM-700 SKU-0032,software_ngfw
C0009,P0032,2025-08-01,1.349,0.8,1.0,1.0,1.0,1,26167.08,93.0,false,true,Value Realized,Garcia-James,Mid-Market,AMER,VM-700 SKU-0032,software_ngfw
C0009,P0032,2025-09-01,1.352,0.8,1.0,1.0,1.0,1,26167.08,93.0,false,true,Value Realized,Garcia-James,Mid-Market,AMER,VM-700 SKU-0032,software_ngfw
C0009,P0032,2025-10-01,1.518,0.8,1.0,1.0,1.0,1,26167.08,93.0,false,true,Value Realized,Garcia-James,Mid-Market,AMER,VM-700 SKU-0032,software_ngfw
C0009,P0032,2025-11-01,1.368,0.8,1.0,1.0,1.0,1,26167.08,93.0,false,true,Value Realized,Garcia-James,Mid-Market,AMER,VM-700 SKU-0032,software_ngfw
C0009,P0032,2025-12-01,1.383,0.8,1.0,1.0,1.0,1,26167.08,93.0,false,true,Value Realized,Garcia-James,Mid-Market,AMER,VM-700 SKU-0032,software_ngfw
C0009,P0032,2026-01-01,1.715,0.8,1.0,1.0,1.0,1,26167.08,93.0,false,true,Value Realized,Garcia-James,Mid-Market,AMER,VM-700 SKU-0032,software_ngfw
C0009,P0032,2026-02-01,1.36,0.8,1.0,1.0,1.0,1,26167.08,93.0,false,true,Value Realized,Garcia-James,Mid-Market,AMER,VM-700 SKU-0032,software_ngfw
C0009,P0032,2026-03-01,1.344,0.8,1.0,1.0,1.0,1,26167.08,93.0,false,true,Value Realized,Garcia-James,Mid-Market,AMER,VM-700 SKU-0032,software_ngfw
C0009,P0032,2026-04-01,1.479,0.8,1.0,1.0,1.0,1,26167.08,93.0,false,true,Value Realized,Garcia-James,Mid-Market,AMER,VM-700 SKU-0032,software_ngfw
C0009,P0032,2026-05-01,1.58,0.8,1.0,1.0,1.0,1,26167.08,93.0,false,true,Value Realized,Garcia-James,Mid-Market,AMER,VM-700 SKU-0032,software_ngfw
C0009,P0032,2026-06-01,1.321,0.8,1.0,1.0,1.0,1,26167.08,93.0,false,true,Value Realized,Garcia-James,Mid-Market,AMER,VM-700 SKU-0032,software_ngfw
C0011,P0391,2025-07-01,1.494,0.8,0.25,1.0,1.0,0,1099509.48,74.3,false,true,Value Realized,Blair PLC,Enterprise,AMER,PA-3440 SKU-0391,hardware_ngfw
C0011,P0391,2025-08-01,1.473,0.8,0.75,1.0,1.0,1,1099509.48,86.8,false,true,Value Realized,Blair PLC,Enterprise,AMER,PA-3440 SKU-0391,hardware_ngfw
C0011,P0391,2025-09-01,1.251,0.8,0.75,1.0,1.0,1,1099509.48,86.8,false,true,Value Realized,Blair PLC,Enterprise,AMER,PA-3440 SKU-0391,hardware_ngfw
C0011,P0391,2025-10-01,1.27,0.8,0.75,1.0,1.0,1,1099509.48,86.8,false,true,Value Realized,Blair PLC,Enterprise,AMER,PA-3440 SKU-0391,hardware_ngfw
C0011,P0391,2025-11-01,1.219,0.8,0.75,1.0,1.0,1,1099509.48,86.8,false,true,Value Realized,Blair PLC,Enterprise,AMER,PA-3440 SKU-0391,hardware_ngfw
C0011,P0391,2025-12-01,1.256,0.8,0.75,1.0,1.0,1,1099509.48,86.8,false,true,Value Realized,Blair PLC,Enterprise,AMER,PA-3440 SKU-0391,hardware_ngfw
C0011,P0391,2026-01-01,1.125,1.0,0.75,1.0,1.0,1,1099509.48,93.8,false,false,Value Realized,Blair PLC,Enterprise,AMER,PA-3440 SKU-0391,hardware_ngfw
C0011,P0391,2026-02-01,1.402,0.8,0.75,1.0,1.0,1,1099509.48,86.8,false,true,Value Realized,Blair PLC,Enterprise,AMER,PA-3440 SKU-0391,hardware_ngfw
C0011,P0391,2026-03-01,1.586,0.8,0.75,1.0,1.0,1,1099509.48,86.8,false,true,Value Realized,Blair PLC,Enterprise,AMER,PA-3440 SKU-0391,hardware_ngfw
C0011,P0391,2026-04-01,1.342,0.8,0.75,1.0,1.0,1,1099509.48,86.8,false,true,Value Realized,Blair PLC,Enterprise,AMER,PA-3440 SKU-0391,hardware_ngfw
C0011,P0391,2026-05-01,1.543,0.8,0.75,1.0,1.0,1,1099509.48,86.8,false,true,Value Realized,Blair PLC,Enterprise,AMER,PA-3440 SKU-0391,hardware_ngfw
C0011,P0391,2026-06-01,1.251,0.8,0.75,1.0,1.0,1,1099509.48,86.8,false,true,Value Realized,Blair PLC,Enterprise,AMER,PA-3440 SKU-0391,hardware_ngfw
C0016,P0210,2025-07-01,0.0,0.0,0.0,0.0,,0,57647.52,0.0,false,false,Grace Period,Galloway-Wyatt,Enterprise,EMEA,Cloud NGFW for Azure SKU-0210,cloud_ngfw
C0016,P0210,2025-08-01,0.0,0.0,0.0,0.0,0.0,0,57647.52,0.0,false,false,Shelfware Risk,Galloway-Wyatt,Enterprise,EMEA,Cloud NGFW for Azure SKU-0210,cloud_ngfw
C0016,P0210,2025-09-01,0.0,0.0,0.0,0.0,0.0,0,57647.52,0.0,false,false,Shelfware Risk,Galloway-Wyatt,Enterprise,EMEA,Cloud NGFW for Azure SKU-0210,cloud_ngfw
C0016,P0210,2025-10-01,0.0,0.0,0.0,0.0,0.0,0,57647.52,0.0,false,false,Shelfware Risk,Galloway-Wyatt,Enterprise,EMEA,Cloud NGFW for Azure SKU-0210,cloud_ngfw
C0016,P0210,2025-11-01,0.0,0.0,0.0,0.0,0.0,0,57647.52,0.0,false,false,Shelfware Risk,Galloway-Wyatt,Enterprise,EMEA,Cloud NGFW for Azure SKU-0210,cloud_ngfw
C0016,P0210,2025-12-01,0.0,0.0,0.0,0.0,0.0,0,57647.52,0.0,false,false,Shelfware Risk,Galloway-Wyatt,Enterprise,EMEA,Cloud NGFW for Azure SKU-0210,cloud_ngfw
C0016,P0210,2026-01-01,0.0,0.0,0.0,0.0,0.0,0,57647.52,0.0,false,false,Shelfware Risk,Galloway-Wyatt,Enterprise,EMEA,Cloud NGFW for Azure SKU-0210,cloud_ngfw
C0016,P0210,2026-02-01,0.0,0.0,0.0,0.0,0.0,0,57647.52,0.0,false,false,Shelfware Risk,Galloway-Wyatt,Enterprise,EMEA,Cloud NGFW for Azure SKU-0210,cloud_ngfw
C0016,P0210,2026-03-01,0.0,0.0,0.0,0.0,0.0,0,57647.52,0.0,false,false,Shelfware Risk,Galloway-Wyatt,Enterprise,EMEA,Cloud NGFW for Azure SKU-0210,cloud_ngfw
C0016,P0210,2026-04-01,0.0,0.0,0.0,0.0,0.0,0,57647.52,0.0,false,false,Shelfware Risk,Galloway-Wyatt,Enterprise,EMEA,Cloud NGFW for Azure SKU-0210,cloud_ngfw
C0016,P0210,2026-05-01,0.0,0.0,0.0,0.0,0.0,0,57647.52,0.0,false,false,Shelfware Risk,Galloway-Wyatt,Enterprise,EMEA,Cloud NGFW for Azure SKU-0210,cloud_ngfw
C0016,P0210,2026-06-01,0.0,0.0,0.0,0.0,0.0,0,57647.52,0.0,false,false,Shelfware Risk,Galloway-Wyatt,Enterprise,EMEA,Cloud NGFW for Azure SKU-0210,cloud_ngfw
C0026,P0375,2025-07-01,1.576,0.8,0.5,1.0,1.0,0,53530.18,80.5,false,true,Value Realized,Wilkerson-Day,Mid-Market,AMER,Cloud NGFW for AWS SKU-0375,cloud_ngfw
C0026,P0375,2025-08-01,1.398,0.8,0.833,1.0,1.0,1,53530.18,88.8,false,true,Value Realized,Wilkerson-Day,Mid-Market,AMER,Cloud NGFW for AWS SKU-0375,cloud_ngfw
C0026,P0375,2025-09-01,1.176,1.0,0.833,1.0,1.0,1,53530.18,95.8,false,false,Value Realized,Wilkerson-Day,Mid-Market,AMER,Cloud NGFW for AWS SKU-0375,cloud_ngfw
C0026,P0375,2025-10-01,1.464,0.8,0.833,1.0,1.0,1,53530.18,88.8,false,true,Value Realized,Wilkerson-Day,Mid-Market,AMER,Cloud NGFW for AWS SKU-0375,cloud_ngfw
C0026,P0375,2025-11-01,1.36,0.8,0.833,1.0,1.0,1,53530.18,88.8,false,true,Value Realized,Wilkerson-Day,Mid-Market,AMER,Cloud NGFW for AWS SKU-0375,cloud_ngfw
C0026,P0375,2025-12-01,1.45,0.8,0.833,1.0,1.0,1,53530.18,88.8,false,true,Value Realized,Wilkerson-Day,Mid-Market,AMER,Cloud NGFW for AWS SKU-0375,cloud_ngfw
C0026,P0375,2026-01-01,1.53,0.8,0.833,1.0,1.0,1,53530.18,88.8,false,true,Value Realized,Wilkerson-Day,Mid-Market,AMER,Cloud NGFW for AWS SKU-0375,cloud_ngfw
C0026,P0375,2026-02-01,1.382,0.8,0.833,1.0,1.0,1,53530.18,88.8,false,true,Value Realized,Wilkerson-Day,Mid-Market,AMER,Cloud NGFW for AWS SKU-0375,cloud_ngfw
C0026,P0375,2026-03-01,1.426,0.8,0.833,1.0,1.0,1,53530.18,88.8,false,true,Value Realized,Wilkerson-Day,Mid-Market,AMER,Cloud NGFW for AWS SKU-0375,cloud_ngfw
C0026,P0375,2026-04-01,1.498,0.8,0.833,1.0,1.0,1,53530.18,88.8,false,true,Value Realized,Wilkerson-Day,Mid-Market,AMER,Cloud NGFW for AWS SKU-0375,cloud_ngfw
C0026,P0375,2026-05-01,1.489,0.8,0.833,1.0,1.0,1,53530.18,88.8,false,true,Value Realized,Wilkerson-Day,Mid-Market,AMER,Cloud NGFW for AWS SKU-0375,cloud_ngfw
C0026,P0375,2026-06-01,1.274,0.8,0.833,1.0,1.0,1,53530.18,88.8,false,true,Value Realized,Wilkerson-Day,Mid-Market,AMER,Cloud NGFW for AWS SKU-0375,cloud_ngfw
C0027,P0248,2025-07-01,0.671,0.918,0.14,1.0,1.0,0,40260.96,75.6,false,false,Value Realized,Baker and Sons,Enterprise,AMER,VM-500 SKU-0248,software_ngfw
C0027,P0248,2025-08-01,0.526,0.811,0.14,1.0,1.0,1,40260.96,71.9,false,false,Value Realized,Baker and Sons,Enterprise,AMER,VM-500 SKU-0248,software_ngfw
C0027,P0248,2025-09-01,0.866,0.967,0.14,1.0,1.0,1,40260.96,77.3,false,false,Value Realized,Baker and Sons,Enterprise,AMER,VM-500 SKU-0248,software_ngfw
C0027,P0248,2025-10-01,0.567,0.86,0.14,1.0,1.0,1,40260.96,73.6,false,false,Value Realized,Baker and Sons,Enterprise,AMER,VM-500 SKU-0248,software_ngfw
C0027,P0248,2025-11-01,0.623,0.906,0.34,1.0,1.0,1,40260.96,80.2,false,false,Value Realized,Baker and Sons,Enterprise,AMER,VM-500 SKU-0248,software_ngfw
C0027,P0248,2025-12-01,1.096,1.0,0.28,1.0,1.0,1,40260.96,82.0,false,false,Value Realized,Baker and Sons,Enterprise,AMER,VM-500 SKU-0248,software_ngfw
C0027,P0248,2026-01-01,0.812,0.953,0.34,1.0,1.0,1,40260.96,81.9,false,false,Value Realized,Baker and Sons,Enterprise,AMER,VM-500 SKU-0248,software_ngfw
C0027,P0248,2026-02-01,0.725,0.931,0.28,1.0,1.0,1,40260.96,79.6,false,false,Value Realized,Baker and Sons,Enterprise,AMER,VM-500 SKU-0248,software_ngfw
C0027,P0248,2026-03-01,0.947,0.987,0.34,1.0,1.0,1,40260.96,83.0,false,false,Value Realized,Baker and Sons,Enterprise,AMER,VM-500 SKU-0248,software_ngfw
C0027,P0248,2026-04-01,0.772,0.943,0.34,1.0,1.0,1,40260.96,81.5,false,false,Value Realized,Baker and Sons,Enterprise,AMER,VM-500 SKU-0248,software_ngfw
C0027,P0248,2026-05-01,0.858,0.964,0.28,1.0,1.0,1,40260.96,80.8,false,false,Value Realized,Baker and Sons,Enterprise,AMER,VM-500 SKU-0248,software_ngfw
C0027,P0248,2026-06-01,0.687,0.922,0.34,1.0,1.0,1,40260.96,80.8,false,false,Value Realized,Baker and Sons,Enterprise,AMER,VM-500 SKU-0248,software_ngfw
C0028,P0482,2025-07-01,0.72,0.93,0.0,1.0,1.0,0,899047.68,72.5,false,false,Value Realized,"Hoffman, Baker and Richards",Enterprise,AMER,Prisma Access Browser SKU-0482,sase
C0028,P0482,2025-08-01,0.856,0.964,0.0,1.0,1.0,1,899047.68,73.7,false,false,Value Realized,"Hoffman, Baker and Richards",Enterprise,AMER,Prisma Access Browser SKU-0482,sase
C0028,P0482,2025-09-01,0.703,0.926,0.0,1.0,1.0,1,899047.68,72.4,false,false,Value Realized,"Hoffman, Baker and Richards",Enterprise,AMER,Prisma Access Browser SKU-0482,sase
C0028,P0482,2025-10-01,0.799,0.95,0.0,1.0,1.0,1,899047.68,73.2,false,false,Value Realized,"Hoffman, Baker and Richards",Enterprise,AMER,Prisma Access Browser SKU-0482,sase
C0028,P0482,2025-11-01,0.627,0.907,0.25,1.0,1.0,1,899047.68,78.0,false,false,Value Realized,"Hoffman, Baker and Richards",Enterprise,AMER,Prisma Access Browser SKU-0482,sase
C0028,P0482,2025-12-01,0.631,0.908,0.175,1.0,1.0,1,899047.68,76.1,false,false,Value Realized,"Hoffman, Baker and Richards",Enterprise,AMER,Prisma Access Browser SKU-0482,sase
C0028,P0482,2026-01-01,0.611,0.903,0.25,1.0,1.0,1,899047.68,77.8,false,false,Value Realized,"Hoffman, Baker and Richards",Enterprise,AMER,Prisma Access Browser SKU-0482,sase
C0028,P0482,2026-02-01,1.013,1.0,0.175,1.0,1.0,1,899047.68,79.4,true,false,Value Realized,"Hoffman, Baker and Richards",Enterprise,AMER,Prisma Access Browser SKU-0482,sase
C0028,P0482,2026-03-01,0.622,0.906,0.425,1.0,1.0,1,899047.68,82.3,false,false,Value Realized,"Hoffman, Baker and Richards",Enterprise,AMER,Prisma Access Browser SKU-0482,sase
C0028,P0482,2026-04-01,0.667,0.917,0.35,1.0,1.0,1,899047.68,80.8,false,false,Value Realized,"Hoffman, Baker and Richards",Enterprise,AMER,Prisma Access Browser SKU-0482,sase
C0028,P0482,2026-05-01,0.463,0.736,0.425,1.0,1.0,1,899047.68,76.4,false,false,Value Realized,"Hoffman, Baker and Richards",Enterprise,AMER,Prisma Access Browser SKU-0482,sase
C0028,P0482,2026-06-01,1.051,1.0,0.425,1.0,1.0,1,899047.68,85.6,false,false,Value Realized,"Hoffman, Baker and Richards",Enterprise,AMER,Prisma Access Browser SKU-0482,sase
C0029,P0403,2025-07-01,0.0,0.0,0.0,0.0,,0,50957.84,0.0,false,false,Grace Period,"Ross, Robinson and Bright",Enterprise,EMEA,Prisma Access Browser SKU-0403,sase
C0029,P0403,2025-08-01,0.0,0.0,0.0,0.0,0.0,0,50957.84,0.0,false,false,Shelfware Risk,"Ross, Robinson and Bright",Enterprise,EMEA,Prisma Access Browser SKU-0403,sase
C0029,P0403,2025-09-01,0.0,0.0,0.0,0.0,0.0,0,50957.84,0.0,false,false,Shelfware Risk,"Ross, Robinson and Bright",Enterprise,EMEA,Prisma Access Browser SKU-0403,sase
C0029,P0403,2025-10-01,0.0,0.0,0.0,0.0,0.0,0,50957.84,0.0,false,false,Shelfware Risk,"Ross, Robinson and Bright",Enterprise,EMEA,Prisma Access Browser SKU-0403,sase
C0029,P0403,2025-11-01,0.0,0.0,0.0,0.0,0.0,0,50957.84,0.0,false,false,Shelfware Risk,"Ross, Robinson and Bright",Enterprise,EMEA,Prisma Access Browser SKU-0403,sase
C0029,P0403,2025-12-01,0.0,0.0,0.0,0.0,0.0,0,50957.84,0.0,false,false,Shelfware Risk,"Ross, Robinson and Bright",Enterprise,EMEA,Prisma Access Browser SKU-0403,sase
C0029,P0403,2026-01-01,0.0,0.0,0.0,0.0,0.0,0,50957.84,0.0,false,false,Shelfware Risk,"Ross, Robinson and Bright",Enterprise,EMEA,Prisma Access Browser SKU-0403,sase
C0029,P0403,2026-02-01,0.0,0.0,0.0,0.0,0.0,0,50957.84,0.0,false,false,Shelfware Risk,"Ross, Robinson and Bright",Enterprise,EMEA,Prisma Access Browser SKU-0403,sase
C0029,P0403,2026-03-01,0.0,0.0,0.0,0.0,0.0,0,50957.84,0.0,false,false,Shelfware Risk,"Ross, Robinson and Bright",Enterprise,EMEA,Prisma Access Browser SKU-0403,sase
C0029,P0403,2026-04-01,0.0,0.0,0.0,0.0,0.0,0,50957.84,0.0,false,false,Shelfware Risk,"Ross, Robinson and Bright",Enterprise,EMEA,Prisma Access Browser SKU-0403,sase
C0029,P0403,2026-05-01,0.0,0.0,0.0,0.0,0.0,0,50957.84,0.0,false,false,Shelfware Risk,"Ross, Robinson and Bright",Enterprise,EMEA,Prisma Access Browser SKU-0403,sase
C0029,P0403,2026-06-01,0.0,0.0,0.0,0.0,0.0,0,50957.84,0.0,false,false,Shelfware Risk,"Ross, Robinson and Bright",Enterprise,EMEA,Prisma Access Browser SKU-0403,sase
C0031,P0014,2025-07-01,1.18,1.0,0.25,1.0,1.0,0,8124.87,81.3,false,false,Value Realized,Burton Ltd,Enterprise,AMER,CN-Series SKU-0014,software_ngfw
C0031,P0014,2025-08-01,1.351,0.8,0.5,1.0,1.0,1,8124.87,80.5,false,true,Value Realized,Burton Ltd,Enterprise,AMER,CN-Series SKU-0014,software_ngfw
C0031,P0014,2025-09-01,1.31,0.8,0.5,1.0,1.0,1,8124.87,80.5,false,true,Value Realized,Burton Ltd,Enterprise,AMER,CN-Series SKU-0014,software_ngfw
C0031,P0014,2025-10-01,1.537,0.8,0.5,1.0,1.0,1,8124.87,80.5,false,true,Value Realized,Burton Ltd,Enterprise,AMER,CN-Series SKU-0014,software_ngfw
C0031,P0014,2025-11-01,1.254,0.8,0.5,1.0,1.0,1,8124.87,80.5,false,true,Value Realized,Burton Ltd,Enterprise,AMER,CN-Series SKU-0014,software_ngfw
C0031,P0014,2025-12-01,1.573,0.8,0.5,1.0,1.0,1,8124.87,80.5,false,true,Value Realized,Burton Ltd,Enterprise,AMER,CN-Series SKU-0014,software_ngfw
C0031,P0014,2026-01-01,1.495,0.8,0.5,1.0,1.0,1,8124.87,80.5,false,true,Value Realized,Burton Ltd,Enterprise,AMER,CN-Series SKU-0014,software_ngfw
C0031,P0014,2026-02-01,1.438,0.8,0.5,1.0,1.0,1,8124.87,80.5,false,true,Value Realized,Burton Ltd,Enterprise,AMER,CN-Series SKU-0014,software_ngfw
C0031,P0014,2026-03-01,1.444,0.8,0.5,1.0,1.0,1,8124.87,80.5,false,true,Value Realized,Burton Ltd,Enterprise,AMER,CN-Series SKU-0014,software_ngfw
C0031,P0014,2026-04-01,1.26,0.8,0.5,1.0,1.0,1,8124.87,80.5,false,true,Value Realized,Burton Ltd,Enterprise,AMER,CN-Series SKU-0014,software_ngfw
C0031,P0014,2026-05-01,1.259,0.8,0.5,1.0,1.0,1,8124.87,80.5,false,true,Value Realized,Burton Ltd,Enterprise,AMER,CN-Series SKU-0014,software_ngfw
C0031,P0014,2026-06-01,1.615,0.8,0.5,1.0,1.0,1,8124.87,80.5,false,true,Value Realized,Burton Ltd,Enterprise,AMER,CN-Series SKU-0014,software_ngfw
C0039,P0413,2025-07-01,0.628,0.907,0.333,1.0,1.0,0,148783.3,80.1,false,false,Value Realized,Harrell LLC,Mid-Market,AMER,PA-7500 SKU-0413,hardware_ngfw
C0039,P0413,2025-08-01,0.708,0.927,0.233,1.0,1.0,1,148783.3,78.3,false,false,Value Realized,Harrell LLC,Mid-Market,AMER,PA-7500 SKU-0413,hardware_ngfw
C0039,P0413,2025-09-01,0.628,0.907,0.233,1.0,1.0,1,148783.3,77.6,false,false,Value Realized,Harrell LLC,Mid-Market,AMER,PA-7500 SKU-0413,hardware_ngfw
C0039,P0413,2025-10-01,0.688,0.922,0.333,1.0,1.0,1,148783.3,80.6,false,false,Value Realized,Harrell LLC,Mid-Market,AMER,PA-7500 SKU-0413,hardware_ngfw
C0039,P0413,2025-11-01,0.68,0.92,0.233,1.0,1.0,1,148783.3,78.0,false,false,Value Realized,Harrell LLC,Mid-Market,AMER,PA-7500 SKU-0413,hardware_ngfw
C0039,P0413,2025-12-01,0.758,0.94,0.233,1.0,1.0,1,148783.3,78.7,false,false,Value Realized,Harrell LLC,Mid-Market,AMER,PA-7500 SKU-0413,hardware_ngfw
C0039,P0413,2026-01-01,0.666,0.917,0.233,1.0,1.0,1,148783.3,77.9,false,false,Value Realized,Harrell LLC,Mid-Market,AMER,PA-7500 SKU-0413,hardware_ngfw
C0039,P0413,2026-02-01,0.604,0.901,0.333,1.0,1.0,1,148783.3,79.9,false,false,Value Realized,Harrell LLC,Mid-Market,AMER,PA-7500 SKU-0413,hardware_ngfw
C0039,P0413,2026-03-01,0.714,0.929,0.333,1.0,1.0,1,148783.3,80.8,false,false,Value Realized,Harrell LLC,Mid-Market,AMER,PA-7500 SKU-0413,hardware_ngfw
C0039,P0413,2026-04-01,0.684,0.921,0.333,1.0,1.0,1,148783.3,80.6,false,false,Value Realized,Harrell LLC,Mid-Market,AMER,PA-7500 SKU-0413,hardware_ngfw
C0039,P0413,2026-05-01,0.784,0.946,0.233,1.0,1.0,1,148783.3,78.9,false,false,Value Realized,Harrell LLC,Mid-Market,AMER,PA-7500 SKU-0413,hardware_ngfw
C0039,P0413,2026-06-01,0.904,0.976,0.233,1.0,1.0,1,148783.3,80.0,true,false,Value Realized,Harrell LLC,Mid-Market,AMER,PA-7500 SKU-0413,hardware_ngfw
C0041,P0154,2025-07-01,0.854,0.964,0.14,1.0,1.0,0,23960.25,77.2,false,false,Value Realized,Ryan PLC,Mid-Market,AMER,Cloud NGFW for Azure SKU-0154,cloud_ngfw
C0041,P0154,2025-08-01,1.084,1.0,0.14,1.0,1.0,1,23960.25,78.5,true,false,Value Realized,Ryan PLC,Mid-Market,AMER,Cloud NGFW for Azure SKU-0154,cloud_ngfw
C0041,P0154,2025-09-01,0.784,0.946,0.14,1.0,1.0,1,23960.25,76.6,false,false,Value Realized,Ryan PLC,Mid-Market,AMER,Cloud NGFW for Azure SKU-0154,cloud_ngfw
C0041,P0154,2025-10-01,0.889,0.972,0.2,1.0,1.0,1,23960.25,79.0,false,false,Value Realized,Ryan PLC,Mid-Market,AMER,Cloud NGFW for Azure SKU-0154,cloud_ngfw
C0041,P0154,2025-11-01,0.741,0.935,0.28,1.0,1.0,1,23960.25,79.7,false,false,Value Realized,Ryan PLC,Mid-Market,AMER,Cloud NGFW for Azure SKU-0154,cloud_ngfw
C0041,P0154,2025-12-01,0.916,0.979,0.34,1.0,1.0,1,23960.25,82.8,false,false,Value Realized,Ryan PLC,Mid-Market,AMER,Cloud NGFW for Azure SKU-0154,cloud_ngfw
C0041,P0154,2026-01-01,0.543,0.832,0.34,1.0,1.0,1,23960.25,77.6,false,false,Value Realized,Ryan PLC,Mid-Market,AMER,Cloud NGFW for Azure SKU-0154,cloud_ngfw
C0041,P0154,2026-02-01,0.743,0.936,0.4,1.0,1.0,1,23960.25,82.7,false,false,Value Realized,Ryan PLC,Mid-Market,AMER,Cloud NGFW for Azure SKU-0154,cloud_ngfw
C0041,P0154,2026-03-01,0.775,0.944,0.34,1.0,1.0,1,23960.25,81.5,false,false,Value Realized,Ryan PLC,Mid-Market,AMER,Cloud NGFW for Azure SKU-0154,cloud_ngfw
C0041,P0154,2026-04-01,0.676,0.919,0.56,1.0,1.0,1,23960.25,86.2,false,false,Value Realized,Ryan PLC,Mid-Market,AMER,Cloud NGFW for Azure SKU-0154,cloud_ngfw
C0041,P0154,2026-05-01,0.752,0.938,0.62,1.0,1.0,1,23960.25,88.3,false,false,Value Realized,Ryan PLC,Mid-Market,AMER,Cloud NGFW for Azure SKU-0154,cloud_ngfw
C0041,P0154,2026-06-01,0.721,0.93,0.68,1.0,1.0,1,23960.25,89.6,false,false,Value Realized,Ryan PLC,Mid-Market,AMER,Cloud NGFW for Azure SKU-0154,cloud_ngfw
C0042,P0439,2025-07-01,0.679,0.92,0.0,1.0,1.0,0,43756.85,72.2,false,false,Value Realized,George Group,Enterprise,EMEA,Prisma Access Remote Networks SKU-0439,sase
C0042,P0439,2025-08-01,0.31,0.552,0.0,1.0,1.0,1,43756.85,59.3,false,false,Developing,George Group,Enterprise,EMEA,Prisma Access Remote Networks SKU-0439,sase
C0042,P0439,2025-09-01,0.916,0.979,0.0,1.0,1.0,1,43756.85,74.3,true,false,Value Realized,George Group,Enterprise,EMEA,Prisma Access Remote Networks SKU-0439,sase
C0042,P0439,2025-10-01,0.762,0.941,0.117,1.0,1.0,1,43756.85,75.8,false,false,Value Realized,George Group,Enterprise,EMEA,Prisma Access Remote Networks SKU-0439,sase
C0042,P0439,2025-11-01,0.6,0.9,0.283,1.0,1.0,1,43756.85,78.6,false,false,Value Realized,George Group,Enterprise,EMEA,Prisma Access Remote Networks SKU-0439,sase
C0042,P0439,2025-12-01,0.655,0.914,0.45,1.0,1.0,1,43756.85,83.2,false,false,Value Realized,George Group,Enterprise,EMEA,Prisma Access Remote Networks SKU-0439,sase
C0042,P0439,2026-01-01,0.838,0.959,0.567,1.0,1.0,1,43756.85,87.7,false,false,Value Realized,George Group,Enterprise,EMEA,Prisma Access Remote Networks SKU-0439,sase
C0042,P0439,2026-02-01,0.597,0.897,0.517,1.0,1.0,1,43756.85,84.3,false,false,Value Realized,George Group,Enterprise,EMEA,Prisma Access Remote Networks SKU-0439,sase
C0042,P0439,2026-03-01,0.782,0.946,0.517,1.0,1.0,1,43756.85,86.0,false,false,Value Realized,George Group,Enterprise,EMEA,Prisma Access Remote Networks SKU-0439,sase
C0042,P0439,2026-04-01,0.754,0.938,0.567,1.0,1.0,1,43756.85,87.0,false,false,Value Realized,George Group,Enterprise,EMEA,Prisma Access Remote Networks SKU-0439,sase
C0042,P0439,2026-05-01,0.64,0.91,0.517,1.0,1.0,1,43756.85,84.8,false,false,Value Realized,George Group,Enterprise,EMEA,Prisma Access Remote Networks SKU-0439,sase
C0042,P0439,2026-06-01,0.57,0.864,0.667,1.0,1.0,1,43756.85,86.9,false,false,Value Realized,George Group,Enterprise,EMEA,Prisma Access Remote Networks SKU-0439,sase
C0045,P0079,2025-07-01,3.28,0.8,0.48,1.0,1.0,0,448264.32,80.0,false,true,Value Realized,"Arroyo, Miller and Tucker",Enterprise,LATAM,PA-5410 SKU-0079,hardware_ngfw
C0045,P0079,2025-08-01,3.129,0.8,0.48,1.0,1.0,1,448264.32,80.0,false,true,Value Realized,"Arroyo, Miller and Tucker",Enterprise,LATAM,PA-5410 SKU-0079,hardware_ngfw
C0045,P0079,2025-09-01,3.336,0.8,0.54,1.0,1.0,1,448264.32,81.5,false,true,Value Realized,"Arroyo, Miller and Tucker",Enterprise,LATAM,PA-5410 SKU-0079,hardware_ngfw
C0045,P0079,2025-10-01,0.0,0.0,0.0,0.5,1.0,1,448264.32,27.5,false,false,Lapsed,"Arroyo, Miller and Tucker",Enterprise,LATAM,PA-5410 SKU-0079,hardware_ngfw
C0045,P0079,2025-11-01,0.0,0.0,0.0,0.2,1.0,1,448264.32,20.0,false,false,Churn Signal,"Arroyo, Miller and Tucker",Enterprise,LATAM,PA-5410 SKU-0079,hardware_ngfw
C0045,P0079,2025-12-01,0.0,0.0,0.0,0.0,1.0,1,448264.32,15.0,false,false,Churn Signal,"Arroyo, Miller and Tucker",Enterprise,LATAM,PA-5410 SKU-0079,hardware_ngfw
C0045,P0079,2026-01-01,0.0,0.0,0.0,0.0,1.0,1,448264.32,15.0,false,false,Lapsed,"Arroyo, Miller and Tucker",Enterprise,LATAM,PA-5410 SKU-0079,hardware_ngfw
C0045,P0079,2026-02-01,0.0,0.0,0.0,0.0,1.0,1,448264.32,15.0,false,false,Lapsed,"Arroyo, Miller and Tucker",Enterprise,LATAM,PA-5410 SKU-0079,hardware_ngfw
C0045,P0079,2026-03-01,0.0,0.0,0.0,0.0,1.0,1,448264.32,15.0,false,false,Lapsed,"Arroyo, Miller and Tucker",Enterprise,LATAM,PA-5410 SKU-0079,hardware_ngfw
C0045,P0079,2026-04-01,0.0,0.0,0.0,0.0,1.0,1,448264.32,15.0,false,false,Lapsed,"Arroyo, Miller and Tucker",Enterprise,LATAM,PA-5410 SKU-0079,hardware_ngfw
C0045,P0079,2026-05-01,0.0,0.0,0.0,0.0,1.0,1,448264.32,15.0,false,false,Lapsed,"Arroyo, Miller and Tucker",Enterprise,LATAM,PA-5410 SKU-0079,hardware_ngfw
C0045,P0079,2026-06-01,0.0,0.0,0.0,0.0,1.0,1,448264.32,15.0,false,false,Lapsed,"Arroyo, Miller and Tucker",Enterprise,LATAM,PA-5410 SKU-0079,hardware_ngfw
C0045,P0366,2025-07-01,3.174,0.8,0.467,1.0,1.0,0,437347.58,79.7,false,true,Value Realized,"Arroyo, Miller and Tucker",Enterprise,LATAM,Prisma Access Browser SKU-0366,sase
C0045,P0366,2025-08-01,3.164,0.8,0.567,1.0,1.0,1,437347.58,82.2,false,true,Value Realized,"Arroyo, Miller and Tucker",Enterprise,LATAM,Prisma Access Browser SKU-0366,sase
C0045,P0366,2025-09-01,3.419,0.8,0.567,1.0,1.0,1,437347.58,82.2,false,true,Value Realized,"Arroyo, Miller and Tucker",Enterprise,LATAM,Prisma Access Browser SKU-0366,sase
C0045,P0366,2025-10-01,0.0,0.0,0.0,0.5,1.0,1,437347.58,27.5,false,false,Lapsed,"Arroyo, Miller and Tucker",Enterprise,LATAM,Prisma Access Browser SKU-0366,sase
C0045,P0366,2025-11-01,0.0,0.0,0.0,0.2,1.0,1,437347.58,20.0,false,false,Churn Signal,"Arroyo, Miller and Tucker",Enterprise,LATAM,Prisma Access Browser SKU-0366,sase
C0045,P0366,2025-12-01,0.0,0.0,0.0,0.0,1.0,1,437347.58,15.0,false,false,Churn Signal,"Arroyo, Miller and Tucker",Enterprise,LATAM,Prisma Access Browser SKU-0366,sase
C0045,P0366,2026-01-01,0.0,0.0,0.0,0.0,1.0,1,437347.58,15.0,false,false,Lapsed,"Arroyo, Miller and Tucker",Enterprise,LATAM,Prisma Access Browser SKU-0366,sase
C0045,P0366,2026-02-01,0.0,0.0,0.0,0.0,1.0,1,437347.58,15.0,false,false,Lapsed,"Arroyo, Miller and Tucker",Enterprise,LATAM,Prisma Access Browser SKU-0366,sase
C0045,P0366,2026-03-01,0.0,0.0,0.0,0.0,1.0,1,437347.58,15.0,false,false,Lapsed,"Arroyo, Miller and Tucker",Enterprise,LATAM,Prisma Access Browser SKU-0366,sase
C0045,P0366,2026-04-01,0.0,0.0,0.0,0.0,1.0,1,437347.58,15.0,false,false,Lapsed,"Arroyo, Miller and Tucker",Enterprise,LATAM,Prisma Access Browser SKU-0366,sase
C0045,P0366,2026-05-01,0.0,0.0,0.0,0.0,1.0,1,437347.58,15.0,false,false,Lapsed,"Arroyo, Miller and Tucker",Enterprise,LATAM,Prisma Access Browser SKU-0366,sase
C0045,P0366,2026-06-01,0.0,0.0,0.0,0.0,1.0,1,437347.58,15.0,false,false,Lapsed,"Arroyo, Miller and Tucker",Enterprise,LATAM,Prisma Access Browser SKU-0366,sase
C0051,P0145,2025-07-01,1.317,0.8,0.4,1.0,1.0,0,44296.4,78.0,false,true,Value Realized,"Brooks, Lam and Hayes",Enterprise,AMER,VM-500 SKU-0145,software_ngfw
C0051,P0145,2025-08-01,1.255,0.8,1.0,1.0,1.0,1,44296.4,93.0,false,true,Value Realized,"Brooks, Lam and Hayes",Enterprise,AMER,VM-500 SKU-0145,software_ngfw
C0051,P0145,2025-09-01,1.417,0.8,1.0,1.0,1.0,1,44296.4,93.0,false,true,Value Realized,"Brooks, Lam and Hayes",Enterprise,AMER,VM-500 SKU-0145,software_ngfw
C0051,P0145,2025-10-01,1.385,0.8,1.0,1.0,1.0,1,44296.4,93.0,false,true,Value Realized,"Brooks, Lam and Hayes",Enterprise,AMER,VM-500 SKU-0145,software_ngfw
C0051,P0145,2025-11-01,1.181,1.0,1.0,1.0,1.0,1,44296.4,100.0,false,false,Value Realized,"Brooks, Lam and Hayes",Enterprise,AMER,VM-500 SKU-0145,software_ngfw
C0051,P0145,2025-12-01,1.099,1.0,1.0,1.0,1.0,1,44296.4,100.0,false,false,Value Realized,"Brooks, Lam and Hayes",Enterprise,AMER,VM-500 SKU-0145,software_ngfw
C0051,P0145,2026-01-01,1.37,0.8,1.0,1.0,1.0,1,44296.4,93.0,false,true,Value Realized,"Brooks, Lam and Hayes",Enterprise,AMER,VM-500 SKU-0145,software_ngfw
C0051,P0145,2026-02-01,1.439,0.8,1.0,1.0,1.0,1,44296.4,93.0,false,true,Value Realized,"Brooks, Lam and Hayes",Enterprise,AMER,VM-500 SKU-0145,software_ngfw
C0051,P0145,2026-03-01,1.438,0.8,1.0,1.0,1.0,1,44296.4,93.0,false,true,Value Realized,"Brooks, Lam and Hayes",Enterprise,AMER,VM-500 SKU-0145,software_ngfw
C0051,P0145,2026-04-01,1.219,0.8,1.0,1.0,1.0,1,44296.4,93.0,false,true,Value Realized,"Brooks, Lam and Hayes",Enterprise,AMER,VM-500 SKU-0145,software_ngfw
C0051,P0145,2026-05-01,1.286,0.8,1.0,1.0,1.0,1,44296.4,93.0,false,true,Value Realized,"Brooks, Lam and Hayes",Enterprise,AMER,VM-500 SKU-0145,software_ngfw
C0051,P0145,2026-06-01,1.121,1.0,1.0,1.0,1.0,1,44296.4,100.0,false,false,Value Realized,"Brooks, Lam and Hayes",Enterprise,AMER,VM-500 SKU-0145,software_ngfw
C0053,P0239,2025-07-01,1.668,0.8,0.2,1.0,1.0,0,29749.36,73.0,true,true,Value Realized,Chapman and Sons,Mid-Market,EMEA,Cloud NGFW for AWS SKU-0239,cloud_ngfw
C0053,P0239,2025-08-01,1.475,0.8,1.0,1.0,1.0,1,29749.36,93.0,false,true,Value Realized,Chapman and Sons,Mid-Market,EMEA,Cloud NGFW for AWS SKU-0239,cloud_ngfw
C0053,P0239,2025-09-01,1.445,0.8,1.0,1.0,1.0,1,29749.36,93.0,false,true,Value Realized,Chapman and Sons,Mid-Market,EMEA,Cloud NGFW for AWS SKU-0239,cloud_ngfw
C0053,P0239,2025-10-01,1.428,0.8,1.0,1.0,1.0,1,29749.36,93.0,false,true,Value Realized,Chapman and Sons,Mid-Market,EMEA,Cloud NGFW for AWS SKU-0239,cloud_ngfw
C0053,P0239,2025-11-01,1.432,0.8,1.0,1.0,1.0,1,29749.36,93.0,false,true,Value Realized,Chapman and Sons,Mid-Market,EMEA,Cloud NGFW for AWS SKU-0239,cloud_ngfw
C0053,P0239,2025-12-01,1.362,0.8,1.0,1.0,1.0,1,29749.36,93.0,false,true,Value Realized,Chapman and Sons,Mid-Market,EMEA,Cloud NGFW for AWS SKU-0239,cloud_ngfw
C0053,P0239,2026-01-01,1.229,0.8,1.0,1.0,1.0,1,29749.36,93.0,false,true,Value Realized,Chapman and Sons,Mid-Market,EMEA,Cloud NGFW for AWS SKU-0239,cloud_ngfw
C0053,P0239,2026-02-01,1.463,0.8,1.0,1.0,1.0,1,29749.36,93.0,false,true,Value Realized,Chapman and Sons,Mid-Market,EMEA,Cloud NGFW for AWS SKU-0239,cloud_ngfw
C0053,P0239,2026-03-01,1.475,0.8,1.0,1.0,1.0,1,29749.36,93.0,false,true,Value Realized,Chapman and Sons,Mid-Market,EMEA,Cloud NGFW for AWS SKU-0239,cloud_ngfw
C0053,P0239,2026-04-01,1.485,0.8,1.0,1.0,1.0,1,29749.36,93.0,false,true,Value Realized,Chapman and Sons,Mid-Market,EMEA,Cloud NGFW for AWS SKU-0239,cloud_ngfw
C0053,P0239,2026-05-01,1.335,0.8,1.0,1.0,1.0,1,29749.36,93.0,false,true,Value Realized,Chapman and Sons,Mid-Market,EMEA,Cloud NGFW for AWS SKU-0239,cloud_ngfw
C0053,P0239,2026-06-01,1.379,0.8,1.0,1.0,1.0,1,29749.36,93.0,false,true,Value Realized,Chapman and Sons,Mid-Market,EMEA,Cloud NGFW for AWS SKU-0239,cloud_ngfw
C0056,P0419,2025-07-01,0.82,0.955,0.333,1.0,1.0,0,916028.4,81.8,false,false,Value Realized,Jones-Young,Enterprise,EMEA,PA-440 SKU-0419,hardware_ngfw
C0056,P0419,2025-08-01,0.611,0.903,0.233,1.0,1.0,1,916028.4,77.4,false,false,Value Realized,Jones-Young,Enterprise,EMEA,PA-440 SKU-0419,hardware_ngfw
C0056,P0419,2025-09-01,0.765,0.941,0.233,1.0,1.0,1,916028.4,78.8,false,false,Value Realized,Jones-Young,Enterprise,EMEA,PA-440 SKU-0419,hardware_ngfw
C0056,P0419,2025-10-01,0.779,0.945,0.333,1.0,1.0,1,916028.4,81.4,false,false,Value Realized,Jones-Young,Enterprise,EMEA,PA-440 SKU-0419,hardware_ngfw
C0056,P0419,2025-11-01,0.566,0.859,0.333,1.0,1.0,1,916028.4,78.4,false,false,Value Realized,Jones-Young,Enterprise,EMEA,PA-440 SKU-0419,hardware_ngfw
C0056,P0419,2025-12-01,0.681,0.92,0.233,1.0,1.0,1,916028.4,78.0,false,false,Value Realized,Jones-Young,Enterprise,EMEA,PA-440 SKU-0419,hardware_ngfw
C0056,P0419,2026-01-01,0.765,0.941,0.333,1.0,1.0,1,916028.4,81.3,false,false,Value Realized,Jones-Young,Enterprise,EMEA,PA-440 SKU-0419,hardware_ngfw
C0056,P0419,2026-02-01,0.799,0.95,0.233,1.0,1.0,1,916028.4,79.1,false,false,Value Realized,Jones-Young,Enterprise,EMEA,PA-440 SKU-0419,hardware_ngfw
C0056,P0419,2026-03-01,0.715,0.929,0.233,1.0,1.0,1,916028.4,78.3,false,false,Value Realized,Jones-Young,Enterprise,EMEA,PA-440 SKU-0419,hardware_ngfw
C0056,P0419,2026-04-01,0.594,0.893,0.333,1.0,1.0,1,916028.4,79.6,false,false,Value Realized,Jones-Young,Enterprise,EMEA,PA-440 SKU-0419,hardware_ngfw
C0056,P0419,2026-05-01,0.858,0.964,0.233,1.0,1.0,1,916028.4,79.6,false,false,Value Realized,Jones-Young,Enterprise,EMEA,PA-440 SKU-0419,hardware_ngfw
C0056,P0419,2026-06-01,0.783,0.946,0.333,1.0,1.0,1,916028.4,81.4,false,false,Value Realized,Jones-Young,Enterprise,EMEA,PA-440 SKU-0419,hardware_ngfw
C0056,P0460,2025-10-01,0.661,0.915,0.117,1.0,1.0,0,235008.8,74.9,false,false,Value Realized,Jones-Young,Enterprise,EMEA,PA-5410 SKU-0460,hardware_ngfw
C0056,P0460,2025-11-01,0.669,0.917,0.117,1.0,1.0,1,235008.8,75.0,false,false,Value Realized,Jones-Young,Enterprise,EMEA,PA-5410 SKU-0460,hardware_ngfw
C0056,P0460,2025-12-01,0.62,0.905,0.117,1.0,1.0,1,235008.8,74.6,false,false,Value Realized,Jones-Young,Enterprise,EMEA,PA-5410 SKU-0460,hardware_ngfw
C0056,P0460,2026-01-01,0.697,0.924,0.233,1.0,1.0,1,235008.8,78.2,false,false,Value Realized,Jones-Young,Enterprise,EMEA,PA-5410 SKU-0460,hardware_ngfw
C0056,P0460,2026-02-01,0.536,0.823,0.283,1.0,1.0,1,235008.8,75.9,false,false,Value Realized,Jones-Young,Enterprise,EMEA,PA-5410 SKU-0460,hardware_ngfw
C0056,P0460,2026-03-01,0.781,0.945,0.283,1.0,1.0,1,235008.8,80.2,false,false,Value Realized,Jones-Young,Enterprise,EMEA,PA-5410 SKU-0460,hardware_ngfw
C0056,P0460,2026-04-01,0.806,0.952,0.283,1.0,1.0,1,235008.8,80.4,false,false,Value Realized,Jones-Young,Enterprise,EMEA,PA-5410 SKU-0460,hardware_ngfw
C0056,P0460,2026-05-01,0.494,0.773,0.283,1.0,1.0,1,235008.8,74.1,false,false,Value Realized,Jones-Young,Enterprise,EMEA,PA-5410 SKU-0460,hardware_ngfw
C0056,P0460,2026-06-01,0.946,0.987,0.283,1.0,1.0,1,235008.8,81.6,false,false,Value Realized,Jones-Young,Enterprise,EMEA,PA-5410 SKU-0460,hardware_ngfw
C0057,P0227,2025-08-01,0.0,0.0,0.0,0.0,,0,90517.56,0.0,false,false,Grace Period,"Washington, Ryan and Cummings",Mid-Market,AMER,PA-3440 SKU-0227,hardware_ngfw
C0057,P0227,2025-09-01,0.0,0.0,0.0,0.0,0.0,0,90517.56,0.0,false,false,Shelfware Risk,"Washington, Ryan and Cummings",Mid-Market,AMER,PA-3440 SKU-0227,hardware_ngfw
C0057,P0227,2025-10-01,0.0,0.0,0.0,0.0,0.0,0,90517.56,0.0,false,false,Shelfware Risk,"Washington, Ryan and Cummings",Mid-Market,AMER,PA-3440 SKU-0227,hardware_ngfw
C0057,P0227,2025-11-01,0.0,0.0,0.0,0.0,0.0,0,90517.56,0.0,false,false,Shelfware Risk,"Washington, Ryan and Cummings",Mid-Market,AMER,PA-3440 SKU-0227,hardware_ngfw
C0057,P0227,2025-12-01,0.0,0.0,0.0,0.0,0.0,0,90517.56,0.0,false,false,Shelfware Risk,"Washington, Ryan and Cummings",Mid-Market,AMER,PA-3440 SKU-0227,hardware_ngfw
C0057,P0227,2026-01-01,0.0,0.0,0.0,0.0,0.0,0,90517.56,0.0,false,false,Shelfware Risk,"Washington, Ryan and Cummings",Mid-Market,AMER,PA-3440 SKU-0227,hardware_ngfw
C0057,P0227,2026-02-01,0.0,0.0,0.0,0.0,0.0,0,90517.56,0.0,false,false,Shelfware Risk,"Washington, Ryan and Cummings",Mid-Market,AMER,PA-3440 SKU-0227,hardware_ngfw
C0057,P0227,2026-03-01,0.0,0.0,0.0,0.0,0.0,0,90517.56,0.0,false,false,Shelfware Risk,"Washington, Ryan and Cummings",Mid-Market,AMER,PA-3440 SKU-0227,hardware_ngfw
C0057,P0227,2026-04-01,0.0,0.0,0.0,0.0,0.0,0,90517.56,0.0,false,false,Shelfware Risk,"Washington, Ryan and Cummings",Mid-Market,AMER,PA-3440 SKU-0227,hardware_ngfw
C0057,P0227,2026-05-01,0.0,0.0,0.0,0.0,0.0,0,90517.56,0.0,false,false,Shelfware Risk,"Washington, Ryan and Cummings",Mid-Market,AMER,PA-3440 SKU-0227,hardware_ngfw
C0057,P0227,2026-06-01,0.0,0.0,0.0,0.0,0.0,0,90517.56,0.0,false,false,Shelfware Risk,"Washington, Ryan and Cummings",Mid-Market,AMER,PA-3440 SKU-0227,hardware_ngfw
C0062,P0414,2025-07-01,0.555,0.846,0.0,1.0,1.0,0,29524.32,69.6,false,false,Developing,Powell LLC,Mid-Market,EMEA,VM-100 SKU-0414,software_ngfw
C0062,P0414,2025-08-01,0.75,0.938,0.0,1.0,1.0,1,29524.32,72.8,false,false,Value Realized,Powell LLC,Mid-Market,EMEA,VM-100 SKU-0414,software_ngfw
C0062,P0414,2025-09-01,0.65,0.912,0.0,1.0,1.0,1,29524.32,71.9,false,false,Value Realized,Powell LLC,Mid-Market,EMEA,VM-100 SKU-0414,software_ngfw
C0062,P0414,2025-10-01,0.67,0.918,0.0,1.0,1.0,1,29524.32,72.1,false,false,Value Realized,Powell LLC,Mid-Market,EMEA,VM-100 SKU-0414,software_ngfw
C0062,P0414,2025-11-01,0.552,0.842,0.117,1.0,1.0,1,29524.32,72.4,false,false,Value Realized,Powell LLC,Mid-Market,EMEA,VM-100 SKU-0414,software_ngfw
C0062,P0414,2025-12-01,0.613,0.903,0.167,1.0,1.0,1,29524.32,75.8,false,false,Value Realized,Powell LLC,Mid-Market,EMEA,VM-100 SKU-0414,software_ngfw
C0062,P0414,2026-01-01,1.028,1.0,0.283,1.0,1.0,1,29524.32,82.1,false,false,Value Realized,Powell LLC,Mid-Market,EMEA,VM-100 SKU-0414,software_ngfw
C0062,P0414,2026-02-01,0.881,0.97,0.283,1.0,1.0,1,29524.32,81.0,false,false,Value Realized,Powell LLC,Mid-Market,EMEA,VM-100 SKU-0414,software_ngfw
C0062,P0414,2026-03-01,0.786,0.947,0.283,1.0,1.0,1,29524.32,80.2,false,false,Value Realized,Powell LLC,Mid-Market,EMEA,VM-100 SKU-0414,software_ngfw
C0062,P0414,2026-04-01,0.607,0.902,0.283,1.0,1.0,1,29524.32,78.6,false,false,Value Realized,Powell LLC,Mid-Market,EMEA,VM-100 SKU-0414,software_ngfw
C0062,P0414,2026-05-01,0.971,0.993,0.233,1.0,1.0,1,29524.32,80.6,true,false,Value Realized,Powell LLC,Mid-Market,EMEA,VM-100 SKU-0414,software_ngfw
C0062,P0414,2026-06-01,0.672,0.918,0.283,1.0,1.0,1,29524.32,79.2,false,false,Value Realized,Powell LLC,Mid-Market,EMEA,VM-100 SKU-0414,software_ngfw
C0079,P0073,2025-10-01,0.861,0.965,0.175,1.0,1.0,0,708273.96,78.2,false,false,Value Realized,Jones Inc,Enterprise,AMER,PA-410 SKU-0073,hardware_ngfw
C0079,P0073,2025-11-01,0.793,0.948,0.175,1.0,1.0,1,708273.96,77.6,false,false,Value Realized,Jones Inc,Enterprise,AMER,PA-410 SKU-0073,hardware_ngfw
C0079,P0073,2025-12-01,0.749,0.937,0.175,1.0,1.0,1,708273.96,77.2,false,false,Value Realized,Jones Inc,Enterprise,AMER,PA-410 SKU-0073,hardware_ngfw
C0079,P0073,2026-01-01,0.617,0.904,0.25,1.0,1.0,1,708273.96,77.9,false,false,Value Realized,Jones Inc,Enterprise,AMER,PA-410 SKU-0073,hardware_ngfw
C0079,P0073,2026-02-01,0.898,0.975,0.175,1.0,1.0,1,708273.96,78.5,false,false,Value Realized,Jones Inc,Enterprise,AMER,PA-410 SKU-0073,hardware_ngfw
C0079,P0073,2026-03-01,0.686,0.922,0.175,1.0,1.0,1,708273.96,76.6,false,false,Value Realized,Jones Inc,Enterprise,AMER,PA-410 SKU-0073,hardware_ngfw
C0079,P0073,2026-04-01,0.793,0.948,0.175,1.0,1.0,1,708273.96,77.6,false,false,Value Realized,Jones Inc,Enterprise,AMER,PA-410 SKU-0073,hardware_ngfw
C0079,P0073,2026-05-01,1.017,1.0,0.25,1.0,1.0,1,708273.96,81.3,false,false,Value Realized,Jones Inc,Enterprise,AMER,PA-410 SKU-0073,hardware_ngfw
C0079,P0073,2026-06-01,0.66,0.915,0.175,1.0,1.0,1,708273.96,76.4,false,false,Value Realized,Jones Inc,Enterprise,AMER,PA-410 SKU-0073,hardware_ngfw
C0079,P0452,2025-07-01,0.976,0.994,0.0,1.0,1.0,0,259439.3,74.8,true,false,Value Realized,Jones Inc,Enterprise,AMER,PA-5410 SKU-0452,hardware_ngfw
C0079,P0452,2025-08-01,0.763,0.941,0.0,1.0,1.0,1,259439.3,72.9,false,false,Value Realized,Jones Inc,Enterprise,AMER,PA-5410 SKU-0452,hardware_ngfw
C0079,P0452,2025-09-01,0.638,0.91,0.0,1.0,1.0,1,259439.3,71.8,false,false,Value Realized,Jones Inc,Enterprise,AMER,PA-5410 SKU-0452,hardware_ngfw
C0079,P0452,2025-10-01,0.705,0.926,0.0,1.0,1.0,1,259439.3,72.4,false,false,Value Realized,Jones Inc,Enterprise,AMER,PA-5410 SKU-0452,hardware_ngfw
C0079,P0452,2025-11-01,0.784,0.946,0.0,1.0,1.0,1,259439.3,73.1,false,false,Value Realized,Jones Inc,Enterprise,AMER,PA-5410 SKU-0452,hardware_ngfw
C0079,P0452,2025-12-01,0.538,0.826,0.117,1.0,1.0,1,259439.3,71.8,false,false,Value Realized,Jones Inc,Enterprise,AMER,PA-5410 SKU-0452,hardware_ngfw
C0079,P0452,2026-01-01,0.735,0.934,0.117,1.0,1.0,1,259439.3,75.6,false,false,Value Realized,Jones Inc,Enterprise,AMER,PA-5410 SKU-0452,hardware_ngfw
C0079,P0452,2026-02-01,0.877,0.969,0.283,1.0,1.0,1,259439.3,81.0,false,false,Value Realized,Jones Inc,Enterprise,AMER,PA-5410 SKU-0452,hardware_ngfw
C0079,P0452,2026-03-01,0.709,0.927,0.333,1.0,1.0,1,259439.3,80.8,false,false,Value Realized,Jones Inc,Enterprise,AMER,PA-5410 SKU-0452,hardware_ngfw
C0079,P0452,2026-04-01,0.675,0.919,0.633,1.0,1.0,1,259439.3,88.0,false,false,Value Realized,Jones Inc,Enterprise,AMER,PA-5410 SKU-0452,hardware_ngfw
C0079,P0452,2026-05-01,0.906,0.977,0.633,1.0,1.0,1,259439.3,90.0,false,false,Value Realized,Jones Inc,Enterprise,AMER,PA-5410 SKU-0452,hardware_ngfw
C0079,P0452,2026-06-01,0.646,0.912,0.683,1.0,1.0,1,259439.3,89.0,false,false,Value Realized,Jones Inc,Enterprise,AMER,PA-5410 SKU-0452,hardware_ngfw
C0083,P0036,2025-07-01,0.714,0.928,0.0,1.0,1.0,0,142002.63,72.5,false,false,Value Realized,Donovan-Harris,Enterprise,APAC,PA-410 SKU-0036,hardware_ngfw
C0083,P0036,2025-08-01,0.967,0.992,0.117,1.0,1.0,1,142002.63,77.6,true,false,Value Realized,Donovan-Harris,Enterprise,APAC,PA-410 SKU-0036,hardware_ngfw
C0083,P0036,2025-09-01,0.891,0.973,0.167,1.0,1.0,1,142002.63,78.2,false,false,Value Realized,Donovan-Harris,Enterprise,APAC,PA-410 SKU-0036,hardware_ngfw
C0083,P0036,2025-10-01,0.932,0.983,0.233,1.0,1.0,1,142002.63,80.2,true,false,Value Realized,Donovan-Harris,Enterprise,APAC,PA-410 SKU-0036,hardware_ngfw
C0083,P0036,2025-11-01,0.778,0.945,0.333,1.0,1.0,1,142002.63,81.4,false,false,Value Realized,Donovan-Harris,Enterprise,APAC,PA-410 SKU-0036,hardware_ngfw
C0083,P0036,2025-12-01,0.52,0.804,0.233,1.0,1.0,1,142002.63,74.0,false,false,Value Realized,Donovan-Harris,Enterprise,APAC,PA-410 SKU-0036,hardware_ngfw
C0083,P0036,2026-01-01,0.614,0.903,0.233,1.0,1.0,1,142002.63,77.5,false,false,Value Realized,Donovan-Harris,Enterprise,APAC,PA-410 SKU-0036,hardware_ngfw
C0083,P0036,2026-02-01,0.499,0.779,0.283,1.0,1.0,1,142002.63,74.3,false,false,Value Realized,Donovan-Harris,Enterprise,APAC,PA-410 SKU-0036,hardware_ngfw
C0083,P0036,2026-03-01,0.505,0.785,0.45,1.0,1.0,1,142002.63,78.7,false,false,Value Realized,Donovan-Harris,Enterprise,APAC,PA-410 SKU-0036,hardware_ngfw
C0083,P0036,2026-04-01,0.702,0.925,0.4,1.0,1.0,1,142002.63,82.4,false,false,Value Realized,Donovan-Harris,Enterprise,APAC,PA-410 SKU-0036,hardware_ngfw
C0083,P0036,2026-05-01,0.89,0.973,0.567,1.0,1.0,1,142002.63,88.2,false,false,Value Realized,Donovan-Harris,Enterprise,APAC,PA-410 SKU-0036,hardware_ngfw
C0083,P0036,2026-06-01,0.68,0.92,0.567,1.0,1.0,1,142002.63,86.4,false,false,Value Realized,Donovan-Harris,Enterprise,APAC,PA-410 SKU-0036,hardware_ngfw
C0083,P0370,2025-07-01,0.683,0.921,0.117,1.0,1.0,0,62408.36,75.1,false,false,Value Realized,Donovan-Harris,Enterprise,APAC,VM-100 SKU-0370,software_ngfw
C0083,P0370,2025-08-01,0.72,0.93,0.117,1.0,1.0,1,62408.36,75.5,false,false,Value Realized,Donovan-Harris,Enterprise,APAC,VM-100 SKU-0370,software_ngfw
C0083,P0370,2025-09-01,0.755,0.939,0.167,1.0,1.0,1,62408.36,77.0,false,false,Value Realized,Donovan-Harris,Enterprise,APAC,VM-100 SKU-0370,software_ngfw
C0083,P0370,2025-10-01,0.743,0.936,0.233,1.0,1.0,1,62408.36,78.6,false,false,Value Realized,Donovan-Harris,Enterprise,APAC,VM-100 SKU-0370,software_ngfw
C0083,P0370,2025-11-01,0.702,0.925,0.283,1.0,1.0,1,62408.36,79.5,false,false,Value Realized,Donovan-Harris,Enterprise,APAC,VM-100 SKU-0370,software_ngfw
C0083,P0370,2025-12-01,0.732,0.933,0.283,1.0,1.0,1,62408.36,79.7,false,false,Value Realized,Donovan-Harris,Enterprise,APAC,VM-100 SKU-0370,software_ngfw
C0083,P0370,2026-01-01,0.786,0.946,0.333,1.0,1.0,1,62408.36,81.5,false,false,Value Realized,Donovan-Harris,Enterprise,APAC,VM-100 SKU-0370,software_ngfw
C0083,P0370,2026-02-01,0.658,0.914,0.283,1.0,1.0,1,62408.36,79.1,false,false,Value Realized,Donovan-Harris,Enterprise,APAC,VM-100 SKU-0370,software_ngfw
C0083,P0370,2026-03-01,0.906,0.977,0.283,1.0,1.0,1,62408.36,81.3,false,false,Value Realized,Donovan-Harris,Enterprise,APAC,VM-100 SKU-0370,software_ngfw
C0083,P0370,2026-04-01,0.649,0.912,0.333,1.0,1.0,1,62408.36,80.3,false,false,Value Realized,Donovan-Harris,Enterprise,APAC,VM-100 SKU-0370,software_ngfw
C0083,P0370,2026-05-01,0.672,0.918,0.45,1.0,1.0,1,62408.36,83.4,false,false,Value Realized,Donovan-Harris,Enterprise,APAC,VM-100 SKU-0370,software_ngfw
C0083,P0370,2026-06-01,0.815,0.954,0.4,1.0,1.0,1,62408.36,83.4,false,false,Value Realized,Donovan-Harris,Enterprise,APAC,VM-100 SKU-0370,software_ngfw
C0085,P0123,2025-08-01,0.0,0.0,0.0,0.0,,0,28246.58,0.0,false,false,Grace Period,"Evans, Stewart and Walton",Mid-Market,AMER,VM-100 SKU-0123,software_ngfw
C0085,P0123,2025-09-01,0.0,0.0,0.0,0.0,0.0,0,28246.58,0.0,false,false,Shelfware Risk,"Evans, Stewart and Walton",Mid-Market,AMER,VM-100 SKU-0123,software_ngfw
C0085,P0123,2025-10-01,0.0,0.0,0.0,0.0,0.0,0,28246.58,0.0,false,false,Shelfware Risk,"Evans, Stewart and Walton",Mid-Market,AMER,VM-100 SKU-0123,software_ngfw
C0085,P0123,2025-11-01,0.0,0.0,0.0,0.0,0.0,0,28246.58,0.0,false,false,Shelfware Risk,"Evans, Stewart and Walton",Mid-Market,AMER,VM-100 SKU-0123,software_ngfw
C0085,P0123,2025-12-01,0.0,0.0,0.0,0.0,0.0,0,28246.58,0.0,false,false,Shelfware Risk,"Evans, Stewart and Walton",Mid-Market,AMER,VM-100 SKU-0123,software_ngfw
C0085,P0123,2026-01-01,0.0,0.0,0.0,0.0,0.0,0,28246.58,0.0,false,false,Shelfware Risk,"Evans, Stewart and Walton",Mid-Market,AMER,VM-100 SKU-0123,software_ngfw
C0085,P0123,2026-02-01,0.0,0.0,0.0,0.0,0.0,0,28246.58,0.0,false,false,Shelfware Risk,"Evans, Stewart and Walton",Mid-Market,AMER,VM-100 SKU-0123,software_ngfw
C0085,P0123,2026-03-01,0.0,0.0,0.0,0.0,0.0,0,28246.58,0.0,false,false,Shelfware Risk,"Evans, Stewart and Walton",Mid-Market,AMER,VM-100 SKU-0123,software_ngfw
C0085,P0123,2026-04-01,0.0,0.0,0.0,0.0,0.0,0,28246.58,0.0,false,false,Shelfware Risk,"Evans, Stewart and Walton",Mid-Market,AMER,VM-100 SKU-0123,software_ngfw
C0085,P0123,2026-05-01,0.0,0.0,0.0,0.0,0.0,0,28246.58,0.0,false,false,Shelfware Risk,"Evans, Stewart and Walton",Mid-Market,AMER,VM-100 SKU-0123,software_ngfw
C0085,P0123,2026-06-01,0.0,0.0,0.0,0.0,0.0,0,28246.58,0.0,false,false,Shelfware Risk,"Evans, Stewart and Walton",Mid-Market,AMER,VM-100 SKU-0123,software_ngfw
C0086,P0164,2025-07-01,0.78,0.945,0.0,1.0,1.0,0,317614.8,73.1,false,false,Value Realized,Smith PLC,Mid-Market,EMEA,PA-7500 SKU-0164,hardware_ngfw
C0086,P0164,2025-08-01,0.749,0.937,0.333,1.0,1.0,1,317614.8,81.1,false,false,Value Realized,Smith PLC,Mid-Market,EMEA,PA-7500 SKU-0164,hardware_ngfw
C0086,P0164,2025-09-01,0.703,0.926,0.233,1.0,1.0,1,317614.8,78.2,false,false,Value Realized,Smith PLC,Mid-Market,EMEA,PA-7500 SKU-0164,hardware_ngfw
C0086,P0164,2025-10-01,0.71,0.928,0.333,1.0,1.0,1,317614.8,80.8,false,false,Value Realized,Smith PLC,Mid-Market,EMEA,PA-7500 SKU-0164,hardware_ngfw
C0086,P0164,2025-11-01,0.523,0.808,0.233,1.0,1.0,1,317614.8,74.1,false,false,Value Realized,Smith PLC,Mid-Market,EMEA,PA-7500 SKU-0164,hardware_ngfw
C0086,P0164,2025-12-01,0.723,0.931,0.233,1.0,1.0,1,317614.8,78.4,false,false,Value Realized,Smith PLC,Mid-Market,EMEA,PA-7500 SKU-0164,hardware_ngfw
C0086,P0164,2026-01-01,0.652,0.913,0.233,1.0,1.0,1,317614.8,77.8,false,false,Value Realized,Smith PLC,Mid-Market,EMEA,PA-7500 SKU-0164,hardware_ngfw
C0086,P0164,2026-02-01,0.794,0.949,0.233,1.0,1.0,1,317614.8,79.0,false,false,Value Realized,Smith PLC,Mid-Market,EMEA,PA-7500 SKU-0164,hardware_ngfw
C0086,P0164,2026-03-01,0.831,0.958,0.333,1.0,1.0,1,317614.8,81.9,false,false,Value Realized,Smith PLC,Mid-Market,EMEA,PA-7500 SKU-0164,hardware_ngfw
C0086,P0164,2026-04-01,0.572,0.866,0.233,1.0,1.0,1,317614.8,76.2,false,false,Value Realized,Smith PLC,Mid-Market,EMEA,PA-7500 SKU-0164,hardware_ngfw
C0086,P0164,2026-05-01,0.489,0.767,0.333,1.0,1.0,1,317614.8,75.2,false,false,Value Realized,Smith PLC,Mid-Market,EMEA,PA-7500 SKU-0164,hardware_ngfw
C0086,P0164,2026-06-01,1.031,1.0,0.233,1.0,1.0,1,317614.8,80.8,true,false,Value Realized,Smith PLC,Mid-Market,EMEA,PA-7500 SKU-0164,hardware_ngfw
C0089,P0200,2025-07-01,1.528,0.8,0.6,1.0,1.0,0,267790.48,83.0,false,true,Value Realized,Suarez LLC,Enterprise,AMER,PA-410 SKU-0200,hardware_ngfw
C0089,P0200,2025-08-01,1.288,0.8,1.0,1.0,1.0,1,267790.48,93.0,false,true,Value Realized,Suarez LLC,Enterprise,AMER,PA-410 SKU-0200,hardware_ngfw
C0089,P0200,2025-09-01,1.234,0.8,1.0,1.0,1.0,1,267790.48,93.0,false,true,Value Realized,Suarez LLC,Enterprise,AMER,PA-410 SKU-0200,hardware_ngfw
C0089,P0200,2025-10-01,1.443,0.8,1.0,1.0,1.0,1,267790.48,93.0,false,true,Value Realized,Suarez LLC,Enterprise,AMER,PA-410 SKU-0200,hardware_ngfw
C0089,P0200,2025-11-01,1.391,0.8,1.0,1.0,1.0,1,267790.48,93.0,false,true,Value Realized,Suarez LLC,Enterprise,AMER,PA-410 SKU-0200,hardware_ngfw
C0089,P0200,2025-12-01,1.691,0.8,1.0,1.0,1.0,1,267790.48,93.0,false,true,Value Realized,Suarez LLC,Enterprise,AMER,PA-410 SKU-0200,hardware_ngfw
C0089,P0200,2026-01-01,1.379,0.8,1.0,1.0,1.0,1,267790.48,93.0,false,true,Value Realized,Suarez LLC,Enterprise,AMER,PA-410 SKU-0200,hardware_ngfw
C0089,P0200,2026-02-01,1.293,0.8,1.0,1.0,1.0,1,267790.48,93.0,false,true,Value Realized,Suarez LLC,Enterprise,AMER,PA-410 SKU-0200,hardware_ngfw
C0089,P0200,2026-03-01,1.183,1.0,1.0,1.0,1.0,1,267790.48,100.0,false,false,Value Realized,Suarez LLC,Enterprise,AMER,PA-410 SKU-0200,hardware_ngfw
C0089,P0200,2026-04-01,1.471,0.8,1.0,1.0,1.0,1,267790.48,93.0,false,true,Value Realized,Suarez LLC,Enterprise,AMER,PA-410 SKU-0200,hardware_ngfw
C0089,P0200,2026-05-01,1.315,0.8,1.0,1.0,1.0,1,267790.48,93.0,false,true,Value Realized,Suarez LLC,Enterprise,AMER,PA-410 SKU-0200,hardware_ngfw
C0089,P0200,2026-06-01,1.403,0.8,1.0,1.0,1.0,1,267790.48,93.0,false,true,Value Realized,Suarez LLC,Enterprise,AMER,PA-410 SKU-0200,hardware_ngfw
C0097,P0427,2025-07-01,0.705,0.926,0.0,1.0,1.0,0,1148355.93,72.4,false,false,Value Realized,Wagner-King,Enterprise,APAC,Prisma Access Remote Networks SKU-0427,sase
C0097,P0427,2025-08-01,0.758,0.939,0.233,1.0,1.0,1,1148355.93,78.7,false,false,Value Realized,Wagner-King,Enterprise,APAC,Prisma Access Remote Networks SKU-0427,sase
C0097,P0427,2025-09-01,0.636,0.909,0.333,1.0,1.0,1,1148355.93,80.1,false,false,Value Realized,Wagner-King,Enterprise,APAC,Prisma Access Remote Networks SKU-0427,sase
C0097,P0427,2025-10-01,0.946,0.987,0.233,1.0,1.0,1,1148355.93,80.4,true,false,Value Realized,Wagner-King,Enterprise,APAC,Prisma Access Remote Networks SKU-0427,sase
C0097,P0427,2025-11-01,0.785,0.946,0.333,1.0,1.0,1,1148355.93,81.5,false,false,Value Realized,Wagner-King,Enterprise,APAC,Prisma Access Remote Networks SKU-0427,sase
C0097,P0427,2025-12-01,0.623,0.906,0.667,1.0,1.0,1,1148355.93,88.4,false,false,Value Realized,Wagner-King,Enterprise,APAC,Prisma Access Remote Networks SKU-0427,sase
C0097,P0427,2026-01-01,0.812,0.953,0.567,1.0,1.0,1,1148355.93,87.5,false,false,Value Realized,Wagner-King,Enterprise,APAC,Prisma Access Remote Networks SKU-0427,sase
C0097,P0427,2026-02-01,0.542,0.831,0.467,1.0,1.0,1,1148355.93,80.7,false,false,Value Realized,Wagner-King,Enterprise,APAC,Prisma Access Remote Networks SKU-0427,sase
C0097,P0427,2026-03-01,0.729,0.932,0.467,1.0,1.0,1,1148355.93,84.3,false,false,Value Realized,Wagner-King,Enterprise,APAC,Prisma Access Remote Networks SKU-0427,sase
C0097,P0427,2026-04-01,0.809,0.952,0.8,1.0,1.0,1,1148355.93,93.3,false,false,Value Realized,Wagner-King,Enterprise,APAC,Prisma Access Remote Networks SKU-0427,sase
C0097,P0427,2026-05-01,0.542,0.831,0.9,1.0,1.0,1,1148355.93,91.6,false,false,Value Realized,Wagner-King,Enterprise,APAC,Prisma Access Remote Networks SKU-0427,sase
C0097,P0427,2026-06-01,0.918,0.98,0.7,1.0,1.0,1,1148355.93,91.8,false,false,Value Realized,Wagner-King,Enterprise,APAC,Prisma Access Remote Networks SKU-0427,sase
C0100,P0213,2025-07-01,0.596,0.895,0.283,1.0,1.0,0,49481.39,78.4,false,false,Value Realized,Walsh LLC,Mid-Market,AMER,VM-100 SKU-0213,software_ngfw
C0100,P0213,2025-08-01,0.766,0.942,0.4,1.0,1.0,1,49481.39,83.0,false,false,Value Realized,Walsh LLC,Mid-Market,AMER,VM-100 SKU-0213,software_ngfw
C0100,P0213,2025-09-01,1.033,1.0,0.4,1.0,1.0,1,49481.39,85.0,false,false,Value Realized,Walsh LLC,Mid-Market,AMER,VM-100 SKU-0213,software_ngfw
C0100,P0213,2025-10-01,0.508,0.789,0.4,1.0,1.0,1,49481.39,77.6,false,false,Value Realized,Walsh LLC,Mid-Market,AMER,VM-100 SKU-0213,software_ngfw
C0100,P0213,2025-11-01,0.524,0.808,0.4,1.0,1.0,1,49481.39,78.3,false,false,Value Realized,Walsh LLC,Mid-Market,AMER,VM-100 SKU-0213,software_ngfw
C0100,P0213,2025-12-01,0.793,0.948,0.467,1.0,1.0,1,49481.39,84.9,false,false,Value Realized,Walsh LLC,Mid-Market,AMER,VM-100 SKU-0213,software_ngfw
C0100,P0213,2026-01-01,0.376,0.632,0.617,1.0,1.0,1,49481.39,77.5,false,false,Value Realized,Walsh LLC,Mid-Market,AMER,VM-100 SKU-0213,software_ngfw
C0100,P0213,2026-02-01,0.424,0.688,0.617,1.0,1.0,1,49481.39,79.5,false,false,Value Realized,Walsh LLC,Mid-Market,AMER,VM-100 SKU-0213,software_ngfw
C0100,P0213,2026-03-01,0.564,0.856,0.683,1.0,1.0,1,49481.39,87.1,false,false,Value Realized,Walsh LLC,Mid-Market,AMER,VM-100 SKU-0213,software_ngfw
C0100,P0213,2026-04-01,0.711,0.928,0.733,1.0,1.0,1,49481.39,90.8,false,false,Value Realized,Walsh LLC,Mid-Market,AMER,VM-100 SKU-0213,software_ngfw
C0100,P0213,2026-05-01,0.667,0.917,0.683,1.0,1.0,1,49481.39,89.2,false,false,Value Realized,Walsh LLC,Mid-Market,AMER,VM-100 SKU-0213,software_ngfw
C0100,P0213,2026-06-01,0.637,0.909,0.733,1.0,1.0,1,49481.39,90.2,false,false,Value Realized,Walsh LLC,Mid-Market,AMER,VM-100 SKU-0213,software_ngfw
C0004,P0443,2025-07-01,0.545,0.834,0.0,1.0,1.0,0,477883.7,69.2,false,false,Developing,Davis and Sons,Mid-Market,APAC,PA-3410 SKU-0443,hardware_ngfw
C0004,P0443,2025-08-01,0.695,0.924,0.0,1.0,1.0,1,477883.7,72.3,false,false,Value Realized,Davis and Sons,Mid-Market,APAC,PA-3410 SKU-0443,hardware_ngfw
C0004,P0443,2025-09-01,0.597,0.896,0.117,1.0,1.0,1,477883.7,74.3,false,false,Value Realized,Davis and Sons,Mid-Market,APAC,PA-3410 SKU-0443,hardware_ngfw
C0004,P0443,2025-10-01,0.316,0.559,0.167,1.0,1.0,1,477883.7,63.7,false,false,Developing,Davis and Sons,Mid-Market,APAC,PA-3410 SKU-0443,hardware_ngfw
C0004,P0443,2025-11-01,0.796,0.949,0.117,1.0,1.0,1,477883.7,76.1,false,false,Value Realized,Davis and Sons,Mid-Market,APAC,PA-3410 SKU-0443,hardware_ngfw
C0004,P0443,2025-12-01,0.541,0.829,0.333,1.0,1.0,1,477883.7,77.4,false,false,Value Realized,Davis and Sons,Mid-Market,APAC,PA-3410 SKU-0443,hardware_ngfw
C0004,P0443,2026-01-01,0.639,0.91,0.45,1.0,1.0,1,477883.7,83.1,false,false,Value Realized,Davis and Sons,Mid-Market,APAC,PA-3410 SKU-0443,hardware_ngfw
C0004,P0443,2026-02-01,0.669,0.917,0.45,1.0,1.0,1,477883.7,83.4,false,false,Value Realized,Davis and Sons,Mid-Market,APAC,PA-3410 SKU-0443,hardware_ngfw
C0004,P0443,2026-03-01,0.558,0.85,0.4,1.0,1.0,1,477883.7,79.7,false,false,Value Realized,Davis and Sons,Mid-Market,APAC,PA-3410 SKU-0443,hardware_ngfw
C0004,P0443,2026-04-01,0.84,0.96,0.4,1.0,1.0,1,477883.7,83.6,false,false,Value Realized,Davis and Sons,Mid-Market,APAC,PA-3410 SKU-0443,hardware_ngfw
C0004,P0443,2026-05-01,0.744,0.936,0.4,1.0,1.0,1,477883.7,82.8,false,false,Value Realized,Davis and Sons,Mid-Market,APAC,PA-3410 SKU-0443,hardware_ngfw
C0004,P0443,2026-06-01,0.809,0.952,0.45,1.0,1.0,1,477883.7,84.6,false,false,Value Realized,Davis and Sons,Mid-Market,APAC,PA-3410 SKU-0443,hardware_ngfw
C0011,P0234,2025-07-01,1.146,1.0,0.333,1.0,1.0,0,42044.86,83.3,false,false,Value Realized,Blair PLC,Enterprise,AMER,Cloud NGFW for Azure SKU-0234,cloud_ngfw
C0011,P0234,2025-08-01,1.159,1.0,0.667,1.0,1.0,1,42044.86,91.7,false,false,Value Realized,Blair PLC,Enterprise,AMER,Cloud NGFW for Azure SKU-0234,cloud_ngfw
C0011,P0234,2025-09-01,1.441,0.8,0.667,1.0,1.0,1,42044.86,84.7,false,true,Value Realized,Blair PLC,Enterprise,AMER,Cloud NGFW for Azure SKU-0234,cloud_ngfw
C0011,P0234,2025-10-01,1.488,0.8,0.667,1.0,1.0,1,42044.86,84.7,false,true,Value Realized,Blair PLC,Enterprise,AMER,Cloud NGFW for Azure SKU-0234,cloud_ngfw
C0011,P0234,2025-11-01,1.407,0.8,0.667,1.0,1.0,1,42044.86,84.7,false,true,Value Realized,Blair PLC,Enterprise,AMER,Cloud NGFW for Azure SKU-0234,cloud_ngfw
C0011,P0234,2025-12-01,1.447,0.8,0.667,1.0,1.0,1,42044.86,84.7,false,true,Value Realized,Blair PLC,Enterprise,AMER,Cloud NGFW for Azure SKU-0234,cloud_ngfw
C0011,P0234,2026-01-01,1.721,0.8,0.667,1.0,1.0,1,42044.86,84.7,false,true,Value Realized,Blair PLC,Enterprise,AMER,Cloud NGFW for Azure SKU-0234,cloud_ngfw
C0011,P0234,2026-02-01,1.427,0.8,0.667,1.0,1.0,1,42044.86,84.7,false,true,Value Realized,Blair PLC,Enterprise,AMER,Cloud NGFW for Azure SKU-0234,cloud_ngfw
C0011,P0234,2026-03-01,1.266,0.8,0.667,1.0,1.0,1,42044.86,84.7,false,true,Value Realized,Blair PLC,Enterprise,AMER,Cloud NGFW for Azure SKU-0234,cloud_ngfw
C0011,P0234,2026-04-01,1.433,0.8,0.667,1.0,1.0,1,42044.86,84.7,false,true,Value Realized,Blair PLC,Enterprise,AMER,Cloud NGFW for Azure SKU-0234,cloud_ngfw
C0011,P0234,2026-05-01,1.431,0.8,0.667,1.0,1.0,1,42044.86,84.7,false,true,Value Realized,Blair PLC,Enterprise,AMER,Cloud NGFW for Azure SKU-0234,cloud_ngfw
C0011,P0234,2026-06-01,1.143,1.0,0.667,1.0,1.0,1,42044.86,91.7,false,false,Value Realized,Blair PLC,Enterprise,AMER,Cloud NGFW for Azure SKU-0234,cloud_ngfw
C0018,P0351,2025-07-01,0.859,0.965,0.28,1.0,1.0,0,14767.06,80.8,false,false,Value Realized,"Flowers, Martin and Kelly",Mid-Market,AMER,VM-500 SKU-0351,software_ngfw
C0018,P0351,2025-08-01,0.587,0.885,0.34,1.0,1.0,1,14767.06,79.5,false,false,Value Realized,"Flowers, Martin and Kelly",Mid-Market,AMER,VM-500 SKU-0351,software_ngfw
C0018,P0351,2025-09-01,0.735,0.934,0.28,1.0,1.0,1,14767.06,79.7,false,false,Value Realized,"Flowers, Martin and Kelly",Mid-Market,AMER,VM-500 SKU-0351,software_ngfw
C0018,P0351,2025-10-01,0.53,0.816,0.34,1.0,1.0,1,14767.06,77.1,false,false,Value Realized,"Flowers, Martin and Kelly",Mid-Market,AMER,VM-500 SKU-0351,software_ngfw
C0018,P0351,2025-11-01,0.907,0.977,0.28,1.0,1.0,1,14767.06,81.2,false,false,Value Realized,"Flowers, Martin and Kelly",Mid-Market,AMER,VM-500 SKU-0351,software_ngfw
C0018,P0351,2025-12-01,0.571,0.866,0.34,1.0,1.0,1,14767.06,78.8,false,false,Value Realized,"Flowers, Martin and Kelly",Mid-Market,AMER,VM-500 SKU-0351,software_ngfw
C0018,P0351,2026-01-01,0.717,0.929,0.28,1.0,1.0,1,14767.06,79.5,false,false,Value Realized,"Flowers, Martin and Kelly",Mid-Market,AMER,VM-500 SKU-0351,software_ngfw
C0018,P0351,2026-02-01,0.55,0.84,0.28,1.0,1.0,1,14767.06,76.4,false,false,Value Realized,"Flowers, Martin and Kelly",Mid-Market,AMER,VM-500 SKU-0351,software_ngfw
C0018,P0351,2026-03-01,0.676,0.919,0.42,1.0,1.0,1,14767.06,82.7,false,false,Value Realized,"Flowers, Martin and Kelly",Mid-Market,AMER,VM-500 SKU-0351,software_ngfw
C0018,P0351,2026-04-01,0.627,0.907,0.42,1.0,1.0,1,14767.06,82.2,false,false,Value Realized,"Flowers, Martin and Kelly",Mid-Market,AMER,VM-500 SKU-0351,software_ngfw
C0018,P0351,2026-05-01,0.842,0.961,0.74,1.0,1.0,1,14767.06,92.1,false,false,Value Realized,"Flowers, Martin and Kelly",Mid-Market,AMER,VM-500 SKU-0351,software_ngfw
C0018,P0351,2026-06-01,0.736,0.934,0.62,1.0,1.0,1,14767.06,88.2,false,false,Value Realized,"Flowers, Martin and Kelly",Mid-Market,AMER,VM-500 SKU-0351,software_ngfw
C0024,P0106,2025-07-01,0.711,0.928,0.0,1.0,1.0,0,7592.44,72.5,false,false,Value Realized,Morales-Jones,Enterprise,AMER,CN-Series SKU-0106,software_ngfw
C0024,P0106,2025-08-01,0.745,0.936,0.0,1.0,1.0,1,7592.44,72.8,false,false,Value Realized,Morales-Jones,Enterprise,AMER,CN-Series SKU-0106,software_ngfw
C0024,P0106,2025-09-01,0.596,0.895,0.0,1.0,1.0,1,7592.44,71.3,false,false,Value Realized,Morales-Jones,Enterprise,AMER,CN-Series SKU-0106,software_ngfw
C0024,P0106,2025-10-01,0.655,0.914,0.0,1.0,1.0,1,7592.44,72.0,false,false,Value Realized,Morales-Jones,Enterprise,AMER,CN-Series SKU-0106,software_ngfw
C0024,P0106,2025-11-01,0.689,0.922,0.0,1.0,1.0,1,7592.44,72.3,false,false,Value Realized,Morales-Jones,Enterprise,AMER,CN-Series SKU-0106,software_ngfw
C0024,P0106,2025-12-01,0.596,0.895,0.4,1.0,1.0,1,7592.44,81.3,false,false,Value Realized,Morales-Jones,Enterprise,AMER,CN-Series SKU-0106,software_ngfw
C0024,P0106,2026-01-01,0.539,0.827,0.34,1.0,1.0,1,7592.44,77.5,false,false,Value Realized,Morales-Jones,Enterprise,AMER,CN-Series SKU-0106,software_ngfw
C0024,P0106,2026-02-01,0.939,0.985,0.48,1.0,1.0,1,7592.44,86.5,false,false,Value Realized,Morales-Jones,Enterprise,AMER,CN-Series SKU-0106,software_ngfw
C0024,P0106,2026-03-01,0.65,0.913,0.42,1.0,1.0,1,7592.44,82.4,false,false,Value Realized,Morales-Jones,Enterprise,AMER,CN-Series SKU-0106,software_ngfw
C0024,P0106,2026-04-01,0.676,0.919,0.62,1.0,1.0,1,7592.44,87.7,false,false,Value Realized,Morales-Jones,Enterprise,AMER,CN-Series SKU-0106,software_ngfw
C0024,P0106,2026-05-01,0.485,0.762,0.68,1.0,1.0,1,7592.44,83.7,false,false,Value Realized,Morales-Jones,Enterprise,AMER,CN-Series SKU-0106,software_ngfw
C0024,P0106,2026-06-01,0.904,0.976,0.62,1.0,1.0,1,7592.44,89.7,false,false,Value Realized,Morales-Jones,Enterprise,AMER,CN-Series SKU-0106,software_ngfw
C0025,P0250,2025-10-01,0.597,0.896,0.0,1.0,1.0,0,56307.62,71.4,false,false,Value Realized,"Walter, Edwards and Rios",Mid-Market,AMER,CN-Series SKU-0250,software_ngfw
C0025,P0250,2025-11-01,0.62,0.905,0.0,1.0,1.0,1,56307.62,71.7,false,false,Value Realized,"Walter, Edwards and Rios",Mid-Market,AMER,CN-Series SKU-0250,software_ngfw
C0025,P0250,2025-12-01,0.55,0.84,0.167,1.0,1.0,1,56307.62,73.6,false,false,Value Realized,"Walter, Edwards and Rios",Mid-Market,AMER,CN-Series SKU-0250,software_ngfw
C0025,P0250,2026-01-01,0.532,0.818,0.233,1.0,1.0,1,56307.62,74.5,false,false,Value Realized,"Walter, Edwards and Rios",Mid-Market,AMER,CN-Series SKU-0250,software_ngfw
C0025,P0250,2026-02-01,0.645,0.911,0.283,1.0,1.0,1,56307.62,79.0,false,false,Value Realized,"Walter, Edwards and Rios",Mid-Market,AMER,CN-Series SKU-0250,software_ngfw
C0025,P0250,2026-03-01,0.813,0.953,0.35,1.0,1.0,1,56307.62,82.1,false,false,Value Realized,"Walter, Edwards and Rios",Mid-Market,AMER,CN-Series SKU-0250,software_ngfw
C0025,P0250,2026-04-01,0.587,0.885,0.4,1.0,1.0,1,56307.62,81.0,false,false,Value Realized,"Walter, Edwards and Rios",Mid-Market,AMER,CN-Series SKU-0250,software_ngfw
C0025,P0250,2026-05-01,0.614,0.903,0.45,1.0,1.0,1,56307.62,82.9,false,false,Value Realized,"Walter, Edwards and Rios",Mid-Market,AMER,CN-Series SKU-0250,software_ngfw
C0025,P0250,2026-06-01,0.81,0.952,0.35,1.0,1.0,1,56307.62,82.1,false,false,Value Realized,"Walter, Edwards and Rios",Mid-Market,AMER,CN-Series SKU-0250,software_ngfw
C0025,P0308,2025-08-01,0.485,0.762,0.0,1.0,1.0,0,90760.58,66.7,false,false,Developing,"Walter, Edwards and Rios",Mid-Market,AMER,PA-5445 SKU-0308,hardware_ngfw
C0025,P0308,2025-09-01,1.0,1.0,0.167,1.0,1.0,1,90760.58,79.2,true,false,Value Realized,"Walter, Edwards and Rios",Mid-Market,AMER,PA-5445 SKU-0308,hardware_ngfw
C0025,P0308,2025-10-01,0.7,0.925,0.117,1.0,1.0,1,90760.58,75.3,false,false,Value Realized,"Walter, Edwards and Rios",Mid-Market,AMER,PA-5445 SKU-0308,hardware_ngfw
C0025,P0308,2025-11-01,0.515,0.798,0.117,1.0,1.0,1,90760.58,70.8,false,false,Value Realized,"Walter, Edwards and Rios",Mid-Market,AMER,PA-5445 SKU-0308,hardware_ngfw
C0025,P0308,2025-12-01,0.775,0.944,0.167,1.0,1.0,1,90760.58,77.2,false,false,Value Realized,"Walter, Edwards and Rios",Mid-Market,AMER,PA-5445 SKU-0308,hardware_ngfw
C0025,P0308,2026-01-01,0.55,0.84,0.167,1.0,1.0,1,90760.58,73.6,false,false,Value Realized,"Walter, Edwards and Rios",Mid-Market,AMER,PA-5445 SKU-0308,hardware_ngfw
C0025,P0308,2026-02-01,0.665,0.916,0.283,1.0,1.0,1,90760.58,79.2,false,false,Value Realized,"Walter, Edwards and Rios",Mid-Market,AMER,PA-5445 SKU-0308,hardware_ngfw
C0025,P0308,2026-03-01,0.825,0.956,0.567,1.0,1.0,1,90760.58,87.6,false,false,Value Realized,"Walter, Edwards and Rios",Mid-Market,AMER,PA-5445 SKU-0308,hardware_ngfw
C0025,P0308,2026-04-01,0.87,0.968,0.683,1.0,1.0,1,90760.58,90.9,false,false,Value Realized,"Walter, Edwards and Rios",Mid-Market,AMER,PA-5445 SKU-0308,hardware_ngfw
C0025,P0308,2026-05-01,0.785,0.946,0.683,1.0,1.0,1,90760.58,90.2,false,false,Value Realized,"Walter, Edwards and Rios",Mid-Market,AMER,PA-5445 SKU-0308,hardware_ngfw
C0025,P0308,2026-06-01,0.66,0.915,0.633,1.0,1.0,1,90760.58,87.9,false,false,Value Realized,"Walter, Edwards and Rios",Mid-Market,AMER,PA-5445 SKU-0308,hardware_ngfw
C0030,P0474,2025-07-01,0.661,0.915,0.0,1.0,1.0,0,209806.48,72.0,false,false,Value Realized,"Snyder, Campos and Callahan",Enterprise,EMEA,PA-5445 SKU-0474,hardware_ngfw
C0030,P0474,2025-08-01,0.751,0.938,0.0,1.0,1.0,1,209806.48,72.8,false,false,Value Realized,"Snyder, Campos and Callahan",Enterprise,EMEA,PA-5445 SKU-0474,hardware_ngfw
C0030,P0474,2025-09-01,0.611,0.903,0.35,1.0,1.0,1,209806.48,80.3,false,false,Value Realized,"Snyder, Campos and Callahan",Enterprise,EMEA,PA-5445 SKU-0474,hardware_ngfw
C0030,P0474,2025-10-01,0.633,0.908,0.425,1.0,1.0,1,209806.48,82.4,false,false,Value Realized,"Snyder, Campos and Callahan",Enterprise,EMEA,PA-5445 SKU-0474,hardware_ngfw
C0030,P0474,2025-11-01,0.693,0.923,0.35,1.0,1.0,1,209806.48,81.1,false,false,Value Realized,"Snyder, Campos and Callahan",Enterprise,EMEA,PA-5445 SKU-0474,hardware_ngfw
C0030,P0474,2025-12-01,0.726,0.932,0.35,1.0,1.0,1,209806.48,81.4,false,false,Value Realized,"Snyder, Campos and Callahan",Enterprise,EMEA,PA-5445 SKU-0474,hardware_ngfw
C0030,P0474,2026-01-01,0.811,0.953,0.425,1.0,1.0,1,209806.48,84.0,false,false,Value Realized,"Snyder, Campos and Callahan",Enterprise,EMEA,PA-5445 SKU-0474,hardware_ngfw
C0030,P0474,2026-02-01,0.831,0.958,0.35,1.0,1.0,1,209806.48,82.3,false,false,Value Realized,"Snyder, Campos and Callahan",Enterprise,EMEA,PA-5445 SKU-0474,hardware_ngfw
C0030,P0474,2026-03-01,0.964,0.991,0.35,1.0,1.0,1,209806.48,83.4,false,false,Value Realized,"Snyder, Campos and Callahan",Enterprise,EMEA,PA-5445 SKU-0474,hardware_ngfw
C0030,P0474,2026-04-01,0.59,0.888,0.425,1.0,1.0,1,209806.48,81.7,false,false,Value Realized,"Snyder, Campos and Callahan",Enterprise,EMEA,PA-5445 SKU-0474,hardware_ngfw
C0030,P0474,2026-05-01,0.598,0.897,0.425,1.0,1.0,1,209806.48,82.0,false,false,Value Realized,"Snyder, Campos and Callahan",Enterprise,EMEA,PA-5445 SKU-0474,hardware_ngfw
C0030,P0474,2026-06-01,0.675,0.919,0.5,1.0,1.0,1,209806.48,84.7,false,false,Value Realized,"Snyder, Campos and Callahan",Enterprise,EMEA,PA-5445 SKU-0474,hardware_ngfw
C0034,P0398,2025-07-01,3.436,0.8,0.4,1.0,1.0,0,345452.59,78.0,false,true,Value Realized,Frazier Inc,Enterprise,AMER,PA-410 SKU-0398,hardware_ngfw
C0034,P0398,2025-08-01,3.493,0.8,0.4,1.0,1.0,1,345452.59,78.0,false,true,Value Realized,Frazier Inc,Enterprise,AMER,PA-410 SKU-0398,hardware_ngfw
C0034,P0398,2025-09-01,3.357,0.8,0.45,1.0,1.0,1,345452.59,79.3,false,true,Value Realized,Frazier Inc,Enterprise,AMER,PA-410 SKU-0398,hardware_ngfw
C0034,P0398,2025-10-01,0.0,0.0,0.0,0.5,1.0,1,345452.59,27.5,false,false,Lapsed,Frazier Inc,Enterprise,AMER,PA-410 SKU-0398,hardware_ngfw
C0034,P0398,2025-11-01,0.0,0.0,0.0,0.2,1.0,1,345452.59,20.0,false,false,Churn Signal,Frazier Inc,Enterprise,AMER,PA-410 SKU-0398,hardware_ngfw
C0034,P0398,2025-12-01,0.0,0.0,0.0,0.0,1.0,1,345452.59,15.0,false,false,Churn Signal,Frazier Inc,Enterprise,AMER,PA-410 SKU-0398,hardware_ngfw
C0034,P0398,2026-01-01,0.0,0.0,0.0,0.0,1.0,1,345452.59,15.0,false,false,Lapsed,Frazier Inc,Enterprise,AMER,PA-410 SKU-0398,hardware_ngfw
C0034,P0398,2026-02-01,0.0,0.0,0.0,0.0,1.0,1,345452.59,15.0,false,false,Lapsed,Frazier Inc,Enterprise,AMER,PA-410 SKU-0398,hardware_ngfw
C0034,P0398,2026-03-01,0.0,0.0,0.0,0.0,1.0,1,345452.59,15.0,false,false,Lapsed,Frazier Inc,Enterprise,AMER,PA-410 SKU-0398,hardware_ngfw
C0034,P0398,2026-04-01,0.0,0.0,0.0,0.0,1.0,1,345452.59,15.0,false,false,Lapsed,Frazier Inc,Enterprise,AMER,PA-410 SKU-0398,hardware_ngfw
C0034,P0398,2026-05-01,0.0,0.0,0.0,0.0,1.0,1,345452.59,15.0,false,false,Lapsed,Frazier Inc,Enterprise,AMER,PA-410 SKU-0398,hardware_ngfw
C0034,P0398,2026-06-01,0.0,0.0,0.0,0.0,1.0,1,345452.59,15.0,false,false,Lapsed,Frazier Inc,Enterprise,AMER,PA-410 SKU-0398,hardware_ngfw
C0036,P0440,2025-07-01,0.0,0.0,0.0,0.0,,0,17713.8,0.0,false,false,Grace Period,Rodriguez-Graham,Mid-Market,AMER,VM-100 SKU-0440,software_ngfw
C0036,P0440,2025-08-01,0.0,0.0,0.0,0.0,0.0,0,17713.8,0.0,false,false,Shelfware Risk,Rodriguez-Graham,Mid-Market,AMER,VM-100 SKU-0440,software_ngfw
C0036,P0440,2025-09-01,0.0,0.0,0.0,0.0,0.0,0,17713.8,0.0,false,false,Shelfware Risk,Rodriguez-Graham,Mid-Market,AMER,VM-100 SKU-0440,software_ngfw
C0036,P0440,2025-10-01,0.0,0.0,0.0,0.0,0.0,0,17713.8,0.0,false,false,Shelfware Risk,Rodriguez-Graham,Mid-Market,AMER,VM-100 SKU-0440,software_ngfw
C0036,P0440,2025-11-01,0.0,0.0,0.0,0.0,0.0,0,17713.8,0.0,false,false,Shelfware Risk,Rodriguez-Graham,Mid-Market,AMER,VM-100 SKU-0440,software_ngfw
C0036,P0440,2025-12-01,0.0,0.0,0.0,0.0,0.0,0,17713.8,0.0,false,false,Shelfware Risk,Rodriguez-Graham,Mid-Market,AMER,VM-100 SKU-0440,software_ngfw
C0036,P0440,2026-01-01,0.0,0.0,0.0,0.0,0.0,0,17713.8,0.0,false,false,Shelfware Risk,Rodriguez-Graham,Mid-Market,AMER,VM-100 SKU-0440,software_ngfw
C0036,P0440,2026-02-01,0.0,0.0,0.0,0.0,0.0,0,17713.8,0.0,false,false,Shelfware Risk,Rodriguez-Graham,Mid-Market,AMER,VM-100 SKU-0440,software_ngfw
C0036,P0440,2026-03-01,0.0,0.0,0.0,0.0,0.0,0,17713.8,0.0,false,false,Shelfware Risk,Rodriguez-Graham,Mid-Market,AMER,VM-100 SKU-0440,software_ngfw
C0036,P0440,2026-04-01,0.0,0.0,0.0,0.0,0.0,0,17713.8,0.0,false,false,Shelfware Risk,Rodriguez-Graham,Mid-Market,AMER,VM-100 SKU-0440,software_ngfw
C0036,P0440,2026-05-01,0.0,0.0,0.0,0.0,0.0,0,17713.8,0.0,false,false,Shelfware Risk,Rodriguez-Graham,Mid-Market,AMER,VM-100 SKU-0440,software_ngfw
C0036,P0440,2026-06-01,0.0,0.0,0.0,0.0,0.0,0,17713.8,0.0,false,false,Shelfware Risk,Rodriguez-Graham,Mid-Market,AMER,VM-100 SKU-0440,software_ngfw
C0040,P0314,2025-07-01,1.685,0.8,0.6,1.0,1.0,0,38397.36,83.0,false,true,Value Realized,"Romero, Gonzalez and Brooks",Enterprise,EMEA,VM-500 SKU-0314,software_ngfw
C0040,P0314,2025-08-01,1.303,0.8,1.0,1.0,1.0,1,38397.36,93.0,false,true,Value Realized,"Romero, Gonzalez and Brooks",Enterprise,EMEA,VM-500 SKU-0314,software_ngfw
C0040,P0314,2025-09-01,1.592,0.8,1.0,1.0,1.0,1,38397.36,93.0,false,true,Value Realized,"Romero, Gonzalez and Brooks",Enterprise,EMEA,VM-500 SKU-0314,software_ngfw
C0040,P0314,2025-10-01,1.581,0.8,1.0,1.0,1.0,1,38397.36,93.0,false,true,Value Realized,"Romero, Gonzalez and Brooks",Enterprise,EMEA,VM-500 SKU-0314,software_ngfw
C0040,P0314,2025-11-01,1.449,0.8,1.0,1.0,1.0,1,38397.36,93.0,false,true,Value Realized,"Romero, Gonzalez and Brooks",Enterprise,EMEA,VM-500 SKU-0314,software_ngfw
C0040,P0314,2025-12-01,1.21,0.8,1.0,1.0,1.0,1,38397.36,93.0,false,true,Value Realized,"Romero, Gonzalez and Brooks",Enterprise,EMEA,VM-500 SKU-0314,software_ngfw
C0040,P0314,2026-01-01,1.441,0.8,1.0,1.0,1.0,1,38397.36,93.0,false,true,Value Realized,"Romero, Gonzalez and Brooks",Enterprise,EMEA,VM-500 SKU-0314,software_ngfw
C0040,P0314,2026-02-01,1.429,0.8,1.0,1.0,1.0,1,38397.36,93.0,false,true,Value Realized,"Romero, Gonzalez and Brooks",Enterprise,EMEA,VM-500 SKU-0314,software_ngfw
C0040,P0314,2026-03-01,1.655,0.8,1.0,1.0,1.0,1,38397.36,93.0,false,true,Value Realized,"Romero, Gonzalez and Brooks",Enterprise,EMEA,VM-500 SKU-0314,software_ngfw
C0040,P0314,2026-04-01,1.141,1.0,1.0,1.0,1.0,1,38397.36,100.0,false,false,Value Realized,"Romero, Gonzalez and Brooks",Enterprise,EMEA,VM-500 SKU-0314,software_ngfw
C0040,P0314,2026-05-01,1.474,0.8,1.0,1.0,1.0,1,38397.36,93.0,false,true,Value Realized,"Romero, Gonzalez and Brooks",Enterprise,EMEA,VM-500 SKU-0314,software_ngfw
C0040,P0314,2026-06-01,1.285,0.8,1.0,1.0,1.0,1,38397.36,93.0,false,true,Value Realized,"Romero, Gonzalez and Brooks",Enterprise,EMEA,VM-500 SKU-0314,software_ngfw
C0047,P0431,2025-09-01,0.805,0.951,0.0,1.0,1.0,0,74571.12,73.3,false,false,Value Realized,Anderson Group,Enterprise,AMER,Prisma Access Remote Networks SKU-0431,sase
C0047,P0431,2025-10-01,0.893,0.973,0.2,1.0,1.0,1,74571.12,79.1,false,false,Value Realized,Anderson Group,Enterprise,AMER,Prisma Access Remote Networks SKU-0431,sase
C0047,P0431,2025-11-01,0.558,0.849,0.14,1.0,1.0,1,74571.12,73.2,false,false,Value Realized,Anderson Group,Enterprise,AMER,Prisma Access Remote Networks SKU-0431,sase
C0047,P0431,2025-12-01,0.615,0.904,0.14,1.0,1.0,1,74571.12,75.1,false,false,Value Realized,Anderson Group,Enterprise,AMER,Prisma Access Remote Networks SKU-0431,sase
C0047,P0431,2026-01-01,0.445,0.714,0.14,1.0,1.0,1,74571.12,68.5,false,false,Developing,Anderson Group,Enterprise,AMER,Prisma Access Remote Networks SKU-0431,sase
C0047,P0431,2026-02-01,0.654,0.914,0.14,1.0,1.0,1,74571.12,75.5,false,false,Value Realized,Anderson Group,Enterprise,AMER,Prisma Access Remote Networks SKU-0431,sase
C0047,P0431,2026-03-01,0.699,0.925,0.2,1.0,1.0,1,74571.12,77.4,false,false,Value Realized,Anderson Group,Enterprise,AMER,Prisma Access Remote Networks SKU-0431,sase
C0047,P0431,2026-04-01,0.692,0.923,0.14,1.0,1.0,1,74571.12,75.8,false,false,Value Realized,Anderson Group,Enterprise,AMER,Prisma Access Remote Networks SKU-0431,sase
C0047,P0431,2026-05-01,0.736,0.934,0.14,1.0,1.0,1,74571.12,76.2,false,false,Value Realized,Anderson Group,Enterprise,AMER,Prisma Access Remote Networks SKU-0431,sase
C0047,P0431,2026-06-01,0.491,0.77,0.14,1.0,1.0,1,74571.12,70.4,false,false,Value Realized,Anderson Group,Enterprise,AMER,Prisma Access Remote Networks SKU-0431,sase
C0048,P0069,2025-07-01,2.788,0.8,0.633,1.0,1.0,0,1318853.47,83.8,false,true,Value Realized,"Martin, Rose and Obrien",Mid-Market,EMEA,Prisma Access Browser SKU-0069,sase
C0048,P0069,2025-08-01,3.272,0.8,0.633,1.0,1.0,1,1318853.47,83.8,false,true,Value Realized,"Martin, Rose and Obrien",Mid-Market,EMEA,Prisma Access Browser SKU-0069,sase
C0048,P0069,2025-09-01,3.551,0.8,0.633,1.0,1.0,1,1318853.47,83.8,false,true,Value Realized,"Martin, Rose and Obrien",Mid-Market,EMEA,Prisma Access Browser SKU-0069,sase
C0048,P0069,2025-10-01,0.0,0.0,0.0,0.5,1.0,1,1318853.47,27.5,false,false,Lapsed,"Martin, Rose and Obrien",Mid-Market,EMEA,Prisma Access Browser SKU-0069,sase
C0048,P0069,2025-11-01,0.0,0.0,0.0,0.2,1.0,1,1318853.47,20.0,false,false,Churn Signal,"Martin, Rose and Obrien",Mid-Market,EMEA,Prisma Access Browser SKU-0069,sase
C0048,P0069,2025-12-01,0.0,0.0,0.0,0.0,1.0,1,1318853.47,15.0,false,false,Churn Signal,"Martin, Rose and Obrien",Mid-Market,EMEA,Prisma Access Browser SKU-0069,sase
C0048,P0069,2026-01-01,0.0,0.0,0.0,0.0,1.0,1,1318853.47,15.0,false,false,Lapsed,"Martin, Rose and Obrien",Mid-Market,EMEA,Prisma Access Browser SKU-0069,sase
C0048,P0069,2026-02-01,0.0,0.0,0.0,0.0,1.0,1,1318853.47,15.0,false,false,Lapsed,"Martin, Rose and Obrien",Mid-Market,EMEA,Prisma Access Browser SKU-0069,sase
C0048,P0069,2026-03-01,0.0,0.0,0.0,0.0,1.0,1,1318853.47,15.0,false,false,Lapsed,"Martin, Rose and Obrien",Mid-Market,EMEA,Prisma Access Browser SKU-0069,sase
C0048,P0069,2026-04-01,0.0,0.0,0.0,0.0,1.0,1,1318853.47,15.0,false,false,Lapsed,"Martin, Rose and Obrien",Mid-Market,EMEA,Prisma Access Browser SKU-0069,sase
C0048,P0069,2026-05-01,0.0,0.0,0.0,0.0,1.0,1,1318853.47,15.0,false,false,Lapsed,"Martin, Rose and Obrien",Mid-Market,EMEA,Prisma Access Browser SKU-0069,sase
C0048,P0069,2026-06-01,0.0,0.0,0.0,0.0,1.0,1,1318853.47,15.0,false,false,Lapsed,"Martin, Rose and Obrien",Mid-Market,EMEA,Prisma Access Browser SKU-0069,sase
C0051,P0255,2025-07-01,1.386,0.8,0.667,1.0,1.0,0,27648.22,84.7,false,true,Value Realized,"Brooks, Lam and Hayes",Enterprise,AMER,VM-500 SKU-0255,software_ngfw
C0051,P0255,2025-08-01,1.426,0.8,1.0,1.0,1.0,1,27648.22,93.0,false,true,Value Realized,"Brooks, Lam and Hayes",Enterprise,AMER,VM-500 SKU-0255,software_ngfw
C0051,P0255,2025-09-01,1.413,0.8,1.0,1.0,1.0,1,27648.22,93.0,false,true,Value Realized,"Brooks, Lam and Hayes",Enterprise,AMER,VM-500 SKU-0255,software_ngfw
C0051,P0255,2025-10-01,1.402,0.8,1.0,1.0,1.0,1,27648.22,93.0,false,true,Value Realized,"Brooks, Lam and Hayes",Enterprise,AMER,VM-500 SKU-0255,software_ngfw
C0051,P0255,2025-11-01,1.428,0.8,1.0,1.0,1.0,1,27648.22,93.0,false,true,Value Realized,"Brooks, Lam and Hayes",Enterprise,AMER,VM-500 SKU-0255,software_ngfw
C0051,P0255,2025-12-01,1.201,0.8,1.0,1.0,1.0,1,27648.22,93.0,false,true,Value Realized,"Brooks, Lam and Hayes",Enterprise,AMER,VM-500 SKU-0255,software_ngfw
C0051,P0255,2026-01-01,1.375,0.8,1.0,1.0,1.0,1,27648.22,93.0,false,true,Value Realized,"Brooks, Lam and Hayes",Enterprise,AMER,VM-500 SKU-0255,software_ngfw
C0051,P0255,2026-02-01,1.476,0.8,1.0,1.0,1.0,1,27648.22,93.0,false,true,Value Realized,"Brooks, Lam and Hayes",Enterprise,AMER,VM-500 SKU-0255,software_ngfw
C0051,P0255,2026-03-01,1.413,0.8,1.0,1.0,1.0,1,27648.22,93.0,false,true,Value Realized,"Brooks, Lam and Hayes",Enterprise,AMER,VM-500 SKU-0255,software_ngfw
C0051,P0255,2026-04-01,1.388,0.8,1.0,1.0,1.0,1,27648.22,93.0,false,true,Value Realized,"Brooks, Lam and Hayes",Enterprise,AMER,VM-500 SKU-0255,software_ngfw
C0051,P0255,2026-05-01,1.416,0.8,1.0,1.0,1.0,1,27648.22,93.0,false,true,Value Realized,"Brooks, Lam and Hayes",Enterprise,AMER,VM-500 SKU-0255,software_ngfw
C0051,P0255,2026-06-01,1.405,0.8,1.0,1.0,1.0,1,27648.22,93.0,false,true,Value Realized,"Brooks, Lam and Hayes",Enterprise,AMER,VM-500 SKU-0255,software_ngfw
C0052,P0208,2025-09-01,0.0,0.0,0.0,0.0,,0,74186.0,0.0,false,false,Grace Period,Walker LLC,Enterprise,LATAM,Cloud NGFW for Azure SKU-0208,cloud_ngfw
C0052,P0208,2025-10-01,0.0,0.0,0.0,0.0,0.0,0,74186.0,0.0,false,false,Shelfware Risk,Walker LLC,Enterprise,LATAM,Cloud NGFW for Azure SKU-0208,cloud_ngfw
C0052,P0208,2025-11-01,0.0,0.0,0.0,0.0,0.0,0,74186.0,0.0,false,false,Shelfware Risk,Walker LLC,Enterprise,LATAM,Cloud NGFW for Azure SKU-0208,cloud_ngfw
C0052,P0208,2025-12-01,0.0,0.0,0.0,0.0,0.0,0,74186.0,0.0,false,false,Shelfware Risk,Walker LLC,Enterprise,LATAM,Cloud NGFW for Azure SKU-0208,cloud_ngfw
C0052,P0208,2026-01-01,0.0,0.0,0.0,0.0,0.0,0,74186.0,0.0,false,false,Shelfware Risk,Walker LLC,Enterprise,LATAM,Cloud NGFW for Azure SKU-0208,cloud_ngfw
C0052,P0208,2026-02-01,0.0,0.0,0.0,0.0,0.0,0,74186.0,0.0,false,false,Shelfware Risk,Walker LLC,Enterprise,LATAM,Cloud NGFW for Azure SKU-0208,cloud_ngfw
C0052,P0208,2026-03-01,0.0,0.0,0.0,0.0,0.0,0,74186.0,0.0,false,false,Shelfware Risk,Walker LLC,Enterprise,LATAM,Cloud NGFW for Azure SKU-0208,cloud_ngfw
C0052,P0208,2026-04-01,0.0,0.0,0.0,0.0,0.0,0,74186.0,0.0,false,false,Shelfware Risk,Walker LLC,Enterprise,LATAM,Cloud NGFW for Azure SKU-0208,cloud_ngfw
C0052,P0208,2026-05-01,0.0,0.0,0.0,0.0,0.0,0,74186.0,0.0,false,false,Shelfware Risk,Walker LLC,Enterprise,LATAM,Cloud NGFW for Azure SKU-0208,cloud_ngfw
C0052,P0208,2026-06-01,0.0,0.0,0.0,0.0,0.0,0,74186.0,0.0,false,false,Shelfware Risk,Walker LLC,Enterprise,LATAM,Cloud NGFW for Azure SKU-0208,cloud_ngfw
C0054,P0076,2025-07-01,0.558,0.85,0.0,1.0,1.0,0,505506.96,69.8,false,false,Developing,"Robinson, Jones and Welch",Mid-Market,EMEA,PA-460 SKU-0076,hardware_ngfw
C0054,P0076,2025-08-01,0.585,0.882,0.0,1.0,1.0,1,505506.96,70.9,false,false,Value Realized,"Robinson, Jones and Welch",Mid-Market,EMEA,PA-460 SKU-0076,hardware_ngfw
C0054,P0076,2025-09-01,0.732,0.933,0.175,1.0,1.0,1,505506.96,77.0,false,false,Value Realized,"Robinson, Jones and Welch",Mid-Market,EMEA,PA-460 SKU-0076,hardware_ngfw
C0054,P0076,2025-10-01,0.625,0.906,0.25,1.0,1.0,1,505506.96,78.0,false,false,Value Realized,"Robinson, Jones and Welch",Mid-Market,EMEA,PA-460 SKU-0076,hardware_ngfw
C0054,P0076,2025-11-01,0.923,0.981,0.175,1.0,1.0,1,505506.96,78.7,true,false,Value Realized,"Robinson, Jones and Welch",Mid-Market,EMEA,PA-460 SKU-0076,hardware_ngfw
C0054,P0076,2025-12-01,0.781,0.945,0.175,1.0,1.0,1,505506.96,77.5,false,false,Value Realized,"Robinson, Jones and Welch",Mid-Market,EMEA,PA-460 SKU-0076,hardware_ngfw
C0054,P0076,2026-01-01,0.795,0.949,0.425,1.0,1.0,1,505506.96,83.8,false,false,Value Realized,"Robinson, Jones and Welch",Mid-Market,EMEA,PA-460 SKU-0076,hardware_ngfw
C0054,P0076,2026-02-01,0.818,0.954,0.525,1.0,1.0,1,505506.96,86.5,false,false,Value Realized,"Robinson, Jones and Welch",Mid-Market,EMEA,PA-460 SKU-0076,hardware_ngfw
C0054,P0076,2026-03-01,0.802,0.951,0.675,1.0,1.0,1,505506.96,90.1,false,false,Value Realized,"Robinson, Jones and Welch",Mid-Market,EMEA,PA-460 SKU-0076,hardware_ngfw
C0054,P0076,2026-04-01,0.827,0.957,0.675,1.0,1.0,1,505506.96,90.4,false,false,Value Realized,"Robinson, Jones and Welch",Mid-Market,EMEA,PA-460 SKU-0076,hardware_ngfw
C0054,P0076,2026-05-01,0.638,0.91,0.675,1.0,1.0,1,505506.96,88.7,false,false,Value Realized,"Robinson, Jones and Welch",Mid-Market,EMEA,PA-460 SKU-0076,hardware_ngfw
C0054,P0076,2026-06-01,0.745,0.936,0.675,1.0,1.0,1,505506.96,89.6,false,false,Value Realized,"Robinson, Jones and Welch",Mid-Market,EMEA,PA-460 SKU-0076,hardware_ngfw
C0054,P0419,2025-07-01,0.682,0.921,0.0,1.0,1.0,0,309051.4,72.2,false,false,Value Realized,"Robinson, Jones and Welch",Mid-Market,EMEA,PA-440 SKU-0419,hardware_ngfw
C0054,P0419,2025-08-01,0.693,0.923,0.467,1.0,1.0,1,309051.4,84.0,false,false,Value Realized,"Robinson, Jones and Welch",Mid-Market,EMEA,PA-440 SKU-0419,hardware_ngfw
C0054,P0419,2025-09-01,0.672,0.918,0.467,1.0,1.0,1,309051.4,83.8,false,false,Value Realized,"Robinson, Jones and Welch",Mid-Market,EMEA,PA-440 SKU-0419,hardware_ngfw
C0054,P0419,2025-10-01,0.803,0.951,0.567,1.0,1.0,1,309051.4,87.4,false,false,Value Realized,"Robinson, Jones and Welch",Mid-Market,EMEA,PA-440 SKU-0419,hardware_ngfw
C0054,P0419,2025-11-01,0.691,0.923,0.467,1.0,1.0,1,309051.4,84.0,false,false,Value Realized,"Robinson, Jones and Welch",Mid-Market,EMEA,PA-440 SKU-0419,hardware_ngfw
C0054,P0419,2025-12-01,0.673,0.918,0.467,1.0,1.0,1,309051.4,83.8,false,false,Value Realized,"Robinson, Jones and Welch",Mid-Market,EMEA,PA-440 SKU-0419,hardware_ngfw
C0054,P0419,2026-01-01,1.132,1.0,0.567,1.0,1.0,1,309051.4,89.2,false,false,Value Realized,"Robinson, Jones and Welch",Mid-Market,EMEA,PA-440 SKU-0419,hardware_ngfw
C0054,P0419,2026-02-01,0.767,0.942,0.567,1.0,1.0,1,309051.4,87.1,false,false,Value Realized,"Robinson, Jones and Welch",Mid-Market,EMEA,PA-440 SKU-0419,hardware_ngfw
C0054,P0419,2026-03-01,0.367,0.62,0.567,1.0,1.0,1,309051.4,75.9,false,false,Value Realized,"Robinson, Jones and Welch",Mid-Market,EMEA,PA-440 SKU-0419,hardware_ngfw
C0054,P0419,2026-04-01,0.628,0.907,0.667,1.0,1.0,1,309051.4,88.4,false,false,Value Realized,"Robinson, Jones and Welch",Mid-Market,EMEA,PA-440 SKU-0419,hardware_ngfw
C0054,P0419,2026-05-01,0.611,0.903,0.467,1.0,1.0,1,309051.4,83.3,false,false,Value Realized,"Robinson, Jones and Welch",Mid-Market,EMEA,PA-440 SKU-0419,hardware_ngfw
C0054,P0419,2026-06-01,0.803,0.951,0.467,1.0,1.0,1,309051.4,84.9,false,false,Value Realized,"Robinson, Jones and Welch",Mid-Market,EMEA,PA-440 SKU-0419,hardware_ngfw
C0061,P0279,2025-07-01,0.697,0.924,0.0,1.0,1.0,0,30568.23,72.3,false,false,Value Realized,"Brown, Valdez and Lucas",Enterprise,AMER,VM-500 SKU-0279,software_ngfw
C0061,P0279,2025-08-01,0.568,0.862,0.0,1.0,1.0,1,30568.23,70.2,false,false,Value Realized,"Brown, Valdez and Lucas",Enterprise,AMER,VM-500 SKU-0279,software_ngfw
C0061,P0279,2025-09-01,0.613,0.903,0.0,1.0,1.0,1,30568.23,71.6,false,false,Value Realized,"Brown, Valdez and Lucas",Enterprise,AMER,VM-500 SKU-0279,software_ngfw
C0061,P0279,2025-10-01,0.705,0.926,0.0,1.0,1.0,1,30568.23,72.4,false,false,Value Realized,"Brown, Valdez and Lucas",Enterprise,AMER,VM-500 SKU-0279,software_ngfw
C0061,P0279,2025-11-01,0.684,0.921,0.0,1.0,1.0,1,30568.23,72.2,false,false,Value Realized,"Brown, Valdez and Lucas",Enterprise,AMER,VM-500 SKU-0279,software_ngfw
C0061,P0279,2025-12-01,0.744,0.936,0.167,1.0,1.0,1,30568.23,76.9,false,false,Value Realized,"Brown, Valdez and Lucas",Enterprise,AMER,VM-500 SKU-0279,software_ngfw
C0061,P0279,2026-01-01,0.653,0.913,0.167,1.0,1.0,1,30568.23,76.1,false,false,Value Realized,"Brown, Valdez and Lucas",Enterprise,AMER,VM-500 SKU-0279,software_ngfw
C0061,P0279,2026-02-01,0.717,0.929,0.167,1.0,1.0,1,30568.23,76.7,false,false,Value Realized,"Brown, Valdez and Lucas",Enterprise,AMER,VM-500 SKU-0279,software_ngfw
C0061,P0279,2026-03-01,0.898,0.975,0.117,1.0,1.0,1,30568.23,77.0,false,false,Value Realized,"Brown, Valdez and Lucas",Enterprise,AMER,VM-500 SKU-0279,software_ngfw
C0061,P0279,2026-04-01,0.753,0.938,0.167,1.0,1.0,1,30568.23,77.0,false,false,Value Realized,"Brown, Valdez and Lucas",Enterprise,AMER,VM-500 SKU-0279,software_ngfw
C0061,P0279,2026-05-01,0.619,0.905,0.167,1.0,1.0,1,30568.23,75.8,false,false,Value Realized,"Brown, Valdez and Lucas",Enterprise,AMER,VM-500 SKU-0279,software_ngfw
C0061,P0279,2026-06-01,0.624,0.906,0.167,1.0,1.0,1,30568.23,75.9,false,false,Value Realized,"Brown, Valdez and Lucas",Enterprise,AMER,VM-500 SKU-0279,software_ngfw
C0063,P0231,2025-07-01,0.981,0.995,0.14,1.0,1.0,0,73126.62,78.3,true,false,Value Realized,Wright and Sons,Enterprise,APAC,Cloud NGFW for AWS SKU-0231,cloud_ngfw
C0063,P0231,2025-08-01,0.79,0.947,0.34,1.0,1.0,1,73126.62,81.7,false,false,Value Realized,Wright and Sons,Enterprise,APAC,Cloud NGFW for AWS SKU-0231,cloud_ngfw
C0063,P0231,2025-09-01,0.782,0.945,0.28,1.0,1.0,1,73126.62,80.1,false,false,Value Realized,Wright and Sons,Enterprise,APAC,Cloud NGFW for AWS SKU-0231,cloud_ngfw
C0063,P0231,2025-10-01,0.682,0.92,0.28,1.0,1.0,1,73126.62,79.2,false,false,Value Realized,Wright and Sons,Enterprise,APAC,Cloud NGFW for AWS SKU-0231,cloud_ngfw
C0063,P0231,2025-11-01,0.954,0.989,0.28,1.0,1.0,1,73126.62,81.6,false,false,Value Realized,Wright and Sons,Enterprise,APAC,Cloud NGFW for AWS SKU-0231,cloud_ngfw
C0063,P0231,2025-12-01,0.643,0.911,0.34,1.0,1.0,1,73126.62,80.4,false,false,Value Realized,Wright and Sons,Enterprise,APAC,Cloud NGFW for AWS SKU-0231,cloud_ngfw
C0063,P0231,2026-01-01,0.824,0.956,0.34,1.0,1.0,1,73126.62,82.0,false,false,Value Realized,Wright and Sons,Enterprise,APAC,Cloud NGFW for AWS SKU-0231,cloud_ngfw
C0063,P0231,2026-02-01,0.688,0.922,0.28,1.0,1.0,1,73126.62,79.3,false,false,Value Realized,Wright and Sons,Enterprise,APAC,Cloud NGFW for AWS SKU-0231,cloud_ngfw
C0063,P0231,2026-03-01,0.858,0.965,0.28,1.0,1.0,1,73126.62,80.8,false,false,Value Realized,Wright and Sons,Enterprise,APAC,Cloud NGFW for AWS SKU-0231,cloud_ngfw
C0063,P0231,2026-04-01,0.48,0.756,0.28,1.0,1.0,1,73126.62,73.5,false,false,Value Realized,Wright and Sons,Enterprise,APAC,Cloud NGFW for AWS SKU-0231,cloud_ngfw
C0063,P0231,2026-05-01,0.651,0.913,0.54,1.0,1.0,1,73126.62,85.4,false,false,Value Realized,Wright and Sons,Enterprise,APAC,Cloud NGFW for AWS SKU-0231,cloud_ngfw
C0063,P0231,2026-06-01,0.815,0.954,0.42,1.0,1.0,1,73126.62,83.9,false,false,Value Realized,Wright and Sons,Enterprise,APAC,Cloud NGFW for AWS SKU-0231,cloud_ngfw
C0067,P0460,2025-07-01,0.834,0.959,0.0,1.0,1.0,0,539938.08,73.5,false,false,Value Realized,Williams PLC,Mid-Market,AMER,PA-5410 SKU-0460,hardware_ngfw
C0067,P0460,2025-08-01,0.581,0.877,0.167,1.0,1.0,1,539938.08,74.9,false,false,Value Realized,Williams PLC,Mid-Market,AMER,PA-5410 SKU-0460,hardware_ngfw
C0067,P0460,2025-09-01,0.729,0.932,0.283,1.0,1.0,1,539938.08,79.7,false,false,Value Realized,Williams PLC,Mid-Market,AMER,PA-5410 SKU-0460,hardware_ngfw
C0067,P0460,2025-10-01,0.56,0.853,0.283,1.0,1.0,1,539938.08,76.9,false,false,Value Realized,Williams PLC,Mid-Market,AMER,PA-5410 SKU-0460,hardware_ngfw
C0067,P0460,2025-11-01,0.568,0.862,0.233,1.0,1.0,1,539938.08,76.0,false,false,Value Realized,Williams PLC,Mid-Market,AMER,PA-5410 SKU-0460,hardware_ngfw
C0067,P0460,2025-12-01,0.843,0.961,0.333,1.0,1.0,1,539938.08,82.0,false,false,Value Realized,Williams PLC,Mid-Market,AMER,PA-5410 SKU-0460,hardware_ngfw
C0067,P0460,2026-01-01,0.885,0.971,0.45,1.0,1.0,1,539938.08,85.2,false,false,Value Realized,Williams PLC,Mid-Market,AMER,PA-5410 SKU-0460,hardware_ngfw
C0067,P0460,2026-02-01,0.725,0.931,0.45,1.0,1.0,1,539938.08,83.8,false,false,Value Realized,Williams PLC,Mid-Market,AMER,PA-5410 SKU-0460,hardware_ngfw
C0067,P0460,2026-03-01,0.677,0.919,0.35,1.0,1.0,1,539938.08,80.9,false,false,Value Realized,Williams PLC,Mid-Market,AMER,PA-5410 SKU-0460,hardware_ngfw
C0067,P0460,2026-04-01,0.76,0.94,0.4,1.0,1.0,1,539938.08,82.9,false,false,Value Realized,Williams PLC,Mid-Market,AMER,PA-5410 SKU-0460,hardware_ngfw
C0067,P0460,2026-05-01,0.602,0.9,0.467,1.0,1.0,1,539938.08,83.2,false,false,Value Realized,Williams PLC,Mid-Market,AMER,PA-5410 SKU-0460,hardware_ngfw
C0067,P0460,2026-06-01,0.716,0.929,0.517,1.0,1.0,1,539938.08,85.4,false,false,Value Realized,Williams PLC,Mid-Market,AMER,PA-5410 SKU-0460,hardware_ngfw
C0071,P0057,2025-07-01,0.64,0.91,0.0,1.0,1.0,0,86581.5,71.9,false,false,Value Realized,Gray Group,Enterprise,AMER,Prisma Access Mobile Users SKU-0057,sase
C0071,P0057,2025-08-01,0.654,0.913,0.233,1.0,1.0,1,86581.5,77.8,false,false,Value Realized,Gray Group,Enterprise,AMER,Prisma Access Mobile Users SKU-0057,sase
C0071,P0057,2025-09-01,0.856,0.964,0.467,1.0,1.0,1,86581.5,85.4,false,false,Value Realized,Gray Group,Enterprise,AMER,Prisma Access Mobile Users SKU-0057,sase
C0071,P0057,2025-10-01,0.723,0.931,0.567,1.0,1.0,1,86581.5,86.7,false,false,Value Realized,Gray Group,Enterprise,AMER,Prisma Access Mobile Users SKU-0057,sase
C0071,P0057,2025-11-01,0.715,0.929,0.467,1.0,1.0,1,86581.5,84.2,false,false,Value Realized,Gray Group,Enterprise,AMER,Prisma Access Mobile Users SKU-0057,sase
C0071,P0057,2025-12-01,0.793,0.948,0.467,1.0,1.0,1,86581.5,84.9,false,false,Value Realized,Gray Group,Enterprise,AMER,Prisma Access Mobile Users SKU-0057,sase
C0071,P0057,2026-01-01,0.623,0.906,0.467,1.0,1.0,1,86581.5,83.4,false,false,Value Realized,Gray Group,Enterprise,AMER,Prisma Access Mobile Users SKU-0057,sase
C0071,P0057,2026-02-01,0.703,0.926,0.567,1.0,1.0,1,86581.5,86.6,false,false,Value Realized,Gray Group,Enterprise,AMER,Prisma Access Mobile Users SKU-0057,sase
C0071,P0057,2026-03-01,0.587,0.884,0.467,1.0,1.0,1,86581.5,82.6,false,false,Value Realized,Gray Group,Enterprise,AMER,Prisma Access Mobile Users SKU-0057,sase
C0071,P0057,2026-04-01,0.691,0.923,0.567,1.0,1.0,1,86581.5,86.5,false,false,Value Realized,Gray Group,Enterprise,AMER,Prisma Access Mobile Users SKU-0057,sase
C0071,P0057,2026-05-01,0.824,0.956,0.467,1.0,1.0,1,86581.5,85.1,false,false,Value Realized,Gray Group,Enterprise,AMER,Prisma Access Mobile Users SKU-0057,sase
C0071,P0057,2026-06-01,0.62,0.905,0.467,1.0,1.0,1,86581.5,83.3,false,false,Value Realized,Gray Group,Enterprise,AMER,Prisma Access Mobile Users SKU-0057,sase
C0071,P0482,2025-07-01,0.644,0.911,0.0,1.0,1.0,0,828523.2,71.9,false,false,Value Realized,Gray Group,Enterprise,AMER,Prisma Access Browser SKU-0482,sase
C0071,P0482,2025-08-01,0.49,0.768,0.25,1.0,1.0,1,828523.2,73.1,false,false,Value Realized,Gray Group,Enterprise,AMER,Prisma Access Browser SKU-0482,sase
C0071,P0482,2025-09-01,0.559,0.85,0.25,1.0,1.0,1,828523.2,76.0,false,false,Value Realized,Gray Group,Enterprise,AMER,Prisma Access Browser SKU-0482,sase
C0071,P0482,2025-10-01,0.592,0.891,0.35,1.0,1.0,1,828523.2,79.9,false,false,Value Realized,Gray Group,Enterprise,AMER,Prisma Access Browser SKU-0482,sase
C0071,P0482,2025-11-01,0.621,0.905,0.425,1.0,1.0,1,828523.2,82.3,false,false,Value Realized,Gray Group,Enterprise,AMER,Prisma Access Browser SKU-0482,sase
C0071,P0482,2025-12-01,0.884,0.971,0.5,1.0,1.0,1,828523.2,86.5,false,false,Value Realized,Gray Group,Enterprise,AMER,Prisma Access Browser SKU-0482,sase
C0071,P0482,2026-01-01,0.675,0.919,0.425,1.0,1.0,1,828523.2,82.8,false,false,Value Realized,Gray Group,Enterprise,AMER,Prisma Access Browser SKU-0482,sase
C0071,P0482,2026-02-01,0.468,0.742,0.5,1.0,1.0,1,828523.2,78.5,false,false,Value Realized,Gray Group,Enterprise,AMER,Prisma Access Browser SKU-0482,sase
C0071,P0482,2026-03-01,0.987,0.997,0.425,1.0,1.0,1,828523.2,85.5,false,false,Value Realized,Gray Group,Enterprise,AMER,Prisma Access Browser SKU-0482,sase
C0071,P0482,2026-04-01,1.018,1.0,0.425,1.0,1.0,1,828523.2,85.6,false,false,Value Realized,Gray Group,Enterprise,AMER,Prisma Access Browser SKU-0482,sase
C0071,P0482,2026-05-01,0.631,0.908,0.425,1.0,1.0,1,828523.2,82.4,false,false,Value Realized,Gray Group,Enterprise,AMER,Prisma Access Browser SKU-0482,sase
C0071,P0482,2026-06-01,0.639,0.91,0.35,1.0,1.0,1,828523.2,80.6,false,false,Value Realized,Gray Group,Enterprise,AMER,Prisma Access Browser SKU-0482,sase
C0080,P0332,2025-07-01,0.933,0.983,0.0,1.0,1.0,0,769514.98,74.4,true,false,Value Realized,"Hensley, Powell and David",Mid-Market,EMEA,PA-3440 SKU-0332,hardware_ngfw
C0080,P0332,2025-08-01,0.681,0.92,0.0,1.0,1.0,1,769514.98,72.2,false,false,Value Realized,"Hensley, Powell and David",Mid-Market,EMEA,PA-3440 SKU-0332,hardware_ngfw
C0080,P0332,2025-09-01,0.62,0.905,0.0,1.0,1.0,1,769514.98,71.7,false,false,Value Realized,"Hensley, Powell and David",Mid-Market,EMEA,PA-3440 SKU-0332,hardware_ngfw
C0080,P0332,2025-10-01,0.814,0.953,0.0,1.0,1.0,1,769514.98,73.4,false,false,Value Realized,"Hensley, Powell and David",Mid-Market,EMEA,PA-3440 SKU-0332,hardware_ngfw
C0080,P0332,2025-11-01,0.682,0.92,0.0,1.0,1.0,1,769514.98,72.2,false,false,Value Realized,"Hensley, Powell and David",Mid-Market,EMEA,PA-3440 SKU-0332,hardware_ngfw
C0080,P0332,2025-12-01,0.493,0.771,0.14,1.0,1.0,1,769514.98,70.5,false,false,Value Realized,"Hensley, Powell and David",Mid-Market,EMEA,PA-3440 SKU-0332,hardware_ngfw
C0080,P0332,2026-01-01,0.647,0.912,0.14,1.0,1.0,1,769514.98,75.4,false,false,Value Realized,"Hensley, Powell and David",Mid-Market,EMEA,PA-3440 SKU-0332,hardware_ngfw
C0080,P0332,2026-02-01,0.663,0.916,0.14,1.0,1.0,1,769514.98,75.6,false,false,Value Realized,"Hensley, Powell and David",Mid-Market,EMEA,PA-3440 SKU-0332,hardware_ngfw
C0080,P0332,2026-03-01,0.965,0.991,0.28,1.0,1.0,1,769514.98,81.7,false,false,Value Realized,"Hensley, Powell and David",Mid-Market,EMEA,PA-3440 SKU-0332,hardware_ngfw
C0080,P0332,2026-04-01,0.802,0.95,0.34,1.0,1.0,1,769514.98,81.8,false,false,Value Realized,"Hensley, Powell and David",Mid-Market,EMEA,PA-3440 SKU-0332,hardware_ngfw
C0080,P0332,2026-05-01,0.638,0.909,0.34,1.0,1.0,1,769514.98,80.3,false,false,Value Realized,"Hensley, Powell and David",Mid-Market,EMEA,PA-3440 SKU-0332,hardware_ngfw
C0080,P0332,2026-06-01,0.801,0.95,0.28,1.0,1.0,1,769514.98,80.3,false,false,Value Realized,"Hensley, Powell and David",Mid-Market,EMEA,PA-3440 SKU-0332,hardware_ngfw
C0081,P0059,2025-07-01,0.806,0.951,0.0,1.0,1.0,0,61400.96,73.3,false,false,Value Realized,"Sanchez, Wheeler and Harvey",Enterprise,APAC,VM-500 SKU-0059,software_ngfw
C0081,P0059,2025-08-01,0.428,0.693,0.0,1.0,1.0,1,61400.96,64.3,false,false,Developing,"Sanchez, Wheeler and Harvey",Enterprise,APAC,VM-500 SKU-0059,software_ngfw
C0081,P0059,2025-09-01,1.005,1.0,0.0,1.0,1.0,1,61400.96,75.0,true,false,Value Realized,"Sanchez, Wheeler and Harvey",Enterprise,APAC,VM-500 SKU-0059,software_ngfw
C0081,P0059,2025-10-01,0.771,0.943,0.0,1.0,1.0,1,61400.96,73.0,false,false,Value Realized,"Sanchez, Wheeler and Harvey",Enterprise,APAC,VM-500 SKU-0059,software_ngfw
C0081,P0059,2025-11-01,0.572,0.866,0.0,1.0,1.0,1,61400.96,70.3,false,false,Value Realized,"Sanchez, Wheeler and Harvey",Enterprise,APAC,VM-500 SKU-0059,software_ngfw
C0081,P0059,2025-12-01,0.595,0.894,0.0,1.0,1.0,1,61400.96,71.3,false,false,Value Realized,"Sanchez, Wheeler and Harvey",Enterprise,APAC,VM-500 SKU-0059,software_ngfw
C0081,P0059,2026-01-01,0.471,0.746,0.0,1.0,1.0,1,61400.96,66.1,false,false,Developing,"Sanchez, Wheeler and Harvey",Enterprise,APAC,VM-500 SKU-0059,software_ngfw
C0081,P0059,2026-02-01,0.568,0.862,0.0,1.0,1.0,1,61400.96,70.2,false,false,Value Realized,"Sanchez, Wheeler and Harvey",Enterprise,APAC,VM-500 SKU-0059,software_ngfw
C0081,P0059,2026-03-01,0.608,0.902,0.0,1.0,1.0,1,61400.96,71.6,false,false,Value Realized,"Sanchez, Wheeler and Harvey",Enterprise,APAC,VM-500 SKU-0059,software_ngfw
C0081,P0059,2026-04-01,0.845,0.961,0.117,1.0,1.0,1,61400.96,76.6,false,false,Value Realized,"Sanchez, Wheeler and Harvey",Enterprise,APAC,VM-500 SKU-0059,software_ngfw
C0081,P0059,2026-05-01,0.775,0.944,0.117,1.0,1.0,1,61400.96,75.9,false,false,Value Realized,"Sanchez, Wheeler and Harvey",Enterprise,APAC,VM-500 SKU-0059,software_ngfw
C0081,P0059,2026-06-01,0.501,0.781,0.117,1.0,1.0,1,61400.96,70.3,false,false,Value Realized,"Sanchez, Wheeler and Harvey",Enterprise,APAC,VM-500 SKU-0059,software_ngfw
C0084,P0061,2025-07-01,3.33,0.8,0.85,1.0,1.0,0,1047536.19,89.3,false,true,Value Realized,"Edwards, Baker and Anderson",Enterprise,LATAM,Prisma Access Remote Networks SKU-0061,sase
C0084,P0061,2025-08-01,3.337,0.8,0.75,1.0,1.0,1,1047536.19,86.8,false,true,Value Realized,"Edwards, Baker and Anderson",Enterprise,LATAM,Prisma Access Remote Networks SKU-0061,sase
C0084,P0061,2025-09-01,3.046,0.8,0.8,1.0,1.0,1,1047536.19,88.0,false,true,Value Realized,"Edwards, Baker and Anderson",Enterprise,LATAM,Prisma Access Remote Networks SKU-0061,sase
C0084,P0061,2025-10-01,0.0,0.0,0.0,0.5,1.0,1,1047536.19,27.5,false,false,Lapsed,"Edwards, Baker and Anderson",Enterprise,LATAM,Prisma Access Remote Networks SKU-0061,sase
C0084,P0061,2025-11-01,0.0,0.0,0.0,0.2,1.0,1,1047536.19,20.0,false,false,Churn Signal,"Edwards, Baker and Anderson",Enterprise,LATAM,Prisma Access Remote Networks SKU-0061,sase
C0084,P0061,2025-12-01,0.0,0.0,0.0,0.0,1.0,1,1047536.19,15.0,false,false,Churn Signal,"Edwards, Baker and Anderson",Enterprise,LATAM,Prisma Access Remote Networks SKU-0061,sase
C0084,P0061,2026-01-01,0.0,0.0,0.0,0.0,1.0,1,1047536.19,15.0,false,false,Lapsed,"Edwards, Baker and Anderson",Enterprise,LATAM,Prisma Access Remote Networks SKU-0061,sase
C0084,P0061,2026-02-01,0.0,0.0,0.0,0.0,1.0,1,1047536.19,15.0,false,false,Lapsed,"Edwards, Baker and Anderson",Enterprise,LATAM,Prisma Access Remote Networks SKU-0061,sase
C0084,P0061,2026-03-01,0.0,0.0,0.0,0.0,1.0,1,1047536.19,15.0,false,false,Lapsed,"Edwards, Baker and Anderson",Enterprise,LATAM,Prisma Access Remote Networks SKU-0061,sase
C0084,P0061,2026-04-01,0.0,0.0,0.0,0.0,1.0,1,1047536.19,15.0,false,false,Lapsed,"Edwards, Baker and Anderson",Enterprise,LATAM,Prisma Access Remote Networks SKU-0061,sase
C0084,P0061,2026-05-01,0.0,0.0,0.0,0.0,1.0,1,1047536.19,15.0,false,false,Lapsed,"Edwards, Baker and Anderson",Enterprise,LATAM,Prisma Access Remote Networks SKU-0061,sase
C0084,P0061,2026-06-01,0.0,0.0,0.0,0.0,1.0,1,1047536.19,15.0,false,false,Lapsed,"Edwards, Baker and Anderson",Enterprise,LATAM,Prisma Access Remote Networks SKU-0061,sase
C0084,P0075,2025-07-01,3.836,0.8,0.34,1.0,1.0,0,143139.2,76.5,false,true,Value Realized,"Edwards, Baker and Anderson",Enterprise,LATAM,Prisma Access Remote Networks SKU-0075,sase
C0084,P0075,2025-08-01,3.085,0.8,0.4,1.0,1.0,1,143139.2,78.0,false,true,Value Realized,"Edwards, Baker and Anderson",Enterprise,LATAM,Prisma Access Remote Networks SKU-0075,sase
C0084,P0075,2025-09-01,4.387,0.8,0.34,1.0,1.0,1,143139.2,76.5,false,true,Value Realized,"Edwards, Baker and Anderson",Enterprise,LATAM,Prisma Access Remote Networks SKU-0075,sase
C0084,P0075,2025-10-01,0.0,0.0,0.0,0.5,1.0,1,143139.2,27.5,false,false,Lapsed,"Edwards, Baker and Anderson",Enterprise,LATAM,Prisma Access Remote Networks SKU-0075,sase
C0084,P0075,2025-11-01,0.0,0.0,0.0,0.2,1.0,1,143139.2,20.0,false,false,Churn Signal,"Edwards, Baker and Anderson",Enterprise,LATAM,Prisma Access Remote Networks SKU-0075,sase
C0084,P0075,2025-12-01,0.0,0.0,0.0,0.0,1.0,1,143139.2,15.0,false,false,Churn Signal,"Edwards, Baker and Anderson",Enterprise,LATAM,Prisma Access Remote Networks SKU-0075,sase
C0084,P0075,2026-01-01,0.0,0.0,0.0,0.0,1.0,1,143139.2,15.0,false,false,Lapsed,"Edwards, Baker and Anderson",Enterprise,LATAM,Prisma Access Remote Networks SKU-0075,sase
C0084,P0075,2026-02-01,0.0,0.0,0.0,0.0,1.0,1,143139.2,15.0,false,false,Lapsed,"Edwards, Baker and Anderson",Enterprise,LATAM,Prisma Access Remote Networks SKU-0075,sase
C0084,P0075,2026-03-01,0.0,0.0,0.0,0.0,1.0,1,143139.2,15.0,false,false,Lapsed,"Edwards, Baker and Anderson",Enterprise,LATAM,Prisma Access Remote Networks SKU-0075,sase
C0084,P0075,2026-04-01,0.0,0.0,0.0,0.0,1.0,1,143139.2,15.0,false,false,Lapsed,"Edwards, Baker and Anderson",Enterprise,LATAM,Prisma Access Remote Networks SKU-0075,sase
C0084,P0075,2026-05-01,0.0,0.0,0.0,0.0,1.0,1,143139.2,15.0,false,false,Lapsed,"Edwards, Baker and Anderson",Enterprise,LATAM,Prisma Access Remote Networks SKU-0075,sase
C0084,P0075,2026-06-01,0.0,0.0,0.0,0.0,1.0,1,143139.2,15.0,false,false,Lapsed,"Edwards, Baker and Anderson",Enterprise,LATAM,Prisma Access Remote Networks SKU-0075,sase
C0084,P0338,2025-07-01,2.967,0.8,0.467,1.0,1.0,0,1155918.89,79.7,false,true,Value Realized,"Edwards, Baker and Anderson",Enterprise,LATAM,Prisma Access Mobile Users SKU-0338,sase
C0084,P0338,2025-08-01,3.95,0.8,0.467,1.0,1.0,1,1155918.89,79.7,false,true,Value Realized,"Edwards, Baker and Anderson",Enterprise,LATAM,Prisma Access Mobile Users SKU-0338,sase
C0084,P0338,2025-09-01,4.262,0.8,0.567,1.0,1.0,1,1155918.89,82.2,false,true,Value Realized,"Edwards, Baker and Anderson",Enterprise,LATAM,Prisma Access Mobile Users SKU-0338,sase
C0084,P0338,2025-10-01,0.0,0.0,0.0,0.5,1.0,1,1155918.89,27.5,false,false,Lapsed,"Edwards, Baker and Anderson",Enterprise,LATAM,Prisma Access Mobile Users SKU-0338,sase
C0084,P0338,2025-11-01,0.0,0.0,0.0,0.2,1.0,1,1155918.89,20.0,false,false,Churn Signal,"Edwards, Baker and Anderson",Enterprise,LATAM,Prisma Access Mobile Users SKU-0338,sase
C0084,P0338,2025-12-01,0.0,0.0,0.0,0.0,1.0,1,1155918.89,15.0,false,false,Churn Signal,"Edwards, Baker and Anderson",Enterprise,LATAM,Prisma Access Mobile Users SKU-0338,sase
C0084,P0338,2026-01-01,0.0,0.0,0.0,0.0,1.0,1,1155918.89,15.0,false,false,Lapsed,"Edwards, Baker and Anderson",Enterprise,LATAM,Prisma Access Mobile Users SKU-0338,sase
C0084,P0338,2026-02-01,0.0,0.0,0.0,0.0,1.0,1,1155918.89,15.0,false,false,Lapsed,"Edwards, Baker and Anderson",Enterprise,LATAM,Prisma Access Mobile Users SKU-0338,sase
C0084,P0338,2026-03-01,0.0,0.0,0.0,0.0,1.0,1,1155918.89,15.0,false,false,Lapsed,"Edwards, Baker and Anderson",Enterprise,LATAM,Prisma Access Mobile Users SKU-0338,sase
C0084,P0338,2026-04-01,0.0,0.0,0.0,0.0,1.0,1,1155918.89,15.0,false,false,Lapsed,"Edwards, Baker and Anderson",Enterprise,LATAM,Prisma Access Mobile Users SKU-0338,sase
C0084,P0338,2026-05-01,0.0,0.0,0.0,0.0,1.0,1,1155918.89,15.0,false,false,Lapsed,"Edwards, Baker and Anderson",Enterprise,LATAM,Prisma Access Mobile Users SKU-0338,sase
C0084,P0338,2026-06-01,0.0,0.0,0.0,0.0,1.0,1,1155918.89,15.0,false,false,Lapsed,"Edwards, Baker and Anderson",Enterprise,LATAM,Prisma Access Mobile Users SKU-0338,sase
C0088,P0100,2025-07-01,0.0,0.0,0.0,0.0,,0,988402.36,0.0,false,false,Grace Period,Anderson-Bailey,Mid-Market,EMEA,PA-5410 SKU-0100,hardware_ngfw
C0088,P0100,2025-08-01,0.0,0.0,0.0,0.0,0.0,0,988402.36,0.0,false,false,Shelfware Risk,Anderson-Bailey,Mid-Market,EMEA,PA-5410 SKU-0100,hardware_ngfw
C0088,P0100,2025-09-01,0.0,0.0,0.0,0.0,0.0,0,988402.36,0.0,false,false,Shelfware Risk,Anderson-Bailey,Mid-Market,EMEA,PA-5410 SKU-0100,hardware_ngfw
C0088,P0100,2025-10-01,0.0,0.0,0.0,0.0,0.0,0,988402.36,0.0,false,false,Shelfware Risk,Anderson-Bailey,Mid-Market,EMEA,PA-5410 SKU-0100,hardware_ngfw
C0088,P0100,2025-11-01,0.0,0.0,0.0,0.0,0.0,0,988402.36,0.0,false,false,Shelfware Risk,Anderson-Bailey,Mid-Market,EMEA,PA-5410 SKU-0100,hardware_ngfw
C0088,P0100,2025-12-01,0.0,0.0,0.0,0.0,0.0,0,988402.36,0.0,false,false,Shelfware Risk,Anderson-Bailey,Mid-Market,EMEA,PA-5410 SKU-0100,hardware_ngfw
C0088,P0100,2026-01-01,0.0,0.0,0.0,0.0,0.0,0,988402.36,0.0,false,false,Shelfware Risk,Anderson-Bailey,Mid-Market,EMEA,PA-5410 SKU-0100,hardware_ngfw
C0088,P0100,2026-02-01,0.0,0.0,0.0,0.0,0.0,0,988402.36,0.0,false,false,Shelfware Risk,Anderson-Bailey,Mid-Market,EMEA,PA-5410 SKU-0100,hardware_ngfw
C0088,P0100,2026-03-01,0.0,0.0,0.0,0.0,0.0,0,988402.36,0.0,false,false,Shelfware Risk,Anderson-Bailey,Mid-Market,EMEA,PA-5410 SKU-0100,hardware_ngfw
C0088,P0100,2026-04-01,0.0,0.0,0.0,0.0,0.0,0,988402.36,0.0,false,false,Shelfware Risk,Anderson-Bailey,Mid-Market,EMEA,PA-5410 SKU-0100,hardware_ngfw
C0088,P0100,2026-05-01,0.0,0.0,0.0,0.0,0.0,0,988402.36,0.0,false,false,Shelfware Risk,Anderson-Bailey,Mid-Market,EMEA,PA-5410 SKU-0100,hardware_ngfw
C0088,P0100,2026-06-01,0.0,0.0,0.0,0.0,0.0,0,988402.36,0.0,false,false,Shelfware Risk,Anderson-Bailey,Mid-Market,EMEA,PA-5410 SKU-0100,hardware_ngfw
C0094,P0273,2025-07-01,0.651,0.913,0.233,1.0,1.0,0,99908.52,77.8,false,false,Value Realized,Newton and Sons,Mid-Market,AMER,Cloud NGFW for AWS SKU-0273,cloud_ngfw
C0094,P0273,2025-08-01,0.548,0.838,0.283,1.0,1.0,1,99908.52,76.4,false,false,Value Realized,Newton and Sons,Mid-Market,AMER,Cloud NGFW for AWS SKU-0273,cloud_ngfw
C0094,P0273,2025-09-01,0.67,0.917,0.4,1.0,1.0,1,99908.52,82.1,false,false,Value Realized,Newton and Sons,Mid-Market,AMER,Cloud NGFW for AWS SKU-0273,cloud_ngfw
C0094,P0273,2025-10-01,0.588,0.886,0.4,1.0,1.0,1,99908.52,81.0,false,false,Value Realized,Newton and Sons,Mid-Market,AMER,Cloud NGFW for AWS SKU-0273,cloud_ngfw
C0094,P0273,2025-11-01,1.01,1.0,0.517,1.0,1.0,1,99908.52,87.9,false,false,Value Realized,Newton and Sons,Mid-Market,AMER,Cloud NGFW for AWS SKU-0273,cloud_ngfw
C0094,P0273,2025-12-01,0.656,0.914,0.617,1.0,1.0,1,99908.52,87.4,false,false,Value Realized,Newton and Sons,Mid-Market,AMER,Cloud NGFW for AWS SKU-0273,cloud_ngfw
C0094,P0273,2026-01-01,0.483,0.76,0.517,1.0,1.0,1,99908.52,79.5,false,false,Value Realized,Newton and Sons,Mid-Market,AMER,Cloud NGFW for AWS SKU-0273,cloud_ngfw
C0094,P0273,2026-02-01,0.752,0.938,0.517,1.0,1.0,1,99908.52,85.7,false,false,Value Realized,Newton and Sons,Mid-Market,AMER,Cloud NGFW for AWS SKU-0273,cloud_ngfw
C0094,P0273,2026-03-01,0.84,0.96,0.517,1.0,1.0,1,99908.52,86.5,false,false,Value Realized,Newton and Sons,Mid-Market,AMER,Cloud NGFW for AWS SKU-0273,cloud_ngfw
C0094,P0273,2026-04-01,0.984,0.996,0.617,1.0,1.0,1,99908.52,90.3,false,false,Value Realized,Newton and Sons,Mid-Market,AMER,Cloud NGFW for AWS SKU-0273,cloud_ngfw
C0094,P0273,2026-05-01,0.801,0.95,0.567,1.0,1.0,1,99908.52,87.4,false,false,Value Realized,Newton and Sons,Mid-Market,AMER,Cloud NGFW for AWS SKU-0273,cloud_ngfw
C0094,P0273,2026-06-01,0.762,0.94,0.517,1.0,1.0,1,99908.52,85.8,false,false,Value Realized,Newton and Sons,Mid-Market,AMER,Cloud NGFW for AWS SKU-0273,cloud_ngfw
C0095,P0321,2025-07-01,1.488,0.8,0.5,1.0,1.0,0,25634.88,80.5,false,true,Value Realized,Campbell-Clark,Enterprise,AMER,Cloud NGFW for AWS SKU-0321,cloud_ngfw
C0095,P0321,2025-08-01,1.289,0.8,0.75,1.0,1.0,1,25634.88,86.8,false,true,Value Realized,Campbell-Clark,Enterprise,AMER,Cloud NGFW for AWS SKU-0321,cloud_ngfw
C0095,P0321,2025-09-01,1.266,0.8,0.75,1.0,1.0,1,25634.88,86.8,false,true,Value Realized,Campbell-Clark,Enterprise,AMER,Cloud NGFW for AWS SKU-0321,cloud_ngfw
C0095,P0321,2025-10-01,1.591,0.8,0.75,1.0,1.0,1,25634.88,86.8,false,true,Value Realized,Campbell-Clark,Enterprise,AMER,Cloud NGFW for AWS SKU-0321,cloud_ngfw
C0095,P0321,2025-11-01,1.488,0.8,0.75,1.0,1.0,1,25634.88,86.8,false,true,Value Realized,Campbell-Clark,Enterprise,AMER,Cloud NGFW for AWS SKU-0321,cloud_ngfw
C0095,P0321,2025-12-01,1.298,0.8,0.75,1.0,1.0,1,25634.88,86.8,false,true,Value Realized,Campbell-Clark,Enterprise,AMER,Cloud NGFW for AWS SKU-0321,cloud_ngfw
C0095,P0321,2026-01-01,1.227,0.8,0.75,1.0,1.0,1,25634.88,86.8,false,true,Value Realized,Campbell-Clark,Enterprise,AMER,Cloud NGFW for AWS SKU-0321,cloud_ngfw
C0095,P0321,2026-02-01,1.143,1.0,0.75,1.0,1.0,1,25634.88,93.8,false,false,Value Realized,Campbell-Clark,Enterprise,AMER,Cloud NGFW for AWS SKU-0321,cloud_ngfw
C0095,P0321,2026-03-01,1.309,0.8,0.75,1.0,1.0,1,25634.88,86.8,false,true,Value Realized,Campbell-Clark,Enterprise,AMER,Cloud NGFW for AWS SKU-0321,cloud_ngfw
C0095,P0321,2026-04-01,1.469,0.8,0.75,1.0,1.0,1,25634.88,86.8,false,true,Value Realized,Campbell-Clark,Enterprise,AMER,Cloud NGFW for AWS SKU-0321,cloud_ngfw
C0095,P0321,2026-05-01,1.384,0.8,0.75,1.0,1.0,1,25634.88,86.8,false,true,Value Realized,Campbell-Clark,Enterprise,AMER,Cloud NGFW for AWS SKU-0321,cloud_ngfw
C0095,P0321,2026-06-01,1.265,0.8,0.75,1.0,1.0,1,25634.88,86.8,false,true,Value Realized,Campbell-Clark,Enterprise,AMER,Cloud NGFW for AWS SKU-0321,cloud_ngfw
C0097,P0038,2025-07-01,0.61,0.903,0.283,1.0,1.0,0,18257.81,78.7,false,false,Value Realized,Wagner-King,Enterprise,APAC,PA-3410 SKU-0038,hardware_ngfw
C0097,P0038,2025-08-01,0.87,0.968,0.283,1.0,1.0,1,18257.81,80.9,false,false,Value Realized,Wagner-King,Enterprise,APAC,PA-3410 SKU-0038,hardware_ngfw
C0097,P0038,2025-09-01,0.6,0.9,0.283,1.0,1.0,1,18257.81,78.6,false,false,Value Realized,Wagner-King,Enterprise,APAC,PA-3410 SKU-0038,hardware_ngfw
C0097,P0038,2025-10-01,0.85,0.963,0.467,1.0,1.0,1,18257.81,85.4,false,false,Value Realized,Wagner-King,Enterprise,APAC,PA-3410 SKU-0038,hardware_ngfw
C0097,P0038,2025-11-01,1.13,1.0,0.517,1.0,1.0,1,18257.81,87.9,false,false,Value Realized,Wagner-King,Enterprise,APAC,PA-3410 SKU-0038,hardware_ngfw
C0097,P0038,2025-12-01,0.67,0.918,0.517,1.0,1.0,1,18257.81,85.0,false,false,Value Realized,Wagner-King,Enterprise,APAC,PA-3410 SKU-0038,hardware_ngfw
C0097,P0038,2026-01-01,0.76,0.94,0.567,1.0,1.0,1,18257.81,87.1,false,false,Value Realized,Wagner-King,Enterprise,APAC,PA-3410 SKU-0038,hardware_ngfw
C0097,P0038,2026-02-01,0.83,0.958,0.567,1.0,1.0,1,18257.81,87.7,false,false,Value Realized,Wagner-King,Enterprise,APAC,PA-3410 SKU-0038,hardware_ngfw
C0097,P0038,2026-03-01,0.67,0.918,0.633,1.0,1.0,1,18257.81,87.9,false,false,Value Realized,Wagner-King,Enterprise,APAC,PA-3410 SKU-0038,hardware_ngfw
C0097,P0038,2026-04-01,0.66,0.915,0.633,1.0,1.0,1,18257.81,87.9,false,false,Value Realized,Wagner-King,Enterprise,APAC,PA-3410 SKU-0038,hardware_ngfw
C0097,P0038,2026-05-01,0.61,0.903,0.8,1.0,1.0,1,18257.81,91.6,false,false,Value Realized,Wagner-King,Enterprise,APAC,PA-3410 SKU-0038,hardware_ngfw
C0097,P0038,2026-06-01,0.9,0.975,0.85,1.0,1.0,1,18257.81,95.4,false,false,Value Realized,Wagner-King,Enterprise,APAC,PA-3410 SKU-0038,hardware_ngfw
C0099,P0227,2025-07-01,0.683,0.921,0.117,1.0,1.0,0,236582.88,75.1,false,false,Value Realized,Williams-Cook,Enterprise,AMER,PA-3440 SKU-0227,hardware_ngfw
C0099,P0227,2025-08-01,0.697,0.924,0.117,1.0,1.0,1,236582.88,75.3,false,false,Value Realized,Williams-Cook,Enterprise,AMER,PA-3440 SKU-0227,hardware_ngfw
C0099,P0227,2025-09-01,0.54,0.828,0.283,1.0,1.0,1,236582.88,76.1,false,false,Value Realized,Williams-Cook,Enterprise,AMER,PA-3440 SKU-0227,hardware_ngfw
C0099,P0227,2025-10-01,0.528,0.814,0.35,1.0,1.0,1,236582.88,77.2,false,false,Value Realized,Williams-Cook,Enterprise,AMER,PA-3440 SKU-0227,hardware_ngfw
C0099,P0227,2025-11-01,0.805,0.951,0.567,1.0,1.0,1,236582.88,87.5,false,false,Value Realized,Williams-Cook,Enterprise,AMER,PA-3440 SKU-0227,hardware_ngfw
C0099,P0227,2025-12-01,0.763,0.941,0.567,1.0,1.0,1,236582.88,87.1,false,false,Value Realized,Williams-Cook,Enterprise,AMER,PA-3440 SKU-0227,hardware_ngfw
C0099,P0227,2026-01-01,0.687,0.922,0.517,1.0,1.0,1,236582.88,85.2,false,false,Value Realized,Williams-Cook,Enterprise,AMER,PA-3440 SKU-0227,hardware_ngfw
C0099,P0227,2026-02-01,0.788,0.947,0.467,1.0,1.0,1,236582.88,84.8,false,false,Value Realized,Williams-Cook,Enterprise,AMER,PA-3440 SKU-0227,hardware_ngfw
C0099,P0227,2026-03-01,0.618,0.905,0.567,1.0,1.0,1,236582.88,85.8,false,false,Value Realized,Williams-Cook,Enterprise,AMER,PA-3440 SKU-0227,hardware_ngfw
C0099,P0227,2026-04-01,0.65,0.913,0.733,1.0,1.0,1,236582.88,90.3,false,false,Value Realized,Williams-Cook,Enterprise,AMER,PA-3440 SKU-0227,hardware_ngfw
C0099,P0227,2026-05-01,0.67,0.918,0.683,1.0,1.0,1,236582.88,89.2,false,false,Value Realized,Williams-Cook,Enterprise,AMER,PA-3440 SKU-0227,hardware_ngfw
C0099,P0227,2026-06-01,0.685,0.921,0.583,1.0,1.0,1,236582.88,86.8,false,false,Value Realized,Williams-Cook,Enterprise,AMER,PA-3440 SKU-0227,hardware_ngfw
C0099,P0427,2025-07-01,0.673,0.918,0.0,1.0,1.0,0,665481.65,72.1,false,false,Value Realized,Williams-Cook,Enterprise,AMER,Prisma Access Remote Networks SKU-0427,sase
C0099,P0427,2025-08-01,0.672,0.918,0.0,1.0,1.0,1,665481.65,72.1,false,false,Value Realized,Williams-Cook,Enterprise,AMER,Prisma Access Remote Networks SKU-0427,sase
C0099,P0427,2025-09-01,0.788,0.947,0.0,1.0,1.0,1,665481.65,73.1,false,false,Value Realized,Williams-Cook,Enterprise,AMER,Prisma Access Remote Networks SKU-0427,sase
C0099,P0427,2025-10-01,0.859,0.965,0.233,1.0,1.0,1,665481.65,79.6,false,false,Value Realized,Williams-Cook,Enterprise,AMER,Prisma Access Remote Networks SKU-0427,sase
C0099,P0427,2025-11-01,0.538,0.826,0.233,1.0,1.0,1,665481.65,74.7,false,false,Value Realized,Williams-Cook,Enterprise,AMER,Prisma Access Remote Networks SKU-0427,sase
C0099,P0427,2025-12-01,0.908,0.977,0.233,1.0,1.0,1,665481.65,80.0,true,false,Value Realized,Williams-Cook,Enterprise,AMER,Prisma Access Remote Networks SKU-0427,sase
C0099,P0427,2026-01-01,0.579,0.875,0.233,1.0,1.0,1,665481.65,76.4,false,false,Value Realized,Williams-Cook,Enterprise,AMER,Prisma Access Remote Networks SKU-0427,sase
C0099,P0427,2026-02-01,0.663,0.916,0.333,1.0,1.0,1,665481.65,80.4,false,false,Value Realized,Williams-Cook,Enterprise,AMER,Prisma Access Remote Networks SKU-0427,sase
C0099,P0427,2026-03-01,0.677,0.919,0.567,1.0,1.0,1,665481.65,86.3,false,false,Value Realized,Williams-Cook,Enterprise,AMER,Prisma Access Remote Networks SKU-0427,sase
C0099,P0427,2026-04-01,0.901,0.975,0.467,1.0,1.0,1,665481.65,85.8,false,false,Value Realized,Williams-Cook,Enterprise,AMER,Prisma Access Remote Networks SKU-0427,sase
C0099,P0427,2026-05-01,0.6,0.9,0.567,1.0,1.0,1,665481.65,85.7,false,false,Value Realized,Williams-Cook,Enterprise,AMER,Prisma Access Remote Networks SKU-0427,sase
C0099,P0427,2026-06-01,0.933,0.983,0.567,1.0,1.0,1,665481.65,88.6,false,false,Value Realized,Williams-Cook,Enterprise,AMER,Prisma Access Remote Networks SKU-0427,sase
C0006,P0342,2025-07-01,0.61,0.902,0.0,1.0,1.0,0,55555.31,71.6,false,false,Value Realized,"Gardner, Robinson and Lawrence",Mid-Market,AMER,VM-100 SKU-0342,software_ngfw
C0006,P0342,2025-08-01,0.832,0.958,0.0,1.0,1.0,1,55555.31,73.5,false,false,Value Realized,"Gardner, Robinson and Lawrence",Mid-Market,AMER,VM-100 SKU-0342,software_ngfw
C0006,P0342,2025-09-01,0.551,0.841,0.0,1.0,1.0,1,55555.31,69.4,false,false,Developing,"Gardner, Robinson and Lawrence",Mid-Market,AMER,VM-100 SKU-0342,software_ngfw
C0006,P0342,2025-10-01,0.528,0.813,0.25,1.0,1.0,1,55555.31,74.7,false,false,Value Realized,"Gardner, Robinson and Lawrence",Mid-Market,AMER,VM-100 SKU-0342,software_ngfw
C0006,P0342,2025-11-01,0.804,0.951,0.175,1.0,1.0,1,55555.31,77.7,false,false,Value Realized,"Gardner, Robinson and Lawrence",Mid-Market,AMER,VM-100 SKU-0342,software_ngfw
C0006,P0342,2025-12-01,0.801,0.95,0.25,1.0,1.0,1,55555.31,79.5,false,false,Value Realized,"Gardner, Robinson and Lawrence",Mid-Market,AMER,VM-100 SKU-0342,software_ngfw
C0006,P0342,2026-01-01,0.601,0.9,0.175,1.0,1.0,1,55555.31,75.9,false,false,Value Realized,"Gardner, Robinson and Lawrence",Mid-Market,AMER,VM-100 SKU-0342,software_ngfw
C0006,P0342,2026-02-01,0.566,0.859,0.175,1.0,1.0,1,55555.31,74.4,false,false,Value Realized,"Gardner, Robinson and Lawrence",Mid-Market,AMER,VM-100 SKU-0342,software_ngfw
C0006,P0342,2026-03-01,0.791,0.948,0.175,1.0,1.0,1,55555.31,77.5,false,false,Value Realized,"Gardner, Robinson and Lawrence",Mid-Market,AMER,VM-100 SKU-0342,software_ngfw
C0006,P0342,2026-04-01,0.516,0.8,0.25,1.0,1.0,1,55555.31,74.2,false,false,Value Realized,"Gardner, Robinson and Lawrence",Mid-Market,AMER,VM-100 SKU-0342,software_ngfw
C0006,P0342,2026-05-01,0.579,0.875,0.175,1.0,1.0,1,55555.31,75.0,false,false,Value Realized,"Gardner, Robinson and Lawrence",Mid-Market,AMER,VM-100 SKU-0342,software_ngfw
C0006,P0342,2026-06-01,0.65,0.912,0.175,1.0,1.0,1,55555.31,76.3,false,false,Value Realized,"Gardner, Robinson and Lawrence",Mid-Market,AMER,VM-100 SKU-0342,software_ngfw
C0007,P0112,2025-07-01,1.511,0.8,0.5,1.0,1.0,0,698760.2,80.5,false,true,Value Realized,Blake and Sons,Mid-Market,EMEA,PA-410 SKU-0112,hardware_ngfw
C0007,P0112,2025-08-01,1.422,0.8,0.833,1.0,1.0,1,698760.2,88.8,false,true,Value Realized,Blake and Sons,Mid-Market,EMEA,PA-410 SKU-0112,hardware_ngfw
C0007,P0112,2025-09-01,1.603,0.8,0.833,1.0,1.0,1,698760.2,88.8,false,true,Value Realized,Blake and Sons,Mid-Market,EMEA,PA-410 SKU-0112,hardware_ngfw
C0007,P0112,2025-10-01,1.44,0.8,0.833,1.0,1.0,1,698760.2,88.8,false,true,Value Realized,Blake and Sons,Mid-Market,EMEA,PA-410 SKU-0112,hardware_ngfw
C0007,P0112,2025-11-01,1.519,0.8,0.833,1.0,1.0,1,698760.2,88.8,false,true,Value Realized,Blake and Sons,Mid-Market,EMEA,PA-410 SKU-0112,hardware_ngfw
C0007,P0112,2025-12-01,1.196,1.0,0.833,1.0,1.0,1,698760.2,95.8,false,false,Value Realized,Blake and Sons,Mid-Market,EMEA,PA-410 SKU-0112,hardware_ngfw
C0007,P0112,2026-01-01,1.482,0.8,0.833,1.0,1.0,1,698760.2,88.8,false,true,Value Realized,Blake and Sons,Mid-Market,EMEA,PA-410 SKU-0112,hardware_ngfw
C0007,P0112,2026-02-01,1.411,0.8,0.833,1.0,1.0,1,698760.2,88.8,false,true,Value Realized,Blake and Sons,Mid-Market,EMEA,PA-410 SKU-0112,hardware_ngfw
C0007,P0112,2026-03-01,1.677,0.8,0.833,1.0,1.0,1,698760.2,88.8,false,true,Value Realized,Blake and Sons,Mid-Market,EMEA,PA-410 SKU-0112,hardware_ngfw
C0007,P0112,2026-04-01,1.709,0.8,0.833,1.0,1.0,1,698760.2,88.8,false,true,Value Realized,Blake and Sons,Mid-Market,EMEA,PA-410 SKU-0112,hardware_ngfw
C0007,P0112,2026-05-01,1.218,0.8,0.833,1.0,1.0,1,698760.2,88.8,false,true,Value Realized,Blake and Sons,Mid-Market,EMEA,PA-410 SKU-0112,hardware_ngfw
C0007,P0112,2026-06-01,1.547,0.8,0.833,1.0,1.0,1,698760.2,88.8,false,true,Value Realized,Blake and Sons,Mid-Market,EMEA,PA-410 SKU-0112,hardware_ngfw
C0011,P0442,2025-07-01,1.367,0.8,0.333,1.0,1.0,0,17379.78,76.3,false,true,Value Realized,Blair PLC,Enterprise,AMER,CN-Series SKU-0442,software_ngfw
C0011,P0442,2025-08-01,1.465,0.8,0.667,1.0,1.0,1,17379.78,84.7,false,true,Value Realized,Blair PLC,Enterprise,AMER,CN-Series SKU-0442,software_ngfw
C0011,P0442,2025-09-01,1.39,0.8,0.667,1.0,1.0,1,17379.78,84.7,false,true,Value Realized,Blair PLC,Enterprise,AMER,CN-Series SKU-0442,software_ngfw
C0011,P0442,2025-10-01,1.265,0.8,0.667,1.0,1.0,1,17379.78,84.7,false,true,Value Realized,Blair PLC,Enterprise,AMER,CN-Series SKU-0442,software_ngfw
C0011,P0442,2025-11-01,1.344,0.8,0.667,1.0,1.0,1,17379.78,84.7,false,true,Value Realized,Blair PLC,Enterprise,AMER,CN-Series SKU-0442,software_ngfw
C0011,P0442,2025-12-01,1.359,0.8,0.667,1.0,1.0,1,17379.78,84.7,false,true,Value Realized,Blair PLC,Enterprise,AMER,CN-Series SKU-0442,software_ngfw
C0011,P0442,2026-01-01,1.541,0.8,0.667,1.0,1.0,1,17379.78,84.7,false,true,Value Realized,Blair PLC,Enterprise,AMER,CN-Series SKU-0442,software_ngfw
C0011,P0442,2026-02-01,1.179,1.0,0.667,1.0,1.0,1,17379.78,91.7,false,false,Value Realized,Blair PLC,Enterprise,AMER,CN-Series SKU-0442,software_ngfw
C0011,P0442,2026-03-01,1.37,0.8,0.667,1.0,1.0,1,17379.78,84.7,false,true,Value Realized,Blair PLC,Enterprise,AMER,CN-Series SKU-0442,software_ngfw
C0011,P0442,2026-04-01,1.539,0.8,0.667,1.0,1.0,1,17379.78,84.7,false,true,Value Realized,Blair PLC,Enterprise,AMER,CN-Series SKU-0442,software_ngfw
C0011,P0442,2026-05-01,1.441,0.8,0.667,1.0,1.0,1,17379.78,84.7,false,true,Value Realized,Blair PLC,Enterprise,AMER,CN-Series SKU-0442,software_ngfw
C0011,P0442,2026-06-01,1.581,0.8,0.667,1.0,1.0,1,17379.78,84.7,false,true,Value Realized,Blair PLC,Enterprise,AMER,CN-Series SKU-0442,software_ngfw
C0016,P0139,2025-07-01,0.0,0.0,0.0,0.0,,0,99764.22,0.0,false,false,Grace Period,Galloway-Wyatt,Enterprise,EMEA,PA-440 SKU-0139,hardware_ngfw
C0016,P0139,2025-08-01,0.0,0.0,0.0,0.0,0.0,0,99764.22,0.0,false,false,Shelfware Risk,Galloway-Wyatt,Enterprise,EMEA,PA-440 SKU-0139,hardware_ngfw
C0016,P0139,2025-09-01,0.0,0.0,0.0,0.0,0.0,0,99764.22,0.0,false,false,Shelfware Risk,Galloway-Wyatt,Enterprise,EMEA,PA-440 SKU-0139,hardware_ngfw
C0016,P0139,2025-10-01,0.0,0.0,0.0,0.0,0.0,0,99764.22,0.0,false,false,Shelfware Risk,Galloway-Wyatt,Enterprise,EMEA,PA-440 SKU-0139,hardware_ngfw
C0016,P0139,2025-11-01,0.0,0.0,0.0,0.0,0.0,0,99764.22,0.0,false,false,Shelfware Risk,Galloway-Wyatt,Enterprise,EMEA,PA-440 SKU-0139,hardware_ngfw
C0016,P0139,2025-12-01,0.0,0.0,0.0,0.0,0.0,0,99764.22,0.0,false,false,Shelfware Risk,Galloway-Wyatt,Enterprise,EMEA,PA-440 SKU-0139,hardware_ngfw
C0016,P0139,2026-01-01,0.0,0.0,0.0,0.0,0.0,0,99764.22,0.0,false,false,Shelfware Risk,Galloway-Wyatt,Enterprise,EMEA,PA-440 SKU-0139,hardware_ngfw
C0016,P0139,2026-02-01,0.0,0.0,0.0,0.0,0.0,0,99764.22,0.0,false,false,Shelfware Risk,Galloway-Wyatt,Enterprise,EMEA,PA-440 SKU-0139,hardware_ngfw
C0016,P0139,2026-03-01,0.0,0.0,0.0,0.0,0.0,0,99764.22,0.0,false,false,Shelfware Risk,Galloway-Wyatt,Enterprise,EMEA,PA-440 SKU-0139,hardware_ngfw
C0016,P0139,2026-04-01,0.0,0.0,0.0,0.0,0.0,0,99764.22,0.0,false,false,Shelfware Risk,Galloway-Wyatt,Enterprise,EMEA,PA-440 SKU-0139,hardware_ngfw
C0016,P0139,2026-05-01,0.0,0.0,0.0,0.0,0.0,0,99764.22,0.0,false,false,Shelfware Risk,Galloway-Wyatt,Enterprise,EMEA,PA-440 SKU-0139,hardware_ngfw
C0016,P0139,2026-06-01,0.0,0.0,0.0,0.0,0.0,0,99764.22,0.0,false,false,Shelfware Risk,Galloway-Wyatt,Enterprise,EMEA,PA-440 SKU-0139,hardware_ngfw
C0019,P0455,2025-07-01,1.422,0.8,0.25,1.0,1.0,0,758341.08,74.3,false,true,Value Realized,"Adams, Zuniga and Wong",Mid-Market,EMEA,PA-1410 SKU-0455,hardware_ngfw
C0019,P0455,2025-08-01,1.684,0.8,1.0,1.0,1.0,1,758341.08,93.0,false,true,Value Realized,"Adams, Zuniga and Wong",Mid-Market,EMEA,PA-1410 SKU-0455,hardware_ngfw
C0019,P0455,2025-09-01,1.613,0.8,1.0,1.0,1.0,1,758341.08,93.0,false,true,Value Realized,"Adams, Zuniga and Wong",Mid-Market,EMEA,PA-1410 SKU-0455,hardware_ngfw
C0019,P0455,2025-10-01,1.234,0.8,1.0,1.0,1.0,1,758341.08,93.0,false,true,Value Realized,"Adams, Zuniga and Wong",Mid-Market,EMEA,PA-1410 SKU-0455,hardware_ngfw
C0019,P0455,2025-11-01,1.631,0.8,1.0,1.0,1.0,1,758341.08,93.0,false,true,Value Realized,"Adams, Zuniga and Wong",Mid-Market,EMEA,PA-1410 SKU-0455,hardware_ngfw
C0019,P0455,2025-12-01,1.512,0.8,1.0,1.0,1.0,1,758341.08,93.0,false,true,Value Realized,"Adams, Zuniga and Wong",Mid-Market,EMEA,PA-1410 SKU-0455,hardware_ngfw
C0019,P0455,2026-01-01,1.417,0.8,1.0,1.0,1.0,1,758341.08,93.0,false,true,Value Realized,"Adams, Zuniga and Wong",Mid-Market,EMEA,PA-1410 SKU-0455,hardware_ngfw
C0019,P0455,2026-02-01,1.325,0.8,1.0,1.0,1.0,1,758341.08,93.0,false,true,Value Realized,"Adams, Zuniga and Wong",Mid-Market,EMEA,PA-1410 SKU-0455,hardware_ngfw
C0019,P0455,2026-03-01,1.227,0.8,1.0,1.0,1.0,1,758341.08,93.0,false,true,Value Realized,"Adams, Zuniga and Wong",Mid-Market,EMEA,PA-1410 SKU-0455,hardware_ngfw
C0019,P0455,2026-04-01,1.542,0.8,1.0,1.0,1.0,1,758341.08,93.0,false,true,Value Realized,"Adams, Zuniga and Wong",Mid-Market,EMEA,PA-1410 SKU-0455,hardware_ngfw
C0019,P0455,2026-05-01,1.543,0.8,1.0,1.0,1.0,1,758341.08,93.0,false,true,Value Realized,"Adams, Zuniga and Wong",Mid-Market,EMEA,PA-1410 SKU-0455,hardware_ngfw
C0019,P0455,2026-06-01,1.221,0.8,1.0,1.0,1.0,1,758341.08,93.0,false,true,Value Realized,"Adams, Zuniga and Wong",Mid-Market,EMEA,PA-1410 SKU-0455,hardware_ngfw
C0020,P0095,2025-07-01,0.601,0.9,0.0,1.0,1.0,0,36540.15,71.5,false,false,Value Realized,"Reid, Ferguson and Sanchez",Mid-Market,APAC,VM-500 SKU-0095,software_ngfw
C0020,P0095,2025-08-01,0.674,0.919,0.0,1.0,1.0,1,36540.15,72.2,false,false,Value Realized,"Reid, Ferguson and Sanchez",Mid-Market,APAC,VM-500 SKU-0095,software_ngfw
C0020,P0095,2025-09-01,0.685,0.921,0.0,1.0,1.0,1,36540.15,72.2,false,false,Value Realized,"Reid, Ferguson and Sanchez",Mid-Market,APAC,VM-500 SKU-0095,software_ngfw
C0020,P0095,2025-10-01,0.637,0.909,0.233,1.0,1.0,1,36540.15,77.7,false,false,Value Realized,"Reid, Ferguson and Sanchez",Mid-Market,APAC,VM-500 SKU-0095,software_ngfw
C0020,P0095,2025-11-01,0.79,0.948,0.233,1.0,1.0,1,36540.15,79.0,false,false,Value Realized,"Reid, Ferguson and Sanchez",Mid-Market,APAC,VM-500 SKU-0095,software_ngfw
C0020,P0095,2025-12-01,0.612,0.903,0.233,1.0,1.0,1,36540.15,77.4,false,false,Value Realized,"Reid, Ferguson and Sanchez",Mid-Market,APAC,VM-500 SKU-0095,software_ngfw
C0020,P0095,2026-01-01,0.499,0.779,0.233,1.0,1.0,1,36540.15,73.1,false,false,Value Realized,"Reid, Ferguson and Sanchez",Mid-Market,APAC,VM-500 SKU-0095,software_ngfw
C0020,P0095,2026-02-01,0.965,0.991,0.233,1.0,1.0,1,36540.15,80.5,true,false,Value Realized,"Reid, Ferguson and Sanchez",Mid-Market,APAC,VM-500 SKU-0095,software_ngfw
C0020,P0095,2026-03-01,0.666,0.917,0.333,1.0,1.0,1,36540.15,80.4,false,false,Value Realized,"Reid, Ferguson and Sanchez",Mid-Market,APAC,VM-500 SKU-0095,software_ngfw
C0020,P0095,2026-04-01,0.684,0.921,0.233,1.0,1.0,1,36540.15,78.1,false,false,Value Realized,"Reid, Ferguson and Sanchez",Mid-Market,APAC,VM-500 SKU-0095,software_ngfw
C0020,P0095,2026-05-01,0.801,0.95,0.567,1.0,1.0,1,36540.15,87.4,false,false,Value Realized,"Reid, Ferguson and Sanchez",Mid-Market,APAC,VM-500 SKU-0095,software_ngfw
C0020,P0095,2026-06-01,0.845,0.961,0.567,1.0,1.0,1,36540.15,87.8,false,false,Value Realized,"Reid, Ferguson and Sanchez",Mid-Market,APAC,VM-500 SKU-0095,software_ngfw
C0020,P0109,2025-08-01,0.61,0.903,0.14,1.0,1.0,0,748484.1,75.1,false,false,Value Realized,"Reid, Ferguson and Sanchez",Mid-Market,APAC,Prisma Access Browser SKU-0109,sase
C0020,P0109,2025-09-01,0.717,0.929,0.14,1.0,1.0,1,748484.1,76.0,false,false,Value Realized,"Reid, Ferguson and Sanchez",Mid-Market,APAC,Prisma Access Browser SKU-0109,sase
C0020,P0109,2025-10-01,0.803,0.951,0.14,1.0,1.0,1,748484.1,76.8,false,false,Value Realized,"Reid, Ferguson and Sanchez",Mid-Market,APAC,Prisma Access Browser SKU-0109,sase
C0020,P0109,2025-11-01,0.742,0.935,0.14,1.0,1.0,1,748484.1,76.2,false,false,Value Realized,"Reid, Ferguson and Sanchez",Mid-Market,APAC,Prisma Access Browser SKU-0109,sase
C0020,P0109,2025-12-01,0.703,0.926,0.2,1.0,1.0,1,748484.1,77.4,false,false,Value Realized,"Reid, Ferguson and Sanchez",Mid-Market,APAC,Prisma Access Browser SKU-0109,sase
C0020,P0109,2026-01-01,0.626,0.906,0.28,1.0,1.0,1,748484.1,78.7,false,false,Value Realized,"Reid, Ferguson and Sanchez",Mid-Market,APAC,Prisma Access Browser SKU-0109,sase
C0020,P0109,2026-02-01,0.614,0.904,0.28,1.0,1.0,1,748484.1,78.6,false,false,Value Realized,"Reid, Ferguson and Sanchez",Mid-Market,APAC,Prisma Access Browser SKU-0109,sase
C0020,P0109,2026-03-01,0.819,0.955,0.28,1.0,1.0,1,748484.1,80.4,false,false,Value Realized,"Reid, Ferguson and Sanchez",Mid-Market,APAC,Prisma Access Browser SKU-0109,sase
C0020,P0109,2026-04-01,0.773,0.943,0.34,1.0,1.0,1,748484.1,81.5,false,false,Value Realized,"Reid, Ferguson and Sanchez",Mid-Market,APAC,Prisma Access Browser SKU-0109,sase
C0020,P0109,2026-05-01,0.713,0.928,0.28,1.0,1.0,1,748484.1,79.5,false,false,Value Realized,"Reid, Ferguson and Sanchez",Mid-Market,APAC,Prisma Access Browser SKU-0109,sase
C0020,P0109,2026-06-01,0.709,0.927,0.28,1.0,1.0,1,748484.1,79.5,false,false,Value Realized,"Reid, Ferguson and Sanchez",Mid-Market,APAC,Prisma Access Browser SKU-0109,sase
C0020,P0300,2025-08-01,0.489,0.767,0.0,1.0,1.0,0,14905.81,66.8,false,false,Developing,"Reid, Ferguson and Sanchez",Mid-Market,APAC,VM-100 SKU-0300,software_ngfw
C0020,P0300,2025-09-01,0.715,0.929,0.0,1.0,1.0,1,14905.81,72.5,false,false,Value Realized,"Reid, Ferguson and Sanchez",Mid-Market,APAC,VM-100 SKU-0300,software_ngfw
C0020,P0300,2025-10-01,0.893,0.973,0.0,1.0,1.0,1,14905.81,74.1,false,false,Value Realized,"Reid, Ferguson and Sanchez",Mid-Market,APAC,VM-100 SKU-0300,software_ngfw
C0020,P0300,2025-11-01,0.989,0.997,0.0,1.0,1.0,1,14905.81,74.9,true,false,Value Realized,"Reid, Ferguson and Sanchez",Mid-Market,APAC,VM-100 SKU-0300,software_ngfw
C0020,P0300,2025-12-01,0.648,0.912,0.467,1.0,1.0,1,14905.81,83.6,false,false,Value Realized,"Reid, Ferguson and Sanchez",Mid-Market,APAC,VM-100 SKU-0300,software_ngfw
C0020,P0300,2026-01-01,0.718,0.93,0.467,1.0,1.0,1,14905.81,84.2,false,false,Value Realized,"Reid, Ferguson and Sanchez",Mid-Market,APAC,VM-100 SKU-0300,software_ngfw
C0020,P0300,2026-02-01,0.668,0.917,0.567,1.0,1.0,1,14905.81,86.3,false,false,Value Realized,"Reid, Ferguson and Sanchez",Mid-Market,APAC,VM-100 SKU-0300,software_ngfw
C0020,P0300,2026-03-01,0.67,0.918,0.567,1.0,1.0,1,14905.81,86.3,false,false,Value Realized,"Reid, Ferguson and Sanchez",Mid-Market,APAC,VM-100 SKU-0300,software_ngfw
C0020,P0300,2026-04-01,0.751,0.938,0.667,1.0,1.0,1,14905.81,89.5,false,false,Value Realized,"Reid, Ferguson and Sanchez",Mid-Market,APAC,VM-100 SKU-0300,software_ngfw
C0020,P0300,2026-05-01,0.655,0.914,0.567,1.0,1.0,1,14905.81,86.1,false,false,Value Realized,"Reid, Ferguson and Sanchez",Mid-Market,APAC,VM-100 SKU-0300,software_ngfw
C0020,P0300,2026-06-01,0.774,0.944,0.567,1.0,1.0,1,14905.81,87.2,false,false,Value Realized,"Reid, Ferguson and Sanchez",Mid-Market,APAC,VM-100 SKU-0300,software_ngfw
C0023,P0014,2025-09-01,3.477,0.8,0.35,1.0,1.0,0,4305.84,76.8,false,true,Value Realized,Perez Inc,Mid-Market,AMER,CN-Series SKU-0014,software_ngfw
C0023,P0014,2025-10-01,3.12,0.8,0.35,1.0,1.0,1,4305.84,76.8,false,true,Value Realized,Perez Inc,Mid-Market,AMER,CN-Series SKU-0014,software_ngfw
C0023,P0014,2025-11-01,4.101,0.8,0.425,1.0,1.0,1,4305.84,78.6,false,true,Value Realized,Perez Inc,Mid-Market,AMER,CN-Series SKU-0014,software_ngfw
C0023,P0014,2025-12-01,0.0,0.0,0.0,0.5,1.0,1,4305.84,27.5,false,false,Lapsed,Perez Inc,Mid-Market,AMER,CN-Series SKU-0014,software_ngfw
C0023,P0014,2026-01-01,0.0,0.0,0.0,0.2,1.0,1,4305.84,20.0,false,false,Churn Signal,Perez Inc,Mid-Market,AMER,CN-Series SKU-0014,software_ngfw
C0023,P0014,2026-02-01,0.0,0.0,0.0,0.0,1.0,1,4305.84,15.0,false,false,Churn Signal,Perez Inc,Mid-Market,AMER,CN-Series SKU-0014,software_ngfw
C0023,P0014,2026-03-01,0.0,0.0,0.0,0.0,1.0,1,4305.84,15.0,false,false,Lapsed,Perez Inc,Mid-Market,AMER,CN-Series SKU-0014,software_ngfw
C0023,P0014,2026-04-01,0.0,0.0,0.0,0.0,1.0,1,4305.84,15.0,false,false,Lapsed,Perez Inc,Mid-Market,AMER,CN-Series SKU-0014,software_ngfw
C0023,P0014,2026-05-01,0.0,0.0,0.0,0.0,1.0,1,4305.84,15.0,false,false,Lapsed,Perez Inc,Mid-Market,AMER,CN-Series SKU-0014,software_ngfw
C0023,P0014,2026-06-01,0.0,0.0,0.0,0.0,1.0,1,4305.84,15.0,false,false,Lapsed,Perez Inc,Mid-Market,AMER,CN-Series SKU-0014,software_ngfw
C0026,P0141,2025-07-01,1.583,0.8,0.667,1.0,1.0,0,158481.48,84.7,false,true,Value Realized,Wilkerson-Day,Mid-Market,AMER,PA-410 SKU-0141,hardware_ngfw
C0026,P0141,2025-08-01,1.383,0.8,0.667,1.0,1.0,1,158481.48,84.7,false,true,Value Realized,Wilkerson-Day,Mid-Market,AMER,PA-410 SKU-0141,hardware_ngfw
C0026,P0141,2025-09-01,1.293,0.8,0.667,1.0,1.0,1,158481.48,84.7,false,true,Value Realized,Wilkerson-Day,Mid-Market,AMER,PA-410 SKU-0141,hardware_ngfw
C0026,P0141,2025-10-01,1.137,1.0,0.667,1.0,1.0,1,158481.48,91.7,false,false,Value Realized,Wilkerson-Day,Mid-Market,AMER,PA-410 SKU-0141,hardware_ngfw
C0026,P0141,2025-11-01,1.3,0.8,0.667,1.0,1.0,1,158481.48,84.7,false,true,Value Realized,Wilkerson-Day,Mid-Market,AMER,PA-410 SKU-0141,hardware_ngfw
C0026,P0141,2025-12-01,1.453,0.8,0.667,1.0,1.0,1,158481.48,84.7,false,true,Value Realized,Wilkerson-Day,Mid-Market,AMER,PA-410 SKU-0141,hardware_ngfw
C0026,P0141,2026-01-01,1.433,0.8,0.667,1.0,1.0,1,158481.48,84.7,false,true,Value Realized,Wilkerson-Day,Mid-Market,AMER,PA-410 SKU-0141,hardware_ngfw
C0026,P0141,2026-02-01,1.653,0.8,0.667,1.0,1.0,1,158481.48,84.7,false,true,Value Realized,Wilkerson-Day,Mid-Market,AMER,PA-410 SKU-0141,hardware_ngfw
C0026,P0141,2026-03-01,1.21,0.8,0.667,1.0,1.0,1,158481.48,84.7,false,true,Value Realized,Wilkerson-Day,Mid-Market,AMER,PA-410 SKU-0141,hardware_ngfw
C0026,P0141,2026-04-01,1.24,0.8,0.667,1.0,1.0,1,158481.48,84.7,false,true,Value Realized,Wilkerson-Day,Mid-Market,AMER,PA-410 SKU-0141,hardware_ngfw
C0026,P0141,2026-05-01,1.473,0.8,0.667,1.0,1.0,1,158481.48,84.7,false,true,Value Realized,Wilkerson-Day,Mid-Market,AMER,PA-410 SKU-0141,hardware_ngfw
C0026,P0141,2026-06-01,1.31,0.8,0.667,1.0,1.0,1,158481.48,84.7,false,true,Value Realized,Wilkerson-Day,Mid-Market,AMER,PA-410 SKU-0141,hardware_ngfw
C0029,P0226,2025-07-01,0.0,0.0,0.0,0.0,,0,43457.44,0.0,false,false,Grace Period,"Ross, Robinson and Bright",Enterprise,EMEA,Cloud NGFW for AWS SKU-0226,cloud_ngfw
C0029,P0226,2025-08-01,0.0,0.0,0.0,0.0,0.0,0,43457.44,0.0,false,false,Shelfware Risk,"Ross, Robinson and Bright",Enterprise,EMEA,Cloud NGFW for AWS SKU-0226,cloud_ngfw
C0029,P0226,2025-09-01,0.0,0.0,0.0,0.0,0.0,0,43457.44,0.0,false,false,Shelfware Risk,"Ross, Robinson and Bright",Enterprise,EMEA,Cloud NGFW for AWS SKU-0226,cloud_ngfw
C0029,P0226,2025-10-01,0.0,0.0,0.0,0.0,0.0,0,43457.44,0.0,false,false,Shelfware Risk,"Ross, Robinson and Bright",Enterprise,EMEA,Cloud NGFW for AWS SKU-0226,cloud_ngfw
C0029,P0226,2025-11-01,0.0,0.0,0.0,0.0,0.0,0,43457.44,0.0,false,false,Shelfware Risk,"Ross, Robinson and Bright",Enterprise,EMEA,Cloud NGFW for AWS SKU-0226,cloud_ngfw
C0029,P0226,2025-12-01,0.0,0.0,0.0,0.0,0.0,0,43457.44,0.0,false,false,Shelfware Risk,"Ross, Robinson and Bright",Enterprise,EMEA,Cloud NGFW for AWS SKU-0226,cloud_ngfw
C0029,P0226,2026-01-01,0.0,0.0,0.0,0.0,0.0,0,43457.44,0.0,false,false,Shelfware Risk,"Ross, Robinson and Bright",Enterprise,EMEA,Cloud NGFW for AWS SKU-0226,cloud_ngfw
C0029,P0226,2026-02-01,0.0,0.0,0.0,0.0,0.0,0,43457.44,0.0,false,false,Shelfware Risk,"Ross, Robinson and Bright",Enterprise,EMEA,Cloud NGFW for AWS SKU-0226,cloud_ngfw
C0029,P0226,2026-03-01,0.0,0.0,0.0,0.0,0.0,0,43457.44,0.0,false,false,Shelfware Risk,"Ross, Robinson and Bright",Enterprise,EMEA,Cloud NGFW for AWS SKU-0226,cloud_ngfw
C0029,P0226,2026-04-01,0.0,0.0,0.0,0.0,0.0,0,43457.44,0.0,false,false,Shelfware Risk,"Ross, Robinson and Bright",Enterprise,EMEA,Cloud NGFW for AWS SKU-0226,cloud_ngfw
C0029,P0226,2026-05-01,0.0,0.0,0.0,0.0,0.0,0,43457.44,0.0,false,false,Shelfware Risk,"Ross, Robinson and Bright",Enterprise,EMEA,Cloud NGFW for AWS SKU-0226,cloud_ngfw
C0029,P0226,2026-06-01,0.0,0.0,0.0,0.0,0.0,0,43457.44,0.0,false,false,Shelfware Risk,"Ross, Robinson and Bright",Enterprise,EMEA,Cloud NGFW for AWS SKU-0226,cloud_ngfw
C0031,P0138,2025-10-01,1.182,1.0,0.75,1.0,1.0,0,948789.45,93.8,false,false,Value Realized,Burton Ltd,Enterprise,AMER,Prisma Access Remote Networks SKU-0138,sase
C0031,P0138,2025-11-01,1.661,0.8,1.0,1.0,1.0,1,948789.45,93.0,false,true,Value Realized,Burton Ltd,Enterprise,AMER,Prisma Access Remote Networks SKU-0138,sase
C0031,P0138,2025-12-01,1.444,0.8,1.0,1.0,1.0,1,948789.45,93.0,false,true,Value Realized,Burton Ltd,Enterprise,AMER,Prisma Access Remote Networks SKU-0138,sase
C0031,P0138,2026-01-01,1.616,0.8,1.0,1.0,1.0,1,948789.45,93.0,false,true,Value Realized,Burton Ltd,Enterprise,AMER,Prisma Access Remote Networks SKU-0138,sase
C0031,P0138,2026-02-01,1.175,1.0,1.0,1.0,1.0,1,948789.45,100.0,false,false,Value Realized,Burton Ltd,Enterprise,AMER,Prisma Access Remote Networks SKU-0138,sase
C0031,P0138,2026-03-01,1.244,0.8,1.0,1.0,1.0,1,948789.45,93.0,false,true,Value Realized,Burton Ltd,Enterprise,AMER,Prisma Access Remote Networks SKU-0138,sase
C0031,P0138,2026-04-01,1.547,0.8,1.0,1.0,1.0,1,948789.45,93.0,false,true,Value Realized,Burton Ltd,Enterprise,AMER,Prisma Access Remote Networks SKU-0138,sase
C0031,P0138,2026-05-01,1.596,0.8,1.0,1.0,1.0,1,948789.45,93.0,false,true,Value Realized,Burton Ltd,Enterprise,AMER,Prisma Access Remote Networks SKU-0138,sase
C0031,P0138,2026-06-01,1.404,0.8,1.0,1.0,1.0,1,948789.45,93.0,false,true,Value Realized,Burton Ltd,Enterprise,AMER,Prisma Access Remote Networks SKU-0138,sase
C0032,P0122,2025-07-01,0.929,0.982,0.0,1.0,1.0,0,14960.96,74.4,true,false,Value Realized,Carlson-Cruz,Mid-Market,AMER,Cloud NGFW for Azure SKU-0122,cloud_ngfw
C0032,P0122,2025-08-01,0.714,0.929,0.175,1.0,1.0,1,14960.96,76.9,false,false,Value Realized,Carlson-Cruz,Mid-Market,AMER,Cloud NGFW for Azure SKU-0122,cloud_ngfw
C0032,P0122,2025-09-01,0.733,0.933,0.175,1.0,1.0,1,14960.96,77.0,false,false,Value Realized,Carlson-Cruz,Mid-Market,AMER,Cloud NGFW for Azure SKU-0122,cloud_ngfw
C0032,P0122,2025-10-01,0.625,0.906,0.25,1.0,1.0,1,14960.96,78.0,false,false,Value Realized,Carlson-Cruz,Mid-Market,AMER,Cloud NGFW for Azure SKU-0122,cloud_ngfw
C0032,P0122,2025-11-01,0.744,0.936,0.5,1.0,1.0,1,14960.96,85.3,false,false,Value Realized,Carlson-Cruz,Mid-Market,AMER,Cloud NGFW for Azure SKU-0122,cloud_ngfw
C0032,P0122,2025-12-01,0.761,0.94,0.425,1.0,1.0,1,14960.96,83.5,false,false,Value Realized,Carlson-Cruz,Mid-Market,AMER,Cloud NGFW for Azure SKU-0122,cloud_ngfw
C0032,P0122,2026-01-01,0.904,0.976,0.675,1.0,1.0,1,14960.96,91.0,false,false,Value Realized,Carlson-Cruz,Mid-Market,AMER,Cloud NGFW for Azure SKU-0122,cloud_ngfw
C0032,P0122,2026-02-01,0.531,0.817,0.525,1.0,1.0,1,14960.96,81.7,false,false,Value Realized,Carlson-Cruz,Mid-Market,AMER,Cloud NGFW for Azure SKU-0122,cloud_ngfw
C0032,P0122,2026-03-01,0.735,0.934,0.6,1.0,1.0,1,14960.96,87.7,false,false,Value Realized,Carlson-Cruz,Mid-Market,AMER,Cloud NGFW for Azure SKU-0122,cloud_ngfw
C0032,P0122,2026-04-01,0.64,0.91,0.675,1.0,1.0,1,14960.96,88.7,false,false,Value Realized,Carlson-Cruz,Mid-Market,AMER,Cloud NGFW for Azure SKU-0122,cloud_ngfw
C0032,P0122,2026-05-01,0.817,0.954,0.6,1.0,1.0,1,14960.96,88.4,false,false,Value Realized,Carlson-Cruz,Mid-Market,AMER,Cloud NGFW for Azure SKU-0122,cloud_ngfw
C0032,P0122,2026-06-01,0.585,0.882,0.525,1.0,1.0,1,14960.96,84.0,false,false,Value Realized,Carlson-Cruz,Mid-Market,AMER,Cloud NGFW for Azure SKU-0122,cloud_ngfw
C0038,P0418,2025-07-01,0.815,0.954,0.0,1.0,1.0,0,82780.96,73.4,false,false,Value Realized,"Baker, Mason and White",Enterprise,AMER,PA-460 SKU-0418,hardware_ngfw
C0038,P0418,2025-08-01,1.03,1.0,0.0,1.0,1.0,1,82780.96,75.0,true,false,Value Realized,"Baker, Mason and White",Enterprise,AMER,PA-460 SKU-0418,hardware_ngfw
C0038,P0418,2025-09-01,0.715,0.929,0.0,1.0,1.0,1,82780.96,72.5,false,false,Value Realized,"Baker, Mason and White",Enterprise,AMER,PA-460 SKU-0418,hardware_ngfw
C0038,P0418,2025-10-01,0.565,0.858,0.233,1.0,1.0,1,82780.96,75.9,false,false,Value Realized,"Baker, Mason and White",Enterprise,AMER,PA-460 SKU-0418,hardware_ngfw
C0038,P0418,2025-11-01,0.59,0.888,0.233,1.0,1.0,1,82780.96,76.9,false,false,Value Realized,"Baker, Mason and White",Enterprise,AMER,PA-460 SKU-0418,hardware_ngfw
C0038,P0418,2025-12-01,0.59,0.888,0.233,1.0,1.0,1,82780.96,76.9,false,false,Value Realized,"Baker, Mason and White",Enterprise,AMER,PA-460 SKU-0418,hardware_ngfw
C0038,P0418,2026-01-01,0.73,0.933,0.233,1.0,1.0,1,82780.96,78.5,false,false,Value Realized,"Baker, Mason and White",Enterprise,AMER,PA-460 SKU-0418,hardware_ngfw
C0038,P0418,2026-02-01,0.735,0.934,0.467,1.0,1.0,1,82780.96,84.3,false,false,Value Realized,"Baker, Mason and White",Enterprise,AMER,PA-460 SKU-0418,hardware_ngfw
C0038,P0418,2026-03-01,0.815,0.954,0.567,1.0,1.0,1,82780.96,87.5,false,false,Value Realized,"Baker, Mason and White",Enterprise,AMER,PA-460 SKU-0418,hardware_ngfw
C0038,P0418,2026-04-01,0.72,0.93,0.467,1.0,1.0,1,82780.96,84.2,false,false,Value Realized,"Baker, Mason and White",Enterprise,AMER,PA-460 SKU-0418,hardware_ngfw
C0038,P0418,2026-05-01,0.77,0.943,0.667,1.0,1.0,1,82780.96,89.7,false,false,Value Realized,"Baker, Mason and White",Enterprise,AMER,PA-460 SKU-0418,hardware_ngfw
C0038,P0418,2026-06-01,0.8,0.95,0.467,1.0,1.0,1,82780.96,84.9,false,false,Value Realized,"Baker, Mason and White",Enterprise,AMER,PA-460 SKU-0418,hardware_ngfw
C0040,P0330,2025-07-01,1.726,0.8,0.4,1.0,1.0,0,741677.35,78.0,false,true,Value Realized,"Romero, Gonzalez and Brooks",Enterprise,EMEA,Prisma Access Browser SKU-0330,sase
C0040,P0330,2025-08-01,1.163,1.0,0.8,1.0,1.0,1,741677.35,95.0,false,false,Value Realized,"Romero, Gonzalez and Brooks",Enterprise,EMEA,Prisma Access Browser SKU-0330,sase
C0040,P0330,2025-09-01,1.304,0.8,0.8,1.0,1.0,1,741677.35,88.0,false,true,Value Realized,"Romero, Gonzalez and Brooks",Enterprise,EMEA,Prisma Access Browser SKU-0330,sase
C0040,P0330,2025-10-01,1.56,0.8,0.8,1.0,1.0,1,741677.35,88.0,false,true,Value Realized,"Romero, Gonzalez and Brooks",Enterprise,EMEA,Prisma Access Browser SKU-0330,sase
C0040,P0330,2025-11-01,1.598,0.8,0.8,1.0,1.0,1,741677.35,88.0,false,true,Value Realized,"Romero, Gonzalez and Brooks",Enterprise,EMEA,Prisma Access Browser SKU-0330,sase
C0040,P0330,2025-12-01,1.362,0.8,0.8,1.0,1.0,1,741677.35,88.0,false,true,Value Realized,"Romero, Gonzalez and Brooks",Enterprise,EMEA,Prisma Access Browser SKU-0330,sase
C0040,P0330,2026-01-01,1.244,0.8,0.8,1.0,1.0,1,741677.35,88.0,false,true,Value Realized,"Romero, Gonzalez and Brooks",Enterprise,EMEA,Prisma Access Browser SKU-0330,sase
C0040,P0330,2026-02-01,1.33,0.8,0.8,1.0,1.0,1,741677.35,88.0,false,true,Value Realized,"Romero, Gonzalez and Brooks",Enterprise,EMEA,Prisma Access Browser SKU-0330,sase
C0040,P0330,2026-03-01,1.146,1.0,0.8,1.0,1.0,1,741677.35,95.0,false,false,Value Realized,"Romero, Gonzalez and Brooks",Enterprise,EMEA,Prisma Access Browser SKU-0330,sase
C0040,P0330,2026-04-01,1.588,0.8,0.8,1.0,1.0,1,741677.35,88.0,false,true,Value Realized,"Romero, Gonzalez and Brooks",Enterprise,EMEA,Prisma Access Browser SKU-0330,sase
C0040,P0330,2026-05-01,1.62,0.8,0.8,1.0,1.0,1,741677.35,88.0,false,true,Value Realized,"Romero, Gonzalez and Brooks",Enterprise,EMEA,Prisma Access Browser SKU-0330,sase
C0040,P0330,2026-06-01,1.489,0.8,0.8,1.0,1.0,1,741677.35,88.0,false,true,Value Realized,"Romero, Gonzalez and Brooks",Enterprise,EMEA,Prisma Access Browser SKU-0330,sase
C0041,P0120,2025-07-01,0.781,0.945,0.0,1.0,1.0,0,552037.75,73.1,false,false,Value Realized,Ryan PLC,Mid-Market,AMER,PA-410 SKU-0120,hardware_ngfw
C0041,P0120,2025-08-01,0.862,0.965,0.25,1.0,1.0,1,552037.75,80.0,false,false,Value Realized,Ryan PLC,Mid-Market,AMER,PA-410 SKU-0120,hardware_ngfw
C0041,P0120,2025-09-01,0.59,0.888,0.35,1.0,1.0,1,552037.75,79.8,false,false,Value Realized,Ryan PLC,Mid-Market,AMER,PA-410 SKU-0120,hardware_ngfw
C0041,P0120,2025-10-01,0.738,0.935,0.425,1.0,1.0,1,552037.75,83.3,false,false,Value Realized,Ryan PLC,Mid-Market,AMER,PA-410 SKU-0120,hardware_ngfw
C0041,P0120,2025-11-01,0.675,0.919,0.35,1.0,1.0,1,552037.75,80.9,false,false,Value Realized,Ryan PLC,Mid-Market,AMER,PA-410 SKU-0120,hardware_ngfw
C0041,P0120,2025-12-01,0.596,0.896,0.425,1.0,1.0,1,552037.75,82.0,false,false,Value Realized,Ryan PLC,Mid-Market,AMER,PA-410 SKU-0120,hardware_ngfw
C0041,P0120,2026-01-01,0.761,0.94,0.425,1.0,1.0,1,552037.75,83.5,false,false,Value Realized,Ryan PLC,Mid-Market,AMER,PA-410 SKU-0120,hardware_ngfw
C0041,P0120,2026-02-01,0.708,0.927,0.425,1.0,1.0,1,552037.75,83.1,false,false,Value Realized,Ryan PLC,Mid-Market,AMER,PA-410 SKU-0120,hardware_ngfw
C0041,P0120,2026-03-01,0.899,0.975,0.425,1.0,1.0,1,552037.75,84.7,false,false,Value Realized,Ryan PLC,Mid-Market,AMER,PA-410 SKU-0120,hardware_ngfw
C0041,P0120,2026-04-01,0.635,0.909,0.425,1.0,1.0,1,552037.75,82.4,false,false,Value Realized,Ryan PLC,Mid-Market,AMER,PA-410 SKU-0120,hardware_ngfw
C0041,P0120,2026-05-01,0.829,0.957,0.425,1.0,1.0,1,552037.75,84.1,false,false,Value Realized,Ryan PLC,Mid-Market,AMER,PA-410 SKU-0120,hardware_ngfw
C0041,P0120,2026-06-01,0.777,0.944,0.35,1.0,1.0,1,552037.75,81.8,false,false,Value Realized,Ryan PLC,Mid-Market,AMER,PA-410 SKU-0120,hardware_ngfw
C0044,P0479,2025-10-01,0.73,0.933,0.14,1.0,1.0,0,579797.4,76.1,false,false,Value Realized,Allen-Allen,Enterprise,APAC,PA-410 SKU-0479,hardware_ngfw
C0044,P0479,2025-11-01,0.562,0.854,0.42,1.0,1.0,1,579797.4,80.4,false,false,Value Realized,Allen-Allen,Enterprise,APAC,PA-410 SKU-0479,hardware_ngfw
C0044,P0479,2025-12-01,0.898,0.975,0.48,1.0,1.0,1,579797.4,86.1,false,false,Value Realized,Allen-Allen,Enterprise,APAC,PA-410 SKU-0479,hardware_ngfw
C0044,P0479,2026-01-01,0.579,0.875,0.68,1.0,1.0,1,579797.4,87.6,false,false,Value Realized,Allen-Allen,Enterprise,APAC,PA-410 SKU-0479,hardware_ngfw
C0044,P0479,2026-02-01,0.593,0.891,0.68,1.0,1.0,1,579797.4,88.2,false,false,Value Realized,Allen-Allen,Enterprise,APAC,PA-410 SKU-0479,hardware_ngfw
C0044,P0479,2026-03-01,0.662,0.915,0.76,1.0,1.0,1,579797.4,91.0,false,false,Value Realized,Allen-Allen,Enterprise,APAC,PA-410 SKU-0479,hardware_ngfw
C0044,P0479,2026-04-01,0.633,0.908,0.82,1.0,1.0,1,579797.4,92.3,false,false,Value Realized,Allen-Allen,Enterprise,APAC,PA-410 SKU-0479,hardware_ngfw
C0044,P0479,2026-05-01,0.747,0.937,0.88,1.0,1.0,1,579797.4,94.8,false,false,Value Realized,Allen-Allen,Enterprise,APAC,PA-410 SKU-0479,hardware_ngfw
C0044,P0479,2026-06-01,0.689,0.922,0.76,1.0,1.0,1,579797.4,91.3,false,false,Value Realized,Allen-Allen,Enterprise,APAC,PA-410 SKU-0479,hardware_ngfw
C0046,P0479,2025-07-01,1.232,0.8,0.8,1.0,1.0,0,1052267.25,88.0,false,true,Value Realized,Spence PLC,Mid-Market,APAC,PA-410 SKU-0479,hardware_ngfw
C0046,P0479,2025-08-01,1.499,0.8,1.0,1.0,1.0,1,1052267.25,93.0,false,true,Value Realized,Spence PLC,Mid-Market,APAC,PA-410 SKU-0479,hardware_ngfw
C0046,P0479,2025-09-01,1.534,0.8,1.0,1.0,1.0,1,1052267.25,93.0,false,true,Value Realized,Spence PLC,Mid-Market,APAC,PA-410 SKU-0479,hardware_ngfw
C0046,P0479,2025-10-01,1.45,0.8,1.0,1.0,1.0,1,1052267.25,93.0,false,true,Value Realized,Spence PLC,Mid-Market,APAC,PA-410 SKU-0479,hardware_ngfw
C0046,P0479,2025-11-01,1.228,0.8,1.0,1.0,1.0,1,1052267.25,93.0,false,true,Value Realized,Spence PLC,Mid-Market,APAC,PA-410 SKU-0479,hardware_ngfw
C0046,P0479,2025-12-01,1.516,0.8,1.0,1.0,1.0,1,1052267.25,93.0,false,true,Value Realized,Spence PLC,Mid-Market,APAC,PA-410 SKU-0479,hardware_ngfw
C0046,P0479,2026-01-01,1.679,0.8,1.0,1.0,1.0,1,1052267.25,93.0,false,true,Value Realized,Spence PLC,Mid-Market,APAC,PA-410 SKU-0479,hardware_ngfw
C0046,P0479,2026-02-01,1.348,0.8,1.0,1.0,1.0,1,1052267.25,93.0,false,true,Value Realized,Spence PLC,Mid-Market,APAC,PA-410 SKU-0479,hardware_ngfw
C0046,P0479,2026-03-01,1.47,0.8,1.0,1.0,1.0,1,1052267.25,93.0,false,true,Value Realized,Spence PLC,Mid-Market,APAC,PA-410 SKU-0479,hardware_ngfw
C0046,P0479,2026-04-01,1.194,1.0,1.0,1.0,1.0,1,1052267.25,100.0,false,false,Value Realized,Spence PLC,Mid-Market,APAC,PA-410 SKU-0479,hardware_ngfw
C0046,P0479,2026-05-01,1.604,0.8,1.0,1.0,1.0,1,1052267.25,93.0,false,true,Value Realized,Spence PLC,Mid-Market,APAC,PA-410 SKU-0479,hardware_ngfw
C0046,P0479,2026-06-01,1.424,0.8,1.0,1.0,1.0,1,1052267.25,93.0,false,true,Value Realized,Spence PLC,Mid-Market,APAC,PA-410 SKU-0479,hardware_ngfw
C0050,P0121,2025-07-01,1.28,0.8,0.75,1.0,1.0,0,361429.76,86.8,false,true,Value Realized,"Harris, Collins and Carney",Mid-Market,EMEA,Prisma Access Browser SKU-0121,sase
C0050,P0121,2025-08-01,1.347,0.8,1.0,1.0,1.0,1,361429.76,93.0,false,true,Value Realized,"Harris, Collins and Carney",Mid-Market,EMEA,Prisma Access Browser SKU-0121,sase
C0050,P0121,2025-09-01,1.49,0.8,1.0,1.0,1.0,1,361429.76,93.0,false,true,Value Realized,"Harris, Collins and Carney",Mid-Market,EMEA,Prisma Access Browser SKU-0121,sase
C0050,P0121,2025-10-01,1.278,0.8,1.0,1.0,1.0,1,361429.76,93.0,false,true,Value Realized,"Harris, Collins and Carney",Mid-Market,EMEA,Prisma Access Browser SKU-0121,sase
C0050,P0121,2025-11-01,1.566,0.8,1.0,1.0,1.0,1,361429.76,93.0,false,true,Value Realized,"Harris, Collins and Carney",Mid-Market,EMEA,Prisma Access Browser SKU-0121,sase
C0050,P0121,2025-12-01,1.164,1.0,1.0,1.0,1.0,1,361429.76,100.0,false,false,Value Realized,"Harris, Collins and Carney",Mid-Market,EMEA,Prisma Access Browser SKU-0121,sase
C0050,P0121,2026-01-01,1.283,0.8,1.0,1.0,1.0,1,361429.76,93.0,false,true,Value Realized,"Harris, Collins and Carney",Mid-Market,EMEA,Prisma Access Browser SKU-0121,sase
C0050,P0121,2026-02-01,1.411,0.8,1.0,1.0,1.0,1,361429.76,93.0,false,true,Value Realized,"Harris, Collins and Carney",Mid-Market,EMEA,Prisma Access Browser SKU-0121,sase
C0050,P0121,2026-03-01,1.326,0.8,1.0,1.0,1.0,1,361429.76,93.0,false,true,Value Realized,"Harris, Collins and Carney",Mid-Market,EMEA,Prisma Access Browser SKU-0121,sase
C0050,P0121,2026-04-01,1.462,0.8,1.0,1.0,1.0,1,361429.76,93.0,false,true,Value Realized,"Harris, Collins and Carney",Mid-Market,EMEA,Prisma Access Browser SKU-0121,sase
C0050,P0121,2026-05-01,1.186,1.0,1.0,1.0,1.0,1,361429.76,100.0,false,false,Value Realized,"Harris, Collins and Carney",Mid-Market,EMEA,Prisma Access Browser SKU-0121,sase
C0050,P0121,2026-06-01,1.293,0.8,1.0,1.0,1.0,1,361429.76,93.0,false,true,Value Realized,"Harris, Collins and Carney",Mid-Market,EMEA,Prisma Access Browser SKU-0121,sase
C0051,P0258,2025-10-01,1.337,0.8,0.333,1.0,1.0,0,32005.14,76.3,false,true,Value Realized,"Brooks, Lam and Hayes",Enterprise,AMER,Cloud NGFW for Azure SKU-0258,cloud_ngfw
C0051,P0258,2025-11-01,1.178,1.0,1.0,1.0,1.0,1,32005.14,100.0,false,false,Value Realized,"Brooks, Lam and Hayes",Enterprise,AMER,Cloud NGFW for Azure SKU-0258,cloud_ngfw
C0051,P0258,2025-12-01,1.319,0.8,1.0,1.0,1.0,1,32005.14,93.0,false,true,Value Realized,"Brooks, Lam and Hayes",Enterprise,AMER,Cloud NGFW for Azure SKU-0258,cloud_ngfw
C0051,P0258,2026-01-01,1.353,0.8,1.0,1.0,1.0,1,32005.14,93.0,false,true,Value Realized,"Brooks, Lam and Hayes",Enterprise,AMER,Cloud NGFW for Azure SKU-0258,cloud_ngfw
C0051,P0258,2026-02-01,1.438,0.8,1.0,1.0,1.0,1,32005.14,93.0,false,true,Value Realized,"Brooks, Lam and Hayes",Enterprise,AMER,Cloud NGFW for Azure SKU-0258,cloud_ngfw
C0051,P0258,2026-03-01,1.472,0.8,1.0,1.0,1.0,1,32005.14,93.0,false,true,Value Realized,"Brooks, Lam and Hayes",Enterprise,AMER,Cloud NGFW for Azure SKU-0258,cloud_ngfw
C0051,P0258,2026-04-01,1.59,0.8,1.0,1.0,1.0,1,32005.14,93.0,false,true,Value Realized,"Brooks, Lam and Hayes",Enterprise,AMER,Cloud NGFW for Azure SKU-0258,cloud_ngfw
C0051,P0258,2026-05-01,1.565,0.8,1.0,1.0,1.0,1,32005.14,93.0,false,true,Value Realized,"Brooks, Lam and Hayes",Enterprise,AMER,Cloud NGFW for Azure SKU-0258,cloud_ngfw
C0051,P0258,2026-06-01,1.307,0.8,1.0,1.0,1.0,1,32005.14,93.0,false,true,Value Realized,"Brooks, Lam and Hayes",Enterprise,AMER,Cloud NGFW for Azure SKU-0258,cloud_ngfw
C0054,P0151,2025-07-01,0.436,0.703,0.0,1.0,1.0,0,45822.48,64.6,false,false,Developing,"Robinson, Jones and Welch",Mid-Market,EMEA,CN-Series SKU-0151,software_ngfw
C0054,P0151,2025-08-01,0.583,0.879,0.0,1.0,1.0,1,45822.48,70.8,false,false,Value Realized,"Robinson, Jones and Welch",Mid-Market,EMEA,CN-Series SKU-0151,software_ngfw
C0054,P0151,2025-09-01,0.638,0.91,0.0,1.0,1.0,1,45822.48,71.8,false,false,Value Realized,"Robinson, Jones and Welch",Mid-Market,EMEA,CN-Series SKU-0151,software_ngfw
C0054,P0151,2025-10-01,0.497,0.776,0.233,1.0,1.0,1,45822.48,73.0,false,false,Value Realized,"Robinson, Jones and Welch",Mid-Market,EMEA,CN-Series SKU-0151,software_ngfw
C0054,P0151,2025-11-01,0.679,0.92,0.567,1.0,1.0,1,45822.48,86.4,false,false,Value Realized,"Robinson, Jones and Welch",Mid-Market,EMEA,CN-Series SKU-0151,software_ngfw
C0054,P0151,2025-12-01,0.681,0.92,0.567,1.0,1.0,1,45822.48,86.4,false,false,Value Realized,"Robinson, Jones and Welch",Mid-Market,EMEA,CN-Series SKU-0151,software_ngfw
C0054,P0151,2026-01-01,0.674,0.919,0.467,1.0,1.0,1,45822.48,83.8,false,false,Value Realized,"Robinson, Jones and Welch",Mid-Market,EMEA,CN-Series SKU-0151,software_ngfw
C0054,P0151,2026-02-01,0.726,0.932,0.467,1.0,1.0,1,45822.48,84.3,false,false,Value Realized,"Robinson, Jones and Welch",Mid-Market,EMEA,CN-Series SKU-0151,software_ngfw
C0054,P0151,2026-03-01,0.769,0.942,0.567,1.0,1.0,1,45822.48,87.1,false,false,Value Realized,"Robinson, Jones and Welch",Mid-Market,EMEA,CN-Series SKU-0151,software_ngfw
C0054,P0151,2026-04-01,0.798,0.949,0.567,1.0,1.0,1,45822.48,87.4,false,false,Value Realized,"Robinson, Jones and Welch",Mid-Market,EMEA,CN-Series SKU-0151,software_ngfw
C0054,P0151,2026-05-01,0.668,0.917,0.567,1.0,1.0,1,45822.48,86.3,false,false,Value Realized,"Robinson, Jones and Welch",Mid-Market,EMEA,CN-Series SKU-0151,software_ngfw
C0054,P0151,2026-06-01,0.757,0.939,0.667,1.0,1.0,1,45822.48,89.5,false,false,Value Realized,"Robinson, Jones and Welch",Mid-Market,EMEA,CN-Series SKU-0151,software_ngfw
C0055,P0114,2025-07-01,0.0,0.0,0.0,0.0,,0,198225.06,0.0,false,false,Grace Period,Jones Inc,Enterprise,AMER,Prisma Access Mobile Users SKU-0114,sase
C0055,P0114,2025-08-01,0.0,0.0,0.0,0.0,0.0,0,198225.06,0.0,false,false,Shelfware Risk,Jones Inc,Enterprise,AMER,Prisma Access Mobile Users SKU-0114,sase
C0055,P0114,2025-09-01,0.0,0.0,0.0,0.0,0.0,0,198225.06,0.0,false,false,Shelfware Risk,Jones Inc,Enterprise,AMER,Prisma Access Mobile Users SKU-0114,sase
C0055,P0114,2025-10-01,0.0,0.0,0.0,0.0,0.0,0,198225.06,0.0,false,false,Shelfware Risk,Jones Inc,Enterprise,AMER,Prisma Access Mobile Users SKU-0114,sase
C0055,P0114,2025-11-01,0.0,0.0,0.0,0.0,0.0,0,198225.06,0.0,false,false,Shelfware Risk,Jones Inc,Enterprise,AMER,Prisma Access Mobile Users SKU-0114,sase
C0055,P0114,2025-12-01,0.0,0.0,0.0,0.0,0.0,0,198225.06,0.0,false,false,Shelfware Risk,Jones Inc,Enterprise,AMER,Prisma Access Mobile Users SKU-0114,sase
C0055,P0114,2026-01-01,0.0,0.0,0.0,0.0,0.0,0,198225.06,0.0,false,false,Shelfware Risk,Jones Inc,Enterprise,AMER,Prisma Access Mobile Users SKU-0114,sase
C0055,P0114,2026-02-01,0.0,0.0,0.0,0.0,0.0,0,198225.06,0.0,false,false,Shelfware Risk,Jones Inc,Enterprise,AMER,Prisma Access Mobile Users SKU-0114,sase
C0055,P0114,2026-03-01,0.0,0.0,0.0,0.0,0.0,0,198225.06,0.0,false,false,Shelfware Risk,Jones Inc,Enterprise,AMER,Prisma Access Mobile Users SKU-0114,sase
C0055,P0114,2026-04-01,0.0,0.0,0.0,0.0,0.0,0,198225.06,0.0,false,false,Shelfware Risk,Jones Inc,Enterprise,AMER,Prisma Access Mobile Users SKU-0114,sase
C0055,P0114,2026-05-01,0.0,0.0,0.0,0.0,0.0,0,198225.06,0.0,false,false,Shelfware Risk,Jones Inc,Enterprise,AMER,Prisma Access Mobile Users SKU-0114,sase
C0055,P0114,2026-06-01,0.0,0.0,0.0,0.0,0.0,0,198225.06,0.0,false,false,Shelfware Risk,Jones Inc,Enterprise,AMER,Prisma Access Mobile Users SKU-0114,sase
C0058,P0098,2025-07-01,0.455,0.726,0.0,1.0,1.0,0,14405.04,65.4,false,false,Developing,"Johnston, Sanchez and Kennedy",Enterprise,EMEA,CN-Series SKU-0098,software_ngfw
C0058,P0098,2025-08-01,0.746,0.937,0.0,1.0,1.0,1,14405.04,72.8,false,false,Value Realized,"Johnston, Sanchez and Kennedy",Enterprise,EMEA,CN-Series SKU-0098,software_ngfw
C0058,P0098,2025-09-01,0.8,0.95,0.0,1.0,1.0,1,14405.04,73.2,false,false,Value Realized,"Johnston, Sanchez and Kennedy",Enterprise,EMEA,CN-Series SKU-0098,software_ngfw
C0058,P0098,2025-10-01,0.746,0.936,0.0,1.0,1.0,1,14405.04,72.8,false,false,Value Realized,"Johnston, Sanchez and Kennedy",Enterprise,EMEA,CN-Series SKU-0098,software_ngfw
C0058,P0098,2025-11-01,0.671,0.918,0.233,1.0,1.0,1,14405.04,78.0,false,false,Value Realized,"Johnston, Sanchez and Kennedy",Enterprise,EMEA,CN-Series SKU-0098,software_ngfw
C0058,P0098,2025-12-01,0.93,0.983,0.333,1.0,1.0,1,14405.04,82.7,false,false,Value Realized,"Johnston, Sanchez and Kennedy",Enterprise,EMEA,CN-Series SKU-0098,software_ngfw
C0058,P0098,2026-01-01,0.708,0.927,0.467,1.0,1.0,1,14405.04,84.1,false,false,Value Realized,"Johnston, Sanchez and Kennedy",Enterprise,EMEA,CN-Series SKU-0098,software_ngfw
C0058,P0098,2026-02-01,0.928,0.982,0.567,1.0,1.0,1,14405.04,88.5,false,false,Value Realized,"Johnston, Sanchez and Kennedy",Enterprise,EMEA,CN-Series SKU-0098,software_ngfw
C0058,P0098,2026-03-01,0.748,0.937,0.567,1.0,1.0,1,14405.04,87.0,false,false,Value Realized,"Johnston, Sanchez and Kennedy",Enterprise,EMEA,CN-Series SKU-0098,software_ngfw
C0058,P0098,2026-04-01,0.676,0.919,0.567,1.0,1.0,1,14405.04,86.3,false,false,Value Realized,"Johnston, Sanchez and Kennedy",Enterprise,EMEA,CN-Series SKU-0098,software_ngfw
C0058,P0098,2026-05-01,0.438,0.705,0.8,1.0,1.0,1,14405.04,84.7,false,false,Value Realized,"Johnston, Sanchez and Kennedy",Enterprise,EMEA,CN-Series SKU-0098,software_ngfw
C0058,P0098,2026-06-01,0.52,0.804,0.8,1.0,1.0,1,14405.04,88.2,false,false,Value Realized,"Johnston, Sanchez and Kennedy",Enterprise,EMEA,CN-Series SKU-0098,software_ngfw
C0060,P0160,2025-07-01,0.559,0.851,0.0,1.0,1.0,0,44504.88,69.8,false,false,Developing,Gomez-Jenkins,Mid-Market,EMEA,VM-300 SKU-0160,software_ngfw
C0060,P0160,2025-08-01,0.45,0.72,0.0,1.0,1.0,1,44504.88,65.2,false,false,Developing,Gomez-Jenkins,Mid-Market,EMEA,VM-300 SKU-0160,software_ngfw
C0060,P0160,2025-09-01,0.864,0.966,0.0,1.0,1.0,1,44504.88,73.8,false,false,Value Realized,Gomez-Jenkins,Mid-Market,EMEA,VM-300 SKU-0160,software_ngfw
C0060,P0160,2025-10-01,0.587,0.884,0.0,1.0,1.0,1,44504.88,70.9,false,false,Value Realized,Gomez-Jenkins,Mid-Market,EMEA,VM-300 SKU-0160,software_ngfw
C0060,P0160,2025-11-01,0.646,0.912,0.0,1.0,1.0,1,44504.88,71.9,false,false,Value Realized,Gomez-Jenkins,Mid-Market,EMEA,VM-300 SKU-0160,software_ngfw
C0060,P0160,2025-12-01,0.609,0.902,0.0,1.0,1.0,1,44504.88,71.6,false,false,Value Realized,Gomez-Jenkins,Mid-Market,EMEA,VM-300 SKU-0160,software_ngfw
C0060,P0160,2026-01-01,0.798,0.949,0.25,1.0,1.0,1,44504.88,79.5,false,false,Value Realized,Gomez-Jenkins,Mid-Market,EMEA,VM-300 SKU-0160,software_ngfw
C0060,P0160,2026-02-01,0.688,0.922,0.25,1.0,1.0,1,44504.88,78.5,false,false,Value Realized,Gomez-Jenkins,Mid-Market,EMEA,VM-300 SKU-0160,software_ngfw
C0060,P0160,2026-03-01,0.741,0.935,0.175,1.0,1.0,1,44504.88,77.1,false,false,Value Realized,Gomez-Jenkins,Mid-Market,EMEA,VM-300 SKU-0160,software_ngfw
C0060,P0160,2026-04-01,0.558,0.849,0.175,1.0,1.0,1,44504.88,74.1,false,false,Value Realized,Gomez-Jenkins,Mid-Market,EMEA,VM-300 SKU-0160,software_ngfw
C0060,P0160,2026-05-01,0.794,0.949,0.175,1.0,1.0,1,44504.88,77.6,false,false,Value Realized,Gomez-Jenkins,Mid-Market,EMEA,VM-300 SKU-0160,software_ngfw
C0060,P0160,2026-06-01,0.611,0.903,0.25,1.0,1.0,1,44504.88,77.8,false,false,Value Realized,Gomez-Jenkins,Mid-Market,EMEA,VM-300 SKU-0160,software_ngfw
C0060,P0378,2025-07-01,0.77,0.943,0.0,1.0,1.0,0,46672.12,73.0,false,false,Value Realized,Gomez-Jenkins,Mid-Market,EMEA,PA-5445 SKU-0378,hardware_ngfw
C0060,P0378,2025-08-01,0.85,0.963,0.0,1.0,1.0,1,46672.12,73.7,false,false,Value Realized,Gomez-Jenkins,Mid-Market,EMEA,PA-5445 SKU-0378,hardware_ngfw
C0060,P0378,2025-09-01,0.81,0.953,0.0,1.0,1.0,1,46672.12,73.3,false,false,Value Realized,Gomez-Jenkins,Mid-Market,EMEA,PA-5445 SKU-0378,hardware_ngfw
C0060,P0378,2025-10-01,0.7,0.925,0.0,1.0,1.0,1,46672.12,72.4,false,false,Value Realized,Gomez-Jenkins,Mid-Market,EMEA,PA-5445 SKU-0378,hardware_ngfw
C0060,P0378,2025-11-01,0.78,0.945,0.0,1.0,1.0,1,46672.12,73.1,false,false,Value Realized,Gomez-Jenkins,Mid-Market,EMEA,PA-5445 SKU-0378,hardware_ngfw
C0060,P0378,2025-12-01,0.6,0.9,0.0,1.0,1.0,1,46672.12,71.5,false,false,Value Realized,Gomez-Jenkins,Mid-Market,EMEA,PA-5445 SKU-0378,hardware_ngfw
C0060,P0378,2026-01-01,0.74,0.935,0.0,1.0,1.0,1,46672.12,72.7,false,false,Value Realized,Gomez-Jenkins,Mid-Market,EMEA,PA-5445 SKU-0378,hardware_ngfw
C0060,P0378,2026-02-01,0.54,0.828,0.0,1.0,1.0,1,46672.12,69.0,false,false,Developing,Gomez-Jenkins,Mid-Market,EMEA,PA-5445 SKU-0378,hardware_ngfw
C0060,P0378,2026-03-01,0.75,0.938,0.175,1.0,1.0,1,46672.12,77.2,false,false,Value Realized,Gomez-Jenkins,Mid-Market,EMEA,PA-5445 SKU-0378,hardware_ngfw
C0060,P0378,2026-04-01,0.79,0.948,0.175,1.0,1.0,1,46672.12,77.5,false,false,Value Realized,Gomez-Jenkins,Mid-Market,EMEA,PA-5445 SKU-0378,hardware_ngfw
C0060,P0378,2026-05-01,0.7,0.925,0.175,1.0,1.0,1,46672.12,76.8,false,false,Value Realized,Gomez-Jenkins,Mid-Market,EMEA,PA-5445 SKU-0378,hardware_ngfw
C0060,P0378,2026-06-01,0.6,0.9,0.175,1.0,1.0,1,46672.12,75.9,false,false,Value Realized,Gomez-Jenkins,Mid-Market,EMEA,PA-5445 SKU-0378,hardware_ngfw
C0069,P0204,2025-07-01,0.657,0.914,0.117,1.0,1.0,0,892975.02,74.9,false,false,Value Realized,Russell Group,Enterprise,AMER,Prisma Access Remote Networks SKU-0204,sase
C0069,P0204,2025-08-01,0.696,0.924,0.283,1.0,1.0,1,892975.02,79.4,false,false,Value Realized,Russell Group,Enterprise,AMER,Prisma Access Remote Networks SKU-0204,sase
C0069,P0204,2025-09-01,0.531,0.818,0.233,1.0,1.0,1,892975.02,74.5,false,false,Value Realized,Russell Group,Enterprise,AMER,Prisma Access Remote Networks SKU-0204,sase
C0069,P0204,2025-10-01,0.787,0.947,0.233,1.0,1.0,1,892975.02,79.0,false,false,Value Realized,Russell Group,Enterprise,AMER,Prisma Access Remote Networks SKU-0204,sase
C0069,P0204,2025-11-01,0.823,0.956,0.233,1.0,1.0,1,892975.02,79.3,false,false,Value Realized,Russell Group,Enterprise,AMER,Prisma Access Remote Networks SKU-0204,sase
C0069,P0204,2025-12-01,0.751,0.938,0.4,1.0,1.0,1,892975.02,82.8,false,false,Value Realized,Russell Group,Enterprise,AMER,Prisma Access Remote Networks SKU-0204,sase
C0069,P0204,2026-01-01,0.806,0.951,0.35,1.0,1.0,1,892975.02,82.0,false,false,Value Realized,Russell Group,Enterprise,AMER,Prisma Access Remote Networks SKU-0204,sase
C0069,P0204,2026-02-01,0.805,0.951,0.4,1.0,1.0,1,892975.02,83.3,false,false,Value Realized,Russell Group,Enterprise,AMER,Prisma Access Remote Networks SKU-0204,sase
C0069,P0204,2026-03-01,0.864,0.966,0.4,1.0,1.0,1,892975.02,83.8,false,false,Value Realized,Russell Group,Enterprise,AMER,Prisma Access Remote Networks SKU-0204,sase
C0069,P0204,2026-04-01,0.719,0.93,0.467,1.0,1.0,1,892975.02,84.2,false,false,Value Realized,Russell Group,Enterprise,AMER,Prisma Access Remote Networks SKU-0204,sase
C0069,P0204,2026-05-01,0.643,0.911,0.683,1.0,1.0,1,892975.02,89.0,false,false,Value Realized,Russell Group,Enterprise,AMER,Prisma Access Remote Networks SKU-0204,sase
C0069,P0204,2026-06-01,0.63,0.908,0.733,1.0,1.0,1,892975.02,90.1,false,false,Value Realized,Russell Group,Enterprise,AMER,Prisma Access Remote Networks SKU-0204,sase
C0070,P0026,2025-07-01,0.843,0.961,0.117,1.0,1.0,0,36565.5,76.5,false,false,Value Realized,Hancock Inc,Mid-Market,AMER,PA-410 SKU-0026,hardware_ngfw
C0070,P0026,2025-08-01,0.577,0.872,0.167,1.0,1.0,1,36565.5,74.7,false,false,Value Realized,Hancock Inc,Mid-Market,AMER,PA-410 SKU-0026,hardware_ngfw
C0070,P0026,2025-09-01,0.67,0.918,0.117,1.0,1.0,1,36565.5,75.0,false,false,Value Realized,Hancock Inc,Mid-Market,AMER,PA-410 SKU-0026,hardware_ngfw
C0070,P0026,2025-10-01,0.81,0.953,0.117,1.0,1.0,1,36565.5,76.3,false,false,Value Realized,Hancock Inc,Mid-Market,AMER,PA-410 SKU-0026,hardware_ngfw
C0070,P0026,2025-11-01,0.833,0.958,0.117,1.0,1.0,1,36565.5,76.5,false,false,Value Realized,Hancock Inc,Mid-Market,AMER,PA-410 SKU-0026,hardware_ngfw
C0070,P0026,2025-12-01,0.59,0.888,0.117,1.0,1.0,1,36565.5,74.0,false,false,Value Realized,Hancock Inc,Mid-Market,AMER,PA-410 SKU-0026,hardware_ngfw
C0070,P0026,2026-01-01,0.823,0.956,0.117,1.0,1.0,1,36565.5,76.4,false,false,Value Realized,Hancock Inc,Mid-Market,AMER,PA-410 SKU-0026,hardware_ngfw
C0070,P0026,2026-02-01,0.733,0.933,0.117,1.0,1.0,1,36565.5,75.6,false,false,Value Realized,Hancock Inc,Mid-Market,AMER,PA-410 SKU-0026,hardware_ngfw
C0070,P0026,2026-03-01,0.717,0.929,0.167,1.0,1.0,1,36565.5,76.7,false,false,Value Realized,Hancock Inc,Mid-Market,AMER,PA-410 SKU-0026,hardware_ngfw
C0070,P0026,2026-04-01,0.647,0.912,0.283,1.0,1.0,1,36565.5,79.0,false,false,Value Realized,Hancock Inc,Mid-Market,AMER,PA-410 SKU-0026,hardware_ngfw
C0070,P0026,2026-05-01,0.833,0.958,0.283,1.0,1.0,1,36565.5,80.6,false,false,Value Realized,Hancock Inc,Mid-Market,AMER,PA-410 SKU-0026,hardware_ngfw
C0070,P0026,2026-06-01,0.813,0.953,0.333,1.0,1.0,1,36565.5,81.7,false,false,Value Realized,Hancock Inc,Mid-Market,AMER,PA-410 SKU-0026,hardware_ngfw
C0076,P0049,2025-07-01,0.825,0.956,0.0,1.0,1.0,0,52579.03,73.5,false,false,Value Realized,"Daniels, Adkins and Brown",Enterprise,EMEA,VM-300 SKU-0049,software_ngfw
C0076,P0049,2025-08-01,0.687,0.922,0.0,1.0,1.0,1,52579.03,72.3,false,false,Value Realized,"Daniels, Adkins and Brown",Enterprise,EMEA,VM-300 SKU-0049,software_ngfw
C0076,P0049,2025-09-01,0.511,0.793,0.0,1.0,1.0,1,52579.03,67.8,false,false,Developing,"Daniels, Adkins and Brown",Enterprise,EMEA,VM-300 SKU-0049,software_ngfw
C0076,P0049,2025-10-01,0.721,0.93,0.0,1.0,1.0,1,52579.03,72.6,false,false,Value Realized,"Daniels, Adkins and Brown",Enterprise,EMEA,VM-300 SKU-0049,software_ngfw
C0076,P0049,2025-11-01,0.803,0.951,0.0,1.0,1.0,1,52579.03,73.3,false,false,Value Realized,"Daniels, Adkins and Brown",Enterprise,EMEA,VM-300 SKU-0049,software_ngfw
C0076,P0049,2025-12-01,0.662,0.916,0.0,1.0,1.0,1,52579.03,72.0,false,false,Value Realized,"Daniels, Adkins and Brown",Enterprise,EMEA,VM-300 SKU-0049,software_ngfw
C0076,P0049,2026-01-01,0.687,0.922,0.0,1.0,1.0,1,52579.03,72.3,false,false,Value Realized,"Daniels, Adkins and Brown",Enterprise,EMEA,VM-300 SKU-0049,software_ngfw
C0076,P0049,2026-02-01,0.652,0.913,0.0,1.0,1.0,1,52579.03,72.0,false,false,Value Realized,"Daniels, Adkins and Brown",Enterprise,EMEA,VM-300 SKU-0049,software_ngfw
C0076,P0049,2026-03-01,0.783,0.946,0.2,1.0,1.0,1,52579.03,78.1,false,false,Value Realized,"Daniels, Adkins and Brown",Enterprise,EMEA,VM-300 SKU-0049,software_ngfw
C0076,P0049,2026-04-01,0.743,0.936,0.2,1.0,1.0,1,52579.03,77.8,false,false,Value Realized,"Daniels, Adkins and Brown",Enterprise,EMEA,VM-300 SKU-0049,software_ngfw
C0076,P0049,2026-05-01,0.814,0.953,0.14,1.0,1.0,1,52579.03,76.9,false,false,Value Realized,"Daniels, Adkins and Brown",Enterprise,EMEA,VM-300 SKU-0049,software_ngfw
C0076,P0049,2026-06-01,0.853,0.963,0.14,1.0,1.0,1,52579.03,77.2,false,false,Value Realized,"Daniels, Adkins and Brown",Enterprise,EMEA,VM-300 SKU-0049,software_ngfw
C0076,P0352,2025-07-01,0.661,0.915,0.0,1.0,1.0,0,652603.65,72.0,false,false,Value Realized,"Daniels, Adkins and Brown",Enterprise,EMEA,PA-5445 SKU-0352,hardware_ngfw
C0076,P0352,2025-08-01,0.926,0.982,0.0,1.0,1.0,1,652603.65,74.4,true,false,Value Realized,"Daniels, Adkins and Brown",Enterprise,EMEA,PA-5445 SKU-0352,hardware_ngfw
C0076,P0352,2025-09-01,0.613,0.903,0.0,1.0,1.0,1,652603.65,71.6,false,false,Value Realized,"Daniels, Adkins and Brown",Enterprise,EMEA,PA-5445 SKU-0352,hardware_ngfw
C0076,P0352,2025-10-01,0.806,0.951,0.0,1.0,1.0,1,652603.65,73.3,false,false,Value Realized,"Daniels, Adkins and Brown",Enterprise,EMEA,PA-5445 SKU-0352,hardware_ngfw
C0076,P0352,2025-11-01,0.658,0.914,0.0,1.0,1.0,1,652603.65,72.0,false,false,Value Realized,"Daniels, Adkins and Brown",Enterprise,EMEA,PA-5445 SKU-0352,hardware_ngfw
C0076,P0352,2025-12-01,0.772,0.943,0.0,1.0,1.0,1,652603.65,73.0,false,false,Value Realized,"Daniels, Adkins and Brown",Enterprise,EMEA,PA-5445 SKU-0352,hardware_ngfw
C0076,P0352,2026-01-01,0.764,0.941,0.0,1.0,1.0,1,652603.65,72.9,false,false,Value Realized,"Daniels, Adkins and Brown",Enterprise,EMEA,PA-5445 SKU-0352,hardware_ngfw
C0076,P0352,2026-02-01,0.551,0.841,0.0,1.0,1.0,1,652603.65,69.4,false,false,Developing,"Daniels, Adkins and Brown",Enterprise,EMEA,PA-5445 SKU-0352,hardware_ngfw
C0076,P0352,2026-03-01,0.822,0.956,0.0,1.0,1.0,1,652603.65,73.4,false,false,Value Realized,"Daniels, Adkins and Brown",Enterprise,EMEA,PA-5445 SKU-0352,hardware_ngfw
C0076,P0352,2026-04-01,0.405,0.666,0.0,1.0,1.0,1,652603.65,63.3,false,false,Developing,"Daniels, Adkins and Brown",Enterprise,EMEA,PA-5445 SKU-0352,hardware_ngfw
C0076,P0352,2026-05-01,0.641,0.91,0.0,1.0,1.0,1,652603.65,71.9,false,false,Value Realized,"Daniels, Adkins and Brown",Enterprise,EMEA,PA-5445 SKU-0352,hardware_ngfw
C0076,P0352,2026-06-01,0.736,0.934,0.0,1.0,1.0,1,652603.65,72.7,false,false,Value Realized,"Daniels, Adkins and Brown",Enterprise,EMEA,PA-5445 SKU-0352,hardware_ngfw
C0084,P0157,2025-08-01,3.506,0.8,0.7,1.0,1.0,0,58087.04,85.5,false,true,Value Realized,"Edwards, Baker and Anderson",Enterprise,LATAM,Cloud NGFW for AWS SKU-0157,cloud_ngfw
C0084,P0157,2025-09-01,3.117,0.8,0.7,1.0,1.0,1,58087.04,85.5,false,true,Value Realized,"Edwards, Baker and Anderson",Enterprise,LATAM,Cloud NGFW for AWS SKU-0157,cloud_ngfw
C0084,P0157,2025-10-01,3.404,0.8,0.85,1.0,1.0,1,58087.04,89.3,false,true,Value Realized,"Edwards, Baker and Anderson",Enterprise,LATAM,Cloud NGFW for AWS SKU-0157,cloud_ngfw
C0084,P0157,2025-11-01,0.0,0.0,0.0,0.5,1.0,1,58087.04,27.5,false,false,Lapsed,"Edwards, Baker and Anderson",Enterprise,LATAM,Cloud NGFW for AWS SKU-0157,cloud_ngfw
C0084,P0157,2025-12-01,0.0,0.0,0.0,0.2,1.0,1,58087.04,20.0,false,false,Churn Signal,"Edwards, Baker and Anderson",Enterprise,LATAM,Cloud NGFW for AWS SKU-0157,cloud_ngfw
C0084,P0157,2026-01-01,0.0,0.0,0.0,0.0,1.0,1,58087.04,15.0,false,false,Churn Signal,"Edwards, Baker and Anderson",Enterprise,LATAM,Cloud NGFW for AWS SKU-0157,cloud_ngfw
C0084,P0157,2026-02-01,0.0,0.0,0.0,0.0,1.0,1,58087.04,15.0,false,false,Lapsed,"Edwards, Baker and Anderson",Enterprise,LATAM,Cloud NGFW for AWS SKU-0157,cloud_ngfw
C0084,P0157,2026-03-01,0.0,0.0,0.0,0.0,1.0,1,58087.04,15.0,false,false,Lapsed,"Edwards, Baker and Anderson",Enterprise,LATAM,Cloud NGFW for AWS SKU-0157,cloud_ngfw
C0084,P0157,2026-04-01,0.0,0.0,0.0,0.0,1.0,1,58087.04,15.0,false,false,Lapsed,"Edwards, Baker and Anderson",Enterprise,LATAM,Cloud NGFW for AWS SKU-0157,cloud_ngfw
C0084,P0157,2026-05-01,0.0,0.0,0.0,0.0,1.0,1,58087.04,15.0,false,false,Lapsed,"Edwards, Baker and Anderson",Enterprise,LATAM,Cloud NGFW for AWS SKU-0157,cloud_ngfw
C0084,P0157,2026-06-01,0.0,0.0,0.0,0.0,1.0,1,58087.04,15.0,false,false,Lapsed,"Edwards, Baker and Anderson",Enterprise,LATAM,Cloud NGFW for AWS SKU-0157,cloud_ngfw
C0089,P0008,2025-07-01,1.281,0.8,0.667,1.0,1.0,0,1050025.23,84.7,false,true,Value Realized,Suarez LLC,Enterprise,AMER,Prisma Access Browser SKU-0008,sase
C0089,P0008,2025-08-01,1.395,0.8,1.0,1.0,1.0,1,1050025.23,93.0,false,true,Value Realized,Suarez LLC,Enterprise,AMER,Prisma Access Browser SKU-0008,sase
C0089,P0008,2025-09-01,1.678,0.8,1.0,1.0,1.0,1,1050025.23,93.0,false,true,Value Realized,Suarez LLC,Enterprise,AMER,Prisma Access Browser SKU-0008,sase
C0089,P0008,2025-10-01,1.176,1.0,1.0,1.0,1.0,1,1050025.23,100.0,false,false,Value Realized,Suarez LLC,Enterprise,AMER,Prisma Access Browser SKU-0008,sase
C0089,P0008,2025-11-01,1.581,0.8,1.0,1.0,1.0,1,1050025.23,93.0,false,true,Value Realized,Suarez LLC,Enterprise,AMER,Prisma Access Browser SKU-0008,sase
C0089,P0008,2025-12-01,1.392,0.8,1.0,1.0,1.0,1,1050025.23,93.0,false,true,Value Realized,Suarez LLC,Enterprise,AMER,Prisma Access Browser SKU-0008,sase
C0089,P0008,2026-01-01,1.416,0.8,1.0,1.0,1.0,1,1050025.23,93.0,false,true,Value Realized,Suarez LLC,Enterprise,AMER,Prisma Access Browser SKU-0008,sase
C0089,P0008,2026-02-01,1.7,0.8,1.0,1.0,1.0,1,1050025.23,93.0,false,true,Value Realized,Suarez LLC,Enterprise,AMER,Prisma Access Browser SKU-0008,sase
C0089,P0008,2026-03-01,1.475,0.8,1.0,1.0,1.0,1,1050025.23,93.0,false,true,Value Realized,Suarez LLC,Enterprise,AMER,Prisma Access Browser SKU-0008,sase
C0089,P0008,2026-04-01,1.444,0.8,1.0,1.0,1.0,1,1050025.23,93.0,false,true,Value Realized,Suarez LLC,Enterprise,AMER,Prisma Access Browser SKU-0008,sase
C0089,P0008,2026-05-01,1.29,0.8,1.0,1.0,1.0,1,1050025.23,93.0,false,true,Value Realized,Suarez LLC,Enterprise,AMER,Prisma Access Browser SKU-0008,sase
C0089,P0008,2026-06-01,1.409,0.8,1.0,1.0,1.0,1,1050025.23,93.0,false,true,Value Realized,Suarez LLC,Enterprise,AMER,Prisma Access Browser SKU-0008,sase
C0093,P0238,2025-07-01,0.599,0.899,0.0,1.0,1.0,0,395682.06,71.5,false,false,Value Realized,"Garcia, Humphrey and Baker",Enterprise,LATAM,Prisma Access Remote Networks SKU-0238,sase
C0093,P0238,2025-08-01,0.621,0.905,0.0,1.0,1.0,1,395682.06,71.7,false,false,Value Realized,"Garcia, Humphrey and Baker",Enterprise,LATAM,Prisma Access Remote Networks SKU-0238,sase
C0093,P0238,2025-09-01,0.738,0.934,0.0,1.0,1.0,1,395682.06,72.7,false,false,Value Realized,"Garcia, Humphrey and Baker",Enterprise,LATAM,Prisma Access Remote Networks SKU-0238,sase
C0093,P0238,2025-10-01,0.634,0.909,0.0,1.0,1.0,1,395682.06,71.8,false,false,Value Realized,"Garcia, Humphrey and Baker",Enterprise,LATAM,Prisma Access Remote Networks SKU-0238,sase
C0093,P0238,2025-11-01,0.721,0.93,0.0,1.0,1.0,1,395682.06,72.6,false,false,Value Realized,"Garcia, Humphrey and Baker",Enterprise,LATAM,Prisma Access Remote Networks SKU-0238,sase
C0093,P0238,2025-12-01,0.675,0.919,0.0,1.0,1.0,1,395682.06,72.2,false,false,Value Realized,"Garcia, Humphrey and Baker",Enterprise,LATAM,Prisma Access Remote Networks SKU-0238,sase
C0093,P0238,2026-01-01,0.814,0.953,0.0,1.0,1.0,1,395682.06,73.4,false,false,Value Realized,"Garcia, Humphrey and Baker",Enterprise,LATAM,Prisma Access Remote Networks SKU-0238,sase
C0093,P0238,2026-02-01,0.825,0.956,0.28,1.0,1.0,1,395682.06,80.5,false,false,Value Realized,"Garcia, Humphrey and Baker",Enterprise,LATAM,Prisma Access Remote Networks SKU-0238,sase
C0093,P0238,2026-03-01,0.578,0.873,0.28,1.0,1.0,1,395682.06,77.6,false,false,Value Realized,"Garcia, Humphrey and Baker",Enterprise,LATAM,Prisma Access Remote Networks SKU-0238,sase
C0093,P0238,2026-04-01,0.645,0.911,0.28,1.0,1.0,1,395682.06,78.9,false,false,Value Realized,"Garcia, Humphrey and Baker",Enterprise,LATAM,Prisma Access Remote Networks SKU-0238,sase
C0093,P0238,2026-05-01,0.635,0.909,0.28,1.0,1.0,1,395682.06,78.8,false,false,Value Realized,"Garcia, Humphrey and Baker",Enterprise,LATAM,Prisma Access Remote Networks SKU-0238,sase
C0093,P0238,2026-06-01,0.842,0.96,0.4,1.0,1.0,1,395682.06,83.6,false,false,Value Realized,"Garcia, Humphrey and Baker",Enterprise,LATAM,Prisma Access Remote Networks SKU-0238,sase
C0098,P0180,2025-07-01,1.249,0.8,0.0,1.0,1.0,0,20415.2,68.0,true,true,Developing,Davis Group,Mid-Market,EMEA,CN-Series SKU-0180,software_ngfw
C0098,P0180,2025-08-01,1.345,0.8,0.667,1.0,1.0,1,20415.2,84.7,false,true,Value Realized,Davis Group,Mid-Market,EMEA,CN-Series SKU-0180,software_ngfw
C0098,P0180,2025-09-01,1.53,0.8,0.667,1.0,1.0,1,20415.2,84.7,false,true,Value Realized,Davis Group,Mid-Market,EMEA,CN-Series SKU-0180,software_ngfw
C0098,P0180,2025-10-01,1.689,0.8,0.667,1.0,1.0,1,20415.2,84.7,false,true,Value Realized,Davis Group,Mid-Market,EMEA,CN-Series SKU-0180,software_ngfw
C0098,P0180,2025-11-01,1.518,0.8,0.667,1.0,1.0,1,20415.2,84.7,false,true,Value Realized,Davis Group,Mid-Market,EMEA,CN-Series SKU-0180,software_ngfw
C0098,P0180,2025-12-01,1.243,0.8,0.667,1.0,1.0,1,20415.2,84.7,false,true,Value Realized,Davis Group,Mid-Market,EMEA,CN-Series SKU-0180,software_ngfw
C0098,P0180,2026-01-01,1.098,1.0,0.667,1.0,1.0,1,20415.2,91.7,false,false,Value Realized,Davis Group,Mid-Market,EMEA,CN-Series SKU-0180,software_ngfw
C0098,P0180,2026-02-01,1.528,0.8,0.667,1.0,1.0,1,20415.2,84.7,false,true,Value Realized,Davis Group,Mid-Market,EMEA,CN-Series SKU-0180,software_ngfw
C0098,P0180,2026-03-01,1.508,0.8,0.667,1.0,1.0,1,20415.2,84.7,false,true,Value Realized,Davis Group,Mid-Market,EMEA,CN-Series SKU-0180,software_ngfw
C0098,P0180,2026-04-01,1.451,0.8,0.667,1.0,1.0,1,20415.2,84.7,false,true,Value Realized,Davis Group,Mid-Market,EMEA,CN-Series SKU-0180,software_ngfw
C0098,P0180,2026-05-01,1.423,0.8,0.667,1.0,1.0,1,20415.2,84.7,false,true,Value Realized,Davis Group,Mid-Market,EMEA,CN-Series SKU-0180,software_ngfw
C0098,P0180,2026-06-01,1.613,0.8,0.667,1.0,1.0,1,20415.2,84.7,false,true,Value Realized,Davis Group,Mid-Market,EMEA,CN-Series SKU-0180,software_ngfw
C0001,P0253,2025-07-01,0.0,0.0,0.0,0.0,,0,888574.28,0.0,false,false,Grace Period,"Rodriguez, Figueroa and Sanchez",Mid-Market,AMER,PA-3410 SKU-0253,hardware_ngfw
C0001,P0253,2025-08-01,0.0,0.0,0.0,0.0,0.467,0,888574.28,7.0,false,false,Shelfware Risk,"Rodriguez, Figueroa and Sanchez",Mid-Market,AMER,PA-3410 SKU-0253,hardware_ngfw
C0001,P0253,2025-09-01,0.22,0.444,0.0,0.5,0.467,0,888574.28,35.0,false,false,Onboarding Stall,"Rodriguez, Figueroa and Sanchez",Mid-Market,AMER,PA-3410 SKU-0253,hardware_ngfw
C0001,P0253,2025-10-01,0.48,0.756,0.0,0.8,0.467,1,888574.28,53.5,false,false,Onboarding Stall,"Rodriguez, Figueroa and Sanchez",Mid-Market,AMER,PA-3410 SKU-0253,hardware_ngfw
C0001,P0253,2025-11-01,0.933,0.983,0.0,1.0,0.467,1,888574.28,66.4,true,false,Onboarding Stall,"Rodriguez, Figueroa and Sanchez",Mid-Market,AMER,PA-3410 SKU-0253,hardware_ngfw
C0001,P0253,2025-12-01,0.715,0.929,0.5,1.0,0.467,1,888574.28,77.0,false,false,Value Realized,"Rodriguez, Figueroa and Sanchez",Mid-Market,AMER,PA-3410 SKU-0253,hardware_ngfw
C0001,P0253,2026-01-01,0.852,0.963,0.35,1.0,0.467,1,888574.28,74.5,false,false,Value Realized,"Rodriguez, Figueroa and Sanchez",Mid-Market,AMER,PA-3410 SKU-0253,hardware_ngfw
C0001,P0253,2026-02-01,0.792,0.948,0.35,1.0,0.467,1,888574.28,73.9,false,false,Value Realized,"Rodriguez, Figueroa and Sanchez",Mid-Market,AMER,PA-3410 SKU-0253,hardware_ngfw
C0001,P0253,2026-03-01,0.848,0.962,0.425,1.0,0.467,1,888574.28,76.3,false,false,Value Realized,"Rodriguez, Figueroa and Sanchez",Mid-Market,AMER,PA-3410 SKU-0253,hardware_ngfw
C0001,P0253,2026-04-01,0.655,0.914,0.425,1.0,0.467,1,888574.28,74.6,false,false,Value Realized,"Rodriguez, Figueroa and Sanchez",Mid-Market,AMER,PA-3410 SKU-0253,hardware_ngfw
C0001,P0253,2026-05-01,0.597,0.896,0.425,1.0,0.467,1,888574.28,74.0,false,false,Value Realized,"Rodriguez, Figueroa and Sanchez",Mid-Market,AMER,PA-3410 SKU-0253,hardware_ngfw
C0001,P0253,2026-06-01,0.942,0.985,0.425,1.0,0.467,1,888574.28,77.1,false,false,Value Realized,"Rodriguez, Figueroa and Sanchez",Mid-Market,AMER,PA-3410 SKU-0253,hardware_ngfw
C0003,P0296,2025-09-01,0.662,0.915,0.0,1.0,1.0,0,39749.1,72.0,false,false,Value Realized,"Mcclain, Miller and Henderson",Mid-Market,APAC,Cloud NGFW for Azure SKU-0296,cloud_ngfw
C0003,P0296,2025-10-01,0.569,0.863,0.0,1.0,1.0,1,39749.1,70.2,false,false,Value Realized,"Mcclain, Miller and Henderson",Mid-Market,APAC,Cloud NGFW for Azure SKU-0296,cloud_ngfw
C0003,P0296,2025-11-01,0.672,0.918,0.283,1.0,1.0,1,39749.1,79.2,false,false,Value Realized,"Mcclain, Miller and Henderson",Mid-Market,APAC,Cloud NGFW for Azure SKU-0296,cloud_ngfw
C0003,P0296,2025-12-01,0.744,0.936,0.283,1.0,1.0,1,39749.1,79.8,false,false,Value Realized,"Mcclain, Miller and Henderson",Mid-Market,APAC,Cloud NGFW for Azure SKU-0296,cloud_ngfw
C0003,P0296,2026-01-01,0.655,0.914,0.283,1.0,1.0,1,39749.1,79.1,false,false,Value Realized,"Mcclain, Miller and Henderson",Mid-Market,APAC,Cloud NGFW for Azure SKU-0296,cloud_ngfw
C0003,P0296,2026-02-01,0.876,0.969,0.233,1.0,1.0,1,39749.1,79.7,false,false,Value Realized,"Mcclain, Miller and Henderson",Mid-Market,APAC,Cloud NGFW for Azure SKU-0296,cloud_ngfw
C0003,P0296,2026-03-01,0.628,0.907,0.35,1.0,1.0,1,39749.1,80.5,false,false,Value Realized,"Mcclain, Miller and Henderson",Mid-Market,APAC,Cloud NGFW for Azure SKU-0296,cloud_ngfw
C0003,P0296,2026-04-01,0.736,0.934,0.617,1.0,1.0,1,39749.1,88.1,false,false,Value Realized,"Mcclain, Miller and Henderson",Mid-Market,APAC,Cloud NGFW for Azure SKU-0296,cloud_ngfw
C0003,P0296,2026-05-01,0.782,0.946,0.467,1.0,1.0,1,39749.1,84.8,false,false,Value Realized,"Mcclain, Miller and Henderson",Mid-Market,APAC,Cloud NGFW for Azure SKU-0296,cloud_ngfw
C0003,P0296,2026-06-01,0.614,0.904,0.517,1.0,1.0,1,39749.1,84.5,false,false,Value Realized,"Mcclain, Miller and Henderson",Mid-Market,APAC,Cloud NGFW for Azure SKU-0296,cloud_ngfw
C0004,P0114,2025-10-01,0.961,0.99,0.175,1.0,1.0,0,380172.87,79.0,true,false,Value Realized,Davis and Sons,Mid-Market,APAC,Prisma Access Mobile Users SKU-0114,sase
C0004,P0114,2025-11-01,0.661,0.915,0.175,1.0,1.0,1,380172.87,76.4,false,false,Value Realized,Davis and Sons,Mid-Market,APAC,Prisma Access Mobile Users SKU-0114,sase
C0004,P0114,2025-12-01,0.926,0.981,0.25,1.0,1.0,1,380172.87,80.6,false,false,Value Realized,Davis and Sons,Mid-Market,APAC,Prisma Access Mobile Users SKU-0114,sase
C0004,P0114,2026-01-01,0.828,0.957,0.175,1.0,1.0,1,380172.87,77.9,false,false,Value Realized,Davis and Sons,Mid-Market,APAC,Prisma Access Mobile Users SKU-0114,sase
C0004,P0114,2026-02-01,0.587,0.884,0.175,1.0,1.0,1,380172.87,75.3,false,false,Value Realized,Davis and Sons,Mid-Market,APAC,Prisma Access Mobile Users SKU-0114,sase
C0004,P0114,2026-03-01,0.53,0.816,0.25,1.0,1.0,1,380172.87,74.8,false,false,Value Realized,Davis and Sons,Mid-Market,APAC,Prisma Access Mobile Users SKU-0114,sase
C0004,P0114,2026-04-01,0.613,0.903,0.25,1.0,1.0,1,380172.87,77.9,false,false,Value Realized,Davis and Sons,Mid-Market,APAC,Prisma Access Mobile Users SKU-0114,sase
C0004,P0114,2026-05-01,0.89,0.973,0.175,1.0,1.0,1,380172.87,78.4,false,false,Value Realized,Davis and Sons,Mid-Market,APAC,Prisma Access Mobile Users SKU-0114,sase
C0004,P0114,2026-06-01,0.681,0.92,0.175,1.0,1.0,1,380172.87,76.6,false,false,Value Realized,Davis and Sons,Mid-Market,APAC,Prisma Access Mobile Users SKU-0114,sase
C0004,P0334,2025-09-01,0.67,0.917,0.117,1.0,1.0,0,34247.32,75.0,false,false,Value Realized,Davis and Sons,Mid-Market,APAC,Cloud NGFW for AWS SKU-0334,cloud_ngfw
C0004,P0334,2025-10-01,0.909,0.977,0.117,1.0,1.0,1,34247.32,77.1,true,false,Value Realized,Davis and Sons,Mid-Market,APAC,Cloud NGFW for AWS SKU-0334,cloud_ngfw
C0004,P0334,2025-11-01,0.867,0.967,0.283,1.0,1.0,1,34247.32,80.9,false,false,Value Realized,Davis and Sons,Mid-Market,APAC,Cloud NGFW for AWS SKU-0334,cloud_ngfw
C0004,P0334,2025-12-01,0.822,0.956,0.233,1.0,1.0,1,34247.32,79.3,false,false,Value Realized,Davis and Sons,Mid-Market,APAC,Cloud NGFW for AWS SKU-0334,cloud_ngfw
C0004,P0334,2026-01-01,0.821,0.955,0.283,1.0,1.0,1,34247.32,80.5,false,false,Value Realized,Davis and Sons,Mid-Market,APAC,Cloud NGFW for AWS SKU-0334,cloud_ngfw
C0004,P0334,2026-02-01,0.659,0.915,0.283,1.0,1.0,1,34247.32,79.1,false,false,Value Realized,Davis and Sons,Mid-Market,APAC,Cloud NGFW for AWS SKU-0334,cloud_ngfw
C0004,P0334,2026-03-01,0.972,0.993,0.233,1.0,1.0,1,34247.32,80.6,true,false,Value Realized,Davis and Sons,Mid-Market,APAC,Cloud NGFW for AWS SKU-0334,cloud_ngfw
C0004,P0334,2026-04-01,0.69,0.922,0.283,1.0,1.0,1,34247.32,79.4,false,false,Value Realized,Davis and Sons,Mid-Market,APAC,Cloud NGFW for AWS SKU-0334,cloud_ngfw
C0004,P0334,2026-05-01,0.641,0.91,0.283,1.0,1.0,1,34247.32,78.9,false,false,Value Realized,Davis and Sons,Mid-Market,APAC,Cloud NGFW for AWS SKU-0334,cloud_ngfw
C0004,P0334,2026-06-01,0.85,0.962,0.233,1.0,1.0,1,34247.32,79.5,false,false,Value Realized,Davis and Sons,Mid-Market,APAC,Cloud NGFW for AWS SKU-0334,cloud_ngfw
C0006,P0087,2025-10-01,0.701,0.925,0.0,1.0,1.0,0,977442.5,72.4,false,false,Value Realized,"Gardner, Robinson and Lawrence",Mid-Market,AMER,PA-5410 SKU-0087,hardware_ngfw
C0006,P0087,2025-11-01,0.727,0.932,0.0,1.0,1.0,1,977442.5,72.6,false,false,Value Realized,"Gardner, Robinson and Lawrence",Mid-Market,AMER,PA-5410 SKU-0087,hardware_ngfw
C0006,P0087,2025-12-01,0.963,0.991,0.0,1.0,1.0,1,977442.5,74.7,true,false,Value Realized,"Gardner, Robinson and Lawrence",Mid-Market,AMER,PA-5410 SKU-0087,hardware_ngfw
C0006,P0087,2026-01-01,0.708,0.927,0.0,1.0,1.0,1,977442.5,72.4,false,false,Value Realized,"Gardner, Robinson and Lawrence",Mid-Market,AMER,PA-5410 SKU-0087,hardware_ngfw
C0006,P0087,2026-02-01,0.817,0.954,0.467,1.0,1.0,1,977442.5,85.1,false,false,Value Realized,"Gardner, Robinson and Lawrence",Mid-Market,AMER,PA-5410 SKU-0087,hardware_ngfw
C0006,P0087,2026-03-01,0.923,0.981,0.467,1.0,1.0,1,977442.5,86.0,false,false,Value Realized,"Gardner, Robinson and Lawrence",Mid-Market,AMER,PA-5410 SKU-0087,hardware_ngfw
C0006,P0087,2026-04-01,0.995,0.999,0.667,1.0,1.0,1,977442.5,91.6,false,false,Value Realized,"Gardner, Robinson and Lawrence",Mid-Market,AMER,PA-5410 SKU-0087,hardware_ngfw
C0006,P0087,2026-05-01,0.793,0.948,0.567,1.0,1.0,1,977442.5,87.4,false,false,Value Realized,"Gardner, Robinson and Lawrence",Mid-Market,AMER,PA-5410 SKU-0087,hardware_ngfw
C0006,P0087,2026-06-01,0.634,0.908,0.567,1.0,1.0,1,977442.5,86.0,false,false,Value Realized,"Gardner, Robinson and Lawrence",Mid-Market,AMER,PA-5410 SKU-0087,hardware_ngfw
C0012,P0027,2025-10-01,0.587,0.884,0.0,1.0,1.0,0,40400.64,70.9,false,false,Value Realized,Dudley Group,Mid-Market,AMER,VM-100 SKU-0027,software_ngfw
C0012,P0027,2025-11-01,0.612,0.903,0.0,1.0,1.0,1,40400.64,71.6,false,false,Value Realized,Dudley Group,Mid-Market,AMER,VM-100 SKU-0027,software_ngfw
C0012,P0027,2025-12-01,0.779,0.945,0.117,1.0,1.0,1,40400.64,76.0,false,false,Value Realized,Dudley Group,Mid-Market,AMER,VM-100 SKU-0027,software_ngfw
C0012,P0027,2026-01-01,0.503,0.783,0.117,1.0,1.0,1,40400.64,70.3,false,false,Value Realized,Dudley Group,Mid-Market,AMER,VM-100 SKU-0027,software_ngfw
C0012,P0027,2026-02-01,0.665,0.916,0.117,1.0,1.0,1,40400.64,75.0,false,false,Value Realized,Dudley Group,Mid-Market,AMER,VM-100 SKU-0027,software_ngfw
C0012,P0027,2026-03-01,0.747,0.937,0.117,1.0,1.0,1,40400.64,75.7,false,false,Value Realized,Dudley Group,Mid-Market,AMER,VM-100 SKU-0027,software_ngfw
C0012,P0027,2026-04-01,0.759,0.94,0.117,1.0,1.0,1,40400.64,75.8,false,false,Value Realized,Dudley Group,Mid-Market,AMER,VM-100 SKU-0027,software_ngfw
C0012,P0027,2026-05-01,0.783,0.946,0.333,1.0,1.0,1,40400.64,81.4,false,false,Value Realized,Dudley Group,Mid-Market,AMER,VM-100 SKU-0027,software_ngfw
C0012,P0027,2026-06-01,0.728,0.932,0.333,1.0,1.0,1,40400.64,81.0,false,false,Value Realized,Dudley Group,Mid-Market,AMER,VM-100 SKU-0027,software_ngfw
C0015,P0430,2025-08-01,0.896,0.974,0.0,1.0,1.0,0,35166.34,74.1,false,false,Value Realized,Williams and Sons,Mid-Market,EMEA,Cloud NGFW for AWS SKU-0430,cloud_ngfw
C0015,P0430,2025-09-01,0.834,0.959,0.0,1.0,1.0,1,35166.34,73.5,false,false,Value Realized,Williams and Sons,Mid-Market,EMEA,Cloud NGFW for AWS SKU-0430,cloud_ngfw
C0015,P0430,2025-10-01,0.738,0.935,0.0,1.0,1.0,1,35166.34,72.7,false,false,Value Realized,Williams and Sons,Mid-Market,EMEA,Cloud NGFW for AWS SKU-0430,cloud_ngfw
C0015,P0430,2025-11-01,0.782,0.945,0.0,1.0,1.0,1,35166.34,73.1,false,false,Value Realized,Williams and Sons,Mid-Market,EMEA,Cloud NGFW for AWS SKU-0430,cloud_ngfw
C0015,P0430,2025-12-01,0.795,0.949,0.25,1.0,1.0,1,35166.34,79.5,false,false,Value Realized,Williams and Sons,Mid-Market,EMEA,Cloud NGFW for AWS SKU-0430,cloud_ngfw
C0015,P0430,2026-01-01,0.822,0.956,0.175,1.0,1.0,1,35166.34,77.8,false,false,Value Realized,Williams and Sons,Mid-Market,EMEA,Cloud NGFW for AWS SKU-0430,cloud_ngfw
C0015,P0430,2026-02-01,0.985,0.996,0.425,1.0,1.0,1,35166.34,85.5,false,false,Value Realized,Williams and Sons,Mid-Market,EMEA,Cloud NGFW for AWS SKU-0430,cloud_ngfw
C0015,P0430,2026-03-01,0.751,0.938,0.35,1.0,1.0,1,35166.34,81.6,false,false,Value Realized,Williams and Sons,Mid-Market,EMEA,Cloud NGFW for AWS SKU-0430,cloud_ngfw
C0015,P0430,2026-04-01,0.349,0.599,0.35,1.0,1.0,1,35166.34,69.7,false,false,Developing,Williams and Sons,Mid-Market,EMEA,Cloud NGFW for AWS SKU-0430,cloud_ngfw
C0015,P0430,2026-05-01,0.774,0.944,0.425,1.0,1.0,1,35166.34,83.6,false,false,Value Realized,Williams and Sons,Mid-Market,EMEA,Cloud NGFW for AWS SKU-0430,cloud_ngfw
C0015,P0430,2026-06-01,0.673,0.918,0.425,1.0,1.0,1,35166.34,82.8,false,false,Value Realized,Williams and Sons,Mid-Market,EMEA,Cloud NGFW for AWS SKU-0430,cloud_ngfw
C0017,P0059,2025-07-01,0.712,0.928,0.0,1.0,1.0,0,17935.95,72.5,false,false,Value Realized,James Group,Enterprise,EMEA,VM-500 SKU-0059,software_ngfw
C0017,P0059,2025-08-01,0.983,0.996,0.0,1.0,1.0,1,17935.95,74.9,true,false,Value Realized,James Group,Enterprise,EMEA,VM-500 SKU-0059,software_ngfw
C0017,P0059,2025-09-01,0.802,0.95,0.0,1.0,1.0,1,17935.95,73.3,false,false,Value Realized,James Group,Enterprise,EMEA,VM-500 SKU-0059,software_ngfw
C0017,P0059,2025-10-01,0.821,0.955,0.283,1.0,1.0,1,17935.95,80.5,false,false,Value Realized,James Group,Enterprise,EMEA,VM-500 SKU-0059,software_ngfw
C0017,P0059,2025-11-01,0.538,0.825,0.283,1.0,1.0,1,17935.95,76.0,false,false,Value Realized,James Group,Enterprise,EMEA,VM-500 SKU-0059,software_ngfw
C0017,P0059,2025-12-01,1.021,1.0,0.283,1.0,1.0,1,17935.95,82.1,false,false,Value Realized,James Group,Enterprise,EMEA,VM-500 SKU-0059,software_ngfw
C0017,P0059,2026-01-01,0.793,0.948,0.45,1.0,1.0,1,17935.95,84.4,false,false,Value Realized,James Group,Enterprise,EMEA,VM-500 SKU-0059,software_ngfw
C0017,P0059,2026-02-01,0.653,0.913,0.45,1.0,1.0,1,17935.95,83.2,false,false,Value Realized,James Group,Enterprise,EMEA,VM-500 SKU-0059,software_ngfw
C0017,P0059,2026-03-01,0.726,0.931,0.567,1.0,1.0,1,17935.95,86.8,false,false,Value Realized,James Group,Enterprise,EMEA,VM-500 SKU-0059,software_ngfw
C0017,P0059,2026-04-01,0.763,0.941,0.467,1.0,1.0,1,17935.95,84.6,false,false,Value Realized,James Group,Enterprise,EMEA,VM-500 SKU-0059,software_ngfw
C0017,P0059,2026-05-01,0.808,0.952,0.517,1.0,1.0,1,17935.95,86.2,false,false,Value Realized,James Group,Enterprise,EMEA,VM-500 SKU-0059,software_ngfw
C0017,P0059,2026-06-01,0.673,0.918,0.517,1.0,1.0,1,17935.95,85.1,false,false,Value Realized,James Group,Enterprise,EMEA,VM-500 SKU-0059,software_ngfw
C0022,P0116,2025-07-01,0.719,0.93,0.0,1.0,1.0,0,12586.8,72.5,false,false,Value Realized,"Watts, Robinson and Nguyen",Enterprise,EMEA,CN-Series SKU-0116,software_ngfw
C0022,P0116,2025-08-01,0.618,0.904,0.0,1.0,1.0,1,12586.8,71.7,false,false,Value Realized,"Watts, Robinson and Nguyen",Enterprise,EMEA,CN-Series SKU-0116,software_ngfw
C0022,P0116,2025-09-01,0.702,0.925,0.0,1.0,1.0,1,12586.8,72.4,false,false,Value Realized,"Watts, Robinson and Nguyen",Enterprise,EMEA,CN-Series SKU-0116,software_ngfw
C0022,P0116,2025-10-01,0.712,0.928,0.0,1.0,1.0,1,12586.8,72.5,false,false,Value Realized,"Watts, Robinson and Nguyen",Enterprise,EMEA,CN-Series SKU-0116,software_ngfw
C0022,P0116,2025-11-01,0.511,0.793,0.0,1.0,1.0,1,12586.8,67.7,false,false,Developing,"Watts, Robinson and Nguyen",Enterprise,EMEA,CN-Series SKU-0116,software_ngfw
C0022,P0116,2025-12-01,0.69,0.922,0.0,1.0,1.0,1,12586.8,72.3,false,false,Value Realized,"Watts, Robinson and Nguyen",Enterprise,EMEA,CN-Series SKU-0116,software_ngfw
C0022,P0116,2026-01-01,0.478,0.753,0.0,1.0,1.0,1,12586.8,66.4,false,false,Developing,"Watts, Robinson and Nguyen",Enterprise,EMEA,CN-Series SKU-0116,software_ngfw
C0022,P0116,2026-02-01,0.725,0.931,0.14,1.0,1.0,1,12586.8,76.1,false,false,Value Realized,"Watts, Robinson and Nguyen",Enterprise,EMEA,CN-Series SKU-0116,software_ngfw
C0022,P0116,2026-03-01,0.565,0.857,0.34,1.0,1.0,1,12586.8,78.5,false,false,Value Realized,"Watts, Robinson and Nguyen",Enterprise,EMEA,CN-Series SKU-0116,software_ngfw
C0022,P0116,2026-04-01,0.871,0.968,0.34,1.0,1.0,1,12586.8,82.4,false,false,Value Realized,"Watts, Robinson and Nguyen",Enterprise,EMEA,CN-Series SKU-0116,software_ngfw
C0022,P0116,2026-05-01,0.397,0.656,0.34,1.0,1.0,1,12586.8,71.5,false,false,Value Realized,"Watts, Robinson and Nguyen",Enterprise,EMEA,CN-Series SKU-0116,software_ngfw
C0022,P0116,2026-06-01,0.911,0.978,0.34,1.0,1.0,1,12586.8,82.7,false,false,Value Realized,"Watts, Robinson and Nguyen",Enterprise,EMEA,CN-Series SKU-0116,software_ngfw
C0022,P0256,2025-07-01,0.658,0.915,0.0,1.0,1.0,0,30676.4,72.0,false,false,Value Realized,"Watts, Robinson and Nguyen",Enterprise,EMEA,VM-100 SKU-0256,software_ngfw
C0022,P0256,2025-08-01,0.669,0.917,0.0,1.0,1.0,1,30676.4,72.1,false,false,Value Realized,"Watts, Robinson and Nguyen",Enterprise,EMEA,VM-100 SKU-0256,software_ngfw
C0022,P0256,2025-09-01,0.675,0.919,0.0,1.0,1.0,1,30676.4,72.2,false,false,Value Realized,"Watts, Robinson and Nguyen",Enterprise,EMEA,VM-100 SKU-0256,software_ngfw
C0022,P0256,2025-10-01,0.729,0.932,0.0,1.0,1.0,1,30676.4,72.6,false,false,Value Realized,"Watts, Robinson and Nguyen",Enterprise,EMEA,VM-100 SKU-0256,software_ngfw
C0022,P0256,2025-11-01,0.617,0.904,0.233,1.0,1.0,1,30676.4,77.5,false,false,Value Realized,"Watts, Robinson and Nguyen",Enterprise,EMEA,VM-100 SKU-0256,software_ngfw
C0022,P0256,2025-12-01,0.876,0.969,0.333,1.0,1.0,1,30676.4,82.3,false,false,Value Realized,"Watts, Robinson and Nguyen",Enterprise,EMEA,VM-100 SKU-0256,software_ngfw
C0022,P0256,2026-01-01,0.666,0.917,0.233,1.0,1.0,1,30676.4,77.9,false,false,Value Realized,"Watts, Robinson and Nguyen",Enterprise,EMEA,VM-100 SKU-0256,software_ngfw
C0022,P0256,2026-02-01,0.914,0.978,0.233,1.0,1.0,1,30676.4,80.1,true,false,Value Realized,"Watts, Robinson and Nguyen",Enterprise,EMEA,VM-100 SKU-0256,software_ngfw
C0022,P0256,2026-03-01,0.62,0.905,0.233,1.0,1.0,1,30676.4,77.5,false,false,Value Realized,"Watts, Robinson and Nguyen",Enterprise,EMEA,VM-100 SKU-0256,software_ngfw
C0022,P0256,2026-04-01,0.662,0.915,0.233,1.0,1.0,1,30676.4,77.9,false,false,Value Realized,"Watts, Robinson and Nguyen",Enterprise,EMEA,VM-100 SKU-0256,software_ngfw
C0022,P0256,2026-05-01,0.585,0.883,0.233,1.0,1.0,1,30676.4,76.7,false,false,Value Realized,"Watts, Robinson and Nguyen",Enterprise,EMEA,VM-100 SKU-0256,software_ngfw
C0022,P0256,2026-06-01,0.755,0.939,0.333,1.0,1.0,1,30676.4,81.2,false,false,Value Realized,"Watts, Robinson and Nguyen",Enterprise,EMEA,VM-100 SKU-0256,software_ngfw
C0027,P0051,2025-08-01,0.848,0.962,0.0,1.0,1.0,0,38661.72,73.7,false,false,Value Realized,Baker and Sons,Enterprise,AMER,VM-500 SKU-0051,software_ngfw
C0027,P0051,2025-09-01,0.676,0.919,0.14,1.0,1.0,1,38661.72,75.7,false,false,Value Realized,Baker and Sons,Enterprise,AMER,VM-500 SKU-0051,software_ngfw
C0027,P0051,2025-10-01,0.735,0.934,0.2,1.0,1.0,1,38661.72,77.7,false,false,Value Realized,Baker and Sons,Enterprise,AMER,VM-500 SKU-0051,software_ngfw
C0027,P0051,2025-11-01,0.612,0.903,0.14,1.0,1.0,1,38661.72,75.1,false,false,Value Realized,Baker and Sons,Enterprise,AMER,VM-500 SKU-0051,software_ngfw
C0027,P0051,2025-12-01,0.728,0.932,0.34,1.0,1.0,1,38661.72,81.1,false,false,Value Realized,Baker and Sons,Enterprise,AMER,VM-500 SKU-0051,software_ngfw
C0027,P0051,2026-01-01,0.666,0.916,0.54,1.0,1.0,1,38661.72,85.6,false,false,Value Realized,Baker and Sons,Enterprise,AMER,VM-500 SKU-0051,software_ngfw
C0027,P0051,2026-02-01,0.724,0.931,0.48,1.0,1.0,1,38661.72,84.6,false,false,Value Realized,Baker and Sons,Enterprise,AMER,VM-500 SKU-0051,software_ngfw
C0027,P0051,2026-03-01,0.763,0.941,0.54,1.0,1.0,1,38661.72,86.4,false,false,Value Realized,Baker and Sons,Enterprise,AMER,VM-500 SKU-0051,software_ngfw
C0027,P0051,2026-04-01,0.679,0.92,0.48,1.0,1.0,1,38661.72,84.2,false,false,Value Realized,Baker and Sons,Enterprise,AMER,VM-500 SKU-0051,software_ngfw
C0027,P0051,2026-05-01,0.695,0.924,0.54,1.0,1.0,1,38661.72,85.8,false,false,Value Realized,Baker and Sons,Enterprise,AMER,VM-500 SKU-0051,software_ngfw
C0027,P0051,2026-06-01,0.649,0.912,0.54,1.0,1.0,1,38661.72,85.4,false,false,Value Realized,Baker and Sons,Enterprise,AMER,VM-500 SKU-0051,software_ngfw
C0043,P0251,2025-07-01,0.0,0.0,0.0,0.0,,0,34098.14,0.0,false,false,Grace Period,Rodriguez LLC,Enterprise,AMER,PA-440 SKU-0251,hardware_ngfw
C0043,P0251,2025-08-01,0.0,0.0,0.0,0.0,0.0,0,34098.14,0.0,false,false,Shelfware Risk,Rodriguez LLC,Enterprise,AMER,PA-440 SKU-0251,hardware_ngfw
C0043,P0251,2025-09-01,0.0,0.0,0.0,0.0,0.0,0,34098.14,0.0,false,false,Shelfware Risk,Rodriguez LLC,Enterprise,AMER,PA-440 SKU-0251,hardware_ngfw
C0043,P0251,2025-10-01,0.0,0.0,0.0,0.0,0.0,0,34098.14,0.0,false,false,Shelfware Risk,Rodriguez LLC,Enterprise,AMER,PA-440 SKU-0251,hardware_ngfw
C0043,P0251,2025-11-01,0.0,0.0,0.0,0.0,0.0,0,34098.14,0.0,false,false,Shelfware Risk,Rodriguez LLC,Enterprise,AMER,PA-440 SKU-0251,hardware_ngfw
C0043,P0251,2025-12-01,0.0,0.0,0.0,0.0,0.0,0,34098.14,0.0,false,false,Shelfware Risk,Rodriguez LLC,Enterprise,AMER,PA-440 SKU-0251,hardware_ngfw
C0043,P0251,2026-01-01,0.0,0.0,0.0,0.0,0.0,0,34098.14,0.0,false,false,Shelfware Risk,Rodriguez LLC,Enterprise,AMER,PA-440 SKU-0251,hardware_ngfw
C0043,P0251,2026-02-01,0.0,0.0,0.0,0.0,0.0,0,34098.14,0.0,false,false,Shelfware Risk,Rodriguez LLC,Enterprise,AMER,PA-440 SKU-0251,hardware_ngfw
C0043,P0251,2026-03-01,0.0,0.0,0.0,0.0,0.0,0,34098.14,0.0,false,false,Shelfware Risk,Rodriguez LLC,Enterprise,AMER,PA-440 SKU-0251,hardware_ngfw
C0043,P0251,2026-04-01,0.0,0.0,0.0,0.0,0.0,0,34098.14,0.0,false,false,Shelfware Risk,Rodriguez LLC,Enterprise,AMER,PA-440 SKU-0251,hardware_ngfw
C0043,P0251,2026-05-01,0.0,0.0,0.0,0.0,0.0,0,34098.14,0.0,false,false,Shelfware Risk,Rodriguez LLC,Enterprise,AMER,PA-440 SKU-0251,hardware_ngfw
C0043,P0251,2026-06-01,0.0,0.0,0.0,0.0,0.0,0,34098.14,0.0,false,false,Shelfware Risk,Rodriguez LLC,Enterprise,AMER,PA-440 SKU-0251,hardware_ngfw
C0047,P0237,2025-10-01,0.713,0.928,0.233,1.0,1.0,0,389259.12,78.3,false,false,Value Realized,Anderson Group,Enterprise,AMER,PA-5445 SKU-0237,hardware_ngfw
C0047,P0237,2025-11-01,0.68,0.92,0.233,1.0,1.0,1,389259.12,78.0,false,false,Value Realized,Anderson Group,Enterprise,AMER,PA-5445 SKU-0237,hardware_ngfw
C0047,P0237,2025-12-01,0.896,0.974,0.233,1.0,1.0,1,389259.12,79.9,false,false,Value Realized,Anderson Group,Enterprise,AMER,PA-5445 SKU-0237,hardware_ngfw
C0047,P0237,2026-01-01,0.752,0.938,0.467,1.0,1.0,1,389259.12,84.5,false,false,Value Realized,Anderson Group,Enterprise,AMER,PA-5445 SKU-0237,hardware_ngfw
C0047,P0237,2026-02-01,0.657,0.914,0.567,1.0,1.0,1,389259.12,86.2,false,false,Value Realized,Anderson Group,Enterprise,AMER,PA-5445 SKU-0237,hardware_ngfw
C0047,P0237,2026-03-01,0.727,0.932,0.567,1.0,1.0,1,389259.12,86.8,false,false,Value Realized,Anderson Group,Enterprise,AMER,PA-5445 SKU-0237,hardware_ngfw
C0047,P0237,2026-04-01,0.753,0.938,0.8,1.0,1.0,1,389259.12,92.8,false,false,Value Realized,Anderson Group,Enterprise,AMER,PA-5445 SKU-0237,hardware_ngfw
C0047,P0237,2026-05-01,0.579,0.875,0.9,1.0,1.0,1,389259.12,93.1,false,false,Value Realized,Anderson Group,Enterprise,AMER,PA-5445 SKU-0237,hardware_ngfw
C0047,P0237,2026-06-01,0.58,0.876,0.7,1.0,1.0,1,389259.12,88.2,false,false,Value Realized,Anderson Group,Enterprise,AMER,PA-5445 SKU-0237,hardware_ngfw
C0051,P0236,2025-07-01,1.296,0.8,0.333,1.0,1.0,0,1044020.74,76.3,false,true,Value Realized,"Brooks, Lam and Hayes",Enterprise,AMER,PA-3440 SKU-0236,hardware_ngfw
C0051,P0236,2025-08-01,1.419,0.8,0.5,1.0,1.0,1,1044020.74,80.5,false,true,Value Realized,"Brooks, Lam and Hayes",Enterprise,AMER,PA-3440 SKU-0236,hardware_ngfw
C0051,P0236,2025-09-01,1.379,0.8,0.5,1.0,1.0,1,1044020.74,80.5,false,true,Value Realized,"Brooks, Lam and Hayes",Enterprise,AMER,PA-3440 SKU-0236,hardware_ngfw
C0051,P0236,2025-10-01,1.31,0.8,0.5,1.0,1.0,1,1044020.74,80.5,false,true,Value Realized,"Brooks, Lam and Hayes",Enterprise,AMER,PA-3440 SKU-0236,hardware_ngfw
C0051,P0236,2025-11-01,1.488,0.8,0.5,1.0,1.0,1,1044020.74,80.5,false,true,Value Realized,"Brooks, Lam and Hayes",Enterprise,AMER,PA-3440 SKU-0236,hardware_ngfw
C0051,P0236,2025-12-01,1.353,0.8,0.5,1.0,1.0,1,1044020.74,80.5,false,true,Value Realized,"Brooks, Lam and Hayes",Enterprise,AMER,PA-3440 SKU-0236,hardware_ngfw
C0051,P0236,2026-01-01,1.249,0.8,0.5,1.0,1.0,1,1044020.74,80.5,false,true,Value Realized,"Brooks, Lam and Hayes",Enterprise,AMER,PA-3440 SKU-0236,hardware_ngfw
C0051,P0236,2026-02-01,1.318,0.8,0.5,1.0,1.0,1,1044020.74,80.5,false,true,Value Realized,"Brooks, Lam and Hayes",Enterprise,AMER,PA-3440 SKU-0236,hardware_ngfw
C0051,P0236,2026-03-01,1.451,0.8,0.5,1.0,1.0,1,1044020.74,80.5,false,true,Value Realized,"Brooks, Lam and Hayes",Enterprise,AMER,PA-3440 SKU-0236,hardware_ngfw
C0051,P0236,2026-04-01,1.394,0.8,0.5,1.0,1.0,1,1044020.74,80.5,false,true,Value Realized,"Brooks, Lam and Hayes",Enterprise,AMER,PA-3440 SKU-0236,hardware_ngfw
C0051,P0236,2026-05-01,1.393,0.8,0.5,1.0,1.0,1,1044020.74,80.5,false,true,Value Realized,"Brooks, Lam and Hayes",Enterprise,AMER,PA-3440 SKU-0236,hardware_ngfw
C0051,P0236,2026-06-01,1.715,0.8,0.5,1.0,1.0,1,1044020.74,80.5,false,true,Value Realized,"Brooks, Lam and Hayes",Enterprise,AMER,PA-3440 SKU-0236,hardware_ngfw
C0055,P0108,2025-09-01,0.0,0.0,0.0,0.0,,0,470519.14,0.0,false,false,Grace Period,Jones Inc,Enterprise,AMER,PA-7500 SKU-0108,hardware_ngfw
C0055,P0108,2025-10-01,0.0,0.0,0.0,0.0,0.0,0,470519.14,0.0,false,false,Shelfware Risk,Jones Inc,Enterprise,AMER,PA-7500 SKU-0108,hardware_ngfw
C0055,P0108,2025-11-01,0.0,0.0,0.0,0.0,0.0,0,470519.14,0.0,false,false,Shelfware Risk,Jones Inc,Enterprise,AMER,PA-7500 SKU-0108,hardware_ngfw
C0055,P0108,2025-12-01,0.0,0.0,0.0,0.0,0.0,0,470519.14,0.0,false,false,Shelfware Risk,Jones Inc,Enterprise,AMER,PA-7500 SKU-0108,hardware_ngfw
C0055,P0108,2026-01-01,0.0,0.0,0.0,0.0,0.0,0,470519.14,0.0,false,false,Shelfware Risk,Jones Inc,Enterprise,AMER,PA-7500 SKU-0108,hardware_ngfw
C0055,P0108,2026-02-01,0.0,0.0,0.0,0.0,0.0,0,470519.14,0.0,false,false,Shelfware Risk,Jones Inc,Enterprise,AMER,PA-7500 SKU-0108,hardware_ngfw
C0055,P0108,2026-03-01,0.0,0.0,0.0,0.0,0.0,0,470519.14,0.0,false,false,Shelfware Risk,Jones Inc,Enterprise,AMER,PA-7500 SKU-0108,hardware_ngfw
C0055,P0108,2026-04-01,0.0,0.0,0.0,0.0,0.0,0,470519.14,0.0,false,false,Shelfware Risk,Jones Inc,Enterprise,AMER,PA-7500 SKU-0108,hardware_ngfw
C0055,P0108,2026-05-01,0.0,0.0,0.0,0.0,0.0,0,470519.14,0.0,false,false,Shelfware Risk,Jones Inc,Enterprise,AMER,PA-7500 SKU-0108,hardware_ngfw
C0055,P0108,2026-06-01,0.0,0.0,0.0,0.0,0.0,0,470519.14,0.0,false,false,Shelfware Risk,Jones Inc,Enterprise,AMER,PA-7500 SKU-0108,hardware_ngfw
C0056,P0340,2025-07-01,0.599,0.898,0.0,1.0,1.0,0,60164.09,71.4,false,false,Value Realized,Jones-Young,Enterprise,EMEA,PA-460 SKU-0340,hardware_ngfw
C0056,P0340,2025-08-01,0.58,0.876,0.0,1.0,1.0,1,60164.09,70.7,false,false,Value Realized,Jones-Young,Enterprise,EMEA,PA-460 SKU-0340,hardware_ngfw
C0056,P0340,2025-09-01,0.724,0.931,0.0,1.0,1.0,1,60164.09,72.6,false,false,Value Realized,Jones-Young,Enterprise,EMEA,PA-460 SKU-0340,hardware_ngfw
C0056,P0340,2025-10-01,0.529,0.814,0.0,1.0,1.0,1,60164.09,68.5,false,false,Developing,Jones-Young,Enterprise,EMEA,PA-460 SKU-0340,hardware_ngfw
C0056,P0340,2025-11-01,1.03,1.0,0.0,1.0,1.0,1,60164.09,75.0,true,false,Value Realized,Jones-Young,Enterprise,EMEA,PA-460 SKU-0340,hardware_ngfw
C0056,P0340,2025-12-01,0.61,0.903,0.0,1.0,1.0,1,60164.09,71.6,false,false,Value Realized,Jones-Young,Enterprise,EMEA,PA-460 SKU-0340,hardware_ngfw
C0056,P0340,2026-01-01,0.723,0.931,0.0,1.0,1.0,1,60164.09,72.6,false,false,Value Realized,Jones-Young,Enterprise,EMEA,PA-460 SKU-0340,hardware_ngfw
C0056,P0340,2026-02-01,0.616,0.904,0.233,1.0,1.0,1,60164.09,77.5,false,false,Value Realized,Jones-Young,Enterprise,EMEA,PA-460 SKU-0340,hardware_ngfw
C0056,P0340,2026-03-01,0.714,0.929,0.233,1.0,1.0,1,60164.09,78.3,false,false,Value Realized,Jones-Young,Enterprise,EMEA,PA-460 SKU-0340,hardware_ngfw
C0056,P0340,2026-04-01,0.866,0.966,0.233,1.0,1.0,1,60164.09,79.7,false,false,Value Realized,Jones-Young,Enterprise,EMEA,PA-460 SKU-0340,hardware_ngfw
C0056,P0340,2026-05-01,0.484,0.761,0.233,1.0,1.0,1,60164.09,72.5,false,false,Value Realized,Jones-Young,Enterprise,EMEA,PA-460 SKU-0340,hardware_ngfw
C0056,P0340,2026-06-01,0.603,0.901,0.333,1.0,1.0,1,60164.09,79.9,false,false,Value Realized,Jones-Young,Enterprise,EMEA,PA-460 SKU-0340,hardware_ngfw
C0072,P0054,2025-07-01,0.729,0.932,0.333,1.0,1.0,0,1076337.6,81.0,false,false,Value Realized,House-Glover,Enterprise,EMEA,PA-440 SKU-0054,hardware_ngfw
C0072,P0054,2025-08-01,0.822,0.955,0.9,1.0,1.0,1,1076337.6,95.9,false,false,Value Realized,House-Glover,Enterprise,EMEA,PA-440 SKU-0054,hardware_ngfw
C0072,P0054,2025-09-01,0.487,0.765,0.7,1.0,1.0,1,1076337.6,84.3,false,false,Value Realized,House-Glover,Enterprise,EMEA,PA-440 SKU-0054,hardware_ngfw
C0072,P0054,2025-10-01,0.74,0.935,1.0,1.0,1.0,1,1076337.6,97.7,false,false,Value Realized,House-Glover,Enterprise,EMEA,PA-440 SKU-0054,hardware_ngfw
C0072,P0054,2025-11-01,0.565,0.858,0.7,1.0,1.0,1,1076337.6,87.5,false,false,Value Realized,House-Glover,Enterprise,EMEA,PA-440 SKU-0054,hardware_ngfw
C0072,P0054,2025-12-01,0.728,0.932,0.7,1.0,1.0,1,1076337.6,90.1,false,false,Value Realized,House-Glover,Enterprise,EMEA,PA-440 SKU-0054,hardware_ngfw
C0072,P0054,2026-01-01,0.606,0.902,0.9,1.0,1.0,1,1076337.6,94.1,false,false,Value Realized,House-Glover,Enterprise,EMEA,PA-440 SKU-0054,hardware_ngfw
C0072,P0054,2026-02-01,0.89,0.973,0.7,1.0,1.0,1,1076337.6,91.5,false,false,Value Realized,House-Glover,Enterprise,EMEA,PA-440 SKU-0054,hardware_ngfw
C0072,P0054,2026-03-01,0.788,0.947,0.7,1.0,1.0,1,1076337.6,90.6,false,false,Value Realized,House-Glover,Enterprise,EMEA,PA-440 SKU-0054,hardware_ngfw
C0072,P0054,2026-04-01,0.598,0.897,0.8,1.0,1.0,1,1076337.6,91.4,false,false,Value Realized,House-Glover,Enterprise,EMEA,PA-440 SKU-0054,hardware_ngfw
C0072,P0054,2026-05-01,0.748,0.937,0.9,1.0,1.0,1,1076337.6,95.3,false,false,Value Realized,House-Glover,Enterprise,EMEA,PA-440 SKU-0054,hardware_ngfw
C0072,P0054,2026-06-01,0.96,0.99,0.8,1.0,1.0,1,1076337.6,94.7,false,false,Value Realized,House-Glover,Enterprise,EMEA,PA-440 SKU-0054,hardware_ngfw
C0072,P0214,2025-07-01,0.7,0.925,0.167,1.0,1.0,0,467324.34,76.5,false,false,Value Realized,House-Glover,Enterprise,EMEA,PA-7500 SKU-0214,hardware_ngfw
C0072,P0214,2025-08-01,0.781,0.945,0.117,1.0,1.0,1,467324.34,76.0,false,false,Value Realized,House-Glover,Enterprise,EMEA,PA-7500 SKU-0214,hardware_ngfw
C0072,P0214,2025-09-01,0.621,0.905,0.117,1.0,1.0,1,467324.34,74.6,false,false,Value Realized,House-Glover,Enterprise,EMEA,PA-7500 SKU-0214,hardware_ngfw
C0072,P0214,2025-10-01,0.577,0.873,0.117,1.0,1.0,1,467324.34,73.5,false,false,Value Realized,House-Glover,Enterprise,EMEA,PA-7500 SKU-0214,hardware_ngfw
C0072,P0214,2025-11-01,0.893,0.973,0.117,1.0,1.0,1,467324.34,77.0,false,false,Value Realized,House-Glover,Enterprise,EMEA,PA-7500 SKU-0214,hardware_ngfw
C0072,P0214,2025-12-01,0.689,0.922,0.167,1.0,1.0,1,467324.34,76.4,false,false,Value Realized,House-Glover,Enterprise,EMEA,PA-7500 SKU-0214,hardware_ngfw
C0072,P0214,2026-01-01,0.727,0.932,0.167,1.0,1.0,1,467324.34,76.8,false,false,Value Realized,House-Glover,Enterprise,EMEA,PA-7500 SKU-0214,hardware_ngfw
C0072,P0214,2026-02-01,0.949,0.987,0.117,1.0,1.0,1,467324.34,77.5,true,false,Value Realized,House-Glover,Enterprise,EMEA,PA-7500 SKU-0214,hardware_ngfw
C0072,P0214,2026-03-01,0.907,0.977,0.283,1.0,1.0,1,467324.34,81.3,false,false,Value Realized,House-Glover,Enterprise,EMEA,PA-7500 SKU-0214,hardware_ngfw
C0072,P0214,2026-04-01,0.758,0.939,0.283,1.0,1.0,1,467324.34,80.0,false,false,Value Realized,House-Glover,Enterprise,EMEA,PA-7500 SKU-0214,hardware_ngfw
C0072,P0214,2026-05-01,0.86,0.965,0.233,1.0,1.0,1,467324.34,79.6,false,false,Value Realized,House-Glover,Enterprise,EMEA,PA-7500 SKU-0214,hardware_ngfw
C0072,P0214,2026-06-01,0.586,0.884,0.283,1.0,1.0,1,467324.34,78.0,false,false,Value Realized,House-Glover,Enterprise,EMEA,PA-7500 SKU-0214,hardware_ngfw
C0079,P0400,2025-07-01,0.778,0.944,0.0,1.0,1.0,0,718705.05,73.1,false,false,Value Realized,Jones Inc,Enterprise,AMER,Prisma Access Mobile Users SKU-0400,sase
C0079,P0400,2025-08-01,0.704,0.926,0.0,1.0,1.0,1,718705.05,72.4,false,false,Value Realized,Jones Inc,Enterprise,AMER,Prisma Access Mobile Users SKU-0400,sase
C0079,P0400,2025-09-01,0.721,0.93,0.0,1.0,1.0,1,718705.05,72.6,false,false,Value Realized,Jones Inc,Enterprise,AMER,Prisma Access Mobile Users SKU-0400,sase
C0079,P0400,2025-10-01,0.709,0.927,0.0,1.0,1.0,1,718705.05,72.5,false,false,Value Realized,Jones Inc,Enterprise,AMER,Prisma Access Mobile Users SKU-0400,sase
C0079,P0400,2025-11-01,0.609,0.902,0.233,1.0,1.0,1,718705.05,77.4,false,false,Value Realized,Jones Inc,Enterprise,AMER,Prisma Access Mobile Users SKU-0400,sase
C0079,P0400,2025-12-01,0.821,0.955,0.233,1.0,1.0,1,718705.05,79.3,false,false,Value Realized,Jones Inc,Enterprise,AMER,Prisma Access Mobile Users SKU-0400,sase
C0079,P0400,2026-01-01,0.746,0.937,0.233,1.0,1.0,1,718705.05,78.6,false,false,Value Realized,Jones Inc,Enterprise,AMER,Prisma Access Mobile Users SKU-0400,sase
C0079,P0400,2026-02-01,0.581,0.877,0.233,1.0,1.0,1,718705.05,76.5,false,false,Value Realized,Jones Inc,Enterprise,AMER,Prisma Access Mobile Users SKU-0400,sase
C0079,P0400,2026-03-01,0.803,0.951,0.233,1.0,1.0,1,718705.05,79.1,false,false,Value Realized,Jones Inc,Enterprise,AMER,Prisma Access Mobile Users SKU-0400,sase
C0079,P0400,2026-04-01,0.595,0.894,0.333,1.0,1.0,1,718705.05,79.6,false,false,Value Realized,Jones Inc,Enterprise,AMER,Prisma Access Mobile Users SKU-0400,sase
C0079,P0400,2026-05-01,0.926,0.982,0.333,1.0,1.0,1,718705.05,82.7,false,false,Value Realized,Jones Inc,Enterprise,AMER,Prisma Access Mobile Users SKU-0400,sase
C0079,P0400,2026-06-01,0.909,0.977,0.333,1.0,1.0,1,718705.05,82.5,false,false,Value Realized,Jones Inc,Enterprise,AMER,Prisma Access Mobile Users SKU-0400,sase
C0080,P0298,2025-09-01,0.667,0.917,0.0,1.0,1.0,0,31713.78,72.1,false,false,Value Realized,"Hensley, Powell and David",Mid-Market,EMEA,VM-500 SKU-0298,software_ngfw
C0080,P0298,2025-10-01,0.673,0.918,0.0,1.0,1.0,1,31713.78,72.1,false,false,Value Realized,"Hensley, Powell and David",Mid-Market,EMEA,VM-500 SKU-0298,software_ngfw
C0080,P0298,2025-11-01,0.69,0.922,0.233,1.0,1.0,1,31713.78,78.1,false,false,Value Realized,"Hensley, Powell and David",Mid-Market,EMEA,VM-500 SKU-0298,software_ngfw
C0080,P0298,2025-12-01,0.67,0.917,0.233,1.0,1.0,1,31713.78,77.9,false,false,Value Realized,"Hensley, Powell and David",Mid-Market,EMEA,VM-500 SKU-0298,software_ngfw
C0080,P0298,2026-01-01,0.779,0.945,0.333,1.0,1.0,1,31713.78,81.4,false,false,Value Realized,"Hensley, Powell and David",Mid-Market,EMEA,VM-500 SKU-0298,software_ngfw
C0080,P0298,2026-02-01,0.64,0.91,0.233,1.0,1.0,1,31713.78,77.7,false,false,Value Realized,"Hensley, Powell and David",Mid-Market,EMEA,VM-500 SKU-0298,software_ngfw
C0080,P0298,2026-03-01,0.534,0.821,0.333,1.0,1.0,1,31713.78,77.1,false,false,Value Realized,"Hensley, Powell and David",Mid-Market,EMEA,VM-500 SKU-0298,software_ngfw
C0080,P0298,2026-04-01,0.722,0.93,0.667,1.0,1.0,1,31713.78,89.2,false,false,Value Realized,"Hensley, Powell and David",Mid-Market,EMEA,VM-500 SKU-0298,software_ngfw
C0080,P0298,2026-05-01,0.638,0.909,0.567,1.0,1.0,1,31713.78,86.0,false,false,Value Realized,"Hensley, Powell and David",Mid-Market,EMEA,VM-500 SKU-0298,software_ngfw
C0080,P0298,2026-06-01,0.631,0.908,0.567,1.0,1.0,1,31713.78,85.9,false,false,Value Realized,"Hensley, Powell and David",Mid-Market,EMEA,VM-500 SKU-0298,software_ngfw
C0080,P0487,2025-07-01,0.692,0.923,0.2,1.0,1.0,0,58937.1,77.3,false,false,Value Realized,"Hensley, Powell and David",Mid-Market,EMEA,Cloud NGFW for AWS SKU-0487,cloud_ngfw
C0080,P0487,2025-08-01,0.765,0.941,0.2,1.0,1.0,1,58937.1,77.9,false,false,Value Realized,"Hensley, Powell and David",Mid-Market,EMEA,Cloud NGFW for AWS SKU-0487,cloud_ngfw
C0080,P0487,2025-09-01,0.576,0.872,0.2,1.0,1.0,1,58937.1,75.5,false,false,Value Realized,"Hensley, Powell and David",Mid-Market,EMEA,Cloud NGFW for AWS SKU-0487,cloud_ngfw
C0080,P0487,2025-10-01,0.827,0.957,0.14,1.0,1.0,1,58937.1,77.0,false,false,Value Realized,"Hensley, Powell and David",Mid-Market,EMEA,Cloud NGFW for AWS SKU-0487,cloud_ngfw
C0080,P0487,2025-11-01,0.605,0.901,0.14,1.0,1.0,1,58937.1,75.0,false,false,Value Realized,"Hensley, Powell and David",Mid-Market,EMEA,Cloud NGFW for AWS SKU-0487,cloud_ngfw
C0080,P0487,2025-12-01,0.615,0.904,0.34,1.0,1.0,1,58937.1,80.1,false,false,Value Realized,"Hensley, Powell and David",Mid-Market,EMEA,Cloud NGFW for AWS SKU-0487,cloud_ngfw
C0080,P0487,2026-01-01,0.856,0.964,0.48,1.0,1.0,1,58937.1,85.7,false,false,Value Realized,"Hensley, Powell and David",Mid-Market,EMEA,Cloud NGFW for AWS SKU-0487,cloud_ngfw
C0080,P0487,2026-02-01,0.792,0.948,0.62,1.0,1.0,1,58937.1,88.7,false,false,Value Realized,"Hensley, Powell and David",Mid-Market,EMEA,Cloud NGFW for AWS SKU-0487,cloud_ngfw
C0080,P0487,2026-03-01,0.829,0.957,0.56,1.0,1.0,1,58937.1,87.5,false,false,Value Realized,"Hensley, Powell and David",Mid-Market,EMEA,Cloud NGFW for AWS SKU-0487,cloud_ngfw
C0080,P0487,2026-04-01,0.644,0.911,0.68,1.0,1.0,1,58937.1,88.9,false,false,Value Realized,"Hensley, Powell and David",Mid-Market,EMEA,Cloud NGFW for AWS SKU-0487,cloud_ngfw
C0080,P0487,2026-05-01,0.771,0.943,0.62,1.0,1.0,1,58937.1,88.5,false,false,Value Realized,"Hensley, Powell and David",Mid-Market,EMEA,Cloud NGFW for AWS SKU-0487,cloud_ngfw
C0080,P0487,2026-06-01,0.874,0.969,0.68,1.0,1.0,1,58937.1,90.9,false,false,Value Realized,"Hensley, Powell and David",Mid-Market,EMEA,Cloud NGFW for AWS SKU-0487,cloud_ngfw
C0094,P0075,2025-07-01,0.794,0.948,0.0,1.0,1.0,0,208756.58,73.2,false,false,Value Realized,Newton and Sons,Mid-Market,AMER,Prisma Access Remote Networks SKU-0075,sase
C0094,P0075,2025-08-01,0.676,0.919,0.0,1.0,1.0,1,208756.58,72.2,false,false,Value Realized,Newton and Sons,Mid-Market,AMER,Prisma Access Remote Networks SKU-0075,sase
C0094,P0075,2025-09-01,0.77,0.942,0.14,1.0,1.0,1,208756.58,76.5,false,false,Value Realized,Newton and Sons,Mid-Market,AMER,Prisma Access Remote Networks SKU-0075,sase
C0094,P0075,2025-10-01,0.569,0.863,0.14,1.0,1.0,1,208756.58,73.7,false,false,Value Realized,Newton and Sons,Mid-Market,AMER,Prisma Access Remote Networks SKU-0075,sase
C0094,P0075,2025-11-01,0.829,0.957,0.28,1.0,1.0,1,208756.58,80.5,false,false,Value Realized,Newton and Sons,Mid-Market,AMER,Prisma Access Remote Networks SKU-0075,sase
C0094,P0075,2025-12-01,0.549,0.838,0.34,1.0,1.0,1,208756.58,77.8,false,false,Value Realized,Newton and Sons,Mid-Market,AMER,Prisma Access Remote Networks SKU-0075,sase
C0094,P0075,2026-01-01,0.98,0.995,0.34,1.0,1.0,1,208756.58,83.3,false,false,Value Realized,Newton and Sons,Mid-Market,AMER,Prisma Access Remote Networks SKU-0075,sase
C0094,P0075,2026-02-01,0.705,0.926,0.28,1.0,1.0,1,208756.58,79.4,false,false,Value Realized,Newton and Sons,Mid-Market,AMER,Prisma Access Remote Networks SKU-0075,sase
C0094,P0075,2026-03-01,0.691,0.923,0.42,1.0,1.0,1,208756.58,82.8,false,false,Value Realized,Newton and Sons,Mid-Market,AMER,Prisma Access Remote Networks SKU-0075,sase
C0094,P0075,2026-04-01,0.519,0.803,0.62,1.0,1.0,1,208756.58,83.6,false,false,Value Realized,Newton and Sons,Mid-Market,AMER,Prisma Access Remote Networks SKU-0075,sase
C0094,P0075,2026-05-01,0.712,0.928,0.68,1.0,1.0,1,208756.58,89.5,false,false,Value Realized,Newton and Sons,Mid-Market,AMER,Prisma Access Remote Networks SKU-0075,sase
C0094,P0075,2026-06-01,0.738,0.934,0.68,1.0,1.0,1,208756.58,89.7,false,false,Value Realized,Newton and Sons,Mid-Market,AMER,Prisma Access Remote Networks SKU-0075,sase
C0095,P0309,2025-07-01,1.418,0.8,0.25,1.0,1.0,0,1075879.28,74.3,false,true,Value Realized,Campbell-Clark,Enterprise,AMER,Prisma Access Browser SKU-0309,sase
C0095,P0309,2025-08-01,1.296,0.8,0.75,1.0,1.0,1,1075879.28,86.8,false,true,Value Realized,Campbell-Clark,Enterprise,AMER,Prisma Access Browser SKU-0309,sase
C0095,P0309,2025-09-01,1.22,0.8,0.75,1.0,1.0,1,1075879.28,86.8,false,true,Value Realized,Campbell-Clark,Enterprise,AMER,Prisma Access Browser SKU-0309,sase
C0095,P0309,2025-10-01,1.586,0.8,0.75,1.0,1.0,1,1075879.28,86.8,false,true,Value Realized,Campbell-Clark,Enterprise,AMER,Prisma Access Browser SKU-0309,sase
C0095,P0309,2025-11-01,1.395,0.8,0.75,1.0,1.0,1,1075879.28,86.8,false,true,Value Realized,Campbell-Clark,Enterprise,AMER,Prisma Access Browser SKU-0309,sase
C0095,P0309,2025-12-01,1.608,0.8,0.75,1.0,1.0,1,1075879.28,86.8,false,true,Value Realized,Campbell-Clark,Enterprise,AMER,Prisma Access Browser SKU-0309,sase
C0095,P0309,2026-01-01,1.122,1.0,0.75,1.0,1.0,1,1075879.28,93.8,false,false,Value Realized,Campbell-Clark,Enterprise,AMER,Prisma Access Browser SKU-0309,sase
C0095,P0309,2026-02-01,1.098,1.0,0.75,1.0,1.0,1,1075879.28,93.8,false,false,Value Realized,Campbell-Clark,Enterprise,AMER,Prisma Access Browser SKU-0309,sase
C0095,P0309,2026-03-01,1.52,0.8,0.75,1.0,1.0,1,1075879.28,86.8,false,true,Value Realized,Campbell-Clark,Enterprise,AMER,Prisma Access Browser SKU-0309,sase
C0095,P0309,2026-04-01,1.297,0.8,0.75,1.0,1.0,1,1075879.28,86.8,false,true,Value Realized,Campbell-Clark,Enterprise,AMER,Prisma Access Browser SKU-0309,sase
C0095,P0309,2026-05-01,1.292,0.8,0.75,1.0,1.0,1,1075879.28,86.8,false,true,Value Realized,Campbell-Clark,Enterprise,AMER,Prisma Access Browser SKU-0309,sase
C0095,P0309,2026-06-01,1.14,1.0,0.75,1.0,1.0,1,1075879.28,93.8,false,false,Value Realized,Campbell-Clark,Enterprise,AMER,Prisma Access Browser SKU-0309,sase
C0097,P0071,2025-08-01,0.523,0.807,0.0,1.0,1.0,0,731303.6,68.2,false,false,Developing,Wagner-King,Enterprise,APAC,PA-5410 SKU-0071,hardware_ngfw
C0097,P0071,2025-09-01,0.73,0.933,0.14,1.0,1.0,1,731303.6,76.1,false,false,Value Realized,Wagner-King,Enterprise,APAC,PA-5410 SKU-0071,hardware_ngfw
C0097,P0071,2025-10-01,0.989,0.997,0.14,1.0,1.0,1,731303.6,78.4,true,false,Value Realized,Wagner-King,Enterprise,APAC,PA-5410 SKU-0071,hardware_ngfw
C0097,P0071,2025-11-01,0.654,0.913,0.14,1.0,1.0,1,731303.6,75.5,false,false,Value Realized,Wagner-King,Enterprise,APAC,PA-5410 SKU-0071,hardware_ngfw
C0097,P0071,2025-12-01,0.708,0.927,0.14,1.0,1.0,1,731303.6,75.9,false,false,Value Realized,Wagner-King,Enterprise,APAC,PA-5410 SKU-0071,hardware_ngfw
C0097,P0071,2026-01-01,0.71,0.927,0.14,1.0,1.0,1,731303.6,76.0,false,false,Value Realized,Wagner-King,Enterprise,APAC,PA-5410 SKU-0071,hardware_ngfw
C0097,P0071,2026-02-01,0.54,0.827,0.14,1.0,1.0,1,731303.6,72.5,false,false,Value Realized,Wagner-King,Enterprise,APAC,PA-5410 SKU-0071,hardware_ngfw
C0097,P0071,2026-03-01,0.648,0.912,0.34,1.0,1.0,1,731303.6,80.4,false,false,Value Realized,Wagner-King,Enterprise,APAC,PA-5410 SKU-0071,hardware_ngfw
C0097,P0071,2026-04-01,0.865,0.966,0.4,1.0,1.0,1,731303.6,83.8,false,false,Value Realized,Wagner-King,Enterprise,APAC,PA-5410 SKU-0071,hardware_ngfw
C0097,P0071,2026-05-01,0.537,0.824,0.54,1.0,1.0,1,731303.6,82.3,false,false,Value Realized,Wagner-King,Enterprise,APAC,PA-5410 SKU-0071,hardware_ngfw
C0097,P0071,2026-06-01,0.78,0.945,0.6,1.0,1.0,1,731303.6,88.1,false,false,Value Realized,Wagner-King,Enterprise,APAC,PA-5410 SKU-0071,hardware_ngfw
C0015,P0071,2025-07-01,0.635,0.909,0.0,1.0,1.0,0,191060.48,71.8,false,false,Value Realized,Williams and Sons,Mid-Market,EMEA,PA-5410 SKU-0071,hardware_ngfw
C0015,P0071,2025-08-01,0.79,0.948,0.0,1.0,1.0,1,191060.48,73.2,false,false,Value Realized,Williams and Sons,Mid-Market,EMEA,PA-5410 SKU-0071,hardware_ngfw
C0015,P0071,2025-09-01,0.928,0.982,0.0,1.0,1.0,1,191060.48,74.4,true,false,Value Realized,Williams and Sons,Mid-Market,EMEA,PA-5410 SKU-0071,hardware_ngfw
C0015,P0071,2025-10-01,0.733,0.933,0.14,1.0,1.0,1,191060.48,76.2,false,false,Value Realized,Williams and Sons,Mid-Market,EMEA,PA-5410 SKU-0071,hardware_ngfw
C0015,P0071,2025-11-01,0.675,0.919,0.2,1.0,1.0,1,191060.48,77.2,false,false,Value Realized,Williams and Sons,Mid-Market,EMEA,PA-5410 SKU-0071,hardware_ngfw
C0015,P0071,2025-12-01,0.653,0.913,0.14,1.0,1.0,1,191060.48,75.5,false,false,Value Realized,Williams and Sons,Mid-Market,EMEA,PA-5410 SKU-0071,hardware_ngfw
C0015,P0071,2026-01-01,0.855,0.964,0.2,1.0,1.0,1,191060.48,78.7,false,false,Value Realized,Williams and Sons,Mid-Market,EMEA,PA-5410 SKU-0071,hardware_ngfw
C0015,P0071,2026-02-01,0.653,0.913,0.34,1.0,1.0,1,191060.48,80.5,false,false,Value Realized,Williams and Sons,Mid-Market,EMEA,PA-5410 SKU-0071,hardware_ngfw
C0015,P0071,2026-03-01,0.865,0.966,0.34,1.0,1.0,1,191060.48,82.3,false,false,Value Realized,Williams and Sons,Mid-Market,EMEA,PA-5410 SKU-0071,hardware_ngfw
C0015,P0071,2026-04-01,0.828,0.957,0.34,1.0,1.0,1,191060.48,82.0,false,false,Value Realized,Williams and Sons,Mid-Market,EMEA,PA-5410 SKU-0071,hardware_ngfw
C0015,P0071,2026-05-01,0.738,0.934,0.54,1.0,1.0,1,191060.48,86.2,false,false,Value Realized,Williams and Sons,Mid-Market,EMEA,PA-5410 SKU-0071,hardware_ngfw
C0015,P0071,2026-06-01,0.718,0.929,0.48,1.0,1.0,1,191060.48,84.5,false,false,Value Realized,Williams and Sons,Mid-Market,EMEA,PA-5410 SKU-0071,hardware_ngfw
C0017,P0475,2025-07-01,0.655,0.914,0.0,1.0,1.0,0,147415.29,72.0,false,false,Value Realized,James Group,Enterprise,EMEA,Cloud NGFW for AWS SKU-0475,cloud_ngfw
C0017,P0475,2025-08-01,0.607,0.902,0.0,1.0,1.0,1,147415.29,71.6,false,false,Value Realized,James Group,Enterprise,EMEA,Cloud NGFW for AWS SKU-0475,cloud_ngfw
C0017,P0475,2025-09-01,0.827,0.957,0.333,1.0,1.0,1,147415.29,81.8,false,false,Value Realized,James Group,Enterprise,EMEA,Cloud NGFW for AWS SKU-0475,cloud_ngfw
C0017,P0475,2025-10-01,0.585,0.882,0.333,1.0,1.0,1,147415.29,79.2,false,false,Value Realized,James Group,Enterprise,EMEA,Cloud NGFW for AWS SKU-0475,cloud_ngfw
C0017,P0475,2025-11-01,0.91,0.978,0.233,1.0,1.0,1,147415.29,80.0,true,false,Value Realized,James Group,Enterprise,EMEA,Cloud NGFW for AWS SKU-0475,cloud_ngfw
C0017,P0475,2025-12-01,0.794,0.949,0.333,1.0,1.0,1,147415.29,81.5,false,false,Value Realized,James Group,Enterprise,EMEA,Cloud NGFW for AWS SKU-0475,cloud_ngfw
C0017,P0475,2026-01-01,0.58,0.876,0.233,1.0,1.0,1,147415.29,76.5,false,false,Value Realized,James Group,Enterprise,EMEA,Cloud NGFW for AWS SKU-0475,cloud_ngfw
C0017,P0475,2026-02-01,0.462,0.734,0.333,1.0,1.0,1,147415.29,74.0,false,false,Value Realized,James Group,Enterprise,EMEA,Cloud NGFW for AWS SKU-0475,cloud_ngfw
C0017,P0475,2026-03-01,0.495,0.774,0.233,1.0,1.0,1,147415.29,72.9,false,false,Value Realized,James Group,Enterprise,EMEA,Cloud NGFW for AWS SKU-0475,cloud_ngfw
C0017,P0475,2026-04-01,0.675,0.919,0.333,1.0,1.0,1,147415.29,80.5,false,false,Value Realized,James Group,Enterprise,EMEA,Cloud NGFW for AWS SKU-0475,cloud_ngfw
C0017,P0475,2026-05-01,0.595,0.895,0.467,1.0,1.0,1,147415.29,83.0,false,false,Value Realized,James Group,Enterprise,EMEA,Cloud NGFW for AWS SKU-0475,cloud_ngfw
C0017,P0475,2026-06-01,0.795,0.949,0.567,1.0,1.0,1,147415.29,87.4,false,false,Value Realized,James Group,Enterprise,EMEA,Cloud NGFW for AWS SKU-0475,cloud_ngfw
C0019,P0093,2025-07-01,1.55,0.8,0.6,1.0,1.0,0,43298.62,83.0,false,true,Value Realized,"Adams, Zuniga and Wong",Mid-Market,EMEA,PA-5410 SKU-0093,hardware_ngfw
C0019,P0093,2025-08-01,1.275,0.8,1.0,1.0,1.0,1,43298.62,93.0,false,true,Value Realized,"Adams, Zuniga and Wong",Mid-Market,EMEA,PA-5410 SKU-0093,hardware_ngfw
C0019,P0093,2025-09-01,1.565,0.8,1.0,1.0,1.0,1,43298.62,93.0,false,true,Value Realized,"Adams, Zuniga and Wong",Mid-Market,EMEA,PA-5410 SKU-0093,hardware_ngfw
C0019,P0093,2025-10-01,1.195,1.0,1.0,1.0,1.0,1,43298.62,100.0,false,false,Value Realized,"Adams, Zuniga and Wong",Mid-Market,EMEA,PA-5410 SKU-0093,hardware_ngfw
C0019,P0093,2025-11-01,1.28,0.8,1.0,1.0,1.0,1,43298.62,93.0,false,true,Value Realized,"Adams, Zuniga and Wong",Mid-Market,EMEA,PA-5410 SKU-0093,hardware_ngfw
C0019,P0093,2025-12-01,1.235,0.8,1.0,1.0,1.0,1,43298.62,93.0,false,true,Value Realized,"Adams, Zuniga and Wong",Mid-Market,EMEA,PA-5410 SKU-0093,hardware_ngfw
C0019,P0093,2026-01-01,1.26,0.8,1.0,1.0,1.0,1,43298.62,93.0,false,true,Value Realized,"Adams, Zuniga and Wong",Mid-Market,EMEA,PA-5410 SKU-0093,hardware_ngfw
C0019,P0093,2026-02-01,1.15,1.0,1.0,1.0,1.0,1,43298.62,100.0,false,false,Value Realized,"Adams, Zuniga and Wong",Mid-Market,EMEA,PA-5410 SKU-0093,hardware_ngfw
C0019,P0093,2026-03-01,1.39,0.8,1.0,1.0,1.0,1,43298.62,93.0,false,true,Value Realized,"Adams, Zuniga and Wong",Mid-Market,EMEA,PA-5410 SKU-0093,hardware_ngfw
C0019,P0093,2026-04-01,1.57,0.8,1.0,1.0,1.0,1,43298.62,93.0,false,true,Value Realized,"Adams, Zuniga and Wong",Mid-Market,EMEA,PA-5410 SKU-0093,hardware_ngfw
C0019,P0093,2026-05-01,1.175,1.0,1.0,1.0,1.0,1,43298.62,100.0,false,false,Value Realized,"Adams, Zuniga and Wong",Mid-Market,EMEA,PA-5410 SKU-0093,hardware_ngfw
C0019,P0093,2026-06-01,1.405,0.8,1.0,1.0,1.0,1,43298.62,93.0,false,true,Value Realized,"Adams, Zuniga and Wong",Mid-Market,EMEA,PA-5410 SKU-0093,hardware_ngfw
C0022,P0079,2025-07-01,0.598,0.897,0.4,1.0,1.0,0,107428.4,81.4,false,false,Value Realized,"Watts, Robinson and Nguyen",Enterprise,EMEA,PA-5410 SKU-0079,hardware_ngfw
C0022,P0079,2025-08-01,0.85,0.963,0.34,1.0,1.0,1,107428.4,82.2,false,false,Value Realized,"Watts, Robinson and Nguyen",Enterprise,EMEA,PA-5410 SKU-0079,hardware_ngfw
C0022,P0079,2025-09-01,0.723,0.931,0.34,1.0,1.0,1,107428.4,81.1,false,false,Value Realized,"Watts, Robinson and Nguyen",Enterprise,EMEA,PA-5410 SKU-0079,hardware_ngfw
C0022,P0079,2025-10-01,0.873,0.968,0.4,1.0,1.0,1,107428.4,83.9,false,false,Value Realized,"Watts, Robinson and Nguyen",Enterprise,EMEA,PA-5410 SKU-0079,hardware_ngfw
C0022,P0079,2025-11-01,0.683,0.921,0.34,1.0,1.0,1,107428.4,80.7,false,false,Value Realized,"Watts, Robinson and Nguyen",Enterprise,EMEA,PA-5410 SKU-0079,hardware_ngfw
C0022,P0079,2025-12-01,0.853,0.963,0.34,1.0,1.0,1,107428.4,82.2,false,false,Value Realized,"Watts, Robinson and Nguyen",Enterprise,EMEA,PA-5410 SKU-0079,hardware_ngfw
C0022,P0079,2026-01-01,0.758,0.939,0.68,1.0,1.0,1,107428.4,89.9,false,false,Value Realized,"Watts, Robinson and Nguyen",Enterprise,EMEA,PA-5410 SKU-0079,hardware_ngfw
C0022,P0079,2026-02-01,0.588,0.885,0.62,1.0,1.0,1,107428.4,86.5,false,false,Value Realized,"Watts, Robinson and Nguyen",Enterprise,EMEA,PA-5410 SKU-0079,hardware_ngfw
C0022,P0079,2026-03-01,0.643,0.911,0.62,1.0,1.0,1,107428.4,87.4,false,false,Value Realized,"Watts, Robinson and Nguyen",Enterprise,EMEA,PA-5410 SKU-0079,hardware_ngfw
C0022,P0079,2026-04-01,0.975,0.994,0.74,1.0,1.0,1,107428.4,93.3,false,false,Value Realized,"Watts, Robinson and Nguyen",Enterprise,EMEA,PA-5410 SKU-0079,hardware_ngfw
C0022,P0079,2026-05-01,0.753,0.938,0.56,1.0,1.0,1,107428.4,86.8,false,false,Value Realized,"Watts, Robinson and Nguyen",Enterprise,EMEA,PA-5410 SKU-0079,hardware_ngfw
C0022,P0079,2026-06-01,0.67,0.918,0.56,1.0,1.0,1,107428.4,86.1,false,false,Value Realized,"Watts, Robinson and Nguyen",Enterprise,EMEA,PA-5410 SKU-0079,hardware_ngfw
C0031,P0086,2025-07-01,1.218,0.8,0.6,1.0,1.0,0,154110.6,83.0,false,true,Value Realized,Burton Ltd,Enterprise,AMER,Prisma Access Browser SKU-0086,sase
C0031,P0086,2025-08-01,1.482,0.8,1.0,1.0,1.0,1,154110.6,93.0,false,true,Value Realized,Burton Ltd,Enterprise,AMER,Prisma Access Browser SKU-0086,sase
C0031,P0086,2025-09-01,1.433,0.8,1.0,1.0,1.0,1,154110.6,93.0,false,true,Value Realized,Burton Ltd,Enterprise,AMER,Prisma Access Browser SKU-0086,sase
C0031,P0086,2025-10-01,1.505,0.8,1.0,1.0,1.0,1,154110.6,93.0,false,true,Value Realized,Burton Ltd,Enterprise,AMER,Prisma Access Browser SKU-0086,sase
C0031,P0086,2025-11-01,1.396,0.8,1.0,1.0,1.0,1,154110.6,93.0,false,true,Value Realized,Burton Ltd,Enterprise,AMER,Prisma Access Browser SKU-0086,sase
C0031,P0086,2025-12-01,1.624,0.8,1.0,1.0,1.0,1,154110.6,93.0,false,true,Value Realized,Burton Ltd,Enterprise,AMER,Prisma Access Browser SKU-0086,sase
C0031,P0086,2026-01-01,1.221,0.8,1.0,1.0,1.0,1,154110.6,93.0,false,true,Value Realized,Burton Ltd,Enterprise,AMER,Prisma Access Browser SKU-0086,sase
C0031,P0086,2026-02-01,1.219,0.8,1.0,1.0,1.0,1,154110.6,93.0,false,true,Value Realized,Burton Ltd,Enterprise,AMER,Prisma Access Browser SKU-0086,sase
C0031,P0086,2026-03-01,1.406,0.8,1.0,1.0,1.0,1,154110.6,93.0,false,true,Value Realized,Burton Ltd,Enterprise,AMER,Prisma Access Browser SKU-0086,sase
C0031,P0086,2026-04-01,1.605,0.8,1.0,1.0,1.0,1,154110.6,93.0,false,true,Value Realized,Burton Ltd,Enterprise,AMER,Prisma Access Browser SKU-0086,sase
C0031,P0086,2026-05-01,1.426,0.8,1.0,1.0,1.0,1,154110.6,93.0,false,true,Value Realized,Burton Ltd,Enterprise,AMER,Prisma Access Browser SKU-0086,sase
C0031,P0086,2026-06-01,1.405,0.8,1.0,1.0,1.0,1,154110.6,93.0,false,true,Value Realized,Burton Ltd,Enterprise,AMER,Prisma Access Browser SKU-0086,sase
C0034,P0387,2025-07-01,2.954,0.8,0.517,1.0,1.0,0,1164127.2,80.9,false,true,Value Realized,Frazier Inc,Enterprise,AMER,PA-410 SKU-0387,hardware_ngfw
C0034,P0387,2025-08-01,3.708,0.8,0.517,1.0,1.0,1,1164127.2,80.9,false,true,Value Realized,Frazier Inc,Enterprise,AMER,PA-410 SKU-0387,hardware_ngfw
C0034,P0387,2025-09-01,3.554,0.8,0.567,1.0,1.0,1,1164127.2,82.2,false,true,Value Realized,Frazier Inc,Enterprise,AMER,PA-410 SKU-0387,hardware_ngfw
C0034,P0387,2025-10-01,0.0,0.0,0.0,0.5,1.0,1,1164127.2,27.5,false,false,Lapsed,Frazier Inc,Enterprise,AMER,PA-410 SKU-0387,hardware_ngfw
C0034,P0387,2025-11-01,0.0,0.0,0.0,0.2,1.0,1,1164127.2,20.0,false,false,Churn Signal,Frazier Inc,Enterprise,AMER,PA-410 SKU-0387,hardware_ngfw
C0034,P0387,2025-12-01,0.0,0.0,0.0,0.0,1.0,1,1164127.2,15.0,false,false,Churn Signal,Frazier Inc,Enterprise,AMER,PA-410 SKU-0387,hardware_ngfw
C0034,P0387,2026-01-01,0.0,0.0,0.0,0.0,1.0,1,1164127.2,15.0,false,false,Lapsed,Frazier Inc,Enterprise,AMER,PA-410 SKU-0387,hardware_ngfw
C0034,P0387,2026-02-01,0.0,0.0,0.0,0.0,1.0,1,1164127.2,15.0,false,false,Lapsed,Frazier Inc,Enterprise,AMER,PA-410 SKU-0387,hardware_ngfw
C0034,P0387,2026-03-01,0.0,0.0,0.0,0.0,1.0,1,1164127.2,15.0,false,false,Lapsed,Frazier Inc,Enterprise,AMER,PA-410 SKU-0387,hardware_ngfw
C0034,P0387,2026-04-01,0.0,0.0,0.0,0.0,1.0,1,1164127.2,15.0,false,false,Lapsed,Frazier Inc,Enterprise,AMER,PA-410 SKU-0387,hardware_ngfw
C0034,P0387,2026-05-01,0.0,0.0,0.0,0.0,1.0,1,1164127.2,15.0,false,false,Lapsed,Frazier Inc,Enterprise,AMER,PA-410 SKU-0387,hardware_ngfw
C0034,P0387,2026-06-01,0.0,0.0,0.0,0.0,1.0,1,1164127.2,15.0,false,false,Lapsed,Frazier Inc,Enterprise,AMER,PA-410 SKU-0387,hardware_ngfw
C0035,P0235,2025-09-01,0.943,0.986,0.0,1.0,1.0,0,6176.44,74.5,true,false,Value Realized,"Dyer, Potter and Mack",Mid-Market,EMEA,Cloud NGFW for Azure SKU-0235,cloud_ngfw
C0035,P0235,2025-10-01,0.49,0.768,0.0,1.0,1.0,1,6176.44,66.9,false,false,Developing,"Dyer, Potter and Mack",Mid-Market,EMEA,Cloud NGFW for Azure SKU-0235,cloud_ngfw
C0035,P0235,2025-11-01,0.754,0.938,0.28,1.0,1.0,1,6176.44,79.8,false,false,Value Realized,"Dyer, Potter and Mack",Mid-Market,EMEA,Cloud NGFW for Azure SKU-0235,cloud_ngfw
C0035,P0235,2025-12-01,0.719,0.93,0.34,1.0,1.0,1,6176.44,81.0,false,false,Value Realized,"Dyer, Potter and Mack",Mid-Market,EMEA,Cloud NGFW for Azure SKU-0235,cloud_ngfw
C0035,P0235,2026-01-01,0.704,0.926,0.4,1.0,1.0,1,6176.44,82.4,false,false,Value Realized,"Dyer, Potter and Mack",Mid-Market,EMEA,Cloud NGFW for Azure SKU-0235,cloud_ngfw
C0035,P0235,2026-02-01,0.646,0.912,0.28,1.0,1.0,1,6176.44,78.9,false,false,Value Realized,"Dyer, Potter and Mack",Mid-Market,EMEA,Cloud NGFW for Azure SKU-0235,cloud_ngfw
C0035,P0235,2026-03-01,0.629,0.907,0.28,1.0,1.0,1,6176.44,78.8,false,false,Value Realized,"Dyer, Potter and Mack",Mid-Market,EMEA,Cloud NGFW for Azure SKU-0235,cloud_ngfw
C0035,P0235,2026-04-01,0.494,0.773,0.34,1.0,1.0,1,6176.44,75.5,false,false,Value Realized,"Dyer, Potter and Mack",Mid-Market,EMEA,Cloud NGFW for Azure SKU-0235,cloud_ngfw
C0035,P0235,2026-05-01,0.604,0.901,0.28,1.0,1.0,1,6176.44,78.5,false,false,Value Realized,"Dyer, Potter and Mack",Mid-Market,EMEA,Cloud NGFW for Azure SKU-0235,cloud_ngfw
C0035,P0235,2026-06-01,0.499,0.779,0.34,1.0,1.0,1,6176.44,75.8,false,false,Value Realized,"Dyer, Potter and Mack",Mid-Market,EMEA,Cloud NGFW for Azure SKU-0235,cloud_ngfw
C0038,P0162,2025-07-01,0.644,0.911,0.0,1.0,1.0,0,47207.97,71.9,false,false,Value Realized,"Baker, Mason and White",Enterprise,AMER,VM-700 SKU-0162,software_ngfw
C0038,P0162,2025-08-01,0.878,0.969,0.167,1.0,1.0,1,47207.97,78.1,false,false,Value Realized,"Baker, Mason and White",Enterprise,AMER,VM-700 SKU-0162,software_ngfw
C0038,P0162,2025-09-01,0.581,0.877,0.117,1.0,1.0,1,47207.97,73.6,false,false,Value Realized,"Baker, Mason and White",Enterprise,AMER,VM-700 SKU-0162,software_ngfw
C0038,P0162,2025-10-01,0.716,0.929,0.117,1.0,1.0,1,47207.97,75.4,false,false,Value Realized,"Baker, Mason and White",Enterprise,AMER,VM-700 SKU-0162,software_ngfw
C0038,P0162,2025-11-01,0.717,0.929,0.35,1.0,1.0,1,47207.97,81.3,false,false,Value Realized,"Baker, Mason and White",Enterprise,AMER,VM-700 SKU-0162,software_ngfw
C0038,P0162,2025-12-01,0.744,0.936,0.5,1.0,1.0,1,47207.97,85.3,false,false,Value Realized,"Baker, Mason and White",Enterprise,AMER,VM-700 SKU-0162,software_ngfw
C0038,P0162,2026-01-01,0.571,0.865,0.4,1.0,1.0,1,47207.97,80.3,false,false,Value Realized,"Baker, Mason and White",Enterprise,AMER,VM-700 SKU-0162,software_ngfw
C0038,P0162,2026-02-01,0.686,0.922,0.35,1.0,1.0,1,47207.97,81.0,false,false,Value Realized,"Baker, Mason and White",Enterprise,AMER,VM-700 SKU-0162,software_ngfw
C0038,P0162,2026-03-01,0.612,0.903,0.4,1.0,1.0,1,47207.97,81.6,false,false,Value Realized,"Baker, Mason and White",Enterprise,AMER,VM-700 SKU-0162,software_ngfw
C0038,P0162,2026-04-01,0.725,0.931,0.4,1.0,1.0,1,47207.97,82.6,false,false,Value Realized,"Baker, Mason and White",Enterprise,AMER,VM-700 SKU-0162,software_ngfw
C0038,P0162,2026-05-01,0.662,0.915,0.4,1.0,1.0,1,47207.97,82.0,false,false,Value Realized,"Baker, Mason and White",Enterprise,AMER,VM-700 SKU-0162,software_ngfw
C0038,P0162,2026-06-01,0.813,0.953,0.45,1.0,1.0,1,47207.97,84.6,false,false,Value Realized,"Baker, Mason and White",Enterprise,AMER,VM-700 SKU-0162,software_ngfw
C0046,P0297,2025-07-01,1.609,0.8,0.25,1.0,1.0,0,649679.16,74.3,false,true,Value Realized,Spence PLC,Mid-Market,APAC,PA-5410 SKU-0297,hardware_ngfw
C0046,P0297,2025-08-01,1.485,0.8,1.0,1.0,1.0,1,649679.16,93.0,false,true,Value Realized,Spence PLC,Mid-Market,APAC,PA-5410 SKU-0297,hardware_ngfw
C0046,P0297,2025-09-01,1.48,0.8,1.0,1.0,1.0,1,649679.16,93.0,false,true,Value Realized,Spence PLC,Mid-Market,APAC,PA-5410 SKU-0297,hardware_ngfw
C0046,P0297,2025-10-01,1.263,0.8,1.0,1.0,1.0,1,649679.16,93.0,false,true,Value Realized,Spence PLC,Mid-Market,APAC,PA-5410 SKU-0297,hardware_ngfw
C0046,P0297,2025-11-01,1.395,0.8,1.0,1.0,1.0,1,649679.16,93.0,false,true,Value Realized,Spence PLC,Mid-Market,APAC,PA-5410 SKU-0297,hardware_ngfw
C0046,P0297,2025-12-01,1.34,0.8,1.0,1.0,1.0,1,649679.16,93.0,false,true,Value Realized,Spence PLC,Mid-Market,APAC,PA-5410 SKU-0297,hardware_ngfw
C0046,P0297,2026-01-01,1.222,0.8,1.0,1.0,1.0,1,649679.16,93.0,false,true,Value Realized,Spence PLC,Mid-Market,APAC,PA-5410 SKU-0297,hardware_ngfw
C0046,P0297,2026-02-01,1.45,0.8,1.0,1.0,1.0,1,649679.16,93.0,false,true,Value Realized,Spence PLC,Mid-Market,APAC,PA-5410 SKU-0297,hardware_ngfw
C0046,P0297,2026-03-01,1.319,0.8,1.0,1.0,1.0,1,649679.16,93.0,false,true,Value Realized,Spence PLC,Mid-Market,APAC,PA-5410 SKU-0297,hardware_ngfw
C0046,P0297,2026-04-01,1.352,0.8,1.0,1.0,1.0,1,649679.16,93.0,false,true,Value Realized,Spence PLC,Mid-Market,APAC,PA-5410 SKU-0297,hardware_ngfw
C0046,P0297,2026-05-01,1.615,0.8,1.0,1.0,1.0,1,649679.16,93.0,false,true,Value Realized,Spence PLC,Mid-Market,APAC,PA-5410 SKU-0297,hardware_ngfw
C0046,P0297,2026-06-01,1.306,0.8,1.0,1.0,1.0,1,649679.16,93.0,false,true,Value Realized,Spence PLC,Mid-Market,APAC,PA-5410 SKU-0297,hardware_ngfw
C0047,P0210,2025-07-01,0.673,0.918,0.0,1.0,1.0,0,83598.1,72.1,false,false,Value Realized,Anderson Group,Enterprise,AMER,Cloud NGFW for Azure SKU-0210,cloud_ngfw
C0047,P0210,2025-08-01,0.777,0.944,0.0,1.0,1.0,1,83598.1,73.0,false,false,Value Realized,Anderson Group,Enterprise,AMER,Cloud NGFW for Azure SKU-0210,cloud_ngfw
C0047,P0210,2025-09-01,0.711,0.928,0.233,1.0,1.0,1,83598.1,78.3,false,false,Value Realized,Anderson Group,Enterprise,AMER,Cloud NGFW for Azure SKU-0210,cloud_ngfw
C0047,P0210,2025-10-01,0.626,0.906,0.233,1.0,1.0,1,83598.1,77.6,false,false,Value Realized,Anderson Group,Enterprise,AMER,Cloud NGFW for Azure SKU-0210,cloud_ngfw
C0047,P0210,2025-11-01,0.865,0.966,0.233,1.0,1.0,1,83598.1,79.6,false,false,Value Realized,Anderson Group,Enterprise,AMER,Cloud NGFW for Azure SKU-0210,cloud_ngfw
C0047,P0210,2025-12-01,1.033,1.0,0.233,1.0,1.0,1,83598.1,80.8,true,false,Value Realized,Anderson Group,Enterprise,AMER,Cloud NGFW for Azure SKU-0210,cloud_ngfw
C0047,P0210,2026-01-01,0.955,0.989,0.233,1.0,1.0,1,83598.1,80.4,true,false,Value Realized,Anderson Group,Enterprise,AMER,Cloud NGFW for Azure SKU-0210,cloud_ngfw
C0047,P0210,2026-02-01,0.762,0.94,0.333,1.0,1.0,1,83598.1,81.3,false,false,Value Realized,Anderson Group,Enterprise,AMER,Cloud NGFW for Azure SKU-0210,cloud_ngfw
C0047,P0210,2026-03-01,0.744,0.936,0.233,1.0,1.0,1,83598.1,78.6,false,false,Value Realized,Anderson Group,Enterprise,AMER,Cloud NGFW for Azure SKU-0210,cloud_ngfw
C0047,P0210,2026-04-01,0.755,0.939,0.233,1.0,1.0,1,83598.1,78.7,false,false,Value Realized,Anderson Group,Enterprise,AMER,Cloud NGFW for Azure SKU-0210,cloud_ngfw
C0047,P0210,2026-05-01,0.705,0.926,0.233,1.0,1.0,1,83598.1,78.3,false,false,Value Realized,Anderson Group,Enterprise,AMER,Cloud NGFW for Azure SKU-0210,cloud_ngfw
C0047,P0210,2026-06-01,0.424,0.688,0.233,1.0,1.0,1,83598.1,69.9,false,false,Developing,Anderson Group,Enterprise,AMER,Cloud NGFW for Azure SKU-0210,cloud_ngfw
C0050,P0141,2025-07-01,1.447,0.8,0.333,1.0,1.0,0,1206503.64,76.3,false,true,Value Realized,"Harris, Collins and Carney",Mid-Market,EMEA,PA-410 SKU-0141,hardware_ngfw
C0050,P0141,2025-08-01,1.427,0.8,0.667,1.0,1.0,1,1206503.64,84.7,false,true,Value Realized,"Harris, Collins and Carney",Mid-Market,EMEA,PA-410 SKU-0141,hardware_ngfw
C0050,P0141,2025-09-01,1.437,0.8,0.667,1.0,1.0,1,1206503.64,84.7,false,true,Value Realized,"Harris, Collins and Carney",Mid-Market,EMEA,PA-410 SKU-0141,hardware_ngfw
C0050,P0141,2025-10-01,1.491,0.8,0.667,1.0,1.0,1,1206503.64,84.7,false,true,Value Realized,"Harris, Collins and Carney",Mid-Market,EMEA,PA-410 SKU-0141,hardware_ngfw
C0050,P0141,2025-11-01,1.159,1.0,0.667,1.0,1.0,1,1206503.64,91.7,false,false,Value Realized,"Harris, Collins and Carney",Mid-Market,EMEA,PA-410 SKU-0141,hardware_ngfw
C0050,P0141,2025-12-01,1.549,0.8,0.667,1.0,1.0,1,1206503.64,84.7,false,true,Value Realized,"Harris, Collins and Carney",Mid-Market,EMEA,PA-410 SKU-0141,hardware_ngfw
C0050,P0141,2026-01-01,1.286,0.8,0.667,1.0,1.0,1,1206503.64,84.7,false,true,Value Realized,"Harris, Collins and Carney",Mid-Market,EMEA,PA-410 SKU-0141,hardware_ngfw
C0050,P0141,2026-02-01,1.246,0.8,0.667,1.0,1.0,1,1206503.64,84.7,false,true,Value Realized,"Harris, Collins and Carney",Mid-Market,EMEA,PA-410 SKU-0141,hardware_ngfw
C0050,P0141,2026-03-01,1.324,0.8,0.667,1.0,1.0,1,1206503.64,84.7,false,true,Value Realized,"Harris, Collins and Carney",Mid-Market,EMEA,PA-410 SKU-0141,hardware_ngfw
C0050,P0141,2026-04-01,1.372,0.8,0.667,1.0,1.0,1,1206503.64,84.7,false,true,Value Realized,"Harris, Collins and Carney",Mid-Market,EMEA,PA-410 SKU-0141,hardware_ngfw
C0050,P0141,2026-05-01,1.362,0.8,0.667,1.0,1.0,1,1206503.64,84.7,false,true,Value Realized,"Harris, Collins and Carney",Mid-Market,EMEA,PA-410 SKU-0141,hardware_ngfw
C0050,P0141,2026-06-01,1.309,0.8,0.667,1.0,1.0,1,1206503.64,84.7,false,true,Value Realized,"Harris, Collins and Carney",Mid-Market,EMEA,PA-410 SKU-0141,hardware_ngfw
C0057,P0175,2025-07-01,0.0,0.0,0.0,0.0,,0,173935.2,0.0,false,false,Grace Period,"Washington, Ryan and Cummings",Mid-Market,AMER,Prisma Access Mobile Users SKU-0175,sase
C0057,P0175,2025-08-01,0.0,0.0,0.0,0.0,0.0,0,173935.2,0.0,false,false,Shelfware Risk,"Washington, Ryan and Cummings",Mid-Market,AMER,Prisma Access Mobile Users SKU-0175,sase
C0057,P0175,2025-09-01,0.0,0.0,0.0,0.0,0.0,0,173935.2,0.0,false,false,Shelfware Risk,"Washington, Ryan and Cummings",Mid-Market,AMER,Prisma Access Mobile Users SKU-0175,sase
C0057,P0175,2025-10-01,0.0,0.0,0.0,0.0,0.0,0,173935.2,0.0,false,false,Shelfware Risk,"Washington, Ryan and Cummings",Mid-Market,AMER,Prisma Access Mobile Users SKU-0175,sase
C0057,P0175,2025-11-01,0.0,0.0,0.0,0.0,0.0,0,173935.2,0.0,false,false,Shelfware Risk,"Washington, Ryan and Cummings",Mid-Market,AMER,Prisma Access Mobile Users SKU-0175,sase
C0057,P0175,2025-12-01,0.0,0.0,0.0,0.0,0.0,0,173935.2,0.0,false,false,Shelfware Risk,"Washington, Ryan and Cummings",Mid-Market,AMER,Prisma Access Mobile Users SKU-0175,sase
C0057,P0175,2026-01-01,0.0,0.0,0.0,0.0,0.0,0,173935.2,0.0,false,false,Shelfware Risk,"Washington, Ryan and Cummings",Mid-Market,AMER,Prisma Access Mobile Users SKU-0175,sase
C0057,P0175,2026-02-01,0.0,0.0,0.0,0.0,0.0,0,173935.2,0.0,false,false,Shelfware Risk,"Washington, Ryan and Cummings",Mid-Market,AMER,Prisma Access Mobile Users SKU-0175,sase
C0057,P0175,2026-03-01,0.0,0.0,0.0,0.0,0.0,0,173935.2,0.0,false,false,Shelfware Risk,"Washington, Ryan and Cummings",Mid-Market,AMER,Prisma Access Mobile Users SKU-0175,sase
C0057,P0175,2026-04-01,0.0,0.0,0.0,0.0,0.0,0,173935.2,0.0,false,false,Shelfware Risk,"Washington, Ryan and Cummings",Mid-Market,AMER,Prisma Access Mobile Users SKU-0175,sase
C0057,P0175,2026-05-01,0.0,0.0,0.0,0.0,0.0,0,173935.2,0.0,false,false,Shelfware Risk,"Washington, Ryan and Cummings",Mid-Market,AMER,Prisma Access Mobile Users SKU-0175,sase
C0057,P0175,2026-06-01,0.0,0.0,0.0,0.0,0.0,0,173935.2,0.0,false,false,Shelfware Risk,"Washington, Ryan and Cummings",Mid-Market,AMER,Prisma Access Mobile Users SKU-0175,sase
C0057,P0453,2025-07-01,0.0,0.0,0.0,0.0,,0,877096.95,0.0,false,false,Grace Period,"Washington, Ryan and Cummings",Mid-Market,AMER,PA-440 SKU-0453,hardware_ngfw
C0057,P0453,2025-08-01,0.0,0.0,0.0,0.0,0.0,0,877096.95,0.0,false,false,Shelfware Risk,"Washington, Ryan and Cummings",Mid-Market,AMER,PA-440 SKU-0453,hardware_ngfw
C0057,P0453,2025-09-01,0.0,0.0,0.0,0.0,0.0,0,877096.95,0.0,false,false,Shelfware Risk,"Washington, Ryan and Cummings",Mid-Market,AMER,PA-440 SKU-0453,hardware_ngfw
C0057,P0453,2025-10-01,0.0,0.0,0.0,0.0,0.0,0,877096.95,0.0,false,false,Shelfware Risk,"Washington, Ryan and Cummings",Mid-Market,AMER,PA-440 SKU-0453,hardware_ngfw
C0057,P0453,2025-11-01,0.0,0.0,0.0,0.0,0.0,0,877096.95,0.0,false,false,Shelfware Risk,"Washington, Ryan and Cummings",Mid-Market,AMER,PA-440 SKU-0453,hardware_ngfw
C0057,P0453,2025-12-01,0.0,0.0,0.0,0.0,0.0,0,877096.95,0.0,false,false,Shelfware Risk,"Washington, Ryan and Cummings",Mid-Market,AMER,PA-440 SKU-0453,hardware_ngfw
C0057,P0453,2026-01-01,0.0,0.0,0.0,0.0,0.0,0,877096.95,0.0,false,false,Shelfware Risk,"Washington, Ryan and Cummings",Mid-Market,AMER,PA-440 SKU-0453,hardware_ngfw
C0057,P0453,2026-02-01,0.0,0.0,0.0,0.0,0.0,0,877096.95,0.0,false,false,Shelfware Risk,"Washington, Ryan and Cummings",Mid-Market,AMER,PA-440 SKU-0453,hardware_ngfw
C0057,P0453,2026-03-01,0.0,0.0,0.0,0.0,0.0,0,877096.95,0.0,false,false,Shelfware Risk,"Washington, Ryan and Cummings",Mid-Market,AMER,PA-440 SKU-0453,hardware_ngfw
C0057,P0453,2026-04-01,0.0,0.0,0.0,0.0,0.0,0,877096.95,0.0,false,false,Shelfware Risk,"Washington, Ryan and Cummings",Mid-Market,AMER,PA-440 SKU-0453,hardware_ngfw
C0057,P0453,2026-05-01,0.0,0.0,0.0,0.0,0.0,0,877096.95,0.0,false,false,Shelfware Risk,"Washington, Ryan and Cummings",Mid-Market,AMER,PA-440 SKU-0453,hardware_ngfw
C0057,P0453,2026-06-01,0.0,0.0,0.0,0.0,0.0,0,877096.95,0.0,false,false,Shelfware Risk,"Washington, Ryan and Cummings",Mid-Market,AMER,PA-440 SKU-0453,hardware_ngfw
C0058,P0186,2025-07-01,0.952,0.988,0.0,1.0,1.0,0,50250.63,74.6,true,false,Value Realized,"Johnston, Sanchez and Kennedy",Enterprise,EMEA,Cloud NGFW for AWS SKU-0186,cloud_ngfw
C0058,P0186,2025-08-01,0.792,0.948,0.0,1.0,1.0,1,50250.63,73.2,false,false,Value Realized,"Johnston, Sanchez and Kennedy",Enterprise,EMEA,Cloud NGFW for AWS SKU-0186,cloud_ngfw
C0058,P0186,2025-09-01,0.752,0.938,0.0,1.0,1.0,1,50250.63,72.8,false,false,Value Realized,"Johnston, Sanchez and Kennedy",Enterprise,EMEA,Cloud NGFW for AWS SKU-0186,cloud_ngfw
C0058,P0186,2025-10-01,1.03,1.0,0.0,1.0,1.0,1,50250.63,75.0,true,false,Value Realized,"Johnston, Sanchez and Kennedy",Enterprise,EMEA,Cloud NGFW for AWS SKU-0186,cloud_ngfw
C0058,P0186,2025-11-01,0.778,0.944,0.167,1.0,1.0,1,50250.63,77.2,false,false,Value Realized,"Johnston, Sanchez and Kennedy",Enterprise,EMEA,Cloud NGFW for AWS SKU-0186,cloud_ngfw
C0058,P0186,2025-12-01,0.557,0.848,0.117,1.0,1.0,1,50250.63,72.6,false,false,Value Realized,"Johnston, Sanchez and Kennedy",Enterprise,EMEA,Cloud NGFW for AWS SKU-0186,cloud_ngfw
C0058,P0186,2026-01-01,0.58,0.876,0.233,1.0,1.0,1,50250.63,76.5,false,false,Value Realized,"Johnston, Sanchez and Kennedy",Enterprise,EMEA,Cloud NGFW for AWS SKU-0186,cloud_ngfw
C0058,P0186,2026-02-01,0.634,0.908,0.5,1.0,1.0,1,50250.63,84.3,false,false,Value Realized,"Johnston, Sanchez and Kennedy",Enterprise,EMEA,Cloud NGFW for AWS SKU-0186,cloud_ngfw
C0058,P0186,2026-03-01,0.567,0.86,0.4,1.0,1.0,1,50250.63,80.1,false,false,Value Realized,"Johnston, Sanchez and Kennedy",Enterprise,EMEA,Cloud NGFW for AWS SKU-0186,cloud_ngfw
C0058,P0186,2026-04-01,0.658,0.915,0.4,1.0,1.0,1,50250.63,82.0,false,false,Value Realized,"Johnston, Sanchez and Kennedy",Enterprise,EMEA,Cloud NGFW for AWS SKU-0186,cloud_ngfw
C0058,P0186,2026-05-01,0.877,0.969,0.567,1.0,1.0,1,50250.63,88.1,false,false,Value Realized,"Johnston, Sanchez and Kennedy",Enterprise,EMEA,Cloud NGFW for AWS SKU-0186,cloud_ngfw
C0058,P0186,2026-06-01,0.96,0.99,0.517,1.0,1.0,1,50250.63,87.6,false,false,Value Realized,"Johnston, Sanchez and Kennedy",Enterprise,EMEA,Cloud NGFW for AWS SKU-0186,cloud_ngfw
C0060,P0109,2025-07-01,0.625,0.906,0.0,1.0,1.0,0,285109.92,71.7,false,false,Value Realized,Gomez-Jenkins,Mid-Market,EMEA,Prisma Access Browser SKU-0109,sase
C0060,P0109,2025-08-01,0.824,0.956,0.14,1.0,1.0,1,285109.92,77.0,false,false,Value Realized,Gomez-Jenkins,Mid-Market,EMEA,Prisma Access Browser SKU-0109,sase
C0060,P0109,2025-09-01,0.693,0.923,0.14,1.0,1.0,1,285109.92,75.8,false,false,Value Realized,Gomez-Jenkins,Mid-Market,EMEA,Prisma Access Browser SKU-0109,sase
C0060,P0109,2025-10-01,0.718,0.929,0.2,1.0,1.0,1,285109.92,77.5,false,false,Value Realized,Gomez-Jenkins,Mid-Market,EMEA,Prisma Access Browser SKU-0109,sase
C0060,P0109,2025-11-01,0.625,0.906,0.28,1.0,1.0,1,285109.92,78.7,false,false,Value Realized,Gomez-Jenkins,Mid-Market,EMEA,Prisma Access Browser SKU-0109,sase
C0060,P0109,2025-12-01,0.6,0.9,0.28,1.0,1.0,1,285109.92,78.5,false,false,Value Realized,Gomez-Jenkins,Mid-Market,EMEA,Prisma Access Browser SKU-0109,sase
C0060,P0109,2026-01-01,0.657,0.914,0.28,1.0,1.0,1,285109.92,79.0,false,false,Value Realized,Gomez-Jenkins,Mid-Market,EMEA,Prisma Access Browser SKU-0109,sase
C0060,P0109,2026-02-01,0.726,0.931,0.54,1.0,1.0,1,285109.92,86.1,false,false,Value Realized,Gomez-Jenkins,Mid-Market,EMEA,Prisma Access Browser SKU-0109,sase
C0060,P0109,2026-03-01,0.655,0.914,0.48,1.0,1.0,1,285109.92,84.0,false,false,Value Realized,Gomez-Jenkins,Mid-Market,EMEA,Prisma Access Browser SKU-0109,sase
C0060,P0109,2026-04-01,0.633,0.908,0.42,1.0,1.0,1,285109.92,82.3,false,false,Value Realized,Gomez-Jenkins,Mid-Market,EMEA,Prisma Access Browser SKU-0109,sase
C0060,P0109,2026-05-01,0.825,0.956,0.42,1.0,1.0,1,285109.92,84.0,false,false,Value Realized,Gomez-Jenkins,Mid-Market,EMEA,Prisma Access Browser SKU-0109,sase
C0060,P0109,2026-06-01,0.69,0.923,0.48,1.0,1.0,1,285109.92,84.3,false,false,Value Realized,Gomez-Jenkins,Mid-Market,EMEA,Prisma Access Browser SKU-0109,sase
C0067,P0278,2025-07-01,0.477,0.752,0.167,1.0,1.0,0,434938.24,70.5,false,false,Value Realized,Williams PLC,Mid-Market,AMER,PA-410 SKU-0278,hardware_ngfw
C0067,P0278,2025-08-01,0.659,0.915,0.117,1.0,1.0,1,434938.24,74.9,false,false,Value Realized,Williams PLC,Mid-Market,AMER,PA-410 SKU-0278,hardware_ngfw
C0067,P0278,2025-09-01,0.691,0.923,0.233,1.0,1.0,1,434938.24,78.1,false,false,Value Realized,Williams PLC,Mid-Market,AMER,PA-410 SKU-0278,hardware_ngfw
C0067,P0278,2025-10-01,0.637,0.909,0.233,1.0,1.0,1,434938.24,77.7,false,false,Value Realized,Williams PLC,Mid-Market,AMER,PA-410 SKU-0278,hardware_ngfw
C0067,P0278,2025-11-01,0.777,0.944,0.233,1.0,1.0,1,434938.24,78.9,false,false,Value Realized,Williams PLC,Mid-Market,AMER,PA-410 SKU-0278,hardware_ngfw
C0067,P0278,2025-12-01,0.756,0.939,0.283,1.0,1.0,1,434938.24,80.0,false,false,Value Realized,Williams PLC,Mid-Market,AMER,PA-410 SKU-0278,hardware_ngfw
C0067,P0278,2026-01-01,0.959,0.99,0.45,1.0,1.0,1,434938.24,85.9,false,false,Value Realized,Williams PLC,Mid-Market,AMER,PA-410 SKU-0278,hardware_ngfw
C0067,P0278,2026-02-01,0.82,0.955,0.467,1.0,1.0,1,434938.24,85.1,false,false,Value Realized,Williams PLC,Mid-Market,AMER,PA-410 SKU-0278,hardware_ngfw
C0067,P0278,2026-03-01,0.786,0.946,0.517,1.0,1.0,1,434938.24,86.0,false,false,Value Realized,Williams PLC,Mid-Market,AMER,PA-410 SKU-0278,hardware_ngfw
C0067,P0278,2026-04-01,0.613,0.903,0.517,1.0,1.0,1,434938.24,84.5,false,false,Value Realized,Williams PLC,Mid-Market,AMER,PA-410 SKU-0278,hardware_ngfw
C0067,P0278,2026-05-01,0.519,0.803,0.517,1.0,1.0,1,434938.24,81.0,false,false,Value Realized,Williams PLC,Mid-Market,AMER,PA-410 SKU-0278,hardware_ngfw
C0067,P0278,2026-06-01,0.744,0.936,0.517,1.0,1.0,1,434938.24,85.7,false,false,Value Realized,Williams PLC,Mid-Market,AMER,PA-410 SKU-0278,hardware_ngfw
C0068,P0387,2025-10-01,0.674,0.919,0.0,1.0,1.0,0,914349.76,72.1,false,false,Value Realized,Novak and Sons,Enterprise,LATAM,PA-410 SKU-0387,hardware_ngfw
C0068,P0387,2025-11-01,0.906,0.976,0.0,1.0,1.0,1,914349.76,74.2,true,false,Value Realized,Novak and Sons,Enterprise,LATAM,PA-410 SKU-0387,hardware_ngfw
C0068,P0387,2025-12-01,0.861,0.965,0.0,1.0,1.0,1,914349.76,73.8,false,false,Value Realized,Novak and Sons,Enterprise,LATAM,PA-410 SKU-0387,hardware_ngfw
C0068,P0387,2026-01-01,0.55,0.84,0.167,1.0,1.0,1,914349.76,73.6,false,false,Value Realized,Novak and Sons,Enterprise,LATAM,PA-410 SKU-0387,hardware_ngfw
C0068,P0387,2026-02-01,0.594,0.892,0.167,1.0,1.0,1,914349.76,75.4,false,false,Value Realized,Novak and Sons,Enterprise,LATAM,PA-410 SKU-0387,hardware_ngfw
C0068,P0387,2026-03-01,0.576,0.871,0.283,1.0,1.0,1,914349.76,77.6,false,false,Value Realized,Novak and Sons,Enterprise,LATAM,PA-410 SKU-0387,hardware_ngfw
C0068,P0387,2026-04-01,0.78,0.945,0.45,1.0,1.0,1,914349.76,84.3,false,false,Value Realized,Novak and Sons,Enterprise,LATAM,PA-410 SKU-0387,hardware_ngfw
C0068,P0387,2026-05-01,0.942,0.985,0.35,1.0,1.0,1,914349.76,83.2,false,false,Value Realized,Novak and Sons,Enterprise,LATAM,PA-410 SKU-0387,hardware_ngfw
C0068,P0387,2026-06-01,0.863,0.966,0.4,1.0,1.0,1,914349.76,83.8,false,false,Value Realized,Novak and Sons,Enterprise,LATAM,PA-410 SKU-0387,hardware_ngfw
C0070,P0255,2025-07-01,0.665,0.916,0.0,1.0,1.0,0,39737.7,72.1,false,false,Value Realized,Hancock Inc,Mid-Market,AMER,VM-500 SKU-0255,software_ngfw
C0070,P0255,2025-08-01,0.802,0.951,0.117,1.0,1.0,1,39737.7,76.2,false,false,Value Realized,Hancock Inc,Mid-Market,AMER,VM-500 SKU-0255,software_ngfw
C0070,P0255,2025-09-01,0.718,0.929,0.167,1.0,1.0,1,39737.7,76.7,false,false,Value Realized,Hancock Inc,Mid-Market,AMER,VM-500 SKU-0255,software_ngfw
C0070,P0255,2025-10-01,0.781,0.945,0.117,1.0,1.0,1,39737.7,76.0,false,false,Value Realized,Hancock Inc,Mid-Market,AMER,VM-500 SKU-0255,software_ngfw
C0070,P0255,2025-11-01,0.891,0.973,0.283,1.0,1.0,1,39737.7,81.1,false,false,Value Realized,Hancock Inc,Mid-Market,AMER,VM-500 SKU-0255,software_ngfw
C0070,P0255,2025-12-01,0.671,0.918,0.233,1.0,1.0,1,39737.7,78.0,false,false,Value Realized,Hancock Inc,Mid-Market,AMER,VM-500 SKU-0255,software_ngfw
C0070,P0255,2026-01-01,0.821,0.955,0.283,1.0,1.0,1,39737.7,80.5,false,false,Value Realized,Hancock Inc,Mid-Market,AMER,VM-500 SKU-0255,software_ngfw
C0070,P0255,2026-02-01,0.761,0.94,0.233,1.0,1.0,1,39737.7,78.7,false,false,Value Realized,Hancock Inc,Mid-Market,AMER,VM-500 SKU-0255,software_ngfw
C0070,P0255,2026-03-01,0.552,0.842,0.333,1.0,1.0,1,39737.7,77.8,false,false,Value Realized,Hancock Inc,Mid-Market,AMER,VM-500 SKU-0255,software_ngfw
C0070,P0255,2026-04-01,0.538,0.826,0.233,1.0,1.0,1,39737.7,74.7,false,false,Value Realized,Hancock Inc,Mid-Market,AMER,VM-500 SKU-0255,software_ngfw
C0070,P0255,2026-05-01,0.383,0.64,0.45,1.0,1.0,1,39737.7,73.6,false,false,Value Realized,Hancock Inc,Mid-Market,AMER,VM-500 SKU-0255,software_ngfw
C0070,P0255,2026-06-01,0.601,0.9,0.35,1.0,1.0,1,39737.7,80.3,false,false,Value Realized,Hancock Inc,Mid-Market,AMER,VM-500 SKU-0255,software_ngfw
C0071,P0116,2025-07-01,0.866,0.966,0.14,1.0,1.0,0,33226.44,77.3,false,false,Value Realized,Gray Group,Enterprise,AMER,CN-Series SKU-0116,software_ngfw
C0071,P0116,2025-08-01,0.802,0.95,0.2,1.0,1.0,1,33226.44,78.3,false,false,Value Realized,Gray Group,Enterprise,AMER,CN-Series SKU-0116,software_ngfw
C0071,P0116,2025-09-01,0.723,0.931,0.14,1.0,1.0,1,33226.44,76.1,false,false,Value Realized,Gray Group,Enterprise,AMER,CN-Series SKU-0116,software_ngfw
C0071,P0116,2025-10-01,0.59,0.888,0.14,1.0,1.0,1,33226.44,74.6,false,false,Value Realized,Gray Group,Enterprise,AMER,CN-Series SKU-0116,software_ngfw
C0071,P0116,2025-11-01,0.64,0.91,0.14,1.0,1.0,1,33226.44,75.4,false,false,Value Realized,Gray Group,Enterprise,AMER,CN-Series SKU-0116,software_ngfw
C0071,P0116,2025-12-01,0.8,0.95,0.28,1.0,1.0,1,33226.44,80.3,false,false,Value Realized,Gray Group,Enterprise,AMER,CN-Series SKU-0116,software_ngfw
C0071,P0116,2026-01-01,0.641,0.91,0.28,1.0,1.0,1,33226.44,78.9,false,false,Value Realized,Gray Group,Enterprise,AMER,CN-Series SKU-0116,software_ngfw
C0071,P0116,2026-02-01,0.687,0.922,0.34,1.0,1.0,1,33226.44,80.8,false,false,Value Realized,Gray Group,Enterprise,AMER,CN-Series SKU-0116,software_ngfw
C0071,P0116,2026-03-01,0.622,0.905,0.4,1.0,1.0,1,33226.44,81.7,false,false,Value Realized,Gray Group,Enterprise,AMER,CN-Series SKU-0116,software_ngfw
C0071,P0116,2026-04-01,0.661,0.915,0.28,1.0,1.0,1,33226.44,79.0,false,false,Value Realized,Gray Group,Enterprise,AMER,CN-Series SKU-0116,software_ngfw
C0071,P0116,2026-05-01,0.629,0.907,0.28,1.0,1.0,1,33226.44,78.7,false,false,Value Realized,Gray Group,Enterprise,AMER,CN-Series SKU-0116,software_ngfw
C0071,P0116,2026-06-01,0.697,0.924,0.28,1.0,1.0,1,33226.44,79.3,false,false,Value Realized,Gray Group,Enterprise,AMER,CN-Series SKU-0116,software_ngfw
C0077,P0163,2025-07-01,0.594,0.893,0.0,1.0,1.0,0,245164.04,71.2,false,false,Value Realized,"Woods, Calhoun and Schmidt",Mid-Market,EMEA,Prisma Access Mobile Users SKU-0163,sase
C0077,P0163,2025-08-01,0.438,0.705,0.0,1.0,1.0,1,245164.04,64.7,false,false,Developing,"Woods, Calhoun and Schmidt",Mid-Market,EMEA,Prisma Access Mobile Users SKU-0163,sase
C0077,P0163,2025-09-01,0.799,0.95,0.0,1.0,1.0,1,245164.04,73.2,false,false,Value Realized,"Woods, Calhoun and Schmidt",Mid-Market,EMEA,Prisma Access Mobile Users SKU-0163,sase
C0077,P0163,2025-10-01,0.714,0.928,0.175,1.0,1.0,1,245164.04,76.9,false,false,Value Realized,"Woods, Calhoun and Schmidt",Mid-Market,EMEA,Prisma Access Mobile Users SKU-0163,sase
C0077,P0163,2025-11-01,0.802,0.95,0.175,1.0,1.0,1,245164.04,77.6,false,false,Value Realized,"Woods, Calhoun and Schmidt",Mid-Market,EMEA,Prisma Access Mobile Users SKU-0163,sase
C0077,P0163,2025-12-01,0.504,0.785,0.175,1.0,1.0,1,245164.04,71.9,false,false,Value Realized,"Woods, Calhoun and Schmidt",Mid-Market,EMEA,Prisma Access Mobile Users SKU-0163,sase
C0077,P0163,2026-01-01,0.841,0.96,0.25,1.0,1.0,1,245164.04,79.9,false,false,Value Realized,"Woods, Calhoun and Schmidt",Mid-Market,EMEA,Prisma Access Mobile Users SKU-0163,sase
C0077,P0163,2026-02-01,0.857,0.964,0.25,1.0,1.0,1,245164.04,80.0,false,false,Value Realized,"Woods, Calhoun and Schmidt",Mid-Market,EMEA,Prisma Access Mobile Users SKU-0163,sase
C0077,P0163,2026-03-01,0.566,0.86,0.175,1.0,1.0,1,245164.04,74.5,false,false,Value Realized,"Woods, Calhoun and Schmidt",Mid-Market,EMEA,Prisma Access Mobile Users SKU-0163,sase
C0077,P0163,2026-04-01,0.53,0.816,0.25,1.0,1.0,1,245164.04,74.8,false,false,Value Realized,"Woods, Calhoun and Schmidt",Mid-Market,EMEA,Prisma Access Mobile Users SKU-0163,sase
C0077,P0163,2026-05-01,0.626,0.906,0.6,1.0,1.0,1,245164.04,86.7,false,false,Value Realized,"Woods, Calhoun and Schmidt",Mid-Market,EMEA,Prisma Access Mobile Users SKU-0163,sase
C0077,P0163,2026-06-01,0.933,0.983,0.525,1.0,1.0,1,245164.04,87.5,false,false,Value Realized,"Woods, Calhoun and Schmidt",Mid-Market,EMEA,Prisma Access Mobile Users SKU-0163,sase
C0077,P0360,2025-07-01,0.619,0.905,0.0,1.0,1.0,0,39443.04,71.7,false,false,Value Realized,"Woods, Calhoun and Schmidt",Mid-Market,EMEA,Cloud NGFW for AWS SKU-0360,cloud_ngfw
C0077,P0360,2025-08-01,1.085,1.0,0.0,1.0,1.0,1,39443.04,75.0,true,false,Value Realized,"Woods, Calhoun and Schmidt",Mid-Market,EMEA,Cloud NGFW for AWS SKU-0360,cloud_ngfw
C0077,P0360,2025-09-01,0.736,0.934,0.0,1.0,1.0,1,39443.04,72.7,false,false,Value Realized,"Woods, Calhoun and Schmidt",Mid-Market,EMEA,Cloud NGFW for AWS SKU-0360,cloud_ngfw
C0077,P0360,2025-10-01,0.402,0.663,0.0,1.0,1.0,1,39443.04,63.2,false,false,Developing,"Woods, Calhoun and Schmidt",Mid-Market,EMEA,Cloud NGFW for AWS SKU-0360,cloud_ngfw
C0077,P0360,2025-11-01,0.669,0.917,0.175,1.0,1.0,1,39443.04,76.5,false,false,Value Realized,"Woods, Calhoun and Schmidt",Mid-Market,EMEA,Cloud NGFW for AWS SKU-0360,cloud_ngfw
C0077,P0360,2025-12-01,0.599,0.899,0.175,1.0,1.0,1,39443.04,75.8,false,false,Value Realized,"Woods, Calhoun and Schmidt",Mid-Market,EMEA,Cloud NGFW for AWS SKU-0360,cloud_ngfw
C0077,P0360,2026-01-01,0.829,0.957,0.175,1.0,1.0,1,39443.04,77.9,false,false,Value Realized,"Woods, Calhoun and Schmidt",Mid-Market,EMEA,Cloud NGFW for AWS SKU-0360,cloud_ngfw
C0077,P0360,2026-02-01,0.685,0.921,0.175,1.0,1.0,1,39443.04,76.6,false,false,Value Realized,"Woods, Calhoun and Schmidt",Mid-Market,EMEA,Cloud NGFW for AWS SKU-0360,cloud_ngfw
C0077,P0360,2026-03-01,0.685,0.921,0.425,1.0,1.0,1,39443.04,82.9,false,false,Value Realized,"Woods, Calhoun and Schmidt",Mid-Market,EMEA,Cloud NGFW for AWS SKU-0360,cloud_ngfw
C0077,P0360,2026-04-01,0.794,0.948,0.675,1.0,1.0,1,39443.04,90.1,false,false,Value Realized,"Woods, Calhoun and Schmidt",Mid-Market,EMEA,Cloud NGFW for AWS SKU-0360,cloud_ngfw
C0077,P0360,2026-05-01,0.748,0.937,0.6,1.0,1.0,1,39443.04,87.8,false,false,Value Realized,"Woods, Calhoun and Schmidt",Mid-Market,EMEA,Cloud NGFW for AWS SKU-0360,cloud_ngfw
C0077,P0360,2026-06-01,0.766,0.942,0.6,1.0,1.0,1,39443.04,88.0,false,false,Value Realized,"Woods, Calhoun and Schmidt",Mid-Market,EMEA,Cloud NGFW for AWS SKU-0360,cloud_ngfw
C0078,P0160,2025-10-01,0.835,0.959,0.0,1.0,1.0,0,11419.98,73.6,false,false,Value Realized,Yu Inc,Mid-Market,EMEA,VM-300 SKU-0160,software_ngfw
C0078,P0160,2025-11-01,0.886,0.972,0.0,1.0,1.0,1,11419.98,74.0,false,false,Value Realized,Yu Inc,Mid-Market,EMEA,VM-300 SKU-0160,software_ngfw
C0078,P0160,2025-12-01,0.754,0.938,0.0,1.0,1.0,1,11419.98,72.8,false,false,Value Realized,Yu Inc,Mid-Market,EMEA,VM-300 SKU-0160,software_ngfw
C0078,P0160,2026-01-01,0.666,0.916,0.0,1.0,1.0,1,11419.98,72.1,false,false,Value Realized,Yu Inc,Mid-Market,EMEA,VM-300 SKU-0160,software_ngfw
C0078,P0160,2026-02-01,0.65,0.913,0.5,1.0,1.0,1,11419.98,84.4,false,false,Value Realized,Yu Inc,Mid-Market,EMEA,VM-300 SKU-0160,software_ngfw
C0078,P0160,2026-03-01,0.689,0.922,0.425,1.0,1.0,1,11419.98,82.9,false,false,Value Realized,Yu Inc,Mid-Market,EMEA,VM-300 SKU-0160,software_ngfw
C0078,P0160,2026-04-01,0.687,0.922,0.35,1.0,1.0,1,11419.98,81.0,false,false,Value Realized,Yu Inc,Mid-Market,EMEA,VM-300 SKU-0160,software_ngfw
C0078,P0160,2026-05-01,0.761,0.94,0.7,1.0,1.0,1,11419.98,90.4,false,false,Value Realized,Yu Inc,Mid-Market,EMEA,VM-300 SKU-0160,software_ngfw
C0078,P0160,2026-06-01,0.527,0.812,0.7,1.0,1.0,1,11419.98,85.9,false,false,Value Realized,Yu Inc,Mid-Market,EMEA,VM-300 SKU-0160,software_ngfw
C0079,P0156,2025-07-01,0.853,0.963,0.0,1.0,1.0,0,3732.85,73.7,false,false,Value Realized,Jones Inc,Enterprise,AMER,VM-100 SKU-0156,software_ngfw
C0079,P0156,2025-08-01,0.856,0.964,0.175,1.0,1.0,1,3732.85,78.1,false,false,Value Realized,Jones Inc,Enterprise,AMER,VM-100 SKU-0156,software_ngfw
C0079,P0156,2025-09-01,0.71,0.928,0.25,1.0,1.0,1,3732.85,78.7,false,false,Value Realized,Jones Inc,Enterprise,AMER,VM-100 SKU-0156,software_ngfw
C0079,P0156,2025-10-01,0.757,0.939,0.25,1.0,1.0,1,3732.85,79.1,false,false,Value Realized,Jones Inc,Enterprise,AMER,VM-100 SKU-0156,software_ngfw
C0079,P0156,2025-11-01,0.925,0.981,0.35,1.0,1.0,1,3732.85,83.1,false,false,Value Realized,Jones Inc,Enterprise,AMER,VM-100 SKU-0156,software_ngfw
C0079,P0156,2025-12-01,0.706,0.927,0.75,1.0,1.0,1,3732.85,91.2,false,false,Value Realized,Jones Inc,Enterprise,AMER,VM-100 SKU-0156,software_ngfw
C0079,P0156,2026-01-01,0.761,0.94,0.525,1.0,1.0,1,3732.85,86.0,false,false,Value Realized,Jones Inc,Enterprise,AMER,VM-100 SKU-0156,software_ngfw
C0079,P0156,2026-02-01,0.698,0.925,0.6,1.0,1.0,1,3732.85,87.4,false,false,Value Realized,Jones Inc,Enterprise,AMER,VM-100 SKU-0156,software_ngfw
C0079,P0156,2026-03-01,0.731,0.933,0.925,1.0,1.0,1,3732.85,95.8,false,false,Value Realized,Jones Inc,Enterprise,AMER,VM-100 SKU-0156,software_ngfw
C0079,P0156,2026-04-01,0.879,0.97,0.85,1.0,1.0,1,3732.85,95.2,false,false,Value Realized,Jones Inc,Enterprise,AMER,VM-100 SKU-0156,software_ngfw
C0079,P0156,2026-05-01,0.881,0.97,0.85,1.0,1.0,1,3732.85,95.2,false,false,Value Realized,Jones Inc,Enterprise,AMER,VM-100 SKU-0156,software_ngfw
C0079,P0156,2026-06-01,0.922,0.981,0.85,1.0,1.0,1,3732.85,95.6,false,false,Value Realized,Jones Inc,Enterprise,AMER,VM-100 SKU-0156,software_ngfw
C0082,P0442,2025-07-01,0.706,0.927,0.167,1.0,1.0,0,22180.5,76.6,false,false,Value Realized,Sandoval-Cunningham,Mid-Market,EMEA,CN-Series SKU-0442,software_ngfw
C0082,P0442,2025-08-01,0.568,0.862,0.117,1.0,1.0,1,22180.5,73.1,false,false,Value Realized,Sandoval-Cunningham,Mid-Market,EMEA,CN-Series SKU-0442,software_ngfw
C0082,P0442,2025-09-01,0.616,0.904,0.117,1.0,1.0,1,22180.5,74.6,false,false,Value Realized,Sandoval-Cunningham,Mid-Market,EMEA,CN-Series SKU-0442,software_ngfw
C0082,P0442,2025-10-01,0.658,0.915,0.117,1.0,1.0,1,22180.5,74.9,false,false,Value Realized,Sandoval-Cunningham,Mid-Market,EMEA,CN-Series SKU-0442,software_ngfw
C0082,P0442,2025-11-01,0.644,0.911,0.233,1.0,1.0,1,22180.5,77.7,false,false,Value Realized,Sandoval-Cunningham,Mid-Market,EMEA,CN-Series SKU-0442,software_ngfw
C0082,P0442,2025-12-01,0.452,0.722,0.283,1.0,1.0,1,22180.5,72.4,false,false,Value Realized,Sandoval-Cunningham,Mid-Market,EMEA,CN-Series SKU-0442,software_ngfw
C0082,P0442,2026-01-01,0.693,0.923,0.233,1.0,1.0,1,22180.5,78.1,false,false,Value Realized,Sandoval-Cunningham,Mid-Market,EMEA,CN-Series SKU-0442,software_ngfw
C0082,P0442,2026-02-01,0.759,0.94,0.233,1.0,1.0,1,22180.5,78.7,false,false,Value Realized,Sandoval-Cunningham,Mid-Market,EMEA,CN-Series SKU-0442,software_ngfw
C0082,P0442,2026-03-01,0.656,0.914,0.283,1.0,1.0,1,22180.5,79.1,false,false,Value Realized,Sandoval-Cunningham,Mid-Market,EMEA,CN-Series SKU-0442,software_ngfw
C0082,P0442,2026-04-01,0.624,0.906,0.4,1.0,1.0,1,22180.5,81.7,false,false,Value Realized,Sandoval-Cunningham,Mid-Market,EMEA,CN-Series SKU-0442,software_ngfw
C0082,P0442,2026-05-01,0.64,0.91,0.4,1.0,1.0,1,22180.5,81.9,false,false,Value Realized,Sandoval-Cunningham,Mid-Market,EMEA,CN-Series SKU-0442,software_ngfw
C0082,P0442,2026-06-01,0.694,0.923,0.4,1.0,1.0,1,22180.5,82.3,false,false,Value Realized,Sandoval-Cunningham,Mid-Market,EMEA,CN-Series SKU-0442,software_ngfw
C0083,P0143,2025-07-01,0.465,0.738,0.0,1.0,1.0,0,13258.2,65.8,false,false,Developing,Donovan-Harris,Enterprise,APAC,Cloud NGFW for AWS SKU-0143,cloud_ngfw
C0083,P0143,2025-08-01,0.958,0.989,0.0,1.0,1.0,1,13258.2,74.6,true,false,Value Realized,Donovan-Harris,Enterprise,APAC,Cloud NGFW for AWS SKU-0143,cloud_ngfw
C0083,P0143,2025-09-01,0.835,0.959,0.0,1.0,1.0,1,13258.2,73.6,false,false,Value Realized,Donovan-Harris,Enterprise,APAC,Cloud NGFW for AWS SKU-0143,cloud_ngfw
C0083,P0143,2025-10-01,0.761,0.94,0.0,1.0,1.0,1,13258.2,72.9,false,false,Value Realized,Donovan-Harris,Enterprise,APAC,Cloud NGFW for AWS SKU-0143,cloud_ngfw
C0083,P0143,2025-11-01,0.902,0.975,0.0,1.0,1.0,1,13258.2,74.1,true,false,Value Realized,Donovan-Harris,Enterprise,APAC,Cloud NGFW for AWS SKU-0143,cloud_ngfw
C0083,P0143,2025-12-01,0.723,0.931,0.0,1.0,1.0,1,13258.2,72.6,false,false,Value Realized,Donovan-Harris,Enterprise,APAC,Cloud NGFW for AWS SKU-0143,cloud_ngfw
C0083,P0143,2026-01-01,0.664,0.916,0.0,1.0,1.0,1,13258.2,72.1,false,false,Value Realized,Donovan-Harris,Enterprise,APAC,Cloud NGFW for AWS SKU-0143,cloud_ngfw
C0083,P0143,2026-02-01,0.574,0.869,0.175,1.0,1.0,1,13258.2,74.8,false,false,Value Realized,Donovan-Harris,Enterprise,APAC,Cloud NGFW for AWS SKU-0143,cloud_ngfw
C0083,P0143,2026-03-01,0.943,0.986,0.425,1.0,1.0,1,13258.2,85.1,false,false,Value Realized,Donovan-Harris,Enterprise,APAC,Cloud NGFW for AWS SKU-0143,cloud_ngfw
C0083,P0143,2026-04-01,0.688,0.922,0.425,1.0,1.0,1,13258.2,82.9,false,false,Value Realized,Donovan-Harris,Enterprise,APAC,Cloud NGFW for AWS SKU-0143,cloud_ngfw
C0083,P0143,2026-05-01,0.846,0.961,0.775,1.0,1.0,1,13258.2,93.0,false,false,Value Realized,Donovan-Harris,Enterprise,APAC,Cloud NGFW for AWS SKU-0143,cloud_ngfw
C0083,P0143,2026-06-01,0.817,0.954,0.7,1.0,1.0,1,13258.2,90.9,false,false,Value Realized,Donovan-Harris,Enterprise,APAC,Cloud NGFW for AWS SKU-0143,cloud_ngfw
C0089,P0437,2025-07-01,1.21,0.8,0.333,1.0,1.0,0,62246.73,76.3,false,true,Value Realized,Suarez LLC,Enterprise,AMER,CN-Series SKU-0437,software_ngfw
C0089,P0437,2025-08-01,1.679,0.8,0.333,1.0,1.0,1,62246.73,76.3,false,true,Value Realized,Suarez LLC,Enterprise,AMER,CN-Series SKU-0437,software_ngfw
C0089,P0437,2025-09-01,1.36,0.8,0.333,1.0,1.0,1,62246.73,76.3,false,true,Value Realized,Suarez LLC,Enterprise,AMER,CN-Series SKU-0437,software_ngfw
C0089,P0437,2025-10-01,1.357,0.8,0.333,1.0,1.0,1,62246.73,76.3,false,true,Value Realized,Suarez LLC,Enterprise,AMER,CN-Series SKU-0437,software_ngfw
C0089,P0437,2025-11-01,1.5,0.8,0.333,1.0,1.0,1,62246.73,76.3,false,true,Value Realized,Suarez LLC,Enterprise,AMER,CN-Series SKU-0437,software_ngfw
C0089,P0437,2025-12-01,1.465,0.8,0.333,1.0,1.0,1,62246.73,76.3,false,true,Value Realized,Suarez LLC,Enterprise,AMER,CN-Series SKU-0437,software_ngfw
C0089,P0437,2026-01-01,1.311,0.8,0.333,1.0,1.0,1,62246.73,76.3,false,true,Value Realized,Suarez LLC,Enterprise,AMER,CN-Series SKU-0437,software_ngfw
C0089,P0437,2026-02-01,1.55,0.8,0.333,1.0,1.0,1,62246.73,76.3,false,true,Value Realized,Suarez LLC,Enterprise,AMER,CN-Series SKU-0437,software_ngfw
C0089,P0437,2026-03-01,1.231,0.8,0.333,1.0,1.0,1,62246.73,76.3,false,true,Value Realized,Suarez LLC,Enterprise,AMER,CN-Series SKU-0437,software_ngfw
C0089,P0437,2026-04-01,1.5,0.8,0.333,1.0,1.0,1,62246.73,76.3,false,true,Value Realized,Suarez LLC,Enterprise,AMER,CN-Series SKU-0437,software_ngfw
C0089,P0437,2026-05-01,1.359,0.8,0.333,1.0,1.0,1,62246.73,76.3,false,true,Value Realized,Suarez LLC,Enterprise,AMER,CN-Series SKU-0437,software_ngfw
C0089,P0437,2026-06-01,1.374,0.8,0.333,1.0,1.0,1,62246.73,76.3,false,true,Value Realized,Suarez LLC,Enterprise,AMER,CN-Series SKU-0437,software_ngfw
C0096,P0154,2025-07-01,0.808,0.952,0.0,1.0,1.0,0,97307.1,73.3,false,false,Value Realized,Harris-Walters,Enterprise,AMER,Cloud NGFW for Azure SKU-0154,cloud_ngfw
C0096,P0154,2025-08-01,0.537,0.824,0.0,1.0,1.0,1,97307.1,68.8,false,false,Developing,Harris-Walters,Enterprise,AMER,Cloud NGFW for Azure SKU-0154,cloud_ngfw
C0096,P0154,2025-09-01,0.714,0.928,0.0,1.0,1.0,1,97307.1,72.5,false,false,Value Realized,Harris-Walters,Enterprise,AMER,Cloud NGFW for Azure SKU-0154,cloud_ngfw
C0096,P0154,2025-10-01,0.683,0.921,0.0,1.0,1.0,1,97307.1,72.2,false,false,Value Realized,Harris-Walters,Enterprise,AMER,Cloud NGFW for Azure SKU-0154,cloud_ngfw
C0096,P0154,2025-11-01,0.519,0.803,0.2,1.0,1.0,1,97307.1,73.1,false,false,Value Realized,Harris-Walters,Enterprise,AMER,Cloud NGFW for Azure SKU-0154,cloud_ngfw
C0096,P0154,2025-12-01,0.731,0.933,0.14,1.0,1.0,1,97307.1,76.1,false,false,Value Realized,Harris-Walters,Enterprise,AMER,Cloud NGFW for Azure SKU-0154,cloud_ngfw
C0096,P0154,2026-01-01,0.625,0.906,0.28,1.0,1.0,1,97307.1,78.7,false,false,Value Realized,Harris-Walters,Enterprise,AMER,Cloud NGFW for Azure SKU-0154,cloud_ngfw
C0096,P0154,2026-02-01,0.645,0.911,0.34,1.0,1.0,1,97307.1,80.4,false,false,Value Realized,Harris-Walters,Enterprise,AMER,Cloud NGFW for Azure SKU-0154,cloud_ngfw
C0096,P0154,2026-03-01,0.759,0.94,0.34,1.0,1.0,1,97307.1,81.4,false,false,Value Realized,Harris-Walters,Enterprise,AMER,Cloud NGFW for Azure SKU-0154,cloud_ngfw
C0096,P0154,2026-04-01,1.036,1.0,0.42,1.0,1.0,1,97307.1,85.5,false,false,Value Realized,Harris-Walters,Enterprise,AMER,Cloud NGFW for Azure SKU-0154,cloud_ngfw
C0096,P0154,2026-05-01,0.575,0.87,0.54,1.0,1.0,1,97307.1,83.9,false,false,Value Realized,Harris-Walters,Enterprise,AMER,Cloud NGFW for Azure SKU-0154,cloud_ngfw
C0096,P0154,2026-06-01,0.844,0.961,0.48,1.0,1.0,1,97307.1,85.6,false,false,Value Realized,Harris-Walters,Enterprise,AMER,Cloud NGFW for Azure SKU-0154,cloud_ngfw
C0096,P0371,2025-09-01,0.759,0.94,0.0,1.0,1.0,0,13763.4,72.9,false,false,Value Realized,Harris-Walters,Enterprise,AMER,VM-700 SKU-0371,software_ngfw
C0096,P0371,2025-10-01,0.663,0.916,0.0,1.0,1.0,1,13763.4,72.1,false,false,Value Realized,Harris-Walters,Enterprise,AMER,VM-700 SKU-0371,software_ngfw
C0096,P0371,2025-11-01,0.574,0.869,0.0,1.0,1.0,1,13763.4,70.4,false,false,Value Realized,Harris-Walters,Enterprise,AMER,VM-700 SKU-0371,software_ngfw
C0096,P0371,2025-12-01,0.482,0.758,0.0,1.0,1.0,1,13763.4,66.5,false,false,Developing,Harris-Walters,Enterprise,AMER,VM-700 SKU-0371,software_ngfw
C0096,P0371,2026-01-01,0.519,0.803,0.233,1.0,1.0,1,13763.4,74.0,false,false,Value Realized,Harris-Walters,Enterprise,AMER,VM-700 SKU-0371,software_ngfw
C0096,P0371,2026-02-01,0.795,0.949,0.467,1.0,1.0,1,13763.4,84.9,false,false,Value Realized,Harris-Walters,Enterprise,AMER,VM-700 SKU-0371,software_ngfw
C0096,P0371,2026-03-01,0.656,0.914,0.567,1.0,1.0,1,13763.4,86.2,false,false,Value Realized,Harris-Walters,Enterprise,AMER,VM-700 SKU-0371,software_ngfw
C0096,P0371,2026-04-01,0.74,0.935,0.467,1.0,1.0,1,13763.4,84.4,false,false,Value Realized,Harris-Walters,Enterprise,AMER,VM-700 SKU-0371,software_ngfw
C0096,P0371,2026-05-01,0.558,0.85,0.8,1.0,1.0,1,13763.4,89.7,false,false,Value Realized,Harris-Walters,Enterprise,AMER,VM-700 SKU-0371,software_ngfw
C0096,P0371,2026-06-01,0.686,0.922,0.8,1.0,1.0,1,13763.4,92.3,false,false,Value Realized,Harris-Walters,Enterprise,AMER,VM-700 SKU-0371,software_ngfw
C0098,P0038,2025-09-01,1.41,0.8,0.5,1.0,1.0,0,1285865.1,80.5,false,true,Value Realized,Davis Group,Mid-Market,EMEA,PA-3410 SKU-0038,hardware_ngfw
C0098,P0038,2025-10-01,1.255,0.8,1.0,1.0,1.0,1,1285865.1,93.0,false,true,Value Realized,Davis Group,Mid-Market,EMEA,PA-3410 SKU-0038,hardware_ngfw
C0098,P0038,2025-11-01,1.482,0.8,1.0,1.0,1.0,1,1285865.1,93.0,false,true,Value Realized,Davis Group,Mid-Market,EMEA,PA-3410 SKU-0038,hardware_ngfw
C0098,P0038,2025-12-01,1.28,0.8,1.0,1.0,1.0,1,1285865.1,93.0,false,true,Value Realized,Davis Group,Mid-Market,EMEA,PA-3410 SKU-0038,hardware_ngfw
C0098,P0038,2026-01-01,1.68,0.8,1.0,1.0,1.0,1,1285865.1,93.0,false,true,Value Realized,Davis Group,Mid-Market,EMEA,PA-3410 SKU-0038,hardware_ngfw
C0098,P0038,2026-02-01,1.475,0.8,1.0,1.0,1.0,1,1285865.1,93.0,false,true,Value Realized,Davis Group,Mid-Market,EMEA,PA-3410 SKU-0038,hardware_ngfw
C0098,P0038,2026-03-01,1.228,0.8,1.0,1.0,1.0,1,1285865.1,93.0,false,true,Value Realized,Davis Group,Mid-Market,EMEA,PA-3410 SKU-0038,hardware_ngfw
C0098,P0038,2026-04-01,1.183,1.0,1.0,1.0,1.0,1,1285865.1,100.0,false,false,Value Realized,Davis Group,Mid-Market,EMEA,PA-3410 SKU-0038,hardware_ngfw
C0098,P0038,2026-05-01,1.24,0.8,1.0,1.0,1.0,1,1285865.1,93.0,false,true,Value Realized,Davis Group,Mid-Market,EMEA,PA-3410 SKU-0038,hardware_ngfw
C0098,P0038,2026-06-01,1.556,0.8,1.0,1.0,1.0,1,1285865.1,93.0,false,true,Value Realized,Davis Group,Mid-Market,EMEA,PA-3410 SKU-0038,hardware_ngfw
C0001,P0165,2025-07-01,0.0,0.0,0.0,0.0,,0,37722.65,0.0,false,false,Grace Period,"Rodriguez, Figueroa and Sanchez",Mid-Market,AMER,CN-Series SKU-0165,software_ngfw
C0001,P0165,2025-08-01,0.0,0.0,0.0,0.0,0.467,0,37722.65,7.0,false,false,Shelfware Risk,"Rodriguez, Figueroa and Sanchez",Mid-Market,AMER,CN-Series SKU-0165,software_ngfw
C0001,P0165,2025-09-01,0.22,0.444,0.0,0.5,0.467,0,37722.65,35.0,false,false,Onboarding Stall,"Rodriguez, Figueroa and Sanchez",Mid-Market,AMER,CN-Series SKU-0165,software_ngfw
C0001,P0165,2025-10-01,0.48,0.756,0.0,0.8,0.467,1,37722.65,53.5,false,false,Onboarding Stall,"Rodriguez, Figueroa and Sanchez",Mid-Market,AMER,CN-Series SKU-0165,software_ngfw
C0001,P0165,2025-11-01,0.855,0.964,0.0,1.0,0.467,1,37722.65,65.7,false,false,Onboarding Stall,"Rodriguez, Figueroa and Sanchez",Mid-Market,AMER,CN-Series SKU-0165,software_ngfw
C0001,P0165,2025-12-01,0.402,0.662,0.14,1.0,0.467,1,37722.65,58.7,false,false,Onboarding Stall,"Rodriguez, Figueroa and Sanchez",Mid-Market,AMER,CN-Series SKU-0165,software_ngfw
C0001,P0165,2026-01-01,0.777,0.944,0.14,1.0,0.467,1,37722.65,68.5,false,false,Onboarding Stall,"Rodriguez, Figueroa and Sanchez",Mid-Market,AMER,CN-Series SKU-0165,software_ngfw
C0001,P0165,2026-02-01,0.807,0.952,0.14,1.0,0.467,1,37722.65,68.8,false,false,Onboarding Stall,"Rodriguez, Figueroa and Sanchez",Mid-Market,AMER,CN-Series SKU-0165,software_ngfw
C0001,P0165,2026-03-01,0.726,0.932,0.54,1.0,0.467,1,37722.65,78.1,false,false,Value Realized,"Rodriguez, Figueroa and Sanchez",Mid-Market,AMER,CN-Series SKU-0165,software_ngfw
C0001,P0165,2026-04-01,0.822,0.955,0.48,1.0,0.467,1,37722.65,77.4,false,false,Value Realized,"Rodriguez, Figueroa and Sanchez",Mid-Market,AMER,CN-Series SKU-0165,software_ngfw
C0001,P0165,2026-05-01,0.609,0.902,0.48,1.0,0.467,1,37722.65,75.6,false,false,Value Realized,"Rodriguez, Figueroa and Sanchez",Mid-Market,AMER,CN-Series SKU-0165,software_ngfw
C0001,P0165,2026-06-01,0.709,0.927,0.54,1.0,0.467,1,37722.65,78.0,false,false,Value Realized,"Rodriguez, Figueroa and Sanchez",Mid-Market,AMER,CN-Series SKU-0165,software_ngfw
C0007,P0494,2025-08-01,1.404,0.8,0.2,1.0,1.0,0,137462.9,73.0,true,true,Value Realized,Blake and Sons,Mid-Market,EMEA,PA-7500 SKU-0494,hardware_ngfw
C0007,P0494,2025-09-01,1.382,0.8,0.4,1.0,1.0,1,137462.9,78.0,false,true,Value Realized,Blake and Sons,Mid-Market,EMEA,PA-7500 SKU-0494,hardware_ngfw
C0007,P0494,2025-10-01,1.41,0.8,0.4,1.0,1.0,1,137462.9,78.0,false,true,Value Realized,Blake and Sons,Mid-Market,EMEA,PA-7500 SKU-0494,hardware_ngfw
C0007,P0494,2025-11-01,1.242,0.8,0.4,1.0,1.0,1,137462.9,78.0,false,true,Value Realized,Blake and Sons,Mid-Market,EMEA,PA-7500 SKU-0494,hardware_ngfw
C0007,P0494,2025-12-01,1.32,0.8,0.4,1.0,1.0,1,137462.9,78.0,false,true,Value Realized,Blake and Sons,Mid-Market,EMEA,PA-7500 SKU-0494,hardware_ngfw
C0007,P0494,2026-01-01,1.458,0.8,0.4,1.0,1.0,1,137462.9,78.0,false,true,Value Realized,Blake and Sons,Mid-Market,EMEA,PA-7500 SKU-0494,hardware_ngfw
C0007,P0494,2026-02-01,1.316,0.8,0.4,1.0,1.0,1,137462.9,78.0,false,true,Value Realized,Blake and Sons,Mid-Market,EMEA,PA-7500 SKU-0494,hardware_ngfw
C0007,P0494,2026-03-01,1.642,0.8,0.4,1.0,1.0,1,137462.9,78.0,false,true,Value Realized,Blake and Sons,Mid-Market,EMEA,PA-7500 SKU-0494,hardware_ngfw
C0007,P0494,2026-04-01,1.284,0.8,0.4,1.0,1.0,1,137462.9,78.0,false,true,Value Realized,Blake and Sons,Mid-Market,EMEA,PA-7500 SKU-0494,hardware_ngfw
C0007,P0494,2026-05-01,1.736,0.8,0.4,1.0,1.0,1,137462.9,78.0,false,true,Value Realized,Blake and Sons,Mid-Market,EMEA,PA-7500 SKU-0494,hardware_ngfw
C0007,P0494,2026-06-01,1.574,0.8,0.4,1.0,1.0,1,137462.9,78.0,false,true,Value Realized,Blake and Sons,Mid-Market,EMEA,PA-7500 SKU-0494,hardware_ngfw
C0009,P0017,2025-10-01,1.482,0.8,0.5,1.0,1.0,0,895744.75,80.5,false,true,Value Realized,Garcia-James,Mid-Market,AMER,PA-460 SKU-0017,hardware_ngfw
C0009,P0017,2025-11-01,1.215,0.8,0.833,1.0,1.0,1,895744.75,88.8,false,true,Value Realized,Garcia-James,Mid-Market,AMER,PA-460 SKU-0017,hardware_ngfw
C0009,P0017,2025-12-01,1.531,0.8,0.833,1.0,1.0,1,895744.75,88.8,false,true,Value Realized,Garcia-James,Mid-Market,AMER,PA-460 SKU-0017,hardware_ngfw
C0009,P0017,2026-01-01,1.405,0.8,0.833,1.0,1.0,1,895744.75,88.8,false,true,Value Realized,Garcia-James,Mid-Market,AMER,PA-460 SKU-0017,hardware_ngfw
C0009,P0017,2026-02-01,1.25,0.8,0.833,1.0,1.0,1,895744.75,88.8,false,true,Value Realized,Garcia-James,Mid-Market,AMER,PA-460 SKU-0017,hardware_ngfw
C0009,P0017,2026-03-01,1.17,1.0,0.833,1.0,1.0,1,895744.75,95.8,false,false,Value Realized,Garcia-James,Mid-Market,AMER,PA-460 SKU-0017,hardware_ngfw
C0009,P0017,2026-04-01,1.449,0.8,0.833,1.0,1.0,1,895744.75,88.8,false,true,Value Realized,Garcia-James,Mid-Market,AMER,PA-460 SKU-0017,hardware_ngfw
C0009,P0017,2026-05-01,1.677,0.8,0.833,1.0,1.0,1,895744.75,88.8,false,true,Value Realized,Garcia-James,Mid-Market,AMER,PA-460 SKU-0017,hardware_ngfw
C0009,P0017,2026-06-01,1.539,0.8,0.833,1.0,1.0,1,895744.75,88.8,false,true,Value Realized,Garcia-James,Mid-Market,AMER,PA-460 SKU-0017,hardware_ngfw
C0013,P0076,2025-07-01,0.598,0.897,0.0,1.0,1.0,0,335416.8,71.4,false,false,Value Realized,Arnold Ltd,Enterprise,AMER,PA-460 SKU-0076,hardware_ngfw
C0013,P0076,2025-08-01,0.818,0.954,0.0,1.0,1.0,1,335416.8,73.4,false,false,Value Realized,Arnold Ltd,Enterprise,AMER,PA-460 SKU-0076,hardware_ngfw
C0013,P0076,2025-09-01,0.764,0.941,0.0,1.0,1.0,1,335416.8,72.9,false,false,Value Realized,Arnold Ltd,Enterprise,AMER,PA-460 SKU-0076,hardware_ngfw
C0013,P0076,2025-10-01,0.448,0.717,0.0,1.0,1.0,1,335416.8,65.1,false,false,Developing,Arnold Ltd,Enterprise,AMER,PA-460 SKU-0076,hardware_ngfw
C0013,P0076,2025-11-01,0.888,0.972,0.0,1.0,1.0,1,335416.8,74.0,false,false,Value Realized,Arnold Ltd,Enterprise,AMER,PA-460 SKU-0076,hardware_ngfw
C0013,P0076,2025-12-01,0.638,0.909,0.0,1.0,1.0,1,335416.8,71.8,false,false,Value Realized,Arnold Ltd,Enterprise,AMER,PA-460 SKU-0076,hardware_ngfw
C0013,P0076,2026-01-01,0.618,0.904,0.175,1.0,1.0,1,335416.8,76.0,false,false,Value Realized,Arnold Ltd,Enterprise,AMER,PA-460 SKU-0076,hardware_ngfw
C0013,P0076,2026-02-01,0.471,0.745,0.175,1.0,1.0,1,335416.8,70.5,false,false,Value Realized,Arnold Ltd,Enterprise,AMER,PA-460 SKU-0076,hardware_ngfw
C0013,P0076,2026-03-01,0.766,0.942,0.425,1.0,1.0,1,335416.8,83.6,false,false,Value Realized,Arnold Ltd,Enterprise,AMER,PA-460 SKU-0076,hardware_ngfw
C0013,P0076,2026-04-01,0.621,0.905,0.35,1.0,1.0,1,335416.8,80.4,false,false,Value Realized,Arnold Ltd,Enterprise,AMER,PA-460 SKU-0076,hardware_ngfw
C0013,P0076,2026-05-01,0.686,0.922,0.35,1.0,1.0,1,335416.8,81.0,false,false,Value Realized,Arnold Ltd,Enterprise,AMER,PA-460 SKU-0076,hardware_ngfw
C0013,P0076,2026-06-01,0.735,0.934,0.425,1.0,1.0,1,335416.8,83.3,false,false,Value Realized,Arnold Ltd,Enterprise,AMER,PA-460 SKU-0076,hardware_ngfw
C0013,P0225,2025-07-01,0.835,0.959,0.0,1.0,1.0,0,33552.82,73.6,false,false,Value Realized,Arnold Ltd,Enterprise,AMER,Cloud NGFW for AWS SKU-0225,cloud_ngfw
C0013,P0225,2025-08-01,0.77,0.943,0.0,1.0,1.0,1,33552.82,73.0,false,false,Value Realized,Arnold Ltd,Enterprise,AMER,Cloud NGFW for AWS SKU-0225,cloud_ngfw
C0013,P0225,2025-09-01,0.678,0.92,0.0,1.0,1.0,1,33552.82,72.2,false,false,Value Realized,Arnold Ltd,Enterprise,AMER,Cloud NGFW for AWS SKU-0225,cloud_ngfw
C0013,P0225,2025-10-01,0.829,0.957,0.25,1.0,1.0,1,33552.82,79.8,false,false,Value Realized,Arnold Ltd,Enterprise,AMER,Cloud NGFW for AWS SKU-0225,cloud_ngfw
C0013,P0225,2025-11-01,0.63,0.908,0.175,1.0,1.0,1,33552.82,76.1,false,false,Value Realized,Arnold Ltd,Enterprise,AMER,Cloud NGFW for AWS SKU-0225,cloud_ngfw
C0013,P0225,2025-12-01,0.726,0.931,0.175,1.0,1.0,1,33552.82,77.0,false,false,Value Realized,Arnold Ltd,Enterprise,AMER,Cloud NGFW for AWS SKU-0225,cloud_ngfw
C0013,P0225,2026-01-01,0.509,0.791,0.25,1.0,1.0,1,33552.82,73.9,false,false,Value Realized,Arnold Ltd,Enterprise,AMER,Cloud NGFW for AWS SKU-0225,cloud_ngfw
C0013,P0225,2026-02-01,0.715,0.929,0.35,1.0,1.0,1,33552.82,81.3,false,false,Value Realized,Arnold Ltd,Enterprise,AMER,Cloud NGFW for AWS SKU-0225,cloud_ngfw
C0013,P0225,2026-03-01,0.554,0.845,0.35,1.0,1.0,1,33552.82,78.3,false,false,Value Realized,Arnold Ltd,Enterprise,AMER,Cloud NGFW for AWS SKU-0225,cloud_ngfw
C0013,P0225,2026-04-01,0.656,0.914,0.425,1.0,1.0,1,33552.82,82.6,false,false,Value Realized,Arnold Ltd,Enterprise,AMER,Cloud NGFW for AWS SKU-0225,cloud_ngfw
C0013,P0225,2026-05-01,0.802,0.95,0.675,1.0,1.0,1,33552.82,90.1,false,false,Value Realized,Arnold Ltd,Enterprise,AMER,Cloud NGFW for AWS SKU-0225,cloud_ngfw
C0013,P0225,2026-06-01,0.58,0.876,0.675,1.0,1.0,1,33552.82,87.6,false,false,Value Realized,Arnold Ltd,Enterprise,AMER,Cloud NGFW for AWS SKU-0225,cloud_ngfw
C0015,P0110,2025-07-01,0.687,0.922,0.0,1.0,1.0,0,13202.56,72.3,false,false,Value Realized,Williams and Sons,Mid-Market,EMEA,VM-100 SKU-0110,software_ngfw
C0015,P0110,2025-08-01,0.899,0.975,0.233,1.0,1.0,1,13202.56,79.9,false,false,Value Realized,Williams and Sons,Mid-Market,EMEA,VM-100 SKU-0110,software_ngfw
C0015,P0110,2025-09-01,0.752,0.938,0.233,1.0,1.0,1,13202.56,78.7,false,false,Value Realized,Williams and Sons,Mid-Market,EMEA,VM-100 SKU-0110,software_ngfw
C0015,P0110,2025-10-01,0.848,0.962,0.333,1.0,1.0,1,13202.56,82.0,false,false,Value Realized,Williams and Sons,Mid-Market,EMEA,VM-100 SKU-0110,software_ngfw
C0015,P0110,2025-11-01,0.689,0.922,0.333,1.0,1.0,1,13202.56,80.6,false,false,Value Realized,Williams and Sons,Mid-Market,EMEA,VM-100 SKU-0110,software_ngfw
C0015,P0110,2025-12-01,0.726,0.931,0.567,1.0,1.0,1,13202.56,86.8,false,false,Value Realized,Williams and Sons,Mid-Market,EMEA,VM-100 SKU-0110,software_ngfw
C0015,P0110,2026-01-01,0.646,0.912,0.467,1.0,1.0,1,13202.56,83.6,false,false,Value Realized,Williams and Sons,Mid-Market,EMEA,VM-100 SKU-0110,software_ngfw
C0015,P0110,2026-02-01,0.515,0.798,0.467,1.0,1.0,1,13202.56,79.6,false,false,Value Realized,Williams and Sons,Mid-Market,EMEA,VM-100 SKU-0110,software_ngfw
C0015,P0110,2026-03-01,0.595,0.893,0.467,1.0,1.0,1,13202.56,82.9,false,false,Value Realized,Williams and Sons,Mid-Market,EMEA,VM-100 SKU-0110,software_ngfw
C0015,P0110,2026-04-01,0.63,0.908,0.467,1.0,1.0,1,13202.56,83.4,false,false,Value Realized,Williams and Sons,Mid-Market,EMEA,VM-100 SKU-0110,software_ngfw
C0015,P0110,2026-05-01,0.605,0.901,0.467,1.0,1.0,1,13202.56,83.2,false,false,Value Realized,Williams and Sons,Mid-Market,EMEA,VM-100 SKU-0110,software_ngfw
C0015,P0110,2026-06-01,0.508,0.789,0.467,1.0,1.0,1,13202.56,79.3,false,false,Value Realized,Williams and Sons,Mid-Market,EMEA,VM-100 SKU-0110,software_ngfw
C0015,P0206,2025-07-01,0.67,0.917,0.0,1.0,1.0,0,1082418.66,72.1,false,false,Value Realized,Williams and Sons,Mid-Market,EMEA,PA-5445 SKU-0206,hardware_ngfw
C0015,P0206,2025-08-01,0.753,0.938,0.0,1.0,1.0,1,1082418.66,72.8,false,false,Value Realized,Williams and Sons,Mid-Market,EMEA,PA-5445 SKU-0206,hardware_ngfw
C0015,P0206,2025-09-01,0.738,0.934,0.0,1.0,1.0,1,1082418.66,72.7,false,false,Value Realized,Williams and Sons,Mid-Market,EMEA,PA-5445 SKU-0206,hardware_ngfw
C0015,P0206,2025-10-01,0.803,0.951,0.0,1.0,1.0,1,1082418.66,73.3,false,false,Value Realized,Williams and Sons,Mid-Market,EMEA,PA-5445 SKU-0206,hardware_ngfw
C0015,P0206,2025-11-01,0.51,0.792,0.0,1.0,1.0,1,1082418.66,67.7,false,false,Developing,Williams and Sons,Mid-Market,EMEA,PA-5445 SKU-0206,hardware_ngfw
C0015,P0206,2025-12-01,0.407,0.668,0.0,1.0,1.0,1,1082418.66,63.4,false,false,Developing,Williams and Sons,Mid-Market,EMEA,PA-5445 SKU-0206,hardware_ngfw
C0015,P0206,2026-01-01,0.605,0.901,0.233,1.0,1.0,1,1082418.66,77.4,false,false,Value Realized,Williams and Sons,Mid-Market,EMEA,PA-5445 SKU-0206,hardware_ngfw
C0015,P0206,2026-02-01,0.61,0.903,0.333,1.0,1.0,1,1082418.66,79.9,false,false,Value Realized,Williams and Sons,Mid-Market,EMEA,PA-5445 SKU-0206,hardware_ngfw
C0015,P0206,2026-03-01,0.908,0.977,0.233,1.0,1.0,1,1082418.66,80.0,true,false,Value Realized,Williams and Sons,Mid-Market,EMEA,PA-5445 SKU-0206,hardware_ngfw
C0015,P0206,2026-04-01,0.833,0.958,0.233,1.0,1.0,1,1082418.66,79.4,false,false,Value Realized,Williams and Sons,Mid-Market,EMEA,PA-5445 SKU-0206,hardware_ngfw
C0015,P0206,2026-05-01,0.577,0.872,0.467,1.0,1.0,1,1082418.66,82.2,false,false,Value Realized,Williams and Sons,Mid-Market,EMEA,PA-5445 SKU-0206,hardware_ngfw
C0015,P0206,2026-06-01,0.71,0.928,0.567,1.0,1.0,1,1082418.66,86.6,false,false,Value Realized,Williams and Sons,Mid-Market,EMEA,PA-5445 SKU-0206,hardware_ngfw
C0015,P0405,2025-07-01,0.706,0.926,0.0,1.0,1.0,0,35708.28,72.4,false,false,Value Realized,Williams and Sons,Mid-Market,EMEA,Prisma Access Remote Networks SKU-0405,sase
C0015,P0405,2025-08-01,0.868,0.967,0.0,1.0,1.0,1,35708.28,73.8,false,false,Value Realized,Williams and Sons,Mid-Market,EMEA,Prisma Access Remote Networks SKU-0405,sase
C0015,P0405,2025-09-01,0.931,0.983,0.25,1.0,1.0,1,35708.28,80.6,false,false,Value Realized,Williams and Sons,Mid-Market,EMEA,Prisma Access Remote Networks SKU-0405,sase
C0015,P0405,2025-10-01,0.561,0.853,0.25,1.0,1.0,1,35708.28,76.1,false,false,Value Realized,Williams and Sons,Mid-Market,EMEA,Prisma Access Remote Networks SKU-0405,sase
C0015,P0405,2025-11-01,0.518,0.802,0.175,1.0,1.0,1,35708.28,72.4,false,false,Value Realized,Williams and Sons,Mid-Market,EMEA,Prisma Access Remote Networks SKU-0405,sase
C0015,P0405,2025-12-01,0.901,0.975,0.5,1.0,1.0,1,35708.28,86.6,false,false,Value Realized,Williams and Sons,Mid-Market,EMEA,Prisma Access Remote Networks SKU-0405,sase
C0015,P0405,2026-01-01,0.589,0.887,0.425,1.0,1.0,1,35708.28,81.7,false,false,Value Realized,Williams and Sons,Mid-Market,EMEA,Prisma Access Remote Networks SKU-0405,sase
C0015,P0405,2026-02-01,0.569,0.863,0.425,1.0,1.0,1,35708.28,80.8,false,false,Value Realized,Williams and Sons,Mid-Market,EMEA,Prisma Access Remote Networks SKU-0405,sase
C0015,P0405,2026-03-01,0.578,0.873,0.35,1.0,1.0,1,35708.28,79.3,false,false,Value Realized,Williams and Sons,Mid-Market,EMEA,Prisma Access Remote Networks SKU-0405,sase
C0015,P0405,2026-04-01,0.68,0.92,0.35,1.0,1.0,1,35708.28,81.0,false,false,Value Realized,Williams and Sons,Mid-Market,EMEA,Prisma Access Remote Networks SKU-0405,sase
C0015,P0405,2026-05-01,0.688,0.922,0.6,1.0,1.0,1,35708.28,87.3,false,false,Value Realized,Williams and Sons,Mid-Market,EMEA,Prisma Access Remote Networks SKU-0405,sase
C0015,P0405,2026-06-01,0.679,0.92,0.525,1.0,1.0,1,35708.28,85.3,false,false,Value Realized,Williams and Sons,Mid-Market,EMEA,Prisma Access Remote Networks SKU-0405,sase
C0018,P0193,2025-07-01,0.504,0.785,0.175,1.0,1.0,0,45794.45,71.8,false,false,Value Realized,"Flowers, Martin and Kelly",Mid-Market,AMER,VM-300 SKU-0193,software_ngfw
C0018,P0193,2025-08-01,0.9,0.975,0.175,1.0,1.0,1,45794.45,78.5,true,false,Value Realized,"Flowers, Martin and Kelly",Mid-Market,AMER,VM-300 SKU-0193,software_ngfw
C0018,P0193,2025-09-01,0.877,0.969,0.175,1.0,1.0,1,45794.45,78.3,false,false,Value Realized,"Flowers, Martin and Kelly",Mid-Market,AMER,VM-300 SKU-0193,software_ngfw
C0018,P0193,2025-10-01,0.704,0.926,0.175,1.0,1.0,1,45794.45,76.8,false,false,Value Realized,"Flowers, Martin and Kelly",Mid-Market,AMER,VM-300 SKU-0193,software_ngfw
C0018,P0193,2025-11-01,0.836,0.959,0.175,1.0,1.0,1,45794.45,77.9,false,false,Value Realized,"Flowers, Martin and Kelly",Mid-Market,AMER,VM-300 SKU-0193,software_ngfw
C0018,P0193,2025-12-01,0.705,0.926,0.25,1.0,1.0,1,45794.45,78.7,false,false,Value Realized,"Flowers, Martin and Kelly",Mid-Market,AMER,VM-300 SKU-0193,software_ngfw
C0018,P0193,2026-01-01,0.515,0.799,0.5,1.0,1.0,1,45794.45,80.4,false,false,Value Realized,"Flowers, Martin and Kelly",Mid-Market,AMER,VM-300 SKU-0193,software_ngfw
C0018,P0193,2026-02-01,0.611,0.903,0.525,1.0,1.0,1,45794.45,84.7,false,false,Value Realized,"Flowers, Martin and Kelly",Mid-Market,AMER,VM-300 SKU-0193,software_ngfw
C0018,P0193,2026-03-01,0.746,0.937,0.6,1.0,1.0,1,45794.45,87.8,false,false,Value Realized,"Flowers, Martin and Kelly",Mid-Market,AMER,VM-300 SKU-0193,software_ngfw
C0018,P0193,2026-04-01,0.662,0.916,0.525,1.0,1.0,1,45794.45,85.2,false,false,Value Realized,"Flowers, Martin and Kelly",Mid-Market,AMER,VM-300 SKU-0193,software_ngfw
C0018,P0193,2026-05-01,0.895,0.974,0.85,1.0,1.0,1,45794.45,95.3,false,false,Value Realized,"Flowers, Martin and Kelly",Mid-Market,AMER,VM-300 SKU-0193,software_ngfw
C0018,P0193,2026-06-01,0.847,0.962,0.85,1.0,1.0,1,45794.45,94.9,false,false,Value Realized,"Flowers, Martin and Kelly",Mid-Market,AMER,VM-300 SKU-0193,software_ngfw
C0022,P0488,2025-10-01,0.684,0.921,0.175,1.0,1.0,0,1299473.6,76.6,false,false,Value Realized,"Watts, Robinson and Nguyen",Enterprise,EMEA,Prisma Access Remote Networks SKU-0488,sase
C0022,P0488,2025-11-01,0.908,0.977,0.175,1.0,1.0,1,1299473.6,78.6,true,false,Value Realized,"Watts, Robinson and Nguyen",Enterprise,EMEA,Prisma Access Remote Networks SKU-0488,sase
C0022,P0488,2025-12-01,0.967,0.992,0.175,1.0,1.0,1,1299473.6,79.1,true,false,Value Realized,"Watts, Robinson and Nguyen",Enterprise,EMEA,Prisma Access Remote Networks SKU-0488,sase
C0022,P0488,2026-01-01,0.698,0.924,0.175,1.0,1.0,1,1299473.6,76.7,false,false,Value Realized,"Watts, Robinson and Nguyen",Enterprise,EMEA,Prisma Access Remote Networks SKU-0488,sase
C0022,P0488,2026-02-01,0.804,0.951,0.175,1.0,1.0,1,1299473.6,77.7,false,false,Value Realized,"Watts, Robinson and Nguyen",Enterprise,EMEA,Prisma Access Remote Networks SKU-0488,sase
C0022,P0488,2026-03-01,0.772,0.943,0.35,1.0,1.0,1,1299473.6,81.8,false,false,Value Realized,"Watts, Robinson and Nguyen",Enterprise,EMEA,Prisma Access Remote Networks SKU-0488,sase
C0022,P0488,2026-04-01,0.631,0.908,0.425,1.0,1.0,1,1299473.6,82.4,false,false,Value Realized,"Watts, Robinson and Nguyen",Enterprise,EMEA,Prisma Access Remote Networks SKU-0488,sase
C0022,P0488,2026-05-01,0.603,0.901,0.6,1.0,1.0,1,1299473.6,86.5,false,false,Value Realized,"Watts, Robinson and Nguyen",Enterprise,EMEA,Prisma Access Remote Networks SKU-0488,sase
C0022,P0488,2026-06-01,0.76,0.94,0.525,1.0,1.0,1,1299473.6,86.0,false,false,Value Realized,"Watts, Robinson and Nguyen",Enterprise,EMEA,Prisma Access Remote Networks SKU-0488,sase
C0023,P0178,2025-07-01,3.748,0.8,0.517,1.0,1.0,0,1232994.16,80.9,false,true,Value Realized,Perez Inc,Mid-Market,AMER,PA-5445 SKU-0178,hardware_ngfw
C0023,P0178,2025-08-01,3.622,0.8,0.517,1.0,1.0,1,1232994.16,80.9,false,true,Value Realized,Perez Inc,Mid-Market,AMER,PA-5445 SKU-0178,hardware_ngfw
C0023,P0178,2025-09-01,3.398,0.8,0.467,1.0,1.0,1,1232994.16,79.7,false,true,Value Realized,Perez Inc,Mid-Market,AMER,PA-5445 SKU-0178,hardware_ngfw
C0023,P0178,2025-10-01,0.0,0.0,0.0,0.5,1.0,1,1232994.16,27.5,false,false,Lapsed,Perez Inc,Mid-Market,AMER,PA-5445 SKU-0178,hardware_ngfw
C0023,P0178,2025-11-01,0.0,0.0,0.0,0.2,1.0,1,1232994.16,20.0,false,false,Churn Signal,Perez Inc,Mid-Market,AMER,PA-5445 SKU-0178,hardware_ngfw
C0023,P0178,2025-12-01,0.0,0.0,0.0,0.0,1.0,1,1232994.16,15.0,false,false,Churn Signal,Perez Inc,Mid-Market,AMER,PA-5445 SKU-0178,hardware_ngfw
C0023,P0178,2026-01-01,0.0,0.0,0.0,0.0,1.0,1,1232994.16,15.0,false,false,Lapsed,Perez Inc,Mid-Market,AMER,PA-5445 SKU-0178,hardware_ngfw
C0023,P0178,2026-02-01,0.0,0.0,0.0,0.0,1.0,1,1232994.16,15.0,false,false,Lapsed,Perez Inc,Mid-Market,AMER,PA-5445 SKU-0178,hardware_ngfw
C0023,P0178,2026-03-01,0.0,0.0,0.0,0.0,1.0,1,1232994.16,15.0,false,false,Lapsed,Perez Inc,Mid-Market,AMER,PA-5445 SKU-0178,hardware_ngfw
C0023,P0178,2026-04-01,0.0,0.0,0.0,0.0,1.0,1,1232994.16,15.0,false,false,Lapsed,Perez Inc,Mid-Market,AMER,PA-5445 SKU-0178,hardware_ngfw
C0023,P0178,2026-05-01,0.0,0.0,0.0,0.0,1.0,1,1232994.16,15.0,false,false,Lapsed,Perez Inc,Mid-Market,AMER,PA-5445 SKU-0178,hardware_ngfw
C0023,P0178,2026-06-01,0.0,0.0,0.0,0.0,1.0,1,1232994.16,15.0,false,false,Lapsed,Perez Inc,Mid-Market,AMER,PA-5445 SKU-0178,hardware_ngfw
C0023,P0408,2025-08-01,3.576,0.8,0.683,1.0,1.0,0,24047.09,85.1,false,true,Value Realized,Perez Inc,Mid-Market,AMER,VM-500 SKU-0408,software_ngfw
C0023,P0408,2025-09-01,3.817,0.8,0.733,1.0,1.0,1,24047.09,86.3,false,true,Value Realized,Perez Inc,Mid-Market,AMER,VM-500 SKU-0408,software_ngfw
C0023,P0408,2025-10-01,2.958,0.8,0.633,1.0,1.0,1,24047.09,83.8,false,true,Value Realized,Perez Inc,Mid-Market,AMER,VM-500 SKU-0408,software_ngfw
C0023,P0408,2025-11-01,0.0,0.0,0.0,0.5,1.0,1,24047.09,27.5,false,false,Lapsed,Perez Inc,Mid-Market,AMER,VM-500 SKU-0408,software_ngfw
C0023,P0408,2025-12-01,0.0,0.0,0.0,0.2,1.0,1,24047.09,20.0,false,false,Churn Signal,Perez Inc,Mid-Market,AMER,VM-500 SKU-0408,software_ngfw
C0023,P0408,2026-01-01,0.0,0.0,0.0,0.0,1.0,1,24047.09,15.0,false,false,Churn Signal,Perez Inc,Mid-Market,AMER,VM-500 SKU-0408,software_ngfw
C0023,P0408,2026-02-01,0.0,0.0,0.0,0.0,1.0,1,24047.09,15.0,false,false,Lapsed,Perez Inc,Mid-Market,AMER,VM-500 SKU-0408,software_ngfw
C0023,P0408,2026-03-01,0.0,0.0,0.0,0.0,1.0,1,24047.09,15.0,false,false,Lapsed,Perez Inc,Mid-Market,AMER,VM-500 SKU-0408,software_ngfw
C0023,P0408,2026-04-01,0.0,0.0,0.0,0.0,1.0,1,24047.09,15.0,false,false,Lapsed,Perez Inc,Mid-Market,AMER,VM-500 SKU-0408,software_ngfw
C0023,P0408,2026-05-01,0.0,0.0,0.0,0.0,1.0,1,24047.09,15.0,false,false,Lapsed,Perez Inc,Mid-Market,AMER,VM-500 SKU-0408,software_ngfw
C0023,P0408,2026-06-01,0.0,0.0,0.0,0.0,1.0,1,24047.09,15.0,false,false,Lapsed,Perez Inc,Mid-Market,AMER,VM-500 SKU-0408,software_ngfw
C0024,P0267,2025-10-01,0.772,0.943,0.0,1.0,1.0,0,692035.2,73.0,false,false,Value Realized,Morales-Jones,Enterprise,AMER,PA-1410 SKU-0267,hardware_ngfw
C0024,P0267,2025-11-01,0.728,0.932,0.283,1.0,1.0,1,692035.2,79.7,false,false,Value Realized,Morales-Jones,Enterprise,AMER,PA-1410 SKU-0267,hardware_ngfw
C0024,P0267,2025-12-01,0.463,0.736,0.233,1.0,1.0,1,692035.2,71.6,false,false,Value Realized,Morales-Jones,Enterprise,AMER,PA-1410 SKU-0267,hardware_ngfw
C0024,P0267,2026-01-01,0.839,0.96,0.4,1.0,1.0,1,692035.2,83.6,false,false,Value Realized,Morales-Jones,Enterprise,AMER,PA-1410 SKU-0267,hardware_ngfw
C0024,P0267,2026-02-01,0.572,0.866,0.4,1.0,1.0,1,692035.2,80.3,false,false,Value Realized,Morales-Jones,Enterprise,AMER,PA-1410 SKU-0267,hardware_ngfw
C0024,P0267,2026-03-01,0.887,0.972,0.35,1.0,1.0,1,692035.2,82.8,false,false,Value Realized,Morales-Jones,Enterprise,AMER,PA-1410 SKU-0267,hardware_ngfw
C0024,P0267,2026-04-01,0.644,0.911,0.567,1.0,1.0,1,692035.2,86.0,false,false,Value Realized,Morales-Jones,Enterprise,AMER,PA-1410 SKU-0267,hardware_ngfw
C0024,P0267,2026-05-01,0.68,0.92,0.517,1.0,1.0,1,692035.2,85.1,false,false,Value Realized,Morales-Jones,Enterprise,AMER,PA-1410 SKU-0267,hardware_ngfw
C0024,P0267,2026-06-01,0.792,0.948,0.517,1.0,1.0,1,692035.2,86.1,false,false,Value Realized,Morales-Jones,Enterprise,AMER,PA-1410 SKU-0267,hardware_ngfw
C0024,P0487,2025-07-01,0.715,0.929,0.0,1.0,1.0,0,63777.78,72.5,false,false,Value Realized,Morales-Jones,Enterprise,AMER,Cloud NGFW for AWS SKU-0487,cloud_ngfw
C0024,P0487,2025-08-01,0.534,0.821,0.14,1.0,1.0,1,63777.78,72.2,false,false,Value Realized,Morales-Jones,Enterprise,AMER,Cloud NGFW for AWS SKU-0487,cloud_ngfw
C0024,P0487,2025-09-01,0.99,0.997,0.14,1.0,1.0,1,63777.78,78.4,true,false,Value Realized,Morales-Jones,Enterprise,AMER,Cloud NGFW for AWS SKU-0487,cloud_ngfw
C0024,P0487,2025-10-01,0.907,0.977,0.68,1.0,1.0,1,63777.78,91.2,false,false,Value Realized,Morales-Jones,Enterprise,AMER,Cloud NGFW for AWS SKU-0487,cloud_ngfw
C0024,P0487,2025-11-01,0.879,0.97,0.74,1.0,1.0,1,63777.78,92.4,false,false,Value Realized,Morales-Jones,Enterprise,AMER,Cloud NGFW for AWS SKU-0487,cloud_ngfw
C0024,P0487,2025-12-01,0.731,0.933,0.62,1.0,1.0,1,63777.78,88.1,false,false,Value Realized,Morales-Jones,Enterprise,AMER,Cloud NGFW for AWS SKU-0487,cloud_ngfw
C0024,P0487,2026-01-01,0.823,0.956,0.62,1.0,1.0,1,63777.78,89.0,false,false,Value Realized,Morales-Jones,Enterprise,AMER,Cloud NGFW for AWS SKU-0487,cloud_ngfw
C0024,P0487,2026-02-01,0.753,0.938,0.62,1.0,1.0,1,63777.78,88.3,false,false,Value Realized,Morales-Jones,Enterprise,AMER,Cloud NGFW for AWS SKU-0487,cloud_ngfw
C0024,P0487,2026-03-01,0.714,0.928,0.68,1.0,1.0,1,63777.78,89.5,false,false,Value Realized,Morales-Jones,Enterprise,AMER,Cloud NGFW for AWS SKU-0487,cloud_ngfw
C0024,P0487,2026-04-01,0.614,0.903,0.82,1.0,1.0,1,63777.78,92.1,false,false,Value Realized,Morales-Jones,Enterprise,AMER,Cloud NGFW for AWS SKU-0487,cloud_ngfw
C0024,P0487,2026-05-01,0.761,0.94,0.94,1.0,1.0,1,63777.78,96.4,false,false,Value Realized,Morales-Jones,Enterprise,AMER,Cloud NGFW for AWS SKU-0487,cloud_ngfw
C0024,P0487,2026-06-01,0.809,0.952,0.88,1.0,1.0,1,63777.78,95.3,false,false,Value Realized,Morales-Jones,Enterprise,AMER,Cloud NGFW for AWS SKU-0487,cloud_ngfw
C0025,P0141,2025-10-01,0.923,0.981,0.0,1.0,1.0,0,1113666.72,74.3,true,false,Value Realized,"Walter, Edwards and Rios",Mid-Market,AMER,PA-410 SKU-0141,hardware_ngfw
C0025,P0141,2025-11-01,0.776,0.944,0.0,1.0,1.0,1,1113666.72,73.0,false,false,Value Realized,"Walter, Edwards and Rios",Mid-Market,AMER,PA-410 SKU-0141,hardware_ngfw
C0025,P0141,2025-12-01,0.845,0.961,0.0,1.0,1.0,1,1113666.72,73.6,false,false,Value Realized,"Walter, Edwards and Rios",Mid-Market,AMER,PA-410 SKU-0141,hardware_ngfw
C0025,P0141,2026-01-01,0.677,0.919,0.0,1.0,1.0,1,1113666.72,72.2,false,false,Value Realized,"Walter, Edwards and Rios",Mid-Market,AMER,PA-410 SKU-0141,hardware_ngfw
C0025,P0141,2026-02-01,0.746,0.936,0.333,1.0,1.0,1,1113666.72,81.1,false,false,Value Realized,"Walter, Edwards and Rios",Mid-Market,AMER,PA-410 SKU-0141,hardware_ngfw
C0025,P0141,2026-03-01,0.589,0.887,0.233,1.0,1.0,1,1113666.72,76.9,false,false,Value Realized,"Walter, Edwards and Rios",Mid-Market,AMER,PA-410 SKU-0141,hardware_ngfw
C0025,P0141,2026-04-01,0.713,0.928,0.333,1.0,1.0,1,1113666.72,80.8,false,false,Value Realized,"Walter, Edwards and Rios",Mid-Market,AMER,PA-410 SKU-0141,hardware_ngfw
C0025,P0141,2026-05-01,0.719,0.93,0.233,1.0,1.0,1,1113666.72,78.4,false,false,Value Realized,"Walter, Edwards and Rios",Mid-Market,AMER,PA-410 SKU-0141,hardware_ngfw
C0025,P0141,2026-06-01,0.482,0.759,0.233,1.0,1.0,1,1113666.72,72.4,false,false,Value Realized,"Walter, Edwards and Rios",Mid-Market,AMER,PA-410 SKU-0141,hardware_ngfw
C0027,P0033,2025-07-01,0.821,0.955,0.0,1.0,1.0,0,36717.12,73.4,false,false,Value Realized,Baker and Sons,Enterprise,AMER,VM-500 SKU-0033,software_ngfw
C0027,P0033,2025-08-01,0.687,0.922,0.0,1.0,1.0,1,36717.12,72.3,false,false,Value Realized,Baker and Sons,Enterprise,AMER,VM-500 SKU-0033,software_ngfw
C0027,P0033,2025-09-01,0.776,0.944,0.0,1.0,1.0,1,36717.12,73.0,false,false,Value Realized,Baker and Sons,Enterprise,AMER,VM-500 SKU-0033,software_ngfw
C0027,P0033,2025-10-01,1.1,1.0,0.0,1.0,1.0,1,36717.12,75.0,true,false,Value Realized,Baker and Sons,Enterprise,AMER,VM-500 SKU-0033,software_ngfw
C0027,P0033,2025-11-01,0.571,0.865,0.175,1.0,1.0,1,36717.12,74.6,false,false,Value Realized,Baker and Sons,Enterprise,AMER,VM-500 SKU-0033,software_ngfw
C0027,P0033,2025-12-01,0.868,0.967,0.175,1.0,1.0,1,36717.12,78.2,false,false,Value Realized,Baker and Sons,Enterprise,AMER,VM-500 SKU-0033,software_ngfw
C0027,P0033,2026-01-01,0.768,0.942,0.25,1.0,1.0,1,36717.12,79.2,false,false,Value Realized,Baker and Sons,Enterprise,AMER,VM-500 SKU-0033,software_ngfw
C0027,P0033,2026-02-01,1.084,1.0,0.25,1.0,1.0,1,36717.12,81.3,false,false,Value Realized,Baker and Sons,Enterprise,AMER,VM-500 SKU-0033,software_ngfw
C0027,P0033,2026-03-01,0.715,0.929,0.25,1.0,1.0,1,36717.12,78.8,false,false,Value Realized,Baker and Sons,Enterprise,AMER,VM-500 SKU-0033,software_ngfw
C0027,P0033,2026-04-01,0.766,0.942,0.175,1.0,1.0,1,36717.12,77.3,false,false,Value Realized,Baker and Sons,Enterprise,AMER,VM-500 SKU-0033,software_ngfw
C0027,P0033,2026-05-01,0.781,0.945,0.25,1.0,1.0,1,36717.12,79.3,false,false,Value Realized,Baker and Sons,Enterprise,AMER,VM-500 SKU-0033,software_ngfw
C0027,P0033,2026-06-01,0.746,0.937,0.175,1.0,1.0,1,36717.12,77.2,false,false,Value Realized,Baker and Sons,Enterprise,AMER,VM-500 SKU-0033,software_ngfw
C0029,P0396,2025-07-01,0.0,0.0,0.0,0.0,,0,54995.08,0.0,false,false,Grace Period,"Ross, Robinson and Bright",Enterprise,EMEA,VM-300 SKU-0396,software_ngfw
C0029,P0396,2025-08-01,0.0,0.0,0.0,0.0,0.0,0,54995.08,0.0,false,false,Shelfware Risk,"Ross, Robinson and Bright",Enterprise,EMEA,VM-300 SKU-0396,software_ngfw
C0029,P0396,2025-09-01,0.0,0.0,0.0,0.0,0.0,0,54995.08,0.0,false,false,Shelfware Risk,"Ross, Robinson and Bright",Enterprise,EMEA,VM-300 SKU-0396,software_ngfw
C0029,P0396,2025-10-01,0.0,0.0,0.0,0.0,0.0,0,54995.08,0.0,false,false,Shelfware Risk,"Ross, Robinson and Bright",Enterprise,EMEA,VM-300 SKU-0396,software_ngfw
C0029,P0396,2025-11-01,0.0,0.0,0.0,0.0,0.0,0,54995.08,0.0,false,false,Shelfware Risk,"Ross, Robinson and Bright",Enterprise,EMEA,VM-300 SKU-0396,software_ngfw
C0029,P0396,2025-12-01,0.0,0.0,0.0,0.0,0.0,0,54995.08,0.0,false,false,Shelfware Risk,"Ross, Robinson and Bright",Enterprise,EMEA,VM-300 SKU-0396,software_ngfw
C0029,P0396,2026-01-01,0.0,0.0,0.0,0.0,0.0,0,54995.08,0.0,false,false,Shelfware Risk,"Ross, Robinson and Bright",Enterprise,EMEA,VM-300 SKU-0396,software_ngfw
C0029,P0396,2026-02-01,0.0,0.0,0.0,0.0,0.0,0,54995.08,0.0,false,false,Shelfware Risk,"Ross, Robinson and Bright",Enterprise,EMEA,VM-300 SKU-0396,software_ngfw
C0029,P0396,2026-03-01,0.0,0.0,0.0,0.0,0.0,0,54995.08,0.0,false,false,Shelfware Risk,"Ross, Robinson and Bright",Enterprise,EMEA,VM-300 SKU-0396,software_ngfw
C0029,P0396,2026-04-01,0.0,0.0,0.0,0.0,0.0,0,54995.08,0.0,false,false,Shelfware Risk,"Ross, Robinson and Bright",Enterprise,EMEA,VM-300 SKU-0396,software_ngfw
C0029,P0396,2026-05-01,0.0,0.0,0.0,0.0,0.0,0,54995.08,0.0,false,false,Shelfware Risk,"Ross, Robinson and Bright",Enterprise,EMEA,VM-300 SKU-0396,software_ngfw
C0029,P0396,2026-06-01,0.0,0.0,0.0,0.0,0.0,0,54995.08,0.0,false,false,Shelfware Risk,"Ross, Robinson and Bright",Enterprise,EMEA,VM-300 SKU-0396,software_ngfw
C0029,P0422,2025-07-01,0.0,0.0,0.0,0.0,,0,284838.6,0.0,false,false,Grace Period,"Ross, Robinson and Bright",Enterprise,EMEA,PA-7500 SKU-0422,hardware_ngfw
C0029,P0422,2025-08-01,0.0,0.0,0.0,0.0,0.0,0,284838.6,0.0,false,false,Shelfware Risk,"Ross, Robinson and Bright",Enterprise,EMEA,PA-7500 SKU-0422,hardware_ngfw
C0029,P0422,2025-09-01,0.0,0.0,0.0,0.0,0.0,0,284838.6,0.0,false,false,Shelfware Risk,"Ross, Robinson and Bright",Enterprise,EMEA,PA-7500 SKU-0422,hardware_ngfw
C0029,P0422,2025-10-01,0.0,0.0,0.0,0.0,0.0,0,284838.6,0.0,false,false,Shelfware Risk,"Ross, Robinson and Bright",Enterprise,EMEA,PA-7500 SKU-0422,hardware_ngfw
C0029,P0422,2025-11-01,0.0,0.0,0.0,0.0,0.0,0,284838.6,0.0,false,false,Shelfware Risk,"Ross, Robinson and Bright",Enterprise,EMEA,PA-7500 SKU-0422,hardware_ngfw
C0029,P0422,2025-12-01,0.0,0.0,0.0,0.0,0.0,0,284838.6,0.0,false,false,Shelfware Risk,"Ross, Robinson and Bright",Enterprise,EMEA,PA-7500 SKU-0422,hardware_ngfw
C0029,P0422,2026-01-01,0.0,0.0,0.0,0.0,0.0,0,284838.6,0.0,false,false,Shelfware Risk,"Ross, Robinson and Bright",Enterprise,EMEA,PA-7500 SKU-0422,hardware_ngfw
C0029,P0422,2026-02-01,0.0,0.0,0.0,0.0,0.0,0,284838.6,0.0,false,false,Shelfware Risk,"Ross, Robinson and Bright",Enterprise,EMEA,PA-7500 SKU-0422,hardware_ngfw
C0029,P0422,2026-03-01,0.0,0.0,0.0,0.0,0.0,0,284838.6,0.0,false,false,Shelfware Risk,"Ross, Robinson and Bright",Enterprise,EMEA,PA-7500 SKU-0422,hardware_ngfw
C0029,P0422,2026-04-01,0.0,0.0,0.0,0.0,0.0,0,284838.6,0.0,false,false,Shelfware Risk,"Ross, Robinson and Bright",Enterprise,EMEA,PA-7500 SKU-0422,hardware_ngfw
C0029,P0422,2026-05-01,0.0,0.0,0.0,0.0,0.0,0,284838.6,0.0,false,false,Shelfware Risk,"Ross, Robinson and Bright",Enterprise,EMEA,PA-7500 SKU-0422,hardware_ngfw
C0029,P0422,2026-06-01,0.0,0.0,0.0,0.0,0.0,0,284838.6,0.0,false,false,Shelfware Risk,"Ross, Robinson and Bright",Enterprise,EMEA,PA-7500 SKU-0422,hardware_ngfw
C0032,P0023,2025-07-01,0.743,0.936,0.0,1.0,1.0,0,856462.08,72.7,false,false,Value Realized,Carlson-Cruz,Mid-Market,AMER,PA-3410 SKU-0023,hardware_ngfw
C0032,P0023,2025-08-01,0.473,0.747,0.0,1.0,1.0,1,856462.08,66.1,false,false,Developing,Carlson-Cruz,Mid-Market,AMER,PA-3410 SKU-0023,hardware_ngfw
C0032,P0023,2025-09-01,0.718,0.93,0.0,1.0,1.0,1,856462.08,72.5,false,false,Value Realized,Carlson-Cruz,Mid-Market,AMER,PA-3410 SKU-0023,hardware_ngfw
C0032,P0023,2025-10-01,0.7,0.925,0.0,1.0,1.0,1,856462.08,72.4,false,false,Value Realized,Carlson-Cruz,Mid-Market,AMER,PA-3410 SKU-0023,hardware_ngfw
C0032,P0023,2025-11-01,0.654,0.913,0.0,1.0,1.0,1,856462.08,72.0,false,false,Value Realized,Carlson-Cruz,Mid-Market,AMER,PA-3410 SKU-0023,hardware_ngfw
C0032,P0023,2025-12-01,0.72,0.93,0.0,1.0,1.0,1,856462.08,72.6,false,false,Value Realized,Carlson-Cruz,Mid-Market,AMER,PA-3410 SKU-0023,hardware_ngfw
C0032,P0023,2026-01-01,0.768,0.942,0.0,1.0,1.0,1,856462.08,73.0,false,false,Value Realized,Carlson-Cruz,Mid-Market,AMER,PA-3410 SKU-0023,hardware_ngfw
C0032,P0023,2026-02-01,0.567,0.86,0.0,1.0,1.0,1,856462.08,70.1,false,false,Value Realized,Carlson-Cruz,Mid-Market,AMER,PA-3410 SKU-0023,hardware_ngfw
C0032,P0023,2026-03-01,0.537,0.824,0.0,1.0,1.0,1,856462.08,68.8,false,false,Developing,Carlson-Cruz,Mid-Market,AMER,PA-3410 SKU-0023,hardware_ngfw
C0032,P0023,2026-04-01,0.644,0.911,0.0,1.0,1.0,1,856462.08,71.9,false,false,Value Realized,Carlson-Cruz,Mid-Market,AMER,PA-3410 SKU-0023,hardware_ngfw
C0032,P0023,2026-05-01,0.896,0.974,0.0,1.0,1.0,1,856462.08,74.1,false,false,Value Realized,Carlson-Cruz,Mid-Market,AMER,PA-3410 SKU-0023,hardware_ngfw
C0032,P0023,2026-06-01,0.756,0.939,0.0,1.0,1.0,1,856462.08,72.9,false,false,Value Realized,Carlson-Cruz,Mid-Market,AMER,PA-3410 SKU-0023,hardware_ngfw
C0035,P0456,2025-10-01,0.733,0.933,0.0,1.0,1.0,0,73030.8,72.7,false,false,Value Realized,"Dyer, Potter and Mack",Mid-Market,EMEA,PA-410 SKU-0456,hardware_ngfw
C0035,P0456,2025-11-01,0.66,0.915,0.0,1.0,1.0,1,73030.8,72.0,false,false,Value Realized,"Dyer, Potter and Mack",Mid-Market,EMEA,PA-410 SKU-0456,hardware_ngfw
C0035,P0456,2025-12-01,0.688,0.922,0.28,1.0,1.0,1,73030.8,79.3,false,false,Value Realized,"Dyer, Potter and Mack",Mid-Market,EMEA,PA-410 SKU-0456,hardware_ngfw
C0035,P0456,2026-01-01,0.848,0.962,0.28,1.0,1.0,1,73030.8,80.7,false,false,Value Realized,"Dyer, Potter and Mack",Mid-Market,EMEA,PA-410 SKU-0456,hardware_ngfw
C0035,P0456,2026-02-01,0.808,0.952,0.28,1.0,1.0,1,73030.8,80.3,false,false,Value Realized,"Dyer, Potter and Mack",Mid-Market,EMEA,PA-410 SKU-0456,hardware_ngfw
C0035,P0456,2026-03-01,0.858,0.964,0.48,1.0,1.0,1,73030.8,85.8,false,false,Value Realized,"Dyer, Potter and Mack",Mid-Market,EMEA,PA-410 SKU-0456,hardware_ngfw
C0035,P0456,2026-04-01,0.6,0.9,0.48,1.0,1.0,1,73030.8,83.5,false,false,Value Realized,"Dyer, Potter and Mack",Mid-Market,EMEA,PA-410 SKU-0456,hardware_ngfw
C0035,P0456,2026-05-01,1.068,1.0,0.62,1.0,1.0,1,73030.8,90.5,false,false,Value Realized,"Dyer, Potter and Mack",Mid-Market,EMEA,PA-410 SKU-0456,hardware_ngfw
C0035,P0456,2026-06-01,0.838,0.959,0.62,1.0,1.0,1,73030.8,89.1,false,false,Value Realized,"Dyer, Potter and Mack",Mid-Market,EMEA,PA-410 SKU-0456,hardware_ngfw
C0036,P0121,2025-07-01,0.0,0.0,0.0,0.0,,0,365179.5,0.0,false,false,Grace Period,Rodriguez-Graham,Mid-Market,AMER,Prisma Access Browser SKU-0121,sase
C0036,P0121,2025-08-01,0.0,0.0,0.0,0.0,0.0,0,365179.5,0.0,false,false,Shelfware Risk,Rodriguez-Graham,Mid-Market,AMER,Prisma Access Browser SKU-0121,sase
C0036,P0121,2025-09-01,0.0,0.0,0.0,0.0,0.0,0,365179.5,0.0,false,false,Shelfware Risk,Rodriguez-Graham,Mid-Market,AMER,Prisma Access Browser SKU-0121,sase
C0036,P0121,2025-10-01,0.0,0.0,0.0,0.0,0.0,0,365179.5,0.0,false,false,Shelfware Risk,Rodriguez-Graham,Mid-Market,AMER,Prisma Access Browser SKU-0121,sase
C0036,P0121,2025-11-01,0.0,0.0,0.0,0.0,0.0,0,365179.5,0.0,false,false,Shelfware Risk,Rodriguez-Graham,Mid-Market,AMER,Prisma Access Browser SKU-0121,sase
C0036,P0121,2025-12-01,0.0,0.0,0.0,0.0,0.0,0,365179.5,0.0,false,false,Shelfware Risk,Rodriguez-Graham,Mid-Market,AMER,Prisma Access Browser SKU-0121,sase
C0036,P0121,2026-01-01,0.0,0.0,0.0,0.0,0.0,0,365179.5,0.0,false,false,Shelfware Risk,Rodriguez-Graham,Mid-Market,AMER,Prisma Access Browser SKU-0121,sase
C0036,P0121,2026-02-01,0.0,0.0,0.0,0.0,0.0,0,365179.5,0.0,false,false,Shelfware Risk,Rodriguez-Graham,Mid-Market,AMER,Prisma Access Browser SKU-0121,sase
C0036,P0121,2026-03-01,0.0,0.0,0.0,0.0,0.0,0,365179.5,0.0,false,false,Shelfware Risk,Rodriguez-Graham,Mid-Market,AMER,Prisma Access Browser SKU-0121,sase
C0036,P0121,2026-04-01,0.0,0.0,0.0,0.0,0.0,0,365179.5,0.0,false,false,Shelfware Risk,Rodriguez-Graham,Mid-Market,AMER,Prisma Access Browser SKU-0121,sase
C0036,P0121,2026-05-01,0.0,0.0,0.0,0.0,0.0,0,365179.5,0.0,false,false,Shelfware Risk,Rodriguez-Graham,Mid-Market,AMER,Prisma Access Browser SKU-0121,sase
C0036,P0121,2026-06-01,0.0,0.0,0.0,0.0,0.0,0,365179.5,0.0,false,false,Shelfware Risk,Rodriguez-Graham,Mid-Market,AMER,Prisma Access Browser SKU-0121,sase
C0036,P0361,2025-07-01,0.0,0.0,0.0,0.0,,0,356378.1,0.0,false,false,Grace Period,Rodriguez-Graham,Mid-Market,AMER,Prisma Access Mobile Users SKU-0361,sase
C0036,P0361,2025-08-01,0.0,0.0,0.0,0.0,0.0,0,356378.1,0.0,false,false,Shelfware Risk,Rodriguez-Graham,Mid-Market,AMER,Prisma Access Mobile Users SKU-0361,sase
C0036,P0361,2025-09-01,0.0,0.0,0.0,0.0,0.0,0,356378.1,0.0,false,false,Shelfware Risk,Rodriguez-Graham,Mid-Market,AMER,Prisma Access Mobile Users SKU-0361,sase
C0036,P0361,2025-10-01,0.0,0.0,0.0,0.0,0.0,0,356378.1,0.0,false,false,Shelfware Risk,Rodriguez-Graham,Mid-Market,AMER,Prisma Access Mobile Users SKU-0361,sase
C0036,P0361,2025-11-01,0.0,0.0,0.0,0.0,0.0,0,356378.1,0.0,false,false,Shelfware Risk,Rodriguez-Graham,Mid-Market,AMER,Prisma Access Mobile Users SKU-0361,sase
C0036,P0361,2025-12-01,0.0,0.0,0.0,0.0,0.0,0,356378.1,0.0,false,false,Shelfware Risk,Rodriguez-Graham,Mid-Market,AMER,Prisma Access Mobile Users SKU-0361,sase
C0036,P0361,2026-01-01,0.0,0.0,0.0,0.0,0.0,0,356378.1,0.0,false,false,Shelfware Risk,Rodriguez-Graham,Mid-Market,AMER,Prisma Access Mobile Users SKU-0361,sase
C0036,P0361,2026-02-01,0.0,0.0,0.0,0.0,0.0,0,356378.1,0.0,false,false,Shelfware Risk,Rodriguez-Graham,Mid-Market,AMER,Prisma Access Mobile Users SKU-0361,sase
C0036,P0361,2026-03-01,0.0,0.0,0.0,0.0,0.0,0,356378.1,0.0,false,false,Shelfware Risk,Rodriguez-Graham,Mid-Market,AMER,Prisma Access Mobile Users SKU-0361,sase
C0036,P0361,2026-04-01,0.0,0.0,0.0,0.0,0.0,0,356378.1,0.0,false,false,Shelfware Risk,Rodriguez-Graham,Mid-Market,AMER,Prisma Access Mobile Users SKU-0361,sase
C0036,P0361,2026-05-01,0.0,0.0,0.0,0.0,0.0,0,356378.1,0.0,false,false,Shelfware Risk,Rodriguez-Graham,Mid-Market,AMER,Prisma Access Mobile Users SKU-0361,sase
C0036,P0361,2026-06-01,0.0,0.0,0.0,0.0,0.0,0,356378.1,0.0,false,false,Shelfware Risk,Rodriguez-Graham,Mid-Market,AMER,Prisma Access Mobile Users SKU-0361,sase
C0038,P0406,2025-07-01,0.79,0.948,0.0,1.0,1.0,0,56554.55,73.2,false,false,Value Realized,"Baker, Mason and White",Enterprise,AMER,PA-5445 SKU-0406,hardware_ngfw
C0038,P0406,2025-08-01,0.832,0.958,0.0,1.0,1.0,1,56554.55,73.5,false,false,Value Realized,"Baker, Mason and White",Enterprise,AMER,PA-5445 SKU-0406,hardware_ngfw
C0038,P0406,2025-09-01,0.654,0.914,0.0,1.0,1.0,1,56554.55,72.0,false,false,Value Realized,"Baker, Mason and White",Enterprise,AMER,PA-5445 SKU-0406,hardware_ngfw
C0038,P0406,2025-10-01,0.492,0.77,0.0,1.0,1.0,1,56554.55,67.0,false,false,Developing,"Baker, Mason and White",Enterprise,AMER,PA-5445 SKU-0406,hardware_ngfw
C0038,P0406,2025-11-01,0.69,0.923,0.0,1.0,1.0,1,56554.55,72.3,false,false,Value Realized,"Baker, Mason and White",Enterprise,AMER,PA-5445 SKU-0406,hardware_ngfw
C0038,P0406,2025-12-01,0.756,0.939,0.0,1.0,1.0,1,56554.55,72.9,false,false,Value Realized,"Baker, Mason and White",Enterprise,AMER,PA-5445 SKU-0406,hardware_ngfw
C0038,P0406,2026-01-01,0.506,0.787,0.0,1.0,1.0,1,56554.55,67.6,false,false,Developing,"Baker, Mason and White",Enterprise,AMER,PA-5445 SKU-0406,hardware_ngfw
C0038,P0406,2026-02-01,0.784,0.946,0.0,1.0,1.0,1,56554.55,73.1,false,false,Value Realized,"Baker, Mason and White",Enterprise,AMER,PA-5445 SKU-0406,hardware_ngfw
C0038,P0406,2026-03-01,0.728,0.932,0.0,1.0,1.0,1,56554.55,72.6,false,false,Value Realized,"Baker, Mason and White",Enterprise,AMER,PA-5445 SKU-0406,hardware_ngfw
C0038,P0406,2026-04-01,0.616,0.904,0.117,1.0,1.0,1,56554.55,74.6,false,false,Value Realized,"Baker, Mason and White",Enterprise,AMER,PA-5445 SKU-0406,hardware_ngfw
C0038,P0406,2026-05-01,0.57,0.864,0.167,1.0,1.0,1,56554.55,74.4,false,false,Value Realized,"Baker, Mason and White",Enterprise,AMER,PA-5445 SKU-0406,hardware_ngfw
C0038,P0406,2026-06-01,0.732,0.933,0.117,1.0,1.0,1,56554.55,75.6,false,false,Value Realized,"Baker, Mason and White",Enterprise,AMER,PA-5445 SKU-0406,hardware_ngfw
C0039,P0402,2025-07-01,0.84,0.96,0.167,1.0,1.0,0,11870.87,77.8,false,false,Value Realized,Harrell LLC,Mid-Market,AMER,VM-100 SKU-0402,software_ngfw
C0039,P0402,2025-08-01,0.767,0.942,0.117,1.0,1.0,1,11870.87,75.9,false,false,Value Realized,Harrell LLC,Mid-Market,AMER,VM-100 SKU-0402,software_ngfw
C0039,P0402,2025-09-01,0.771,0.943,0.333,1.0,1.0,1,11870.87,81.3,false,false,Value Realized,Harrell LLC,Mid-Market,AMER,VM-100 SKU-0402,software_ngfw
C0039,P0402,2025-10-01,0.752,0.938,0.35,1.0,1.0,1,11870.87,81.6,false,false,Value Realized,Harrell LLC,Mid-Market,AMER,VM-100 SKU-0402,software_ngfw
C0039,P0402,2025-11-01,0.524,0.809,0.617,1.0,1.0,1,11870.87,83.7,false,false,Value Realized,Harrell LLC,Mid-Market,AMER,VM-100 SKU-0402,software_ngfw
C0039,P0402,2025-12-01,0.867,0.967,0.617,1.0,1.0,1,11870.87,89.3,false,false,Value Realized,Harrell LLC,Mid-Market,AMER,VM-100 SKU-0402,software_ngfw
C0039,P0402,2026-01-01,0.686,0.921,0.733,1.0,1.0,1,11870.87,90.6,false,false,Value Realized,Harrell LLC,Mid-Market,AMER,VM-100 SKU-0402,software_ngfw
C0039,P0402,2026-02-01,0.732,0.933,0.783,1.0,1.0,1,11870.87,92.2,false,false,Value Realized,Harrell LLC,Mid-Market,AMER,VM-100 SKU-0402,software_ngfw
C0039,P0402,2026-03-01,0.72,0.93,0.683,1.0,1.0,1,11870.87,89.6,false,false,Value Realized,Harrell LLC,Mid-Market,AMER,VM-100 SKU-0402,software_ngfw
C0039,P0402,2026-04-01,0.787,0.947,0.683,1.0,1.0,1,11870.87,90.2,false,false,Value Realized,Harrell LLC,Mid-Market,AMER,VM-100 SKU-0402,software_ngfw
C0039,P0402,2026-05-01,0.453,0.723,0.733,1.0,1.0,1,11870.87,83.6,false,false,Value Realized,Harrell LLC,Mid-Market,AMER,VM-100 SKU-0402,software_ngfw
C0039,P0402,2026-06-01,0.591,0.889,0.683,1.0,1.0,1,11870.87,88.2,false,false,Value Realized,Harrell LLC,Mid-Market,AMER,VM-100 SKU-0402,software_ngfw
C0043,P0423,2025-07-01,0.0,0.0,0.0,0.0,,0,22999.3,0.0,false,false,Grace Period,Rodriguez LLC,Enterprise,AMER,VM-700 SKU-0423,software_ngfw
C0043,P0423,2025-08-01,0.0,0.0,0.0,0.0,0.0,0,22999.3,0.0,false,false,Shelfware Risk,Rodriguez LLC,Enterprise,AMER,VM-700 SKU-0423,software_ngfw
C0043,P0423,2025-09-01,0.0,0.0,0.0,0.0,0.0,0,22999.3,0.0,false,false,Shelfware Risk,Rodriguez LLC,Enterprise,AMER,VM-700 SKU-0423,software_ngfw
C0043,P0423,2025-10-01,0.0,0.0,0.0,0.0,0.0,0,22999.3,0.0,false,false,Shelfware Risk,Rodriguez LLC,Enterprise,AMER,VM-700 SKU-0423,software_ngfw
C0043,P0423,2025-11-01,0.0,0.0,0.0,0.0,0.0,0,22999.3,0.0,false,false,Shelfware Risk,Rodriguez LLC,Enterprise,AMER,VM-700 SKU-0423,software_ngfw
C0043,P0423,2025-12-01,0.0,0.0,0.0,0.0,0.0,0,22999.3,0.0,false,false,Shelfware Risk,Rodriguez LLC,Enterprise,AMER,VM-700 SKU-0423,software_ngfw
C0043,P0423,2026-01-01,0.0,0.0,0.0,0.0,0.0,0,22999.3,0.0,false,false,Shelfware Risk,Rodriguez LLC,Enterprise,AMER,VM-700 SKU-0423,software_ngfw
C0043,P0423,2026-02-01,0.0,0.0,0.0,0.0,0.0,0,22999.3,0.0,false,false,Shelfware Risk,Rodriguez LLC,Enterprise,AMER,VM-700 SKU-0423,software_ngfw
C0043,P0423,2026-03-01,0.0,0.0,0.0,0.0,0.0,0,22999.3,0.0,false,false,Shelfware Risk,Rodriguez LLC,Enterprise,AMER,VM-700 SKU-0423,software_ngfw
C0043,P0423,2026-04-01,0.0,0.0,0.0,0.0,0.0,0,22999.3,0.0,false,false,Shelfware Risk,Rodriguez LLC,Enterprise,AMER,VM-700 SKU-0423,software_ngfw
C0043,P0423,2026-05-01,0.0,0.0,0.0,0.0,0.0,0,22999.3,0.0,false,false,Shelfware Risk,Rodriguez LLC,Enterprise,AMER,VM-700 SKU-0423,software_ngfw
C0043,P0423,2026-06-01,0.0,0.0,0.0,0.0,0.0,0,22999.3,0.0,false,false,Shelfware Risk,Rodriguez LLC,Enterprise,AMER,VM-700 SKU-0423,software_ngfw
C0045,P0007,2025-07-01,3.012,0.8,0.467,1.0,1.0,0,869352.12,79.7,false,true,Value Realized,"Arroyo, Miller and Tucker",Enterprise,LATAM,PA-5410 SKU-0007,hardware_ngfw
C0045,P0007,2025-08-01,3.102,0.8,0.467,1.0,1.0,1,869352.12,79.7,false,true,Value Realized,"Arroyo, Miller and Tucker",Enterprise,LATAM,PA-5410 SKU-0007,hardware_ngfw
C0045,P0007,2025-09-01,3.342,0.8,0.567,1.0,1.0,1,869352.12,82.2,false,true,Value Realized,"Arroyo, Miller and Tucker",Enterprise,LATAM,PA-5410 SKU-0007,hardware_ngfw
C0045,P0007,2025-10-01,0.0,0.0,0.0,0.5,1.0,1,869352.12,27.5,false,false,Lapsed,"Arroyo, Miller and Tucker",Enterprise,LATAM,PA-5410 SKU-0007,hardware_ngfw
C0045,P0007,2025-11-01,0.0,0.0,0.0,0.2,1.0,1,869352.12,20.0,false,false,Churn Signal,"Arroyo, Miller and Tucker",Enterprise,LATAM,PA-5410 SKU-0007,hardware_ngfw
C0045,P0007,2025-12-01,0.0,0.0,0.0,0.0,1.0,1,869352.12,15.0,false,false,Churn Signal,"Arroyo, Miller and Tucker",Enterprise,LATAM,PA-5410 SKU-0007,hardware_ngfw
C0045,P0007,2026-01-01,0.0,0.0,0.0,0.0,1.0,1,869352.12,15.0,false,false,Lapsed,"Arroyo, Miller and Tucker",Enterprise,LATAM,PA-5410 SKU-0007,hardware_ngfw
C0045,P0007,2026-02-01,0.0,0.0,0.0,0.0,1.0,1,869352.12,15.0,false,false,Lapsed,"Arroyo, Miller and Tucker",Enterprise,LATAM,PA-5410 SKU-0007,hardware_ngfw
C0045,P0007,2026-03-01,0.0,0.0,0.0,0.0,1.0,1,869352.12,15.0,false,false,Lapsed,"Arroyo, Miller and Tucker",Enterprise,LATAM,PA-5410 SKU-0007,hardware_ngfw
C0045,P0007,2026-04-01,0.0,0.0,0.0,0.0,1.0,1,869352.12,15.0,false,false,Lapsed,"Arroyo, Miller and Tucker",Enterprise,LATAM,PA-5410 SKU-0007,hardware_ngfw
C0045,P0007,2026-05-01,0.0,0.0,0.0,0.0,1.0,1,869352.12,15.0,false,false,Lapsed,"Arroyo, Miller and Tucker",Enterprise,LATAM,PA-5410 SKU-0007,hardware_ngfw
C0045,P0007,2026-06-01,0.0,0.0,0.0,0.0,1.0,1,869352.12,15.0,false,false,Lapsed,"Arroyo, Miller and Tucker",Enterprise,LATAM,PA-5410 SKU-0007,hardware_ngfw
C0049,P0363,2025-07-01,0.649,0.912,0.0,1.0,1.0,0,796374.01,71.9,false,false,Value Realized,Hickman Ltd,Enterprise,AMER,PA-460 SKU-0363,hardware_ngfw
C0049,P0363,2025-08-01,0.686,0.922,0.14,1.0,1.0,1,796374.01,75.8,false,false,Value Realized,Hickman Ltd,Enterprise,AMER,PA-460 SKU-0363,hardware_ngfw
C0049,P0363,2025-09-01,0.696,0.924,0.2,1.0,1.0,1,796374.01,77.3,false,false,Value Realized,Hickman Ltd,Enterprise,AMER,PA-460 SKU-0363,hardware_ngfw
C0049,P0363,2025-10-01,0.789,0.947,0.34,1.0,1.0,1,796374.01,81.7,false,false,Value Realized,Hickman Ltd,Enterprise,AMER,PA-460 SKU-0363,hardware_ngfw
C0049,P0363,2025-11-01,0.781,0.945,0.34,1.0,1.0,1,796374.01,81.6,false,false,Value Realized,Hickman Ltd,Enterprise,AMER,PA-460 SKU-0363,hardware_ngfw
C0049,P0363,2025-12-01,0.689,0.922,0.42,1.0,1.0,1,796374.01,82.8,false,false,Value Realized,Hickman Ltd,Enterprise,AMER,PA-460 SKU-0363,hardware_ngfw
C0049,P0363,2026-01-01,0.774,0.943,0.42,1.0,1.0,1,796374.01,83.5,false,false,Value Realized,Hickman Ltd,Enterprise,AMER,PA-460 SKU-0363,hardware_ngfw
C0049,P0363,2026-02-01,0.658,0.915,0.48,1.0,1.0,1,796374.01,84.0,false,false,Value Realized,Hickman Ltd,Enterprise,AMER,PA-460 SKU-0363,hardware_ngfw
C0049,P0363,2026-03-01,0.816,0.954,0.62,1.0,1.0,1,796374.01,88.9,false,false,Value Realized,Hickman Ltd,Enterprise,AMER,PA-460 SKU-0363,hardware_ngfw
C0049,P0363,2026-04-01,0.919,0.98,0.74,1.0,1.0,1,796374.01,92.8,false,false,Value Realized,Hickman Ltd,Enterprise,AMER,PA-460 SKU-0363,hardware_ngfw
C0049,P0363,2026-05-01,0.569,0.863,0.56,1.0,1.0,1,796374.01,84.2,false,false,Value Realized,Hickman Ltd,Enterprise,AMER,PA-460 SKU-0363,hardware_ngfw
C0049,P0363,2026-06-01,0.75,0.938,0.68,1.0,1.0,1,796374.01,89.8,false,false,Value Realized,Hickman Ltd,Enterprise,AMER,PA-460 SKU-0363,hardware_ngfw
C0057,P0283,2025-07-01,0.0,0.0,0.0,0.0,,0,1478563.84,0.0,false,false,Grace Period,"Washington, Ryan and Cummings",Mid-Market,AMER,PA-1410 SKU-0283,hardware_ngfw
C0057,P0283,2025-08-01,0.0,0.0,0.0,0.0,0.0,0,1478563.84,0.0,false,false,Shelfware Risk,"Washington, Ryan and Cummings",Mid-Market,AMER,PA-1410 SKU-0283,hardware_ngfw
C0057,P0283,2025-09-01,0.0,0.0,0.0,0.0,0.0,0,1478563.84,0.0,false,false,Shelfware Risk,"Washington, Ryan and Cummings",Mid-Market,AMER,PA-1410 SKU-0283,hardware_ngfw
C0057,P0283,2025-10-01,0.0,0.0,0.0,0.0,0.0,0,1478563.84,0.0,false,false,Shelfware Risk,"Washington, Ryan and Cummings",Mid-Market,AMER,PA-1410 SKU-0283,hardware_ngfw
C0057,P0283,2025-11-01,0.0,0.0,0.0,0.0,0.0,0,1478563.84,0.0,false,false,Shelfware Risk,"Washington, Ryan and Cummings",Mid-Market,AMER,PA-1410 SKU-0283,hardware_ngfw
C0057,P0283,2025-12-01,0.0,0.0,0.0,0.0,0.0,0,1478563.84,0.0,false,false,Shelfware Risk,"Washington, Ryan and Cummings",Mid-Market,AMER,PA-1410 SKU-0283,hardware_ngfw
C0057,P0283,2026-01-01,0.0,0.0,0.0,0.0,0.0,0,1478563.84,0.0,false,false,Shelfware Risk,"Washington, Ryan and Cummings",Mid-Market,AMER,PA-1410 SKU-0283,hardware_ngfw
C0057,P0283,2026-02-01,0.0,0.0,0.0,0.0,0.0,0,1478563.84,0.0,false,false,Shelfware Risk,"Washington, Ryan and Cummings",Mid-Market,AMER,PA-1410 SKU-0283,hardware_ngfw
C0057,P0283,2026-03-01,0.0,0.0,0.0,0.0,0.0,0,1478563.84,0.0,false,false,Shelfware Risk,"Washington, Ryan and Cummings",Mid-Market,AMER,PA-1410 SKU-0283,hardware_ngfw
C0057,P0283,2026-04-01,0.0,0.0,0.0,0.0,0.0,0,1478563.84,0.0,false,false,Shelfware Risk,"Washington, Ryan and Cummings",Mid-Market,AMER,PA-1410 SKU-0283,hardware_ngfw
C0057,P0283,2026-05-01,0.0,0.0,0.0,0.0,0.0,0,1478563.84,0.0,false,false,Shelfware Risk,"Washington, Ryan and Cummings",Mid-Market,AMER,PA-1410 SKU-0283,hardware_ngfw
C0057,P0283,2026-06-01,0.0,0.0,0.0,0.0,0.0,0,1478563.84,0.0,false,false,Shelfware Risk,"Washington, Ryan and Cummings",Mid-Market,AMER,PA-1410 SKU-0283,hardware_ngfw
C0060,P0470,2025-07-01,1.029,1.0,0.0,1.0,1.0,0,280659.85,75.0,true,false,Value Realized,Gomez-Jenkins,Mid-Market,EMEA,Prisma Access Browser SKU-0470,sase
C0060,P0470,2025-08-01,0.723,0.931,0.0,1.0,1.0,1,280659.85,72.6,false,false,Value Realized,Gomez-Jenkins,Mid-Market,EMEA,Prisma Access Browser SKU-0470,sase
C0060,P0470,2025-09-01,0.759,0.94,0.233,1.0,1.0,1,280659.85,78.7,false,false,Value Realized,Gomez-Jenkins,Mid-Market,EMEA,Prisma Access Browser SKU-0470,sase
C0060,P0470,2025-10-01,0.839,0.96,0.233,1.0,1.0,1,280659.85,79.4,false,false,Value Realized,Gomez-Jenkins,Mid-Market,EMEA,Prisma Access Browser SKU-0470,sase
C0060,P0470,2025-11-01,0.796,0.949,0.233,1.0,1.0,1,280659.85,79.0,false,false,Value Realized,Gomez-Jenkins,Mid-Market,EMEA,Prisma Access Browser SKU-0470,sase
C0060,P0470,2025-12-01,0.661,0.915,0.333,1.0,1.0,1,280659.85,80.4,false,false,Value Realized,Gomez-Jenkins,Mid-Market,EMEA,Prisma Access Browser SKU-0470,sase
C0060,P0470,2026-01-01,0.498,0.778,0.233,1.0,1.0,1,280659.85,73.1,false,false,Value Realized,Gomez-Jenkins,Mid-Market,EMEA,Prisma Access Browser SKU-0470,sase
C0060,P0470,2026-02-01,0.691,0.923,0.233,1.0,1.0,1,280659.85,78.1,false,false,Value Realized,Gomez-Jenkins,Mid-Market,EMEA,Prisma Access Browser SKU-0470,sase
C0060,P0470,2026-03-01,0.785,0.946,0.233,1.0,1.0,1,280659.85,79.0,false,false,Value Realized,Gomez-Jenkins,Mid-Market,EMEA,Prisma Access Browser SKU-0470,sase
C0060,P0470,2026-04-01,0.853,0.963,0.233,1.0,1.0,1,280659.85,79.6,false,false,Value Realized,Gomez-Jenkins,Mid-Market,EMEA,Prisma Access Browser SKU-0470,sase
C0060,P0470,2026-05-01,0.706,0.927,0.333,1.0,1.0,1,280659.85,80.8,false,false,Value Realized,Gomez-Jenkins,Mid-Market,EMEA,Prisma Access Browser SKU-0470,sase
C0060,P0470,2026-06-01,0.674,0.919,0.333,1.0,1.0,1,280659.85,80.5,false,false,Value Realized,Gomez-Jenkins,Mid-Market,EMEA,Prisma Access Browser SKU-0470,sase
C0063,P0295,2025-07-01,0.745,0.936,0.333,1.0,1.0,0,462532.08,81.1,false,false,Value Realized,Wright and Sons,Enterprise,APAC,Prisma Access Remote Networks SKU-0295,sase
C0063,P0295,2025-08-01,0.924,0.981,0.233,1.0,1.0,1,462532.08,80.2,true,false,Value Realized,Wright and Sons,Enterprise,APAC,Prisma Access Remote Networks SKU-0295,sase
C0063,P0295,2025-09-01,0.667,0.917,0.233,1.0,1.0,1,462532.08,77.9,false,false,Value Realized,Wright and Sons,Enterprise,APAC,Prisma Access Remote Networks SKU-0295,sase
C0063,P0295,2025-10-01,0.763,0.941,0.233,1.0,1.0,1,462532.08,78.8,false,false,Value Realized,Wright and Sons,Enterprise,APAC,Prisma Access Remote Networks SKU-0295,sase
C0063,P0295,2025-11-01,0.667,0.917,0.233,1.0,1.0,1,462532.08,77.9,false,false,Value Realized,Wright and Sons,Enterprise,APAC,Prisma Access Remote Networks SKU-0295,sase
C0063,P0295,2025-12-01,0.555,0.846,0.233,1.0,1.0,1,462532.08,75.4,false,false,Value Realized,Wright and Sons,Enterprise,APAC,Prisma Access Remote Networks SKU-0295,sase
C0063,P0295,2026-01-01,0.619,0.905,0.333,1.0,1.0,1,462532.08,80.0,false,false,Value Realized,Wright and Sons,Enterprise,APAC,Prisma Access Remote Networks SKU-0295,sase
C0063,P0295,2026-02-01,0.445,0.713,0.667,1.0,1.0,1,462532.08,81.6,false,false,Value Realized,Wright and Sons,Enterprise,APAC,Prisma Access Remote Networks SKU-0295,sase
C0063,P0295,2026-03-01,0.575,0.87,0.467,1.0,1.0,1,462532.08,82.1,false,false,Value Realized,Wright and Sons,Enterprise,APAC,Prisma Access Remote Networks SKU-0295,sase
C0063,P0295,2026-04-01,0.604,0.901,0.567,1.0,1.0,1,462532.08,85.7,false,false,Value Realized,Wright and Sons,Enterprise,APAC,Prisma Access Remote Networks SKU-0295,sase
C0063,P0295,2026-05-01,0.722,0.931,0.567,1.0,1.0,1,462532.08,86.7,false,false,Value Realized,Wright and Sons,Enterprise,APAC,Prisma Access Remote Networks SKU-0295,sase
C0063,P0295,2026-06-01,0.893,0.973,0.467,1.0,1.0,1,462532.08,85.7,false,false,Value Realized,Wright and Sons,Enterprise,APAC,Prisma Access Remote Networks SKU-0295,sase
C0066,P0206,2025-07-01,0.742,0.936,0.0,1.0,1.0,0,227827.75,72.7,false,false,Value Realized,Morton-Chase,Mid-Market,EMEA,PA-5445 SKU-0206,hardware_ngfw
C0066,P0206,2025-08-01,0.81,0.953,0.233,1.0,1.0,1,227827.75,79.2,false,false,Value Realized,Morton-Chase,Mid-Market,EMEA,PA-5445 SKU-0206,hardware_ngfw
C0066,P0206,2025-09-01,0.844,0.961,0.333,1.0,1.0,1,227827.75,82.0,false,false,Value Realized,Morton-Chase,Mid-Market,EMEA,PA-5445 SKU-0206,hardware_ngfw
C0066,P0206,2025-10-01,0.676,0.919,0.233,1.0,1.0,1,227827.75,78.0,false,false,Value Realized,Morton-Chase,Mid-Market,EMEA,PA-5445 SKU-0206,hardware_ngfw
C0066,P0206,2025-11-01,0.802,0.951,0.233,1.0,1.0,1,227827.75,79.1,false,false,Value Realized,Morton-Chase,Mid-Market,EMEA,PA-5445 SKU-0206,hardware_ngfw
C0066,P0206,2025-12-01,0.726,0.932,0.233,1.0,1.0,1,227827.75,78.4,false,false,Value Realized,Morton-Chase,Mid-Market,EMEA,PA-5445 SKU-0206,hardware_ngfw
C0066,P0206,2026-01-01,0.582,0.878,0.333,1.0,1.0,1,227827.75,79.1,false,false,Value Realized,Morton-Chase,Mid-Market,EMEA,PA-5445 SKU-0206,hardware_ngfw
C0066,P0206,2026-02-01,0.62,0.905,0.333,1.0,1.0,1,227827.75,80.0,false,false,Value Realized,Morton-Chase,Mid-Market,EMEA,PA-5445 SKU-0206,hardware_ngfw
C0066,P0206,2026-03-01,0.596,0.895,0.233,1.0,1.0,1,227827.75,77.2,false,false,Value Realized,Morton-Chase,Mid-Market,EMEA,PA-5445 SKU-0206,hardware_ngfw
C0066,P0206,2026-04-01,0.626,0.907,0.567,1.0,1.0,1,227827.75,85.9,false,false,Value Realized,Morton-Chase,Mid-Market,EMEA,PA-5445 SKU-0206,hardware_ngfw
C0066,P0206,2026-05-01,0.878,0.97,0.667,1.0,1.0,1,227827.75,90.6,false,false,Value Realized,Morton-Chase,Mid-Market,EMEA,PA-5445 SKU-0206,hardware_ngfw
C0066,P0206,2026-06-01,0.706,0.927,0.667,1.0,1.0,1,227827.75,89.1,false,false,Value Realized,Morton-Chase,Mid-Market,EMEA,PA-5445 SKU-0206,hardware_ngfw
C0071,P0496,2025-09-01,0.627,0.907,0.0,1.0,1.0,0,72072.72,71.7,false,false,Value Realized,Gray Group,Enterprise,AMER,Cloud NGFW for AWS SKU-0496,cloud_ngfw
C0071,P0496,2025-10-01,0.788,0.947,0.0,1.0,1.0,1,72072.72,73.1,false,false,Value Realized,Gray Group,Enterprise,AMER,Cloud NGFW for AWS SKU-0496,cloud_ngfw
C0071,P0496,2025-11-01,0.833,0.958,0.0,1.0,1.0,1,72072.72,73.5,false,false,Value Realized,Gray Group,Enterprise,AMER,Cloud NGFW for AWS SKU-0496,cloud_ngfw
C0071,P0496,2025-12-01,0.655,0.914,0.0,1.0,1.0,1,72072.72,72.0,false,false,Value Realized,Gray Group,Enterprise,AMER,Cloud NGFW for AWS SKU-0496,cloud_ngfw
C0071,P0496,2026-01-01,0.607,0.902,0.0,1.0,1.0,1,72072.72,71.6,false,false,Value Realized,Gray Group,Enterprise,AMER,Cloud NGFW for AWS SKU-0496,cloud_ngfw
C0071,P0496,2026-02-01,0.882,0.971,0.0,1.0,1.0,1,72072.72,74.0,false,false,Value Realized,Gray Group,Enterprise,AMER,Cloud NGFW for AWS SKU-0496,cloud_ngfw
C0071,P0496,2026-03-01,0.813,0.953,0.2,1.0,1.0,1,72072.72,78.4,false,false,Value Realized,Gray Group,Enterprise,AMER,Cloud NGFW for AWS SKU-0496,cloud_ngfw
C0071,P0496,2026-04-01,0.652,0.913,0.48,1.0,1.0,1,72072.72,84.0,false,false,Value Realized,Gray Group,Enterprise,AMER,Cloud NGFW for AWS SKU-0496,cloud_ngfw
C0071,P0496,2026-05-01,0.797,0.949,0.42,1.0,1.0,1,72072.72,83.7,false,false,Value Realized,Gray Group,Enterprise,AMER,Cloud NGFW for AWS SKU-0496,cloud_ngfw
C0071,P0496,2026-06-01,0.604,0.901,0.48,1.0,1.0,1,72072.72,83.5,false,false,Value Realized,Gray Group,Enterprise,AMER,Cloud NGFW for AWS SKU-0496,cloud_ngfw
C0075,P0255,2025-07-01,0.789,0.947,0.0,1.0,1.0,0,42092.31,73.1,false,false,Value Realized,Novak PLC,Enterprise,EMEA,VM-500 SKU-0255,software_ngfw
C0075,P0255,2025-08-01,0.823,0.956,0.0,1.0,1.0,1,42092.31,73.5,false,false,Value Realized,Novak PLC,Enterprise,EMEA,VM-500 SKU-0255,software_ngfw
C0075,P0255,2025-09-01,0.516,0.799,0.0,1.0,1.0,1,42092.31,68.0,false,false,Developing,Novak PLC,Enterprise,EMEA,VM-500 SKU-0255,software_ngfw
C0075,P0255,2025-10-01,0.945,0.986,0.0,1.0,1.0,1,42092.31,74.5,true,false,Value Realized,Novak PLC,Enterprise,EMEA,VM-500 SKU-0255,software_ngfw
C0075,P0255,2025-11-01,0.642,0.91,0.0,1.0,1.0,1,42092.31,71.9,false,false,Value Realized,Novak PLC,Enterprise,EMEA,VM-500 SKU-0255,software_ngfw
C0075,P0255,2025-12-01,0.864,0.966,0.0,1.0,1.0,1,42092.31,73.8,false,false,Value Realized,Novak PLC,Enterprise,EMEA,VM-500 SKU-0255,software_ngfw
C0075,P0255,2026-01-01,0.746,0.937,0.0,1.0,1.0,1,42092.31,72.8,false,false,Value Realized,Novak PLC,Enterprise,EMEA,VM-500 SKU-0255,software_ngfw
C0075,P0255,2026-02-01,0.796,0.949,0.117,1.0,1.0,1,42092.31,76.1,false,false,Value Realized,Novak PLC,Enterprise,EMEA,VM-500 SKU-0255,software_ngfw
C0075,P0255,2026-03-01,0.663,0.916,0.117,1.0,1.0,1,42092.31,75.0,false,false,Value Realized,Novak PLC,Enterprise,EMEA,VM-500 SKU-0255,software_ngfw
C0075,P0255,2026-04-01,0.797,0.949,0.233,1.0,1.0,1,42092.31,79.1,false,false,Value Realized,Novak PLC,Enterprise,EMEA,VM-500 SKU-0255,software_ngfw
C0075,P0255,2026-05-01,0.826,0.956,0.233,1.0,1.0,1,42092.31,79.3,false,false,Value Realized,Novak PLC,Enterprise,EMEA,VM-500 SKU-0255,software_ngfw
C0075,P0255,2026-06-01,0.513,0.795,0.333,1.0,1.0,1,42092.31,76.2,false,false,Value Realized,Novak PLC,Enterprise,EMEA,VM-500 SKU-0255,software_ngfw
C0076,P0481,2025-07-01,0.869,0.967,0.0,1.0,1.0,0,47607.78,73.9,false,false,Value Realized,"Daniels, Adkins and Brown",Enterprise,EMEA,CN-Series SKU-0481,software_ngfw
C0076,P0481,2025-08-01,0.668,0.917,0.2,1.0,1.0,1,47607.78,77.1,false,false,Value Realized,"Daniels, Adkins and Brown",Enterprise,EMEA,CN-Series SKU-0481,software_ngfw
C0076,P0481,2025-09-01,0.775,0.944,0.14,1.0,1.0,1,47607.78,76.5,false,false,Value Realized,"Daniels, Adkins and Brown",Enterprise,EMEA,CN-Series SKU-0481,software_ngfw
C0076,P0481,2025-10-01,0.667,0.917,0.14,1.0,1.0,1,47607.78,75.6,false,false,Value Realized,"Daniels, Adkins and Brown",Enterprise,EMEA,CN-Series SKU-0481,software_ngfw
C0076,P0481,2025-11-01,0.872,0.968,0.14,1.0,1.0,1,47607.78,77.4,false,false,Value Realized,"Daniels, Adkins and Brown",Enterprise,EMEA,CN-Series SKU-0481,software_ngfw
C0076,P0481,2025-12-01,0.82,0.955,0.14,1.0,1.0,1,47607.78,76.9,false,false,Value Realized,"Daniels, Adkins and Brown",Enterprise,EMEA,CN-Series SKU-0481,software_ngfw
C0076,P0481,2026-01-01,0.756,0.939,0.14,1.0,1.0,1,47607.78,76.4,false,false,Value Realized,"Daniels, Adkins and Brown",Enterprise,EMEA,CN-Series SKU-0481,software_ngfw
C0076,P0481,2026-02-01,0.877,0.969,0.14,1.0,1.0,1,47607.78,77.4,false,false,Value Realized,"Daniels, Adkins and Brown",Enterprise,EMEA,CN-Series SKU-0481,software_ngfw
C0076,P0481,2026-03-01,0.448,0.718,0.14,1.0,1.0,1,47607.78,68.6,false,false,Developing,"Daniels, Adkins and Brown",Enterprise,EMEA,CN-Series SKU-0481,software_ngfw
C0076,P0481,2026-04-01,0.711,0.928,0.28,1.0,1.0,1,47607.78,79.5,false,false,Value Realized,"Daniels, Adkins and Brown",Enterprise,EMEA,CN-Series SKU-0481,software_ngfw
C0076,P0481,2026-05-01,0.785,0.946,0.28,1.0,1.0,1,47607.78,80.1,false,false,Value Realized,"Daniels, Adkins and Brown",Enterprise,EMEA,CN-Series SKU-0481,software_ngfw
C0076,P0481,2026-06-01,0.685,0.921,0.28,1.0,1.0,1,47607.78,79.2,false,false,Value Realized,"Daniels, Adkins and Brown",Enterprise,EMEA,CN-Series SKU-0481,software_ngfw
C0081,P0317,2025-07-01,0.895,0.974,0.233,1.0,1.0,0,13631.28,79.9,false,false,Value Realized,"Sanchez, Wheeler and Harvey",Enterprise,APAC,VM-700 SKU-0317,software_ngfw
C0081,P0317,2025-08-01,0.72,0.93,0.233,1.0,1.0,1,13631.28,78.4,false,false,Value Realized,"Sanchez, Wheeler and Harvey",Enterprise,APAC,VM-700 SKU-0317,software_ngfw
C0081,P0317,2025-09-01,0.715,0.929,0.233,1.0,1.0,1,13631.28,78.3,false,false,Value Realized,"Sanchez, Wheeler and Harvey",Enterprise,APAC,VM-700 SKU-0317,software_ngfw
C0081,P0317,2025-10-01,0.84,0.96,0.233,1.0,1.0,1,13631.28,79.4,false,false,Value Realized,"Sanchez, Wheeler and Harvey",Enterprise,APAC,VM-700 SKU-0317,software_ngfw
C0081,P0317,2025-11-01,0.801,0.95,0.333,1.0,1.0,1,13631.28,81.6,false,false,Value Realized,"Sanchez, Wheeler and Harvey",Enterprise,APAC,VM-700 SKU-0317,software_ngfw
C0081,P0317,2025-12-01,0.603,0.901,0.333,1.0,1.0,1,13631.28,79.9,false,false,Value Realized,"Sanchez, Wheeler and Harvey",Enterprise,APAC,VM-700 SKU-0317,software_ngfw
C0081,P0317,2026-01-01,0.597,0.896,0.233,1.0,1.0,1,13631.28,77.2,false,false,Value Realized,"Sanchez, Wheeler and Harvey",Enterprise,APAC,VM-700 SKU-0317,software_ngfw
C0081,P0317,2026-02-01,0.687,0.922,0.567,1.0,1.0,1,13631.28,86.4,false,false,Value Realized,"Sanchez, Wheeler and Harvey",Enterprise,APAC,VM-700 SKU-0317,software_ngfw
C0081,P0317,2026-03-01,0.874,0.969,0.567,1.0,1.0,1,13631.28,88.1,false,false,Value Realized,"Sanchez, Wheeler and Harvey",Enterprise,APAC,VM-700 SKU-0317,software_ngfw
C0081,P0317,2026-04-01,0.755,0.939,0.467,1.0,1.0,1,13631.28,84.5,false,false,Value Realized,"Sanchez, Wheeler and Harvey",Enterprise,APAC,VM-700 SKU-0317,software_ngfw
C0081,P0317,2026-05-01,0.61,0.903,0.567,1.0,1.0,1,13631.28,85.8,false,false,Value Realized,"Sanchez, Wheeler and Harvey",Enterprise,APAC,VM-700 SKU-0317,software_ngfw
C0081,P0317,2026-06-01,0.82,0.955,0.467,1.0,1.0,1,13631.28,85.1,false,false,Value Realized,"Sanchez, Wheeler and Harvey",Enterprise,APAC,VM-700 SKU-0317,software_ngfw
C0091,P0395,2025-07-01,0.789,0.947,0.0,1.0,1.0,0,84375.0,73.2,false,false,Value Realized,"Turner, Riggs and Roman",Enterprise,EMEA,Cloud NGFW for Azure SKU-0395,cloud_ngfw
C0091,P0395,2025-08-01,0.771,0.943,0.0,1.0,1.0,1,84375.0,73.0,false,false,Value Realized,"Turner, Riggs and Roman",Enterprise,EMEA,Cloud NGFW for Azure SKU-0395,cloud_ngfw
C0091,P0395,2025-09-01,1.009,1.0,0.25,1.0,1.0,1,84375.0,81.3,false,false,Value Realized,"Turner, Riggs and Roman",Enterprise,EMEA,Cloud NGFW for Azure SKU-0395,cloud_ngfw
C0091,P0395,2025-10-01,0.734,0.934,0.425,1.0,1.0,1,84375.0,83.3,false,false,Value Realized,"Turner, Riggs and Roman",Enterprise,EMEA,Cloud NGFW for Azure SKU-0395,cloud_ngfw
C0091,P0395,2025-11-01,0.63,0.908,0.5,1.0,1.0,1,84375.0,84.3,false,false,Value Realized,"Turner, Riggs and Roman",Enterprise,EMEA,Cloud NGFW for Azure SKU-0395,cloud_ngfw
C0091,P0395,2025-12-01,0.73,0.933,0.425,1.0,1.0,1,84375.0,83.3,false,false,Value Realized,"Turner, Riggs and Roman",Enterprise,EMEA,Cloud NGFW for Azure SKU-0395,cloud_ngfw
C0091,P0395,2026-01-01,0.587,0.885,0.425,1.0,1.0,1,84375.0,81.6,false,false,Value Realized,"Turner, Riggs and Roman",Enterprise,EMEA,Cloud NGFW for Azure SKU-0395,cloud_ngfw
C0091,P0395,2026-02-01,0.753,0.938,0.35,1.0,1.0,1,84375.0,81.6,false,false,Value Realized,"Turner, Riggs and Roman",Enterprise,EMEA,Cloud NGFW for Azure SKU-0395,cloud_ngfw
C0091,P0395,2026-03-01,0.822,0.955,0.35,1.0,1.0,1,84375.0,82.2,false,false,Value Realized,"Turner, Riggs and Roman",Enterprise,EMEA,Cloud NGFW for Azure SKU-0395,cloud_ngfw
C0091,P0395,2026-04-01,0.67,0.917,0.425,1.0,1.0,1,84375.0,82.7,false,false,Value Realized,"Turner, Riggs and Roman",Enterprise,EMEA,Cloud NGFW for Azure SKU-0395,cloud_ngfw
C0091,P0395,2026-05-01,0.709,0.927,0.35,1.0,1.0,1,84375.0,81.2,false,false,Value Realized,"Turner, Riggs and Roman",Enterprise,EMEA,Cloud NGFW for Azure SKU-0395,cloud_ngfw
C0091,P0395,2026-06-01,0.603,0.901,0.425,1.0,1.0,1,84375.0,82.2,false,false,Value Realized,"Turner, Riggs and Roman",Enterprise,EMEA,Cloud NGFW for Azure SKU-0395,cloud_ngfw
C0093,P0156,2025-09-01,0.93,0.982,0.0,1.0,1.0,0,47435.4,74.4,true,false,Value Realized,"Garcia, Humphrey and Baker",Enterprise,LATAM,VM-100 SKU-0156,software_ngfw
C0093,P0156,2025-10-01,0.858,0.964,0.0,1.0,1.0,1,47435.4,73.8,false,false,Value Realized,"Garcia, Humphrey and Baker",Enterprise,LATAM,VM-100 SKU-0156,software_ngfw
C0093,P0156,2025-11-01,0.442,0.711,0.0,1.0,1.0,1,47435.4,64.9,false,false,Developing,"Garcia, Humphrey and Baker",Enterprise,LATAM,VM-100 SKU-0156,software_ngfw
C0093,P0156,2025-12-01,0.571,0.865,0.0,1.0,1.0,1,47435.4,70.3,false,false,Value Realized,"Garcia, Humphrey and Baker",Enterprise,LATAM,VM-100 SKU-0156,software_ngfw
C0093,P0156,2026-01-01,0.666,0.916,0.175,1.0,1.0,1,47435.4,76.4,false,false,Value Realized,"Garcia, Humphrey and Baker",Enterprise,LATAM,VM-100 SKU-0156,software_ngfw
C0093,P0156,2026-02-01,0.51,0.792,0.25,1.0,1.0,1,47435.4,74.0,false,false,Value Realized,"Garcia, Humphrey and Baker",Enterprise,LATAM,VM-100 SKU-0156,software_ngfw
C0093,P0156,2026-03-01,0.948,0.987,0.25,1.0,1.0,1,47435.4,80.8,false,false,Value Realized,"Garcia, Humphrey and Baker",Enterprise,LATAM,VM-100 SKU-0156,software_ngfw
C0093,P0156,2026-04-01,0.901,0.975,0.175,1.0,1.0,1,47435.4,78.5,true,false,Value Realized,"Garcia, Humphrey and Baker",Enterprise,LATAM,VM-100 SKU-0156,software_ngfw
C0093,P0156,2026-05-01,0.603,0.901,0.175,1.0,1.0,1,47435.4,75.9,false,false,Value Realized,"Garcia, Humphrey and Baker",Enterprise,LATAM,VM-100 SKU-0156,software_ngfw
C0093,P0156,2026-06-01,0.696,0.924,0.25,1.0,1.0,1,47435.4,78.6,false,false,Value Realized,"Garcia, Humphrey and Baker",Enterprise,LATAM,VM-100 SKU-0156,software_ngfw
C0098,P0154,2025-07-01,1.62,0.8,0.2,1.0,1.0,0,55687.5,73.0,true,true,Value Realized,Davis Group,Mid-Market,EMEA,Cloud NGFW for Azure SKU-0154,cloud_ngfw
C0098,P0154,2025-08-01,1.334,0.8,0.8,1.0,1.0,1,55687.5,88.0,false,true,Value Realized,Davis Group,Mid-Market,EMEA,Cloud NGFW for Azure SKU-0154,cloud_ngfw
C0098,P0154,2025-09-01,1.089,1.0,0.8,1.0,1.0,1,55687.5,95.0,false,false,Value Realized,Davis Group,Mid-Market,EMEA,Cloud NGFW for Azure SKU-0154,cloud_ngfw
C0098,P0154,2025-10-01,1.516,0.8,0.8,1.0,1.0,1,55687.5,88.0,false,true,Value Realized,Davis Group,Mid-Market,EMEA,Cloud NGFW for Azure SKU-0154,cloud_ngfw
C0098,P0154,2025-11-01,1.161,1.0,0.8,1.0,1.0,1,55687.5,95.0,false,false,Value Realized,Davis Group,Mid-Market,EMEA,Cloud NGFW for Azure SKU-0154,cloud_ngfw
C0098,P0154,2025-12-01,1.419,0.8,0.8,1.0,1.0,1,55687.5,88.0,false,true,Value Realized,Davis Group,Mid-Market,EMEA,Cloud NGFW for Azure SKU-0154,cloud_ngfw
C0098,P0154,2026-01-01,1.453,0.8,0.8,1.0,1.0,1,55687.5,88.0,false,true,Value Realized,Davis Group,Mid-Market,EMEA,Cloud NGFW for Azure SKU-0154,cloud_ngfw
C0098,P0154,2026-02-01,1.318,0.8,0.8,1.0,1.0,1,55687.5,88.0,false,true,Value Realized,Davis Group,Mid-Market,EMEA,Cloud NGFW for Azure SKU-0154,cloud_ngfw
C0098,P0154,2026-03-01,1.486,0.8,0.8,1.0,1.0,1,55687.5,88.0,false,true,Value Realized,Davis Group,Mid-Market,EMEA,Cloud NGFW for Azure SKU-0154,cloud_ngfw
C0098,P0154,2026-04-01,1.391,0.8,0.8,1.0,1.0,1,55687.5,88.0,false,true,Value Realized,Davis Group,Mid-Market,EMEA,Cloud NGFW for Azure SKU-0154,cloud_ngfw
C0098,P0154,2026-05-01,1.251,0.8,0.8,1.0,1.0,1,55687.5,88.0,false,true,Value Realized,Davis Group,Mid-Market,EMEA,Cloud NGFW for Azure SKU-0154,cloud_ngfw
C0098,P0154,2026-06-01,1.588,0.8,0.8,1.0,1.0,1,55687.5,88.0,false,true,Value Realized,Davis Group,Mid-Market,EMEA,Cloud NGFW for Azure SKU-0154,cloud_ngfw
C0002,P0426,2025-07-01,0.0,0.0,0.0,0.0,,0,325438.76,0.0,false,false,Grace Period,Doyle Ltd,Mid-Market,APAC,Prisma Access Mobile Users SKU-0426,sase
C0002,P0426,2025-08-01,0.0,0.0,0.0,0.0,0.467,0,325438.76,7.0,false,false,Shelfware Risk,Doyle Ltd,Mid-Market,APAC,Prisma Access Mobile Users SKU-0426,sase
C0002,P0426,2025-09-01,0.22,0.444,0.0,0.5,0.467,0,325438.76,35.0,false,false,Onboarding Stall,Doyle Ltd,Mid-Market,APAC,Prisma Access Mobile Users SKU-0426,sase
C0002,P0426,2025-10-01,0.48,0.756,0.0,0.8,0.467,1,325438.76,53.5,false,false,Onboarding Stall,Doyle Ltd,Mid-Market,APAC,Prisma Access Mobile Users SKU-0426,sase
C0002,P0426,2025-11-01,0.665,0.916,0.333,1.0,0.467,1,325438.76,72.4,false,false,Value Realized,Doyle Ltd,Mid-Market,APAC,Prisma Access Mobile Users SKU-0426,sase
C0002,P0426,2025-12-01,0.733,0.933,0.233,1.0,0.467,1,325438.76,70.5,false,false,Onboarding Stall,Doyle Ltd,Mid-Market,APAC,Prisma Access Mobile Users SKU-0426,sase
C0002,P0426,2026-01-01,0.739,0.935,0.233,1.0,0.467,1,325438.76,70.6,false,false,Onboarding Stall,Doyle Ltd,Mid-Market,APAC,Prisma Access Mobile Users SKU-0426,sase
C0002,P0426,2026-02-01,0.746,0.936,0.567,1.0,0.467,1,325438.76,78.9,false,false,Value Realized,Doyle Ltd,Mid-Market,APAC,Prisma Access Mobile Users SKU-0426,sase
C0002,P0426,2026-03-01,0.693,0.923,0.567,1.0,0.467,1,325438.76,78.5,false,false,Value Realized,Doyle Ltd,Mid-Market,APAC,Prisma Access Mobile Users SKU-0426,sase
C0002,P0426,2026-04-01,0.775,0.944,0.567,1.0,0.467,1,325438.76,79.2,false,false,Value Realized,Doyle Ltd,Mid-Market,APAC,Prisma Access Mobile Users SKU-0426,sase
C0002,P0426,2026-05-01,0.688,0.922,0.467,1.0,0.467,1,325438.76,75.9,false,false,Value Realized,Doyle Ltd,Mid-Market,APAC,Prisma Access Mobile Users SKU-0426,sase
C0002,P0426,2026-06-01,0.824,0.956,0.467,1.0,0.467,1,325438.76,77.1,false,false,Value Realized,Doyle Ltd,Mid-Market,APAC,Prisma Access Mobile Users SKU-0426,sase
C0004,P0086,2025-07-01,0.817,0.954,0.2,1.0,1.0,0,14620.32,78.4,false,false,Value Realized,Davis and Sons,Mid-Market,APAC,Prisma Access Browser SKU-0086,sase
C0004,P0086,2025-08-01,0.785,0.946,0.28,1.0,1.0,1,14620.32,80.1,false,false,Value Realized,Davis and Sons,Mid-Market,APAC,Prisma Access Browser SKU-0086,sase
C0004,P0086,2025-09-01,0.717,0.929,0.34,1.0,1.0,1,14620.32,81.0,false,false,Value Realized,Davis and Sons,Mid-Market,APAC,Prisma Access Browser SKU-0086,sase
C0004,P0086,2025-10-01,0.588,0.886,0.48,1.0,1.0,1,14620.32,83.0,false,false,Value Realized,Davis and Sons,Mid-Market,APAC,Prisma Access Browser SKU-0086,sase
C0004,P0086,2025-11-01,0.69,0.922,0.42,1.0,1.0,1,14620.32,82.8,false,false,Value Realized,Davis and Sons,Mid-Market,APAC,Prisma Access Browser SKU-0086,sase
C0004,P0086,2025-12-01,0.95,0.987,0.42,1.0,1.0,1,14620.32,85.1,false,false,Value Realized,Davis and Sons,Mid-Market,APAC,Prisma Access Browser SKU-0086,sase
C0004,P0086,2026-01-01,0.639,0.91,0.48,1.0,1.0,1,14620.32,83.8,false,false,Value Realized,Davis and Sons,Mid-Market,APAC,Prisma Access Browser SKU-0086,sase
C0004,P0086,2026-02-01,0.542,0.831,0.48,1.0,1.0,1,14620.32,81.1,false,false,Value Realized,Davis and Sons,Mid-Market,APAC,Prisma Access Browser SKU-0086,sase
C0004,P0086,2026-03-01,0.76,0.94,0.54,1.0,1.0,1,14620.32,86.4,false,false,Value Realized,Davis and Sons,Mid-Market,APAC,Prisma Access Browser SKU-0086,sase
C0004,P0086,2026-04-01,0.669,0.917,0.42,1.0,1.0,1,14620.32,82.6,false,false,Value Realized,Davis and Sons,Mid-Market,APAC,Prisma Access Browser SKU-0086,sase
C0004,P0086,2026-05-01,0.619,0.905,0.42,1.0,1.0,1,14620.32,82.2,false,false,Value Realized,Davis and Sons,Mid-Market,APAC,Prisma Access Browser SKU-0086,sase
C0004,P0086,2026-06-01,0.746,0.936,0.54,1.0,1.0,1,14620.32,86.3,false,false,Value Realized,Davis and Sons,Mid-Market,APAC,Prisma Access Browser SKU-0086,sase
C0004,P0401,2025-07-01,0.718,0.93,0.0,1.0,1.0,0,26760.44,72.5,false,false,Value Realized,Davis and Sons,Mid-Market,APAC,VM-500 SKU-0401,software_ngfw
C0004,P0401,2025-08-01,0.696,0.924,0.0,1.0,1.0,1,26760.44,72.3,false,false,Value Realized,Davis and Sons,Mid-Market,APAC,VM-500 SKU-0401,software_ngfw
C0004,P0401,2025-09-01,0.702,0.926,0.0,1.0,1.0,1,26760.44,72.4,false,false,Value Realized,Davis and Sons,Mid-Market,APAC,VM-500 SKU-0401,software_ngfw
C0004,P0401,2025-10-01,0.697,0.924,0.0,1.0,1.0,1,26760.44,72.4,false,false,Value Realized,Davis and Sons,Mid-Market,APAC,VM-500 SKU-0401,software_ngfw
C0004,P0401,2025-11-01,0.573,0.867,0.0,1.0,1.0,1,26760.44,70.4,false,false,Value Realized,Davis and Sons,Mid-Market,APAC,VM-500 SKU-0401,software_ngfw
C0004,P0401,2025-12-01,0.717,0.929,0.0,1.0,1.0,1,26760.44,72.5,false,false,Value Realized,Davis and Sons,Mid-Market,APAC,VM-500 SKU-0401,software_ngfw
C0004,P0401,2026-01-01,0.668,0.917,0.0,1.0,1.0,1,26760.44,72.1,false,false,Value Realized,Davis and Sons,Mid-Market,APAC,VM-500 SKU-0401,software_ngfw
C0004,P0401,2026-02-01,0.774,0.943,0.0,1.0,1.0,1,26760.44,73.0,false,false,Value Realized,Davis and Sons,Mid-Market,APAC,VM-500 SKU-0401,software_ngfw
C0004,P0401,2026-03-01,0.846,0.961,0.0,1.0,1.0,1,26760.44,73.7,false,false,Value Realized,Davis and Sons,Mid-Market,APAC,VM-500 SKU-0401,software_ngfw
C0004,P0401,2026-04-01,0.518,0.801,0.0,1.0,1.0,1,26760.44,68.0,false,false,Developing,Davis and Sons,Mid-Market,APAC,VM-500 SKU-0401,software_ngfw
C0004,P0401,2026-05-01,0.602,0.901,0.14,1.0,1.0,1,26760.44,75.0,false,false,Value Realized,Davis and Sons,Mid-Market,APAC,VM-500 SKU-0401,software_ngfw
C0004,P0401,2026-06-01,0.912,0.978,0.14,1.0,1.0,1,26760.44,77.7,true,false,Value Realized,Davis and Sons,Mid-Market,APAC,VM-500 SKU-0401,software_ngfw
C0011,P0154,2025-07-01,1.474,0.8,0.2,1.0,1.0,0,28761.6,73.0,true,true,Value Realized,Blair PLC,Enterprise,AMER,Cloud NGFW for Azure SKU-0154,cloud_ngfw
C0011,P0154,2025-08-01,1.406,0.8,0.8,1.0,1.0,1,28761.6,88.0,false,true,Value Realized,Blair PLC,Enterprise,AMER,Cloud NGFW for Azure SKU-0154,cloud_ngfw
C0011,P0154,2025-09-01,1.472,0.8,0.8,1.0,1.0,1,28761.6,88.0,false,true,Value Realized,Blair PLC,Enterprise,AMER,Cloud NGFW for Azure SKU-0154,cloud_ngfw
C0011,P0154,2025-10-01,1.279,0.8,0.8,1.0,1.0,1,28761.6,88.0,false,true,Value Realized,Blair PLC,Enterprise,AMER,Cloud NGFW for Azure SKU-0154,cloud_ngfw
C0011,P0154,2025-11-01,1.431,0.8,0.8,1.0,1.0,1,28761.6,88.0,false,true,Value Realized,Blair PLC,Enterprise,AMER,Cloud NGFW for Azure SKU-0154,cloud_ngfw
C0011,P0154,2025-12-01,1.338,0.8,0.8,1.0,1.0,1,28761.6,88.0,false,true,Value Realized,Blair PLC,Enterprise,AMER,Cloud NGFW for Azure SKU-0154,cloud_ngfw
C0011,P0154,2026-01-01,1.353,0.8,0.8,1.0,1.0,1,28761.6,88.0,false,true,Value Realized,Blair PLC,Enterprise,AMER,Cloud NGFW for Azure SKU-0154,cloud_ngfw
C0011,P0154,2026-02-01,1.407,0.8,0.8,1.0,1.0,1,28761.6,88.0,false,true,Value Realized,Blair PLC,Enterprise,AMER,Cloud NGFW for Azure SKU-0154,cloud_ngfw
C0011,P0154,2026-03-01,1.397,0.8,0.8,1.0,1.0,1,28761.6,88.0,false,true,Value Realized,Blair PLC,Enterprise,AMER,Cloud NGFW for Azure SKU-0154,cloud_ngfw
C0011,P0154,2026-04-01,1.337,0.8,0.8,1.0,1.0,1,28761.6,88.0,false,true,Value Realized,Blair PLC,Enterprise,AMER,Cloud NGFW for Azure SKU-0154,cloud_ngfw
C0011,P0154,2026-05-01,1.693,0.8,0.8,1.0,1.0,1,28761.6,88.0,false,true,Value Realized,Blair PLC,Enterprise,AMER,Cloud NGFW for Azure SKU-0154,cloud_ngfw
C0011,P0154,2026-06-01,1.253,0.8,0.8,1.0,1.0,1,28761.6,88.0,false,true,Value Realized,Blair PLC,Enterprise,AMER,Cloud NGFW for Azure SKU-0154,cloud_ngfw
C0021,P0381,2025-07-01,0.0,0.0,0.0,0.0,,0,160199.16,0.0,false,false,Grace Period,Gray-Mayo,Enterprise,AMER,Prisma Access Remote Networks SKU-0381,sase
C0021,P0381,2025-08-01,0.0,0.0,0.0,0.0,0.467,0,160199.16,7.0,false,false,Shelfware Risk,Gray-Mayo,Enterprise,AMER,Prisma Access Remote Networks SKU-0381,sase
C0021,P0381,2025-09-01,0.22,0.444,0.0,0.5,0.467,0,160199.16,35.0,false,false,Onboarding Stall,Gray-Mayo,Enterprise,AMER,Prisma Access Remote Networks SKU-0381,sase
C0021,P0381,2025-10-01,0.48,0.756,0.0,0.8,0.467,1,160199.16,53.5,false,false,Onboarding Stall,Gray-Mayo,Enterprise,AMER,Prisma Access Remote Networks SKU-0381,sase
C0021,P0381,2025-11-01,0.71,0.927,0.0,1.0,0.467,1,160199.16,64.5,false,false,Onboarding Stall,Gray-Mayo,Enterprise,AMER,Prisma Access Remote Networks SKU-0381,sase
C0021,P0381,2025-12-01,0.427,0.693,0.0,1.0,0.467,1,160199.16,56.2,false,false,Onboarding Stall,Gray-Mayo,Enterprise,AMER,Prisma Access Remote Networks SKU-0381,sase
C0021,P0381,2026-01-01,0.636,0.909,0.0,1.0,0.467,1,160199.16,63.8,false,false,Onboarding Stall,Gray-Mayo,Enterprise,AMER,Prisma Access Remote Networks SKU-0381,sase
C0021,P0381,2026-02-01,0.775,0.944,0.0,1.0,0.467,1,160199.16,65.0,false,false,Onboarding Stall,Gray-Mayo,Enterprise,AMER,Prisma Access Remote Networks SKU-0381,sase
C0021,P0381,2026-03-01,0.511,0.793,0.0,1.0,0.467,1,160199.16,59.8,false,false,Onboarding Stall,Gray-Mayo,Enterprise,AMER,Prisma Access Remote Networks SKU-0381,sase
C0021,P0381,2026-04-01,0.94,0.985,0.0,1.0,0.467,1,160199.16,66.5,true,false,Onboarding Stall,Gray-Mayo,Enterprise,AMER,Prisma Access Remote Networks SKU-0381,sase
C0021,P0381,2026-05-01,0.675,0.919,0.0,1.0,0.467,1,160199.16,64.2,false,false,Onboarding Stall,Gray-Mayo,Enterprise,AMER,Prisma Access Remote Networks SKU-0381,sase
C0021,P0381,2026-06-01,0.826,0.957,0.0,1.0,0.467,1,160199.16,65.5,false,false,Onboarding Stall,Gray-Mayo,Enterprise,AMER,Prisma Access Remote Networks SKU-0381,sase
C0033,P0344,2025-07-01,0.68,0.92,0.0,1.0,1.0,0,1582068.55,72.2,false,false,Value Realized,"Ferrell, Rice and Maddox",Enterprise,AMER,PA-410 SKU-0344,hardware_ngfw
C0033,P0344,2025-08-01,0.611,0.903,0.0,1.0,1.0,1,1582068.55,71.6,false,false,Value Realized,"Ferrell, Rice and Maddox",Enterprise,AMER,PA-410 SKU-0344,hardware_ngfw
C0033,P0344,2025-09-01,0.778,0.945,0.0,1.0,1.0,1,1582068.55,73.1,false,false,Value Realized,"Ferrell, Rice and Maddox",Enterprise,AMER,PA-410 SKU-0344,hardware_ngfw
C0033,P0344,2025-10-01,0.538,0.825,0.0,1.0,1.0,1,1582068.55,68.9,false,false,Developing,"Ferrell, Rice and Maddox",Enterprise,AMER,PA-410 SKU-0344,hardware_ngfw
C0033,P0344,2025-11-01,0.768,0.942,0.175,1.0,1.0,1,1582068.55,77.3,false,false,Value Realized,"Ferrell, Rice and Maddox",Enterprise,AMER,PA-410 SKU-0344,hardware_ngfw
C0033,P0344,2025-12-01,0.644,0.911,0.35,1.0,1.0,1,1582068.55,80.6,false,false,Value Realized,"Ferrell, Rice and Maddox",Enterprise,AMER,PA-410 SKU-0344,hardware_ngfw
C0033,P0344,2026-01-01,0.705,0.926,0.6,1.0,1.0,1,1582068.55,87.4,false,false,Value Realized,"Ferrell, Rice and Maddox",Enterprise,AMER,PA-410 SKU-0344,hardware_ngfw
C0033,P0344,2026-02-01,0.439,0.707,0.525,1.0,1.0,1,1582068.55,77.9,false,false,Value Realized,"Ferrell, Rice and Maddox",Enterprise,AMER,PA-410 SKU-0344,hardware_ngfw
C0033,P0344,2026-03-01,0.449,0.719,0.925,1.0,1.0,1,1582068.55,88.3,false,false,Value Realized,"Ferrell, Rice and Maddox",Enterprise,AMER,PA-410 SKU-0344,hardware_ngfw
C0033,P0344,2026-04-01,0.551,0.841,0.85,1.0,1.0,1,1582068.55,90.7,false,false,Value Realized,"Ferrell, Rice and Maddox",Enterprise,AMER,PA-410 SKU-0344,hardware_ngfw
C0033,P0344,2026-05-01,0.496,0.776,0.85,1.0,1.0,1,1582068.55,88.4,false,false,Value Realized,"Ferrell, Rice and Maddox",Enterprise,AMER,PA-410 SKU-0344,hardware_ngfw
C0033,P0344,2026-06-01,0.618,0.905,0.925,1.0,1.0,1,1582068.55,94.8,false,false,Value Realized,"Ferrell, Rice and Maddox",Enterprise,AMER,PA-410 SKU-0344,hardware_ngfw
C0034,P0391,2025-07-01,3.107,0.8,0.525,1.0,1.0,0,817420.47,81.1,false,true,Value Realized,Frazier Inc,Enterprise,AMER,PA-3440 SKU-0391,hardware_ngfw
C0034,P0391,2025-08-01,3.246,0.8,0.675,1.0,1.0,1,817420.47,84.9,false,true,Value Realized,Frazier Inc,Enterprise,AMER,PA-3440 SKU-0391,hardware_ngfw
C0034,P0391,2025-09-01,3.824,0.8,0.6,1.0,1.0,1,817420.47,83.0,false,true,Value Realized,Frazier Inc,Enterprise,AMER,PA-3440 SKU-0391,hardware_ngfw
C0034,P0391,2025-10-01,0.0,0.0,0.0,0.5,1.0,1,817420.47,27.5,false,false,Lapsed,Frazier Inc,Enterprise,AMER,PA-3440 SKU-0391,hardware_ngfw
C0034,P0391,2025-11-01,0.0,0.0,0.0,0.2,1.0,1,817420.47,20.0,false,false,Churn Signal,Frazier Inc,Enterprise,AMER,PA-3440 SKU-0391,hardware_ngfw
C0034,P0391,2025-12-01,0.0,0.0,0.0,0.0,1.0,1,817420.47,15.0,false,false,Churn Signal,Frazier Inc,Enterprise,AMER,PA-3440 SKU-0391,hardware_ngfw
C0034,P0391,2026-01-01,0.0,0.0,0.0,0.0,1.0,1,817420.47,15.0,false,false,Lapsed,Frazier Inc,Enterprise,AMER,PA-3440 SKU-0391,hardware_ngfw
C0034,P0391,2026-02-01,0.0,0.0,0.0,0.0,1.0,1,817420.47,15.0,false,false,Lapsed,Frazier Inc,Enterprise,AMER,PA-3440 SKU-0391,hardware_ngfw
C0034,P0391,2026-03-01,0.0,0.0,0.0,0.0,1.0,1,817420.47,15.0,false,false,Lapsed,Frazier Inc,Enterprise,AMER,PA-3440 SKU-0391,hardware_ngfw
C0034,P0391,2026-04-01,0.0,0.0,0.0,0.0,1.0,1,817420.47,15.0,false,false,Lapsed,Frazier Inc,Enterprise,AMER,PA-3440 SKU-0391,hardware_ngfw
C0034,P0391,2026-05-01,0.0,0.0,0.0,0.0,1.0,1,817420.47,15.0,false,false,Lapsed,Frazier Inc,Enterprise,AMER,PA-3440 SKU-0391,hardware_ngfw
C0034,P0391,2026-06-01,0.0,0.0,0.0,0.0,1.0,1,817420.47,15.0,false,false,Lapsed,Frazier Inc,Enterprise,AMER,PA-3440 SKU-0391,hardware_ngfw
C0039,P0310,2025-09-01,0.521,0.805,0.0,1.0,1.0,0,18576.2,68.2,false,false,Developing,Harrell LLC,Mid-Market,AMER,CN-Series SKU-0310,software_ngfw
C0039,P0310,2025-10-01,0.64,0.91,0.0,1.0,1.0,1,18576.2,71.8,false,false,Value Realized,Harrell LLC,Mid-Market,AMER,CN-Series SKU-0310,software_ngfw
C0039,P0310,2025-11-01,0.8,0.95,0.0,1.0,1.0,1,18576.2,73.3,false,false,Value Realized,Harrell LLC,Mid-Market,AMER,CN-Series SKU-0310,software_ngfw
C0039,P0310,2025-12-01,0.67,0.917,0.2,1.0,1.0,1,18576.2,77.1,false,false,Value Realized,Harrell LLC,Mid-Market,AMER,CN-Series SKU-0310,software_ngfw
C0039,P0310,2026-01-01,0.782,0.946,0.4,1.0,1.0,1,18576.2,83.1,false,false,Value Realized,Harrell LLC,Mid-Market,AMER,CN-Series SKU-0310,software_ngfw
C0039,P0310,2026-02-01,0.58,0.876,0.34,1.0,1.0,1,18576.2,79.2,false,false,Value Realized,Harrell LLC,Mid-Market,AMER,CN-Series SKU-0310,software_ngfw
C0039,P0310,2026-03-01,0.754,0.939,0.42,1.0,1.0,1,18576.2,83.4,false,false,Value Realized,Harrell LLC,Mid-Market,AMER,CN-Series SKU-0310,software_ngfw
C0039,P0310,2026-04-01,0.614,0.904,0.48,1.0,1.0,1,18576.2,83.6,false,false,Value Realized,Harrell LLC,Mid-Market,AMER,CN-Series SKU-0310,software_ngfw
C0039,P0310,2026-05-01,0.765,0.941,0.62,1.0,1.0,1,18576.2,88.4,false,false,Value Realized,Harrell LLC,Mid-Market,AMER,CN-Series SKU-0310,software_ngfw
C0039,P0310,2026-06-01,0.69,0.923,0.8,1.0,1.0,1,18576.2,92.3,false,false,Value Realized,Harrell LLC,Mid-Market,AMER,CN-Series SKU-0310,software_ngfw
C0042,P0081,2025-07-01,0.573,0.868,0.0,1.0,1.0,0,35676.21,70.4,false,false,Value Realized,George Group,Enterprise,EMEA,Cloud NGFW for AWS SKU-0081,cloud_ngfw
C0042,P0081,2025-08-01,0.793,0.948,0.0,1.0,1.0,1,35676.21,73.2,false,false,Value Realized,George Group,Enterprise,EMEA,Cloud NGFW for AWS SKU-0081,cloud_ngfw
C0042,P0081,2025-09-01,0.84,0.96,0.0,1.0,1.0,1,35676.21,73.6,false,false,Value Realized,George Group,Enterprise,EMEA,Cloud NGFW for AWS SKU-0081,cloud_ngfw
C0042,P0081,2025-10-01,0.62,0.905,0.0,1.0,1.0,1,35676.21,71.7,false,false,Value Realized,George Group,Enterprise,EMEA,Cloud NGFW for AWS SKU-0081,cloud_ngfw
C0042,P0081,2025-11-01,0.792,0.948,0.0,1.0,1.0,1,35676.21,73.2,false,false,Value Realized,George Group,Enterprise,EMEA,Cloud NGFW for AWS SKU-0081,cloud_ngfw
C0042,P0081,2025-12-01,0.654,0.914,0.567,1.0,1.0,1,35676.21,86.1,false,false,Value Realized,George Group,Enterprise,EMEA,Cloud NGFW for AWS SKU-0081,cloud_ngfw
C0042,P0081,2026-01-01,0.73,0.932,0.567,1.0,1.0,1,35676.21,86.8,false,false,Value Realized,George Group,Enterprise,EMEA,Cloud NGFW for AWS SKU-0081,cloud_ngfw
C0042,P0081,2026-02-01,0.641,0.91,1.0,1.0,1.0,1,35676.21,96.9,false,false,Value Realized,George Group,Enterprise,EMEA,Cloud NGFW for AWS SKU-0081,cloud_ngfw
C0042,P0081,2026-03-01,0.723,0.931,0.7,1.0,1.0,1,35676.21,90.1,false,false,Value Realized,George Group,Enterprise,EMEA,Cloud NGFW for AWS SKU-0081,cloud_ngfw
C0042,P0081,2026-04-01,0.795,0.949,0.8,1.0,1.0,1,35676.21,93.2,false,false,Value Realized,George Group,Enterprise,EMEA,Cloud NGFW for AWS SKU-0081,cloud_ngfw
C0042,P0081,2026-05-01,0.766,0.941,0.8,1.0,1.0,1,35676.21,93.0,false,false,Value Realized,George Group,Enterprise,EMEA,Cloud NGFW for AWS SKU-0081,cloud_ngfw
C0042,P0081,2026-06-01,0.831,0.958,0.9,1.0,1.0,1,35676.21,96.0,false,false,Value Realized,George Group,Enterprise,EMEA,Cloud NGFW for AWS SKU-0081,cloud_ngfw
C0055,P0093,2025-07-01,0.0,0.0,0.0,0.0,,0,324934.01,0.0,false,false,Grace Period,Jones Inc,Enterprise,AMER,PA-5410 SKU-0093,hardware_ngfw
C0055,P0093,2025-08-01,0.0,0.0,0.0,0.0,0.0,0,324934.01,0.0,false,false,Shelfware Risk,Jones Inc,Enterprise,AMER,PA-5410 SKU-0093,hardware_ngfw
C0055,P0093,2025-09-01,0.0,0.0,0.0,0.0,0.0,0,324934.01,0.0,false,false,Shelfware Risk,Jones Inc,Enterprise,AMER,PA-5410 SKU-0093,hardware_ngfw
C0055,P0093,2025-10-01,0.0,0.0,0.0,0.0,0.0,0,324934.01,0.0,false,false,Shelfware Risk,Jones Inc,Enterprise,AMER,PA-5410 SKU-0093,hardware_ngfw
C0055,P0093,2025-11-01,0.0,0.0,0.0,0.0,0.0,0,324934.01,0.0,false,false,Shelfware Risk,Jones Inc,Enterprise,AMER,PA-5410 SKU-0093,hardware_ngfw
C0055,P0093,2025-12-01,0.0,0.0,0.0,0.0,0.0,0,324934.01,0.0,false,false,Shelfware Risk,Jones Inc,Enterprise,AMER,PA-5410 SKU-0093,hardware_ngfw
C0055,P0093,2026-01-01,0.0,0.0,0.0,0.0,0.0,0,324934.01,0.0,false,false,Shelfware Risk,Jones Inc,Enterprise,AMER,PA-5410 SKU-0093,hardware_ngfw
C0055,P0093,2026-02-01,0.0,0.0,0.0,0.0,0.0,0,324934.01,0.0,false,false,Shelfware Risk,Jones Inc,Enterprise,AMER,PA-5410 SKU-0093,hardware_ngfw
C0055,P0093,2026-03-01,0.0,0.0,0.0,0.0,0.0,0,324934.01,0.0,false,false,Shelfware Risk,Jones Inc,Enterprise,AMER,PA-5410 SKU-0093,hardware_ngfw
C0055,P0093,2026-04-01,0.0,0.0,0.0,0.0,0.0,0,324934.01,0.0,false,false,Shelfware Risk,Jones Inc,Enterprise,AMER,PA-5410 SKU-0093,hardware_ngfw
C0055,P0093,2026-05-01,0.0,0.0,0.0,0.0,0.0,0,324934.01,0.0,false,false,Shelfware Risk,Jones Inc,Enterprise,AMER,PA-5410 SKU-0093,hardware_ngfw
C0055,P0093,2026-06-01,0.0,0.0,0.0,0.0,0.0,0,324934.01,0.0,false,false,Shelfware Risk,Jones Inc,Enterprise,AMER,PA-5410 SKU-0093,hardware_ngfw
C0059,P0187,2025-07-01,0.869,0.967,0.0,1.0,1.0,0,492408.4,73.9,false,false,Value Realized,Lee-Davis,Mid-Market,LATAM,Prisma Access Remote Networks SKU-0187,sase
C0059,P0187,2025-08-01,0.433,0.699,0.0,1.0,1.0,1,492408.4,64.5,false,false,Developing,Lee-Davis,Mid-Market,LATAM,Prisma Access Remote Networks SKU-0187,sase
C0059,P0187,2025-09-01,0.87,0.968,0.0,1.0,1.0,1,492408.4,73.9,false,false,Value Realized,Lee-Davis,Mid-Market,LATAM,Prisma Access Remote Networks SKU-0187,sase
C0059,P0187,2025-10-01,0.672,0.918,0.0,1.0,1.0,1,492408.4,72.1,false,false,Value Realized,Lee-Davis,Mid-Market,LATAM,Prisma Access Remote Networks SKU-0187,sase
C0059,P0187,2025-11-01,0.762,0.94,0.0,1.0,1.0,1,492408.4,72.9,false,false,Value Realized,Lee-Davis,Mid-Market,LATAM,Prisma Access Remote Networks SKU-0187,sase
C0059,P0187,2025-12-01,1.029,1.0,0.0,1.0,1.0,1,492408.4,75.0,true,false,Value Realized,Lee-Davis,Mid-Market,LATAM,Prisma Access Remote Networks SKU-0187,sase
C0059,P0187,2026-01-01,0.642,0.911,0.0,1.0,1.0,1,492408.4,71.9,false,false,Value Realized,Lee-Davis,Mid-Market,LATAM,Prisma Access Remote Networks SKU-0187,sase
C0059,P0187,2026-02-01,0.779,0.945,0.0,1.0,1.0,1,492408.4,73.1,false,false,Value Realized,Lee-Davis,Mid-Market,LATAM,Prisma Access Remote Networks SKU-0187,sase
C0059,P0187,2026-03-01,0.7,0.925,0.233,1.0,1.0,1,492408.4,78.2,false,false,Value Realized,Lee-Davis,Mid-Market,LATAM,Prisma Access Remote Networks SKU-0187,sase
C0059,P0187,2026-04-01,0.962,0.991,0.35,1.0,1.0,1,492408.4,83.4,false,false,Value Realized,Lee-Davis,Mid-Market,LATAM,Prisma Access Remote Networks SKU-0187,sase
C0059,P0187,2026-05-01,0.836,0.959,0.4,1.0,1.0,1,492408.4,83.6,false,false,Value Realized,Lee-Davis,Mid-Market,LATAM,Prisma Access Remote Networks SKU-0187,sase
C0059,P0187,2026-06-01,0.421,0.685,0.35,1.0,1.0,1,492408.4,72.7,false,false,Value Realized,Lee-Davis,Mid-Market,LATAM,Prisma Access Remote Networks SKU-0187,sase
C0060,P0288,2025-10-01,0.731,0.933,0.0,1.0,1.0,0,22507.83,72.7,false,false,Value Realized,Gomez-Jenkins,Mid-Market,EMEA,VM-700 SKU-0288,software_ngfw
C0060,P0288,2025-11-01,0.842,0.961,0.0,1.0,1.0,1,22507.83,73.6,false,false,Value Realized,Gomez-Jenkins,Mid-Market,EMEA,VM-700 SKU-0288,software_ngfw
C0060,P0288,2025-12-01,0.661,0.915,0.0,1.0,1.0,1,22507.83,72.0,false,false,Value Realized,Gomez-Jenkins,Mid-Market,EMEA,VM-700 SKU-0288,software_ngfw
C0060,P0288,2026-01-01,0.781,0.945,0.0,1.0,1.0,1,22507.83,73.1,false,false,Value Realized,Gomez-Jenkins,Mid-Market,EMEA,VM-700 SKU-0288,software_ngfw
C0060,P0288,2026-02-01,0.976,0.994,0.2,1.0,1.0,1,22507.83,79.8,true,false,Value Realized,Gomez-Jenkins,Mid-Market,EMEA,VM-700 SKU-0288,software_ngfw
C0060,P0288,2026-03-01,0.687,0.922,0.2,1.0,1.0,1,22507.83,77.3,false,false,Value Realized,Gomez-Jenkins,Mid-Market,EMEA,VM-700 SKU-0288,software_ngfw
C0060,P0288,2026-04-01,0.955,0.989,0.2,1.0,1.0,1,22507.83,79.6,true,false,Value Realized,Gomez-Jenkins,Mid-Market,EMEA,VM-700 SKU-0288,software_ngfw
C0060,P0288,2026-05-01,0.665,0.916,0.2,1.0,1.0,1,22507.83,77.1,false,false,Value Realized,Gomez-Jenkins,Mid-Market,EMEA,VM-700 SKU-0288,software_ngfw
C0060,P0288,2026-06-01,0.803,0.951,0.14,1.0,1.0,1,22507.83,76.8,false,false,Value Realized,Gomez-Jenkins,Mid-Market,EMEA,VM-700 SKU-0288,software_ngfw
C0064,P0003,2025-07-01,0.912,0.978,0.0,1.0,1.0,0,109467.41,74.2,true,false,Value Realized,"West, Henderson and Ramirez",Mid-Market,APAC,PA-5445 SKU-0003,hardware_ngfw
C0064,P0003,2025-08-01,0.895,0.974,0.0,1.0,1.0,1,109467.41,74.1,false,false,Value Realized,"West, Henderson and Ramirez",Mid-Market,APAC,PA-5445 SKU-0003,hardware_ngfw
C0064,P0003,2025-09-01,0.718,0.929,0.2,1.0,1.0,1,109467.41,77.5,false,false,Value Realized,"West, Henderson and Ramirez",Mid-Market,APAC,PA-5445 SKU-0003,hardware_ngfw
C0064,P0003,2025-10-01,0.787,0.947,0.14,1.0,1.0,1,109467.41,76.6,false,false,Value Realized,"West, Henderson and Ramirez",Mid-Market,APAC,PA-5445 SKU-0003,hardware_ngfw
C0064,P0003,2025-11-01,0.462,0.734,0.2,1.0,1.0,1,109467.41,70.7,false,false,Value Realized,"West, Henderson and Ramirez",Mid-Market,APAC,PA-5445 SKU-0003,hardware_ngfw
C0064,P0003,2025-12-01,0.837,0.959,0.14,1.0,1.0,1,109467.41,77.1,false,false,Value Realized,"West, Henderson and Ramirez",Mid-Market,APAC,PA-5445 SKU-0003,hardware_ngfw
C0064,P0003,2026-01-01,0.763,0.941,0.14,1.0,1.0,1,109467.41,76.4,false,false,Value Realized,"West, Henderson and Ramirez",Mid-Market,APAC,PA-5445 SKU-0003,hardware_ngfw
C0064,P0003,2026-02-01,0.852,0.963,0.34,1.0,1.0,1,109467.41,82.2,false,false,Value Realized,"West, Henderson and Ramirez",Mid-Market,APAC,PA-5445 SKU-0003,hardware_ngfw
C0064,P0003,2026-03-01,0.418,0.681,0.28,1.0,1.0,1,109467.41,70.8,false,false,Value Realized,"West, Henderson and Ramirez",Mid-Market,APAC,PA-5445 SKU-0003,hardware_ngfw
C0064,P0003,2026-04-01,0.781,0.945,0.28,1.0,1.0,1,109467.41,80.1,false,false,Value Realized,"West, Henderson and Ramirez",Mid-Market,APAC,PA-5445 SKU-0003,hardware_ngfw
C0064,P0003,2026-05-01,0.598,0.898,0.28,1.0,1.0,1,109467.41,78.4,false,false,Value Realized,"West, Henderson and Ramirez",Mid-Market,APAC,PA-5445 SKU-0003,hardware_ngfw
C0064,P0003,2026-06-01,0.759,0.94,0.34,1.0,1.0,1,109467.41,81.4,false,false,Value Realized,"West, Henderson and Ramirez",Mid-Market,APAC,PA-5445 SKU-0003,hardware_ngfw
C0064,P0316,2025-07-01,0.807,0.952,0.117,1.0,1.0,0,27159.3,76.2,false,false,Value Realized,"West, Henderson and Ramirez",Mid-Market,APAC,CN-Series SKU-0316,software_ngfw
C0064,P0316,2025-08-01,0.737,0.934,0.283,1.0,1.0,1,27159.3,79.8,false,false,Value Realized,"West, Henderson and Ramirez",Mid-Market,APAC,CN-Series SKU-0316,software_ngfw
C0064,P0316,2025-09-01,0.574,0.868,0.233,1.0,1.0,1,27159.3,76.2,false,false,Value Realized,"West, Henderson and Ramirez",Mid-Market,APAC,CN-Series SKU-0316,software_ngfw
C0064,P0316,2025-10-01,0.589,0.887,0.233,1.0,1.0,1,27159.3,76.9,false,false,Value Realized,"West, Henderson and Ramirez",Mid-Market,APAC,CN-Series SKU-0316,software_ngfw
C0064,P0316,2025-11-01,0.858,0.964,0.233,1.0,1.0,1,27159.3,79.6,false,false,Value Realized,"West, Henderson and Ramirez",Mid-Market,APAC,CN-Series SKU-0316,software_ngfw
C0064,P0316,2025-12-01,0.907,0.977,0.35,1.0,1.0,1,27159.3,82.9,false,false,Value Realized,"West, Henderson and Ramirez",Mid-Market,APAC,CN-Series SKU-0316,software_ngfw
C0064,P0316,2026-01-01,0.704,0.926,0.4,1.0,1.0,1,27159.3,82.4,false,false,Value Realized,"West, Henderson and Ramirez",Mid-Market,APAC,CN-Series SKU-0316,software_ngfw
C0064,P0316,2026-02-01,0.675,0.919,0.567,1.0,1.0,1,27159.3,86.3,false,false,Value Realized,"West, Henderson and Ramirez",Mid-Market,APAC,CN-Series SKU-0316,software_ngfw
C0064,P0316,2026-03-01,0.608,0.902,0.517,1.0,1.0,1,27159.3,84.5,false,false,Value Realized,"West, Henderson and Ramirez",Mid-Market,APAC,CN-Series SKU-0316,software_ngfw
C0064,P0316,2026-04-01,0.398,0.657,0.517,1.0,1.0,1,27159.3,75.9,false,false,Value Realized,"West, Henderson and Ramirez",Mid-Market,APAC,CN-Series SKU-0316,software_ngfw
C0064,P0316,2026-05-01,0.843,0.961,0.583,1.0,1.0,1,27159.3,88.2,false,false,Value Realized,"West, Henderson and Ramirez",Mid-Market,APAC,CN-Series SKU-0316,software_ngfw
C0064,P0316,2026-06-01,0.743,0.936,0.633,1.0,1.0,1,27159.3,88.6,false,false,Value Realized,"West, Henderson and Ramirez",Mid-Market,APAC,CN-Series SKU-0316,software_ngfw
C0065,P0305,2025-07-01,0.618,0.904,0.0,1.0,1.0,0,1148981.4,71.7,false,false,Value Realized,Baxter Inc,Mid-Market,LATAM,Prisma Access Remote Networks SKU-0305,sase
C0065,P0305,2025-08-01,0.667,0.917,0.0,1.0,1.0,1,1148981.4,72.1,false,false,Value Realized,Baxter Inc,Mid-Market,LATAM,Prisma Access Remote Networks SKU-0305,sase
C0065,P0305,2025-09-01,0.594,0.893,0.0,1.0,1.0,1,1148981.4,71.3,false,false,Value Realized,Baxter Inc,Mid-Market,LATAM,Prisma Access Remote Networks SKU-0305,sase
C0065,P0305,2025-10-01,0.829,0.957,0.0,1.0,1.0,1,1148981.4,73.5,false,false,Value Realized,Baxter Inc,Mid-Market,LATAM,Prisma Access Remote Networks SKU-0305,sase
C0065,P0305,2025-11-01,0.599,0.899,0.0,1.0,1.0,1,1148981.4,71.5,false,false,Value Realized,Baxter Inc,Mid-Market,LATAM,Prisma Access Remote Networks SKU-0305,sase
C0065,P0305,2025-12-01,0.78,0.945,0.175,1.0,1.0,1,1148981.4,77.4,false,false,Value Realized,Baxter Inc,Mid-Market,LATAM,Prisma Access Remote Networks SKU-0305,sase
C0065,P0305,2026-01-01,0.911,0.978,0.175,1.0,1.0,1,1148981.4,78.6,true,false,Value Realized,Baxter Inc,Mid-Market,LATAM,Prisma Access Remote Networks SKU-0305,sase
C0065,P0305,2026-02-01,1.085,1.0,0.25,1.0,1.0,1,1148981.4,81.3,false,false,Value Realized,Baxter Inc,Mid-Market,LATAM,Prisma Access Remote Networks SKU-0305,sase
C0065,P0305,2026-03-01,0.758,0.939,0.5,1.0,1.0,1,1148981.4,85.4,false,false,Value Realized,Baxter Inc,Mid-Market,LATAM,Prisma Access Remote Networks SKU-0305,sase
C0065,P0305,2026-04-01,0.673,0.918,0.675,1.0,1.0,1,1148981.4,89.0,false,false,Value Realized,Baxter Inc,Mid-Market,LATAM,Prisma Access Remote Networks SKU-0305,sase
C0065,P0305,2026-05-01,1.042,1.0,0.675,1.0,1.0,1,1148981.4,91.9,false,false,Value Realized,Baxter Inc,Mid-Market,LATAM,Prisma Access Remote Networks SKU-0305,sase
C0065,P0305,2026-06-01,0.671,0.918,0.6,1.0,1.0,1,1148981.4,87.1,false,false,Value Realized,Baxter Inc,Mid-Market,LATAM,Prisma Access Remote Networks SKU-0305,sase
C0069,P0341,2025-07-01,0.548,0.837,0.0,1.0,1.0,0,9581.22,69.3,false,false,Developing,Russell Group,Enterprise,AMER,VM-300 SKU-0341,software_ngfw
C0069,P0341,2025-08-01,0.74,0.935,0.0,1.0,1.0,1,9581.22,72.7,false,false,Value Realized,Russell Group,Enterprise,AMER,VM-300 SKU-0341,software_ngfw
C0069,P0341,2025-09-01,0.73,0.932,0.0,1.0,1.0,1,9581.22,72.6,false,false,Value Realized,Russell Group,Enterprise,AMER,VM-300 SKU-0341,software_ngfw
C0069,P0341,2025-10-01,0.726,0.932,0.167,1.0,1.0,1,9581.22,76.8,false,false,Value Realized,Russell Group,Enterprise,AMER,VM-300 SKU-0341,software_ngfw
C0069,P0341,2025-11-01,0.862,0.965,0.117,1.0,1.0,1,9581.22,76.7,false,false,Value Realized,Russell Group,Enterprise,AMER,VM-300 SKU-0341,software_ngfw
C0069,P0341,2025-12-01,0.68,0.92,0.35,1.0,1.0,1,9581.22,80.9,false,false,Value Realized,Russell Group,Enterprise,AMER,VM-300 SKU-0341,software_ngfw
C0069,P0341,2026-01-01,0.721,0.93,0.45,1.0,1.0,1,9581.22,83.8,false,false,Value Realized,Russell Group,Enterprise,AMER,VM-300 SKU-0341,software_ngfw
C0069,P0341,2026-02-01,0.69,0.923,0.567,1.0,1.0,1,9581.22,86.5,false,false,Value Realized,Russell Group,Enterprise,AMER,VM-300 SKU-0341,software_ngfw
C0069,P0341,2026-03-01,0.89,0.973,0.75,1.0,1.0,1,9581.22,92.8,false,false,Value Realized,Russell Group,Enterprise,AMER,VM-300 SKU-0341,software_ngfw
C0069,P0341,2026-04-01,0.491,0.769,0.75,1.0,1.0,1,9581.22,85.7,false,false,Value Realized,Russell Group,Enterprise,AMER,VM-300 SKU-0341,software_ngfw
C0069,P0341,2026-05-01,0.882,0.97,0.75,1.0,1.0,1,9581.22,92.7,false,false,Value Realized,Russell Group,Enterprise,AMER,VM-300 SKU-0341,software_ngfw
C0069,P0341,2026-06-01,0.638,0.909,0.75,1.0,1.0,1,9581.22,90.6,false,false,Value Realized,Russell Group,Enterprise,AMER,VM-300 SKU-0341,software_ngfw
C0072,P0377,2025-07-01,0.694,0.923,0.0,1.0,1.0,0,30383.57,72.3,false,false,Value Realized,House-Glover,Enterprise,EMEA,VM-100 SKU-0377,software_ngfw
C0072,P0377,2025-08-01,0.515,0.798,0.2,1.0,1.0,1,30383.57,72.9,false,false,Value Realized,House-Glover,Enterprise,EMEA,VM-100 SKU-0377,software_ngfw
C0072,P0377,2025-09-01,0.746,0.937,0.2,1.0,1.0,1,30383.57,77.8,false,false,Value Realized,House-Glover,Enterprise,EMEA,VM-100 SKU-0377,software_ngfw
C0072,P0377,2025-10-01,0.679,0.92,0.28,1.0,1.0,1,30383.57,79.2,false,false,Value Realized,House-Glover,Enterprise,EMEA,VM-100 SKU-0377,software_ngfw
C0072,P0377,2025-11-01,0.878,0.97,0.34,1.0,1.0,1,30383.57,82.4,false,false,Value Realized,House-Glover,Enterprise,EMEA,VM-100 SKU-0377,software_ngfw
C0072,P0377,2025-12-01,0.914,0.979,0.28,1.0,1.0,1,30383.57,81.2,false,false,Value Realized,House-Glover,Enterprise,EMEA,VM-100 SKU-0377,software_ngfw
C0072,P0377,2026-01-01,0.986,0.996,0.42,1.0,1.0,1,30383.57,85.4,false,false,Value Realized,House-Glover,Enterprise,EMEA,VM-100 SKU-0377,software_ngfw
C0072,P0377,2026-02-01,0.744,0.936,0.42,1.0,1.0,1,30383.57,83.3,false,false,Value Realized,House-Glover,Enterprise,EMEA,VM-100 SKU-0377,software_ngfw
C0072,P0377,2026-03-01,0.675,0.919,0.6,1.0,1.0,1,30383.57,87.2,false,false,Value Realized,House-Glover,Enterprise,EMEA,VM-100 SKU-0377,software_ngfw
C0072,P0377,2026-04-01,0.786,0.946,0.42,1.0,1.0,1,30383.57,83.6,false,false,Value Realized,House-Glover,Enterprise,EMEA,VM-100 SKU-0377,software_ngfw
C0072,P0377,2026-05-01,0.655,0.914,0.48,1.0,1.0,1,30383.57,84.0,false,false,Value Realized,House-Glover,Enterprise,EMEA,VM-100 SKU-0377,software_ngfw
C0072,P0377,2026-06-01,0.834,0.959,0.54,1.0,1.0,1,30383.57,87.0,false,false,Value Realized,House-Glover,Enterprise,EMEA,VM-100 SKU-0377,software_ngfw
C0073,P0457,2025-07-01,0.768,0.942,0.2,1.0,1.0,0,45577.44,78.0,false,false,Value Realized,Henderson-Bernard,Mid-Market,AMER,CN-Series SKU-0457,software_ngfw
C0073,P0457,2025-08-01,0.851,0.963,0.2,1.0,1.0,1,45577.44,78.7,false,false,Value Realized,Henderson-Bernard,Mid-Market,AMER,CN-Series SKU-0457,software_ngfw
C0073,P0457,2025-09-01,0.722,0.93,0.28,1.0,1.0,1,45577.44,79.6,false,false,Value Realized,Henderson-Bernard,Mid-Market,AMER,CN-Series SKU-0457,software_ngfw
C0073,P0457,2025-10-01,0.841,0.96,0.34,1.0,1.0,1,45577.44,82.1,false,false,Value Realized,Henderson-Bernard,Mid-Market,AMER,CN-Series SKU-0457,software_ngfw
C0073,P0457,2025-11-01,0.835,0.959,0.34,1.0,1.0,1,45577.44,82.1,false,false,Value Realized,Henderson-Bernard,Mid-Market,AMER,CN-Series SKU-0457,software_ngfw
C0073,P0457,2025-12-01,0.712,0.928,0.34,1.0,1.0,1,45577.44,81.0,false,false,Value Realized,Henderson-Bernard,Mid-Market,AMER,CN-Series SKU-0457,software_ngfw
C0073,P0457,2026-01-01,0.622,0.906,0.34,1.0,1.0,1,45577.44,80.2,false,false,Value Realized,Henderson-Bernard,Mid-Market,AMER,CN-Series SKU-0457,software_ngfw
C0073,P0457,2026-02-01,0.661,0.915,0.42,1.0,1.0,1,45577.44,82.5,false,false,Value Realized,Henderson-Bernard,Mid-Market,AMER,CN-Series SKU-0457,software_ngfw
C0073,P0457,2026-03-01,0.837,0.959,0.62,1.0,1.0,1,45577.44,89.1,false,false,Value Realized,Henderson-Bernard,Mid-Market,AMER,CN-Series SKU-0457,software_ngfw
C0073,P0457,2026-04-01,0.845,0.961,0.62,1.0,1.0,1,45577.44,89.1,false,false,Value Realized,Henderson-Bernard,Mid-Market,AMER,CN-Series SKU-0457,software_ngfw
C0073,P0457,2026-05-01,0.719,0.93,0.62,1.0,1.0,1,45577.44,88.0,false,false,Value Realized,Henderson-Bernard,Mid-Market,AMER,CN-Series SKU-0457,software_ngfw
C0073,P0457,2026-06-01,0.78,0.945,0.68,1.0,1.0,1,45577.44,90.1,false,false,Value Realized,Henderson-Bernard,Mid-Market,AMER,CN-Series SKU-0457,software_ngfw
C0074,P0268,2025-07-01,0.649,0.912,0.0,1.0,1.0,0,5662.18,71.9,false,false,Value Realized,"Stanley, Tucker and Lee",Enterprise,EMEA,VM-300 SKU-0268,software_ngfw
C0074,P0268,2025-08-01,0.49,0.768,0.0,1.0,1.0,1,5662.18,66.9,false,false,Developing,"Stanley, Tucker and Lee",Enterprise,EMEA,VM-300 SKU-0268,software_ngfw
C0074,P0268,2025-09-01,0.859,0.965,0.0,1.0,1.0,1,5662.18,73.8,false,false,Value Realized,"Stanley, Tucker and Lee",Enterprise,EMEA,VM-300 SKU-0268,software_ngfw
C0074,P0268,2025-10-01,0.596,0.895,0.167,1.0,1.0,1,5662.18,75.5,false,false,Value Realized,"Stanley, Tucker and Lee",Enterprise,EMEA,VM-300 SKU-0268,software_ngfw
C0074,P0268,2025-11-01,1.058,1.0,0.117,1.0,1.0,1,5662.18,77.9,true,false,Value Realized,"Stanley, Tucker and Lee",Enterprise,EMEA,VM-300 SKU-0268,software_ngfw
C0074,P0268,2025-12-01,0.72,0.93,0.233,1.0,1.0,1,5662.18,78.4,false,false,Value Realized,"Stanley, Tucker and Lee",Enterprise,EMEA,VM-300 SKU-0268,software_ngfw
C0074,P0268,2026-01-01,0.587,0.885,0.233,1.0,1.0,1,5662.18,76.8,false,false,Value Realized,"Stanley, Tucker and Lee",Enterprise,EMEA,VM-300 SKU-0268,software_ngfw
C0074,P0268,2026-02-01,0.77,0.943,0.283,1.0,1.0,1,5662.18,80.1,false,false,Value Realized,"Stanley, Tucker and Lee",Enterprise,EMEA,VM-300 SKU-0268,software_ngfw
C0074,P0268,2026-03-01,0.72,0.93,0.233,1.0,1.0,1,5662.18,78.4,false,false,Value Realized,"Stanley, Tucker and Lee",Enterprise,EMEA,VM-300 SKU-0268,software_ngfw
C0074,P0268,2026-04-01,1.0,1.0,0.283,1.0,1.0,1,5662.18,82.1,false,false,Value Realized,"Stanley, Tucker and Lee",Enterprise,EMEA,VM-300 SKU-0268,software_ngfw
C0074,P0268,2026-05-01,0.665,0.916,0.233,1.0,1.0,1,5662.18,77.9,false,false,Value Realized,"Stanley, Tucker and Lee",Enterprise,EMEA,VM-300 SKU-0268,software_ngfw
C0074,P0268,2026-06-01,0.604,0.901,0.283,1.0,1.0,1,5662.18,78.6,false,false,Value Realized,"Stanley, Tucker and Lee",Enterprise,EMEA,VM-300 SKU-0268,software_ngfw
C0075,P0150,2025-07-01,0.771,0.943,0.0,1.0,1.0,0,29318.0,73.0,false,false,Value Realized,Novak PLC,Enterprise,EMEA,Cloud NGFW for AWS SKU-0150,cloud_ngfw
C0075,P0150,2025-08-01,0.835,0.959,0.333,1.0,1.0,1,29318.0,81.9,false,false,Value Realized,Novak PLC,Enterprise,EMEA,Cloud NGFW for AWS SKU-0150,cloud_ngfw
C0075,P0150,2025-09-01,0.715,0.929,0.233,1.0,1.0,1,29318.0,78.3,false,false,Value Realized,Novak PLC,Enterprise,EMEA,Cloud NGFW for AWS SKU-0150,cloud_ngfw
C0075,P0150,2025-10-01,0.687,0.922,0.233,1.0,1.0,1,29318.0,78.1,false,false,Value Realized,Novak PLC,Enterprise,EMEA,Cloud NGFW for AWS SKU-0150,cloud_ngfw
C0075,P0150,2025-11-01,0.513,0.795,0.233,1.0,1.0,1,29318.0,73.7,false,false,Value Realized,Novak PLC,Enterprise,EMEA,Cloud NGFW for AWS SKU-0150,cloud_ngfw
C0075,P0150,2025-12-01,0.637,0.909,0.233,1.0,1.0,1,29318.0,77.7,false,false,Value Realized,Novak PLC,Enterprise,EMEA,Cloud NGFW for AWS SKU-0150,cloud_ngfw
C0075,P0150,2026-01-01,0.535,0.822,0.233,1.0,1.0,1,29318.0,74.6,false,false,Value Realized,Novak PLC,Enterprise,EMEA,Cloud NGFW for AWS SKU-0150,cloud_ngfw
C0075,P0150,2026-02-01,0.698,0.924,0.233,1.0,1.0,1,29318.0,78.2,false,false,Value Realized,Novak PLC,Enterprise,EMEA,Cloud NGFW for AWS SKU-0150,cloud_ngfw
C0075,P0150,2026-03-01,0.739,0.935,0.467,1.0,1.0,1,29318.0,84.4,false,false,Value Realized,Novak PLC,Enterprise,EMEA,Cloud NGFW for AWS SKU-0150,cloud_ngfw
C0075,P0150,2026-04-01,1.008,1.0,0.467,1.0,1.0,1,29318.0,86.7,false,false,Value Realized,Novak PLC,Enterprise,EMEA,Cloud NGFW for AWS SKU-0150,cloud_ngfw
C0075,P0150,2026-05-01,0.743,0.936,0.467,1.0,1.0,1,29318.0,84.4,false,false,Value Realized,Novak PLC,Enterprise,EMEA,Cloud NGFW for AWS SKU-0150,cloud_ngfw
C0075,P0150,2026-06-01,0.804,0.951,0.467,1.0,1.0,1,29318.0,84.9,false,false,Value Realized,Novak PLC,Enterprise,EMEA,Cloud NGFW for AWS SKU-0150,cloud_ngfw
C0079,P0139,2025-07-01,0.46,0.732,0.0,1.0,1.0,0,24670.35,65.6,false,false,Developing,Jones Inc,Enterprise,AMER,PA-440 SKU-0139,hardware_ngfw
C0079,P0139,2025-08-01,0.86,0.965,0.233,1.0,1.0,1,24670.35,79.6,false,false,Value Realized,Jones Inc,Enterprise,AMER,PA-440 SKU-0139,hardware_ngfw
C0079,P0139,2025-09-01,0.59,0.888,0.233,1.0,1.0,1,24670.35,76.9,false,false,Value Realized,Jones Inc,Enterprise,AMER,PA-440 SKU-0139,hardware_ngfw
C0079,P0139,2025-10-01,0.75,0.938,0.233,1.0,1.0,1,24670.35,78.6,false,false,Value Realized,Jones Inc,Enterprise,AMER,PA-440 SKU-0139,hardware_ngfw
C0079,P0139,2025-11-01,0.81,0.953,0.333,1.0,1.0,1,24670.35,81.7,false,false,Value Realized,Jones Inc,Enterprise,AMER,PA-440 SKU-0139,hardware_ngfw
C0079,P0139,2025-12-01,0.75,0.938,0.233,1.0,1.0,1,24670.35,78.6,false,false,Value Realized,Jones Inc,Enterprise,AMER,PA-440 SKU-0139,hardware_ngfw
C0079,P0139,2026-01-01,0.8,0.95,0.333,1.0,1.0,1,24670.35,81.6,false,false,Value Realized,Jones Inc,Enterprise,AMER,PA-440 SKU-0139,hardware_ngfw
C0079,P0139,2026-02-01,0.91,0.978,0.567,1.0,1.0,1,24670.35,88.4,false,false,Value Realized,Jones Inc,Enterprise,AMER,PA-440 SKU-0139,hardware_ngfw
C0079,P0139,2026-03-01,0.8,0.95,0.567,1.0,1.0,1,24670.35,87.4,false,false,Value Realized,Jones Inc,Enterprise,AMER,PA-440 SKU-0139,hardware_ngfw
C0079,P0139,2026-04-01,0.59,0.888,0.567,1.0,1.0,1,24670.35,85.2,false,false,Value Realized,Jones Inc,Enterprise,AMER,PA-440 SKU-0139,hardware_ngfw
C0079,P0139,2026-05-01,0.64,0.91,0.567,1.0,1.0,1,24670.35,86.0,false,false,Value Realized,Jones Inc,Enterprise,AMER,PA-440 SKU-0139,hardware_ngfw
C0079,P0139,2026-06-01,0.61,0.903,0.567,1.0,1.0,1,24670.35,85.8,false,false,Value Realized,Jones Inc,Enterprise,AMER,PA-440 SKU-0139,hardware_ngfw
C0086,P0116,2025-07-01,0.637,0.909,0.14,1.0,1.0,0,46973.55,75.3,false,false,Value Realized,Smith PLC,Mid-Market,EMEA,CN-Series SKU-0116,software_ngfw
C0086,P0116,2025-08-01,0.547,0.837,0.14,1.0,1.0,1,46973.55,72.8,false,false,Value Realized,Smith PLC,Mid-Market,EMEA,CN-Series SKU-0116,software_ngfw
C0086,P0116,2025-09-01,0.781,0.945,0.14,1.0,1.0,1,46973.55,76.6,false,false,Value Realized,Smith PLC,Mid-Market,EMEA,CN-Series SKU-0116,software_ngfw
C0086,P0116,2025-10-01,0.861,0.965,0.28,1.0,1.0,1,46973.55,80.8,false,false,Value Realized,Smith PLC,Mid-Market,EMEA,CN-Series SKU-0116,software_ngfw
C0086,P0116,2025-11-01,0.814,0.953,0.28,1.0,1.0,1,46973.55,80.4,false,false,Value Realized,Smith PLC,Mid-Market,EMEA,CN-Series SKU-0116,software_ngfw
C0086,P0116,2025-12-01,1.024,1.0,0.34,1.0,1.0,1,46973.55,83.5,false,false,Value Realized,Smith PLC,Mid-Market,EMEA,CN-Series SKU-0116,software_ngfw
C0086,P0116,2026-01-01,0.662,0.916,0.34,1.0,1.0,1,46973.55,80.5,false,false,Value Realized,Smith PLC,Mid-Market,EMEA,CN-Series SKU-0116,software_ngfw
C0086,P0116,2026-02-01,0.693,0.923,0.4,1.0,1.0,1,46973.55,82.3,false,false,Value Realized,Smith PLC,Mid-Market,EMEA,CN-Series SKU-0116,software_ngfw
C0086,P0116,2026-03-01,0.676,0.919,0.28,1.0,1.0,1,46973.55,79.2,false,false,Value Realized,Smith PLC,Mid-Market,EMEA,CN-Series SKU-0116,software_ngfw
C0086,P0116,2026-04-01,0.451,0.721,0.34,1.0,1.0,1,46973.55,73.7,false,false,Value Realized,Smith PLC,Mid-Market,EMEA,CN-Series SKU-0116,software_ngfw
C0086,P0116,2026-05-01,0.495,0.774,0.34,1.0,1.0,1,46973.55,75.6,false,false,Value Realized,Smith PLC,Mid-Market,EMEA,CN-Series SKU-0116,software_ngfw
C0086,P0116,2026-06-01,0.667,0.917,0.28,1.0,1.0,1,46973.55,79.1,false,false,Value Realized,Smith PLC,Mid-Market,EMEA,CN-Series SKU-0116,software_ngfw
C0087,P0006,2025-07-01,1.63,0.8,0.5,1.0,1.0,0,344094.4,80.5,false,true,Value Realized,"Ferrell, Jones and Lewis",Mid-Market,AMER,PA-440 SKU-0006,hardware_ngfw
C0087,P0006,2025-08-01,1.552,0.8,0.667,1.0,1.0,1,344094.4,84.7,false,true,Value Realized,"Ferrell, Jones and Lewis",Mid-Market,AMER,PA-440 SKU-0006,hardware_ngfw
C0087,P0006,2025-09-01,1.503,0.8,0.667,1.0,1.0,1,344094.4,84.7,false,true,Value Realized,"Ferrell, Jones and Lewis",Mid-Market,AMER,PA-440 SKU-0006,hardware_ngfw
C0087,P0006,2025-10-01,1.379,0.8,0.667,1.0,1.0,1,344094.4,84.7,false,true,Value Realized,"Ferrell, Jones and Lewis",Mid-Market,AMER,PA-440 SKU-0006,hardware_ngfw
C0087,P0006,2025-11-01,1.279,0.8,0.667,1.0,1.0,1,344094.4,84.7,false,true,Value Realized,"Ferrell, Jones and Lewis",Mid-Market,AMER,PA-440 SKU-0006,hardware_ngfw
C0087,P0006,2025-12-01,1.45,0.8,0.667,1.0,1.0,1,344094.4,84.7,false,true,Value Realized,"Ferrell, Jones and Lewis",Mid-Market,AMER,PA-440 SKU-0006,hardware_ngfw
C0087,P0006,2026-01-01,1.406,0.8,0.667,1.0,1.0,1,344094.4,84.7,false,true,Value Realized,"Ferrell, Jones and Lewis",Mid-Market,AMER,PA-440 SKU-0006,hardware_ngfw
C0087,P0006,2026-02-01,1.488,0.8,0.667,1.0,1.0,1,344094.4,84.7,false,true,Value Realized,"Ferrell, Jones and Lewis",Mid-Market,AMER,PA-440 SKU-0006,hardware_ngfw
C0087,P0006,2026-03-01,1.629,0.8,0.667,1.0,1.0,1,344094.4,84.7,false,true,Value Realized,"Ferrell, Jones and Lewis",Mid-Market,AMER,PA-440 SKU-0006,hardware_ngfw
C0087,P0006,2026-04-01,1.268,0.8,0.667,1.0,1.0,1,344094.4,84.7,false,true,Value Realized,"Ferrell, Jones and Lewis",Mid-Market,AMER,PA-440 SKU-0006,hardware_ngfw
C0087,P0006,2026-05-01,1.571,0.8,0.667,1.0,1.0,1,344094.4,84.7,false,true,Value Realized,"Ferrell, Jones and Lewis",Mid-Market,AMER,PA-440 SKU-0006,hardware_ngfw
C0087,P0006,2026-06-01,1.53,0.8,0.667,1.0,1.0,1,344094.4,84.7,false,true,Value Realized,"Ferrell, Jones and Lewis",Mid-Market,AMER,PA-440 SKU-0006,hardware_ngfw
C0092,P0015,2025-10-01,0.754,0.938,0.117,1.0,1.0,0,727221.42,75.8,false,false,Value Realized,"Smith, Montoya and Evans",Mid-Market,AMER,PA-3410 SKU-0015,hardware_ngfw
C0092,P0015,2025-11-01,0.813,0.953,0.233,1.0,1.0,1,727221.42,79.2,false,false,Value Realized,"Smith, Montoya and Evans",Mid-Market,AMER,PA-3410 SKU-0015,hardware_ngfw
C0092,P0015,2025-12-01,0.623,0.906,0.233,1.0,1.0,1,727221.42,77.5,false,false,Value Realized,"Smith, Montoya and Evans",Mid-Market,AMER,PA-3410 SKU-0015,hardware_ngfw
C0092,P0015,2026-01-01,0.618,0.905,0.233,1.0,1.0,1,727221.42,77.5,false,false,Value Realized,"Smith, Montoya and Evans",Mid-Market,AMER,PA-3410 SKU-0015,hardware_ngfw
C0092,P0015,2026-02-01,0.634,0.909,0.4,1.0,1.0,1,727221.42,81.8,false,false,Value Realized,"Smith, Montoya and Evans",Mid-Market,AMER,PA-3410 SKU-0015,hardware_ngfw
C0092,P0015,2026-03-01,0.81,0.953,0.517,1.0,1.0,1,727221.42,86.3,false,false,Value Realized,"Smith, Montoya and Evans",Mid-Market,AMER,PA-3410 SKU-0015,hardware_ngfw
C0092,P0015,2026-04-01,0.347,0.596,0.517,1.0,1.0,1,727221.42,73.8,false,false,Value Realized,"Smith, Montoya and Evans",Mid-Market,AMER,PA-3410 SKU-0015,hardware_ngfw
C0092,P0015,2026-05-01,0.709,0.927,0.517,1.0,1.0,1,727221.42,85.4,false,false,Value Realized,"Smith, Montoya and Evans",Mid-Market,AMER,PA-3410 SKU-0015,hardware_ngfw
C0092,P0015,2026-06-01,0.509,0.791,0.617,1.0,1.0,1,727221.42,83.1,false,false,Value Realized,"Smith, Montoya and Evans",Mid-Market,AMER,PA-3410 SKU-0015,hardware_ngfw
C0093,P0214,2025-10-01,0.567,0.861,0.0,1.0,1.0,0,244591.41,70.1,false,false,Value Realized,"Garcia, Humphrey and Baker",Enterprise,LATAM,PA-7500 SKU-0214,hardware_ngfw
C0093,P0214,2025-11-01,0.845,0.961,0.0,1.0,1.0,1,244591.41,73.6,false,false,Value Realized,"Garcia, Humphrey and Baker",Enterprise,LATAM,PA-7500 SKU-0214,hardware_ngfw
C0093,P0214,2025-12-01,0.729,0.932,0.117,1.0,1.0,1,244591.41,75.5,false,false,Value Realized,"Garcia, Humphrey and Baker",Enterprise,LATAM,PA-7500 SKU-0214,hardware_ngfw
C0093,P0214,2026-01-01,0.95,0.987,0.283,1.0,1.0,1,244591.41,81.6,false,false,Value Realized,"Garcia, Humphrey and Baker",Enterprise,LATAM,PA-7500 SKU-0214,hardware_ngfw
C0093,P0214,2026-02-01,0.847,0.962,0.233,1.0,1.0,1,244591.41,79.5,false,false,Value Realized,"Garcia, Humphrey and Baker",Enterprise,LATAM,PA-7500 SKU-0214,hardware_ngfw
C0093,P0214,2026-03-01,0.811,0.953,0.333,1.0,1.0,1,244591.41,81.7,false,false,Value Realized,"Garcia, Humphrey and Baker",Enterprise,LATAM,PA-7500 SKU-0214,hardware_ngfw
C0093,P0214,2026-04-01,0.875,0.969,0.4,1.0,1.0,1,244591.41,83.9,false,false,Value Realized,"Garcia, Humphrey and Baker",Enterprise,LATAM,PA-7500 SKU-0214,hardware_ngfw
C0093,P0214,2026-05-01,0.642,0.91,0.467,1.0,1.0,1,244591.41,83.5,false,false,Value Realized,"Garcia, Humphrey and Baker",Enterprise,LATAM,PA-7500 SKU-0214,hardware_ngfw
C0093,P0214,2026-06-01,0.721,0.93,0.517,1.0,1.0,1,244591.41,85.5,false,false,Value Realized,"Garcia, Humphrey and Baker",Enterprise,LATAM,PA-7500 SKU-0214,hardware_ngfw
C0095,P0106,2025-07-01,1.664,0.8,0.8,1.0,1.0,0,19343.45,88.0,false,true,Value Realized,Campbell-Clark,Enterprise,AMER,CN-Series SKU-0106,software_ngfw
C0095,P0106,2025-08-01,1.153,1.0,0.8,1.0,1.0,1,19343.45,95.0,false,false,Value Realized,Campbell-Clark,Enterprise,AMER,CN-Series SKU-0106,software_ngfw
C0095,P0106,2025-09-01,1.359,0.8,0.8,1.0,1.0,1,19343.45,88.0,false,true,Value Realized,Campbell-Clark,Enterprise,AMER,CN-Series SKU-0106,software_ngfw
C0095,P0106,2025-10-01,1.48,0.8,0.8,1.0,1.0,1,19343.45,88.0,false,true,Value Realized,Campbell-Clark,Enterprise,AMER,CN-Series SKU-0106,software_ngfw
C0095,P0106,2025-11-01,1.156,1.0,0.8,1.0,1.0,1,19343.45,95.0,false,false,Value Realized,Campbell-Clark,Enterprise,AMER,CN-Series SKU-0106,software_ngfw
C0095,P0106,2025-12-01,1.564,0.8,0.8,1.0,1.0,1,19343.45,88.0,false,true,Value Realized,Campbell-Clark,Enterprise,AMER,CN-Series SKU-0106,software_ngfw
C0095,P0106,2026-01-01,1.489,0.8,0.8,1.0,1.0,1,19343.45,88.0,false,true,Value Realized,Campbell-Clark,Enterprise,AMER,CN-Series SKU-0106,software_ngfw
C0095,P0106,2026-02-01,1.373,0.8,0.8,1.0,1.0,1,19343.45,88.0,false,true,Value Realized,Campbell-Clark,Enterprise,AMER,CN-Series SKU-0106,software_ngfw
C0095,P0106,2026-03-01,1.58,0.8,0.8,1.0,1.0,1,19343.45,88.0,false,true,Value Realized,Campbell-Clark,Enterprise,AMER,CN-Series SKU-0106,software_ngfw
C0095,P0106,2026-04-01,1.158,1.0,0.8,1.0,1.0,1,19343.45,95.0,false,false,Value Realized,Campbell-Clark,Enterprise,AMER,CN-Series SKU-0106,software_ngfw
C0095,P0106,2026-05-01,1.423,0.8,0.8,1.0,1.0,1,19343.45,88.0,false,true,Value Realized,Campbell-Clark,Enterprise,AMER,CN-Series SKU-0106,software_ngfw
C0095,P0106,2026-06-01,1.504,0.8,0.8,1.0,1.0,1,19343.45,88.0,false,true,Value Realized,Campbell-Clark,Enterprise,AMER,CN-Series SKU-0106,software_ngfw
C0095,P0120,2025-09-01,1.44,0.8,0.5,1.0,1.0,0,95923.7,80.5,false,true,Value Realized,Campbell-Clark,Enterprise,AMER,PA-410 SKU-0120,hardware_ngfw
C0095,P0120,2025-10-01,1.45,0.8,1.0,1.0,1.0,1,95923.7,93.0,false,true,Value Realized,Campbell-Clark,Enterprise,AMER,PA-410 SKU-0120,hardware_ngfw
C0095,P0120,2025-11-01,1.36,0.8,1.0,1.0,1.0,1,95923.7,93.0,false,true,Value Realized,Campbell-Clark,Enterprise,AMER,PA-410 SKU-0120,hardware_ngfw
C0095,P0120,2025-12-01,1.42,0.8,1.0,1.0,1.0,1,95923.7,93.0,false,true,Value Realized,Campbell-Clark,Enterprise,AMER,PA-410 SKU-0120,hardware_ngfw
C0095,P0120,2026-01-01,1.11,1.0,1.0,1.0,1.0,1,95923.7,100.0,false,false,Value Realized,Campbell-Clark,Enterprise,AMER,PA-410 SKU-0120,hardware_ngfw
C0095,P0120,2026-02-01,1.205,0.8,1.0,1.0,1.0,1,95923.7,93.0,false,true,Value Realized,Campbell-Clark,Enterprise,AMER,PA-410 SKU-0120,hardware_ngfw
C0095,P0120,2026-03-01,1.595,0.8,1.0,1.0,1.0,1,95923.7,93.0,false,true,Value Realized,Campbell-Clark,Enterprise,AMER,PA-410 SKU-0120,hardware_ngfw
C0095,P0120,2026-04-01,1.205,0.8,1.0,1.0,1.0,1,95923.7,93.0,false,true,Value Realized,Campbell-Clark,Enterprise,AMER,PA-410 SKU-0120,hardware_ngfw
C0095,P0120,2026-05-01,1.27,0.8,1.0,1.0,1.0,1,95923.7,93.0,false,true,Value Realized,Campbell-Clark,Enterprise,AMER,PA-410 SKU-0120,hardware_ngfw
C0095,P0120,2026-06-01,1.225,0.8,1.0,1.0,1.0,1,95923.7,93.0,false,true,Value Realized,Campbell-Clark,Enterprise,AMER,PA-410 SKU-0120,hardware_ngfw
C0096,P0280,2025-08-01,0.563,0.856,0.2,1.0,1.0,0,790662.42,74.9,false,false,Value Realized,Harris-Walters,Enterprise,AMER,Prisma Access Remote Networks SKU-0280,sase
C0096,P0280,2025-09-01,0.667,0.917,0.14,1.0,1.0,1,790662.42,75.6,false,false,Value Realized,Harris-Walters,Enterprise,AMER,Prisma Access Remote Networks SKU-0280,sase
C0096,P0280,2025-10-01,0.738,0.935,0.2,1.0,1.0,1,790662.42,77.7,false,false,Value Realized,Harris-Walters,Enterprise,AMER,Prisma Access Remote Networks SKU-0280,sase
C0096,P0280,2025-11-01,0.673,0.918,0.28,1.0,1.0,1,790662.42,79.1,false,false,Value Realized,Harris-Walters,Enterprise,AMER,Prisma Access Remote Networks SKU-0280,sase
C0096,P0280,2025-12-01,0.891,0.973,0.34,1.0,1.0,1,790662.42,82.5,false,false,Value Realized,Harris-Walters,Enterprise,AMER,Prisma Access Remote Networks SKU-0280,sase
C0096,P0280,2026-01-01,0.856,0.964,0.48,1.0,1.0,1,790662.42,85.7,false,false,Value Realized,Harris-Walters,Enterprise,AMER,Prisma Access Remote Networks SKU-0280,sase
C0096,P0280,2026-02-01,0.759,0.94,0.42,1.0,1.0,1,790662.42,83.4,false,false,Value Realized,Harris-Walters,Enterprise,AMER,Prisma Access Remote Networks SKU-0280,sase
C0096,P0280,2026-03-01,0.873,0.968,0.42,1.0,1.0,1,790662.42,84.4,false,false,Value Realized,Harris-Walters,Enterprise,AMER,Prisma Access Remote Networks SKU-0280,sase
C0096,P0280,2026-04-01,0.59,0.888,0.68,1.0,1.0,1,790662.42,88.1,false,false,Value Realized,Harris-Walters,Enterprise,AMER,Prisma Access Remote Networks SKU-0280,sase
C0096,P0280,2026-05-01,0.566,0.859,0.62,1.0,1.0,1,790662.42,85.6,false,false,Value Realized,Harris-Walters,Enterprise,AMER,Prisma Access Remote Networks SKU-0280,sase
C0096,P0280,2026-06-01,0.526,0.811,0.68,1.0,1.0,1,790662.42,85.4,false,false,Value Realized,Harris-Walters,Enterprise,AMER,Prisma Access Remote Networks SKU-0280,sase
C0097,P0162,2025-07-01,0.666,0.917,0.0,1.0,1.0,0,22283.1,72.1,false,false,Value Realized,Wagner-King,Enterprise,APAC,VM-700 SKU-0162,software_ngfw
C0097,P0162,2025-08-01,0.76,0.94,0.0,1.0,1.0,1,22283.1,72.9,false,false,Value Realized,Wagner-King,Enterprise,APAC,VM-700 SKU-0162,software_ngfw
C0097,P0162,2025-09-01,0.839,0.96,0.0,1.0,1.0,1,22283.1,73.6,false,false,Value Realized,Wagner-King,Enterprise,APAC,VM-700 SKU-0162,software_ngfw
C0097,P0162,2025-10-01,0.712,0.928,0.0,1.0,1.0,1,22283.1,72.5,false,false,Value Realized,Wagner-King,Enterprise,APAC,VM-700 SKU-0162,software_ngfw
C0097,P0162,2025-11-01,0.837,0.959,0.0,1.0,1.0,1,22283.1,73.6,false,false,Value Realized,Wagner-King,Enterprise,APAC,VM-700 SKU-0162,software_ngfw
C0097,P0162,2025-12-01,0.695,0.924,0.167,1.0,1.0,1,22283.1,76.5,false,false,Value Realized,Wagner-King,Enterprise,APAC,VM-700 SKU-0162,software_ngfw
C0097,P0162,2026-01-01,0.949,0.987,0.167,1.0,1.0,1,22283.1,78.7,true,false,Value Realized,Wagner-King,Enterprise,APAC,VM-700 SKU-0162,software_ngfw
C0097,P0162,2026-02-01,0.498,0.778,0.35,1.0,1.0,1,22283.1,76.0,false,false,Value Realized,Wagner-King,Enterprise,APAC,VM-700 SKU-0162,software_ngfw
C0097,P0162,2026-03-01,0.474,0.748,0.567,1.0,1.0,1,22283.1,80.4,false,false,Value Realized,Wagner-King,Enterprise,APAC,VM-700 SKU-0162,software_ngfw
C0097,P0162,2026-04-01,0.66,0.915,0.633,1.0,1.0,1,22283.1,87.9,false,false,Value Realized,Wagner-King,Enterprise,APAC,VM-700 SKU-0162,software_ngfw
C0097,P0162,2026-05-01,0.774,0.943,0.633,1.0,1.0,1,22283.1,88.9,false,false,Value Realized,Wagner-King,Enterprise,APAC,VM-700 SKU-0162,software_ngfw
C0097,P0162,2026-06-01,0.799,0.95,0.683,1.0,1.0,1,22283.1,90.3,false,false,Value Realized,Wagner-King,Enterprise,APAC,VM-700 SKU-0162,software_ngfw
C0008,P0450,2025-07-01,0.0,0.0,0.0,0.0,,0,29729.91,0.0,false,false,Grace Period,"Henderson, Ramirez and Lewis",Mid-Market,AMER,Cloud NGFW for Azure SKU-0450,cloud_ngfw
C0008,P0450,2025-08-01,0.0,0.0,0.0,0.0,0.467,0,29729.91,7.0,false,false,Shelfware Risk,"Henderson, Ramirez and Lewis",Mid-Market,AMER,Cloud NGFW for Azure SKU-0450,cloud_ngfw
C0008,P0450,2025-09-01,0.22,0.444,0.0,0.5,0.467,0,29729.91,35.0,false,false,Onboarding Stall,"Henderson, Ramirez and Lewis",Mid-Market,AMER,Cloud NGFW for Azure SKU-0450,cloud_ngfw
C0008,P0450,2025-10-01,0.48,0.756,0.333,0.8,0.467,1,29729.91,61.8,false,false,Developing,"Henderson, Ramirez and Lewis",Mid-Market,AMER,Cloud NGFW for Azure SKU-0450,cloud_ngfw
C0008,P0450,2025-11-01,0.88,0.97,0.667,1.0,0.467,1,29729.91,82.6,false,false,Value Realized,"Henderson, Ramirez and Lewis",Mid-Market,AMER,Cloud NGFW for Azure SKU-0450,cloud_ngfw
C0008,P0450,2025-12-01,0.742,0.936,0.567,1.0,0.467,1,29729.91,78.9,false,false,Value Realized,"Henderson, Ramirez and Lewis",Mid-Market,AMER,Cloud NGFW for Azure SKU-0450,cloud_ngfw
C0008,P0450,2026-01-01,0.947,0.987,0.567,1.0,0.467,1,29729.91,80.7,false,false,Value Realized,"Henderson, Ramirez and Lewis",Mid-Market,AMER,Cloud NGFW for Azure SKU-0450,cloud_ngfw
C0008,P0450,2026-02-01,0.81,0.953,0.467,1.0,0.467,1,29729.91,77.0,false,false,Value Realized,"Henderson, Ramirez and Lewis",Mid-Market,AMER,Cloud NGFW for Azure SKU-0450,cloud_ngfw
C0008,P0450,2026-03-01,0.749,0.937,0.467,1.0,0.467,1,29729.91,76.5,false,false,Value Realized,"Henderson, Ramirez and Lewis",Mid-Market,AMER,Cloud NGFW for Azure SKU-0450,cloud_ngfw
C0008,P0450,2026-04-01,0.64,0.91,0.467,1.0,0.467,1,29729.91,75.5,false,false,Value Realized,"Henderson, Ramirez and Lewis",Mid-Market,AMER,Cloud NGFW for Azure SKU-0450,cloud_ngfw
C0008,P0450,2026-05-01,0.598,0.898,0.467,1.0,0.467,1,29729.91,75.1,false,false,Value Realized,"Henderson, Ramirez and Lewis",Mid-Market,AMER,Cloud NGFW for Azure SKU-0450,cloud_ngfw
C0008,P0450,2026-06-01,0.709,0.927,0.567,1.0,0.467,1,29729.91,78.6,false,false,Value Realized,"Henderson, Ramirez and Lewis",Mid-Market,AMER,Cloud NGFW for Azure SKU-0450,cloud_ngfw
C0010,P0246,2025-07-01,0.0,0.0,0.0,0.0,,0,121930.41,0.0,false,false,Grace Period,Abbott-Munoz,Mid-Market,APAC,PA-3410 SKU-0246,hardware_ngfw
C0010,P0246,2025-08-01,0.0,0.0,0.0,0.0,0.0,0,121930.41,0.0,false,false,Shelfware Risk,Abbott-Munoz,Mid-Market,APAC,PA-3410 SKU-0246,hardware_ngfw
C0010,P0246,2025-09-01,0.0,0.0,0.0,0.0,0.0,0,121930.41,0.0,false,false,Shelfware Risk,Abbott-Munoz,Mid-Market,APAC,PA-3410 SKU-0246,hardware_ngfw
C0010,P0246,2025-10-01,0.0,0.0,0.0,0.0,0.0,0,121930.41,0.0,false,false,Shelfware Risk,Abbott-Munoz,Mid-Market,APAC,PA-3410 SKU-0246,hardware_ngfw
C0010,P0246,2025-11-01,0.0,0.0,0.0,0.0,0.0,0,121930.41,0.0,false,false,Shelfware Risk,Abbott-Munoz,Mid-Market,APAC,PA-3410 SKU-0246,hardware_ngfw
C0010,P0246,2025-12-01,0.0,0.0,0.0,0.0,0.0,0,121930.41,0.0,false,false,Shelfware Risk,Abbott-Munoz,Mid-Market,APAC,PA-3410 SKU-0246,hardware_ngfw
C0010,P0246,2026-01-01,0.0,0.0,0.0,0.0,0.0,0,121930.41,0.0,false,false,Shelfware Risk,Abbott-Munoz,Mid-Market,APAC,PA-3410 SKU-0246,hardware_ngfw
C0010,P0246,2026-02-01,0.0,0.0,0.0,0.0,0.0,0,121930.41,0.0,false,false,Shelfware Risk,Abbott-Munoz,Mid-Market,APAC,PA-3410 SKU-0246,hardware_ngfw
C0010,P0246,2026-03-01,0.0,0.0,0.0,0.0,0.0,0,121930.41,0.0,false,false,Shelfware Risk,Abbott-Munoz,Mid-Market,APAC,PA-3410 SKU-0246,hardware_ngfw
C0010,P0246,2026-04-01,0.0,0.0,0.0,0.0,0.0,0,121930.41,0.0,false,false,Shelfware Risk,Abbott-Munoz,Mid-Market,APAC,PA-3410 SKU-0246,hardware_ngfw
C0010,P0246,2026-05-01,0.0,0.0,0.0,0.0,0.0,0,121930.41,0.0,false,false,Shelfware Risk,Abbott-Munoz,Mid-Market,APAC,PA-3410 SKU-0246,hardware_ngfw
C0010,P0246,2026-06-01,0.0,0.0,0.0,0.0,0.0,0,121930.41,0.0,false,false,Shelfware Risk,Abbott-Munoz,Mid-Market,APAC,PA-3410 SKU-0246,hardware_ngfw
C0011,P0038,2025-07-01,1.246,0.8,0.667,1.0,1.0,0,989701.2,84.7,false,true,Value Realized,Blair PLC,Enterprise,AMER,PA-3410 SKU-0038,hardware_ngfw
C0011,P0038,2025-08-01,1.36,0.8,1.0,1.0,1.0,1,989701.2,93.0,false,true,Value Realized,Blair PLC,Enterprise,AMER,PA-3410 SKU-0038,hardware_ngfw
C0011,P0038,2025-09-01,1.59,0.8,1.0,1.0,1.0,1,989701.2,93.0,false,true,Value Realized,Blair PLC,Enterprise,AMER,PA-3410 SKU-0038,hardware_ngfw
C0011,P0038,2025-10-01,1.301,0.8,1.0,1.0,1.0,1,989701.2,93.0,false,true,Value Realized,Blair PLC,Enterprise,AMER,PA-3410 SKU-0038,hardware_ngfw
C0011,P0038,2025-11-01,1.504,0.8,1.0,1.0,1.0,1,989701.2,93.0,false,true,Value Realized,Blair PLC,Enterprise,AMER,PA-3410 SKU-0038,hardware_ngfw
C0011,P0038,2025-12-01,1.458,0.8,1.0,1.0,1.0,1,989701.2,93.0,false,true,Value Realized,Blair PLC,Enterprise,AMER,PA-3410 SKU-0038,hardware_ngfw
C0011,P0038,2026-01-01,1.584,0.8,1.0,1.0,1.0,1,989701.2,93.0,false,true,Value Realized,Blair PLC,Enterprise,AMER,PA-3410 SKU-0038,hardware_ngfw
C0011,P0038,2026-02-01,1.266,0.8,1.0,1.0,1.0,1,989701.2,93.0,false,true,Value Realized,Blair PLC,Enterprise,AMER,PA-3410 SKU-0038,hardware_ngfw
C0011,P0038,2026-03-01,1.383,0.8,1.0,1.0,1.0,1,989701.2,93.0,false,true,Value Realized,Blair PLC,Enterprise,AMER,PA-3410 SKU-0038,hardware_ngfw
C0011,P0038,2026-04-01,1.298,0.8,1.0,1.0,1.0,1,989701.2,93.0,false,true,Value Realized,Blair PLC,Enterprise,AMER,PA-3410 SKU-0038,hardware_ngfw
C0011,P0038,2026-05-01,1.299,0.8,1.0,1.0,1.0,1,989701.2,93.0,false,true,Value Realized,Blair PLC,Enterprise,AMER,PA-3410 SKU-0038,hardware_ngfw
C0011,P0038,2026-06-01,1.682,0.8,1.0,1.0,1.0,1,989701.2,93.0,false,true,Value Realized,Blair PLC,Enterprise,AMER,PA-3410 SKU-0038,hardware_ngfw
C0018,P0142,2025-09-01,0.87,0.967,0.117,1.0,1.0,0,52629.2,76.8,false,false,Value Realized,"Flowers, Martin and Kelly",Mid-Market,AMER,Prisma Access Remote Networks SKU-0142,sase
C0018,P0142,2025-10-01,0.502,0.783,0.117,1.0,1.0,1,52629.2,70.3,false,false,Value Realized,"Flowers, Martin and Kelly",Mid-Market,AMER,Prisma Access Remote Networks SKU-0142,sase
C0018,P0142,2025-11-01,0.877,0.969,0.117,1.0,1.0,1,52629.2,76.8,false,false,Value Realized,"Flowers, Martin and Kelly",Mid-Market,AMER,Prisma Access Remote Networks SKU-0142,sase
C0018,P0142,2025-12-01,0.691,0.923,0.117,1.0,1.0,1,52629.2,75.2,false,false,Value Realized,"Flowers, Martin and Kelly",Mid-Market,AMER,Prisma Access Remote Networks SKU-0142,sase
C0018,P0142,2026-01-01,0.834,0.958,0.117,1.0,1.0,1,52629.2,76.5,false,false,Value Realized,"Flowers, Martin and Kelly",Mid-Market,AMER,Prisma Access Remote Networks SKU-0142,sase
C0018,P0142,2026-02-01,0.756,0.939,0.4,1.0,1.0,1,52629.2,82.9,false,false,Value Realized,"Flowers, Martin and Kelly",Mid-Market,AMER,Prisma Access Remote Networks SKU-0142,sase
C0018,P0142,2026-03-01,0.743,0.936,0.4,1.0,1.0,1,52629.2,82.8,false,false,Value Realized,"Flowers, Martin and Kelly",Mid-Market,AMER,Prisma Access Remote Networks SKU-0142,sase
C0018,P0142,2026-04-01,0.765,0.941,0.517,1.0,1.0,1,52629.2,85.9,false,false,Value Realized,"Flowers, Martin and Kelly",Mid-Market,AMER,Prisma Access Remote Networks SKU-0142,sase
C0018,P0142,2026-05-01,0.686,0.921,0.633,1.0,1.0,1,52629.2,88.1,false,false,Value Realized,"Flowers, Martin and Kelly",Mid-Market,AMER,Prisma Access Remote Networks SKU-0142,sase
C0018,P0142,2026-06-01,0.854,0.963,0.683,1.0,1.0,1,52629.2,90.8,false,false,Value Realized,"Flowers, Martin and Kelly",Mid-Market,AMER,Prisma Access Remote Networks SKU-0142,sase
C0018,P0445,2025-07-01,0.772,0.943,0.167,1.0,1.0,0,381542.04,77.2,false,false,Value Realized,"Flowers, Martin and Kelly",Mid-Market,AMER,Prisma Access Browser SKU-0445,sase
C0018,P0445,2025-08-01,0.566,0.859,0.117,1.0,1.0,1,381542.04,73.0,false,false,Value Realized,"Flowers, Martin and Kelly",Mid-Market,AMER,Prisma Access Browser SKU-0445,sase
C0018,P0445,2025-09-01,0.642,0.911,0.117,1.0,1.0,1,381542.04,74.8,false,false,Value Realized,"Flowers, Martin and Kelly",Mid-Market,AMER,Prisma Access Browser SKU-0445,sase
C0018,P0445,2025-10-01,0.594,0.893,0.117,1.0,1.0,1,381542.04,74.2,false,false,Value Realized,"Flowers, Martin and Kelly",Mid-Market,AMER,Prisma Access Browser SKU-0445,sase
C0018,P0445,2025-11-01,0.649,0.912,0.117,1.0,1.0,1,381542.04,74.8,false,false,Value Realized,"Flowers, Martin and Kelly",Mid-Market,AMER,Prisma Access Browser SKU-0445,sase
C0018,P0445,2025-12-01,0.759,0.94,0.167,1.0,1.0,1,381542.04,77.1,false,false,Value Realized,"Flowers, Martin and Kelly",Mid-Market,AMER,Prisma Access Browser SKU-0445,sase
C0018,P0445,2026-01-01,0.881,0.97,0.233,1.0,1.0,1,381542.04,79.8,false,false,Value Realized,"Flowers, Martin and Kelly",Mid-Market,AMER,Prisma Access Browser SKU-0445,sase
C0018,P0445,2026-02-01,0.629,0.907,0.45,1.0,1.0,1,381542.04,83.0,false,false,Value Realized,"Flowers, Martin and Kelly",Mid-Market,AMER,Prisma Access Browser SKU-0445,sase
C0018,P0445,2026-03-01,0.826,0.956,0.583,1.0,1.0,1,381542.04,88.1,false,false,Value Realized,"Flowers, Martin and Kelly",Mid-Market,AMER,Prisma Access Browser SKU-0445,sase
C0018,P0445,2026-04-01,0.688,0.922,0.633,1.0,1.0,1,381542.04,88.1,false,false,Value Realized,"Flowers, Martin and Kelly",Mid-Market,AMER,Prisma Access Browser SKU-0445,sase
C0018,P0445,2026-05-01,0.438,0.705,0.583,1.0,1.0,1,381542.04,79.3,false,false,Value Realized,"Flowers, Martin and Kelly",Mid-Market,AMER,Prisma Access Browser SKU-0445,sase
C0018,P0445,2026-06-01,0.564,0.857,0.683,1.0,1.0,1,381542.04,87.1,false,false,Value Realized,"Flowers, Martin and Kelly",Mid-Market,AMER,Prisma Access Browser SKU-0445,sase
C0018,P0487,2025-07-01,0.722,0.93,0.0,1.0,1.0,0,24284.97,72.6,false,false,Value Realized,"Flowers, Martin and Kelly",Mid-Market,AMER,Cloud NGFW for AWS SKU-0487,cloud_ngfw
C0018,P0487,2025-08-01,0.71,0.927,0.0,1.0,1.0,1,24284.97,72.5,false,false,Value Realized,"Flowers, Martin and Kelly",Mid-Market,AMER,Cloud NGFW for AWS SKU-0487,cloud_ngfw
C0018,P0487,2025-09-01,0.505,0.786,0.0,1.0,1.0,1,24284.97,67.5,false,false,Developing,"Flowers, Martin and Kelly",Mid-Market,AMER,Cloud NGFW for AWS SKU-0487,cloud_ngfw
C0018,P0487,2025-10-01,0.518,0.802,0.0,1.0,1.0,1,24284.97,68.1,false,false,Developing,"Flowers, Martin and Kelly",Mid-Market,AMER,Cloud NGFW for AWS SKU-0487,cloud_ngfw
C0018,P0487,2025-11-01,0.849,0.962,0.2,1.0,1.0,1,24284.97,78.7,false,false,Value Realized,"Flowers, Martin and Kelly",Mid-Market,AMER,Cloud NGFW for AWS SKU-0487,cloud_ngfw
C0018,P0487,2025-12-01,0.713,0.928,0.14,1.0,1.0,1,24284.97,76.0,false,false,Value Realized,"Flowers, Martin and Kelly",Mid-Market,AMER,Cloud NGFW for AWS SKU-0487,cloud_ngfw
C0018,P0487,2026-01-01,0.769,0.942,0.14,1.0,1.0,1,24284.97,76.5,false,false,Value Realized,"Flowers, Martin and Kelly",Mid-Market,AMER,Cloud NGFW for AWS SKU-0487,cloud_ngfw
C0018,P0487,2026-02-01,0.829,0.957,0.2,1.0,1.0,1,24284.97,78.5,false,false,Value Realized,"Flowers, Martin and Kelly",Mid-Market,AMER,Cloud NGFW for AWS SKU-0487,cloud_ngfw
C0018,P0487,2026-03-01,0.7,0.925,0.2,1.0,1.0,1,24284.97,77.4,false,false,Value Realized,"Flowers, Martin and Kelly",Mid-Market,AMER,Cloud NGFW for AWS SKU-0487,cloud_ngfw
C0018,P0487,2026-04-01,0.822,0.956,0.28,1.0,1.0,1,24284.97,80.4,false,false,Value Realized,"Flowers, Martin and Kelly",Mid-Market,AMER,Cloud NGFW for AWS SKU-0487,cloud_ngfw
C0018,P0487,2026-05-01,0.534,0.821,0.34,1.0,1.0,1,24284.97,77.2,false,false,Value Realized,"Flowers, Martin and Kelly",Mid-Market,AMER,Cloud NGFW for AWS SKU-0487,cloud_ngfw
C0018,P0487,2026-06-01,0.8,0.95,0.28,1.0,1.0,1,24284.97,80.3,false,false,Value Realized,"Flowers, Martin and Kelly",Mid-Market,AMER,Cloud NGFW for AWS SKU-0487,cloud_ngfw
C0021,P0113,2025-07-01,0.0,0.0,0.0,0.0,,0,967866.69,0.0,false,false,Grace Period,Gray-Mayo,Enterprise,AMER,PA-3440 SKU-0113,hardware_ngfw
C0021,P0113,2025-08-01,0.0,0.0,0.0,0.0,0.467,0,967866.69,7.0,false,false,Shelfware Risk,Gray-Mayo,Enterprise,AMER,PA-3440 SKU-0113,hardware_ngfw
C0021,P0113,2025-09-01,0.22,0.444,0.0,0.5,0.467,0,967866.69,35.0,false,false,Onboarding Stall,Gray-Mayo,Enterprise,AMER,PA-3440 SKU-0113,hardware_ngfw
C0021,P0113,2025-10-01,0.48,0.756,0.0,0.8,0.467,1,967866.69,53.5,false,false,Onboarding Stall,Gray-Mayo,Enterprise,AMER,PA-3440 SKU-0113,hardware_ngfw
C0021,P0113,2025-11-01,1.003,1.0,0.0,1.0,0.467,1,967866.69,67.0,true,false,Onboarding Stall,Gray-Mayo,Enterprise,AMER,PA-3440 SKU-0113,hardware_ngfw
C0021,P0113,2025-12-01,0.733,0.933,0.0,1.0,0.467,1,967866.69,64.7,false,false,Onboarding Stall,Gray-Mayo,Enterprise,AMER,PA-3440 SKU-0113,hardware_ngfw
C0021,P0113,2026-01-01,0.538,0.825,0.333,1.0,0.467,1,967866.69,69.2,false,false,Developing,Gray-Mayo,Enterprise,AMER,PA-3440 SKU-0113,hardware_ngfw
C0021,P0113,2026-02-01,0.88,0.97,0.233,1.0,0.467,1,967866.69,71.8,false,false,Onboarding Stall,Gray-Mayo,Enterprise,AMER,PA-3440 SKU-0113,hardware_ngfw
C0021,P0113,2026-03-01,0.719,0.93,0.233,1.0,0.467,1,967866.69,70.4,false,false,Onboarding Stall,Gray-Mayo,Enterprise,AMER,PA-3440 SKU-0113,hardware_ngfw
C0021,P0113,2026-04-01,0.922,0.981,0.467,1.0,0.467,1,967866.69,78.0,false,false,Value Realized,Gray-Mayo,Enterprise,AMER,PA-3440 SKU-0113,hardware_ngfw
C0021,P0113,2026-05-01,0.831,0.958,0.567,1.0,0.467,1,967866.69,79.7,false,false,Value Realized,Gray-Mayo,Enterprise,AMER,PA-3440 SKU-0113,hardware_ngfw
C0021,P0113,2026-06-01,0.828,0.957,0.567,1.0,0.467,1,967866.69,79.7,false,false,Value Realized,Gray-Mayo,Enterprise,AMER,PA-3440 SKU-0113,hardware_ngfw
C0021,P0332,2025-07-01,0.0,0.0,0.0,0.0,,0,1108766.62,0.0,false,false,Grace Period,Gray-Mayo,Enterprise,AMER,PA-3440 SKU-0332,hardware_ngfw
C0021,P0332,2025-08-01,0.0,0.0,0.0,0.0,0.467,0,1108766.62,7.0,false,false,Shelfware Risk,Gray-Mayo,Enterprise,AMER,PA-3440 SKU-0332,hardware_ngfw
C0021,P0332,2025-09-01,0.22,0.444,0.0,0.5,0.467,0,1108766.62,35.0,false,false,Onboarding Stall,Gray-Mayo,Enterprise,AMER,PA-3440 SKU-0332,hardware_ngfw
C0021,P0332,2025-10-01,0.48,0.756,0.14,0.8,0.467,1,1108766.62,57.0,false,false,Onboarding Stall,Gray-Mayo,Enterprise,AMER,PA-3440 SKU-0332,hardware_ngfw
C0021,P0332,2025-11-01,0.907,0.977,0.2,1.0,0.467,1,1108766.62,71.2,true,false,Onboarding Stall,Gray-Mayo,Enterprise,AMER,PA-3440 SKU-0332,hardware_ngfw
C0021,P0332,2025-12-01,0.792,0.948,0.14,1.0,0.467,1,1108766.62,68.7,false,false,Onboarding Stall,Gray-Mayo,Enterprise,AMER,PA-3440 SKU-0332,hardware_ngfw
C0021,P0332,2026-01-01,0.674,0.918,0.14,1.0,0.467,1,1108766.62,67.6,false,false,Onboarding Stall,Gray-Mayo,Enterprise,AMER,PA-3440 SKU-0332,hardware_ngfw
C0021,P0332,2026-02-01,0.669,0.917,0.28,1.0,0.467,1,1108766.62,71.1,false,false,Onboarding Stall,Gray-Mayo,Enterprise,AMER,PA-3440 SKU-0332,hardware_ngfw
C0021,P0332,2026-03-01,0.613,0.903,0.28,1.0,0.467,1,1108766.62,70.6,false,false,Onboarding Stall,Gray-Mayo,Enterprise,AMER,PA-3440 SKU-0332,hardware_ngfw
C0021,P0332,2026-04-01,0.635,0.909,0.4,1.0,0.467,1,1108766.62,73.8,false,false,Value Realized,Gray-Mayo,Enterprise,AMER,PA-3440 SKU-0332,hardware_ngfw
C0021,P0332,2026-05-01,0.938,0.984,0.54,1.0,0.467,1,1108766.62,80.0,false,false,Value Realized,Gray-Mayo,Enterprise,AMER,PA-3440 SKU-0332,hardware_ngfw
C0021,P0332,2026-06-01,0.708,0.927,0.54,1.0,0.467,1,1108766.62,77.9,false,false,Value Realized,Gray-Mayo,Enterprise,AMER,PA-3440 SKU-0332,hardware_ngfw
C0024,P0113,2025-07-01,0.596,0.896,0.233,1.0,1.0,0,1212233.0,77.2,false,false,Value Realized,Morales-Jones,Enterprise,AMER,PA-3440 SKU-0113,hardware_ngfw
C0024,P0113,2025-08-01,0.716,0.929,0.233,1.0,1.0,1,1212233.0,78.3,false,false,Value Realized,Morales-Jones,Enterprise,AMER,PA-3440 SKU-0113,hardware_ngfw
C0024,P0113,2025-09-01,0.684,0.921,0.233,1.0,1.0,1,1212233.0,78.1,false,false,Value Realized,Morales-Jones,Enterprise,AMER,PA-3440 SKU-0113,hardware_ngfw
C0024,P0113,2025-10-01,0.705,0.926,0.667,1.0,1.0,1,1212233.0,89.1,false,false,Value Realized,Morales-Jones,Enterprise,AMER,PA-3440 SKU-0113,hardware_ngfw
C0024,P0113,2025-11-01,0.624,0.906,0.567,1.0,1.0,1,1212233.0,85.9,false,false,Value Realized,Morales-Jones,Enterprise,AMER,PA-3440 SKU-0113,hardware_ngfw
C0024,P0113,2025-12-01,0.878,0.97,0.7,1.0,1.0,1,1212233.0,91.4,false,false,Value Realized,Morales-Jones,Enterprise,AMER,PA-3440 SKU-0113,hardware_ngfw
C0024,P0113,2026-01-01,0.714,0.929,1.0,1.0,1.0,1,1212233.0,97.5,false,false,Value Realized,Morales-Jones,Enterprise,AMER,PA-3440 SKU-0113,hardware_ngfw
C0024,P0113,2026-02-01,0.631,0.908,0.8,1.0,1.0,1,1212233.0,91.8,false,false,Value Realized,Morales-Jones,Enterprise,AMER,PA-3440 SKU-0113,hardware_ngfw
C0024,P0113,2026-03-01,0.91,0.978,0.7,1.0,1.0,1,1212233.0,91.7,false,false,Value Realized,Morales-Jones,Enterprise,AMER,PA-3440 SKU-0113,hardware_ngfw
C0024,P0113,2026-04-01,0.795,0.949,0.8,1.0,1.0,1,1212233.0,93.2,false,false,Value Realized,Morales-Jones,Enterprise,AMER,PA-3440 SKU-0113,hardware_ngfw
C0024,P0113,2026-05-01,0.845,0.961,0.7,1.0,1.0,1,1212233.0,91.1,false,false,Value Realized,Morales-Jones,Enterprise,AMER,PA-3440 SKU-0113,hardware_ngfw
C0024,P0113,2026-06-01,0.804,0.951,1.0,1.0,1.0,1,1212233.0,98.3,false,false,Value Realized,Morales-Jones,Enterprise,AMER,PA-3440 SKU-0113,hardware_ngfw
C0028,P0421,2025-08-01,0.967,0.992,0.0,1.0,1.0,0,1223027.44,74.7,true,false,Value Realized,"Hoffman, Baker and Richards",Enterprise,AMER,PA-410 SKU-0421,hardware_ngfw
C0028,P0421,2025-09-01,0.729,0.932,0.0,1.0,1.0,1,1223027.44,72.6,false,false,Value Realized,"Hoffman, Baker and Richards",Enterprise,AMER,PA-410 SKU-0421,hardware_ngfw
C0028,P0421,2025-10-01,0.666,0.916,0.0,1.0,1.0,1,1223027.44,72.1,false,false,Value Realized,"Hoffman, Baker and Richards",Enterprise,AMER,PA-410 SKU-0421,hardware_ngfw
C0028,P0421,2025-11-01,0.931,0.983,0.0,1.0,1.0,1,1223027.44,74.4,true,false,Value Realized,"Hoffman, Baker and Richards",Enterprise,AMER,PA-410 SKU-0421,hardware_ngfw
C0028,P0421,2025-12-01,0.79,0.948,0.0,1.0,1.0,1,1223027.44,73.2,false,false,Value Realized,"Hoffman, Baker and Richards",Enterprise,AMER,PA-410 SKU-0421,hardware_ngfw
C0028,P0421,2026-01-01,0.574,0.869,0.0,1.0,1.0,1,1223027.44,70.4,false,false,Value Realized,"Hoffman, Baker and Richards",Enterprise,AMER,PA-410 SKU-0421,hardware_ngfw
C0028,P0421,2026-02-01,0.807,0.952,0.0,1.0,1.0,1,1223027.44,73.3,false,false,Value Realized,"Hoffman, Baker and Richards",Enterprise,AMER,PA-410 SKU-0421,hardware_ngfw
C0028,P0421,2026-03-01,0.843,0.961,0.0,1.0,1.0,1,1223027.44,73.6,false,false,Value Realized,"Hoffman, Baker and Richards",Enterprise,AMER,PA-410 SKU-0421,hardware_ngfw
C0028,P0421,2026-04-01,0.595,0.894,0.283,1.0,1.0,1,1223027.44,78.4,false,false,Value Realized,"Hoffman, Baker and Richards",Enterprise,AMER,PA-410 SKU-0421,hardware_ngfw
C0028,P0421,2026-05-01,0.957,0.989,0.233,1.0,1.0,1,1223027.44,80.5,true,false,Value Realized,"Hoffman, Baker and Richards",Enterprise,AMER,PA-410 SKU-0421,hardware_ngfw
C0028,P0421,2026-06-01,0.771,0.943,0.233,1.0,1.0,1,1223027.44,78.8,false,false,Value Realized,"Hoffman, Baker and Richards",Enterprise,AMER,PA-410 SKU-0421,hardware_ngfw
C0038,P0493,2025-07-01,0.889,0.972,0.0,1.0,1.0,0,36705.24,74.0,false,false,Value Realized,"Baker, Mason and White",Enterprise,AMER,VM-500 SKU-0493,software_ngfw
C0038,P0493,2025-08-01,0.653,0.913,0.0,1.0,1.0,1,36705.24,72.0,false,false,Value Realized,"Baker, Mason and White",Enterprise,AMER,VM-500 SKU-0493,software_ngfw
C0038,P0493,2025-09-01,0.691,0.923,0.0,1.0,1.0,1,36705.24,72.3,false,false,Value Realized,"Baker, Mason and White",Enterprise,AMER,VM-500 SKU-0493,software_ngfw
C0038,P0493,2025-10-01,0.656,0.914,0.2,1.0,1.0,1,36705.24,77.0,false,false,Value Realized,"Baker, Mason and White",Enterprise,AMER,VM-500 SKU-0493,software_ngfw
C0038,P0493,2025-11-01,0.753,0.938,0.34,1.0,1.0,1,36705.24,81.3,false,false,Value Realized,"Baker, Mason and White",Enterprise,AMER,VM-500 SKU-0493,software_ngfw
C0038,P0493,2025-12-01,0.601,0.9,0.28,1.0,1.0,1,36705.24,78.5,false,false,Value Realized,"Baker, Mason and White",Enterprise,AMER,VM-500 SKU-0493,software_ngfw
C0038,P0493,2026-01-01,0.749,0.937,0.28,1.0,1.0,1,36705.24,79.8,false,false,Value Realized,"Baker, Mason and White",Enterprise,AMER,VM-500 SKU-0493,software_ngfw
C0038,P0493,2026-02-01,0.879,0.97,0.28,1.0,1.0,1,36705.24,80.9,false,false,Value Realized,"Baker, Mason and White",Enterprise,AMER,VM-500 SKU-0493,software_ngfw
C0038,P0493,2026-03-01,0.844,0.961,0.28,1.0,1.0,1,36705.24,80.6,false,false,Value Realized,"Baker, Mason and White",Enterprise,AMER,VM-500 SKU-0493,software_ngfw
C0038,P0493,2026-04-01,0.974,0.994,0.34,1.0,1.0,1,36705.24,83.3,false,false,Value Realized,"Baker, Mason and White",Enterprise,AMER,VM-500 SKU-0493,software_ngfw
C0038,P0493,2026-05-01,0.777,0.944,0.6,1.0,1.0,1,36705.24,88.0,false,false,Value Realized,"Baker, Mason and White",Enterprise,AMER,VM-500 SKU-0493,software_ngfw
C0038,P0493,2026-06-01,0.781,0.945,0.42,1.0,1.0,1,36705.24,83.6,false,false,Value Realized,"Baker, Mason and White",Enterprise,AMER,VM-500 SKU-0493,software_ngfw
C0048,P0270,2025-08-01,3.276,0.8,0.62,1.0,1.0,0,271814.34,83.5,false,true,Value Realized,"Martin, Rose and Obrien",Mid-Market,EMEA,Prisma Access Mobile Users SKU-0270,sase
C0048,P0270,2025-09-01,3.015,0.8,0.62,1.0,1.0,1,271814.34,83.5,false,true,Value Realized,"Martin, Rose and Obrien",Mid-Market,EMEA,Prisma Access Mobile Users SKU-0270,sase
C0048,P0270,2025-10-01,3.519,0.8,0.68,1.0,1.0,1,271814.34,85.0,false,true,Value Realized,"Martin, Rose and Obrien",Mid-Market,EMEA,Prisma Access Mobile Users SKU-0270,sase
C0048,P0270,2025-11-01,0.0,0.0,0.0,0.5,1.0,1,271814.34,27.5,false,false,Lapsed,"Martin, Rose and Obrien",Mid-Market,EMEA,Prisma Access Mobile Users SKU-0270,sase
C0048,P0270,2025-12-01,0.0,0.0,0.0,0.2,1.0,1,271814.34,20.0,false,false,Churn Signal,"Martin, Rose and Obrien",Mid-Market,EMEA,Prisma Access Mobile Users SKU-0270,sase
C0048,P0270,2026-01-01,0.0,0.0,0.0,0.0,1.0,1,271814.34,15.0,false,false,Churn Signal,"Martin, Rose and Obrien",Mid-Market,EMEA,Prisma Access Mobile Users SKU-0270,sase
C0048,P0270,2026-02-01,0.0,0.0,0.0,0.0,1.0,1,271814.34,15.0,false,false,Lapsed,"Martin, Rose and Obrien",Mid-Market,EMEA,Prisma Access Mobile Users SKU-0270,sase
C0048,P0270,2026-03-01,0.0,0.0,0.0,0.0,1.0,1,271814.34,15.0,false,false,Lapsed,"Martin, Rose and Obrien",Mid-Market,EMEA,Prisma Access Mobile Users SKU-0270,sase
C0048,P0270,2026-04-01,0.0,0.0,0.0,0.0,1.0,1,271814.34,15.0,false,false,Lapsed,"Martin, Rose and Obrien",Mid-Market,EMEA,Prisma Access Mobile Users SKU-0270,sase
C0048,P0270,2026-05-01,0.0,0.0,0.0,0.0,1.0,1,271814.34,15.0,false,false,Lapsed,"Martin, Rose and Obrien",Mid-Market,EMEA,Prisma Access Mobile Users SKU-0270,sase
C0048,P0270,2026-06-01,0.0,0.0,0.0,0.0,1.0,1,271814.34,15.0,false,false,Lapsed,"Martin, Rose and Obrien",Mid-Market,EMEA,Prisma Access Mobile Users SKU-0270,sase
C0058,P0460,2025-07-01,0.927,0.982,0.0,1.0,1.0,0,973939.89,74.4,true,false,Value Realized,"Johnston, Sanchez and Kennedy",Enterprise,EMEA,PA-5410 SKU-0460,hardware_ngfw
C0058,P0460,2025-08-01,0.702,0.926,0.0,1.0,1.0,1,973939.89,72.4,false,false,Value Realized,"Johnston, Sanchez and Kennedy",Enterprise,EMEA,PA-5410 SKU-0460,hardware_ngfw
C0058,P0460,2025-09-01,0.824,0.956,0.0,1.0,1.0,1,973939.89,73.5,false,false,Value Realized,"Johnston, Sanchez and Kennedy",Enterprise,EMEA,PA-5410 SKU-0460,hardware_ngfw
C0058,P0460,2025-10-01,0.799,0.95,0.0,1.0,1.0,1,973939.89,73.2,false,false,Value Realized,"Johnston, Sanchez and Kennedy",Enterprise,EMEA,PA-5410 SKU-0460,hardware_ngfw
C0058,P0460,2025-11-01,0.689,0.922,0.0,1.0,1.0,1,973939.89,72.3,false,false,Value Realized,"Johnston, Sanchez and Kennedy",Enterprise,EMEA,PA-5410 SKU-0460,hardware_ngfw
C0058,P0460,2025-12-01,0.846,0.961,0.117,1.0,1.0,1,973939.89,76.6,false,false,Value Realized,"Johnston, Sanchez and Kennedy",Enterprise,EMEA,PA-5410 SKU-0460,hardware_ngfw
C0058,P0460,2026-01-01,0.875,0.969,0.35,1.0,1.0,1,973939.89,82.7,false,false,Value Realized,"Johnston, Sanchez and Kennedy",Enterprise,EMEA,PA-5410 SKU-0460,hardware_ngfw
C0058,P0460,2026-02-01,0.859,0.965,0.35,1.0,1.0,1,973939.89,82.5,false,false,Value Realized,"Johnston, Sanchez and Kennedy",Enterprise,EMEA,PA-5410 SKU-0460,hardware_ngfw
C0058,P0460,2026-03-01,0.698,0.924,0.467,1.0,1.0,1,973939.89,84.0,false,false,Value Realized,"Johnston, Sanchez and Kennedy",Enterprise,EMEA,PA-5410 SKU-0460,hardware_ngfw
C0058,P0460,2026-04-01,0.666,0.916,0.667,1.0,1.0,1,973939.89,88.7,false,false,Value Realized,"Johnston, Sanchez and Kennedy",Enterprise,EMEA,PA-5410 SKU-0460,hardware_ngfw
C0058,P0460,2026-05-01,0.689,0.922,0.467,1.0,1.0,1,973939.89,83.9,false,false,Value Realized,"Johnston, Sanchez and Kennedy",Enterprise,EMEA,PA-5410 SKU-0460,hardware_ngfw
C0058,P0460,2026-06-01,0.612,0.903,0.517,1.0,1.0,1,973939.89,84.5,false,false,Value Realized,"Johnston, Sanchez and Kennedy",Enterprise,EMEA,PA-5410 SKU-0460,hardware_ngfw
C0071,P0267,2025-07-01,0.925,0.981,0.117,1.0,1.0,0,929950.56,77.3,true,false,Value Realized,Gray Group,Enterprise,AMER,PA-1410 SKU-0267,hardware_ngfw
C0071,P0267,2025-08-01,0.908,0.977,0.117,1.0,1.0,1,929950.56,77.1,true,false,Value Realized,Gray Group,Enterprise,AMER,PA-1410 SKU-0267,hardware_ngfw
C0071,P0267,2025-09-01,0.697,0.924,0.117,1.0,1.0,1,929950.56,75.3,false,false,Value Realized,Gray Group,Enterprise,AMER,PA-1410 SKU-0267,hardware_ngfw
C0071,P0267,2025-10-01,0.85,0.963,0.117,1.0,1.0,1,929950.56,76.6,false,false,Value Realized,Gray Group,Enterprise,AMER,PA-1410 SKU-0267,hardware_ngfw
C0071,P0267,2025-11-01,0.882,0.97,0.117,1.0,1.0,1,929950.56,76.9,false,false,Value Realized,Gray Group,Enterprise,AMER,PA-1410 SKU-0267,hardware_ngfw
C0071,P0267,2025-12-01,0.752,0.938,0.117,1.0,1.0,1,929950.56,75.7,false,false,Value Realized,Gray Group,Enterprise,AMER,PA-1410 SKU-0267,hardware_ngfw
C0071,P0267,2026-01-01,0.912,0.978,0.233,1.0,1.0,1,929950.56,80.1,true,false,Value Realized,Gray Group,Enterprise,AMER,PA-1410 SKU-0267,hardware_ngfw
C0071,P0267,2026-02-01,0.748,0.937,0.283,1.0,1.0,1,929950.56,79.9,false,false,Value Realized,Gray Group,Enterprise,AMER,PA-1410 SKU-0267,hardware_ngfw
C0071,P0267,2026-03-01,0.615,0.904,0.233,1.0,1.0,1,929950.56,77.5,false,false,Value Realized,Gray Group,Enterprise,AMER,PA-1410 SKU-0267,hardware_ngfw
C0071,P0267,2026-04-01,0.548,0.838,0.45,1.0,1.0,1,929950.56,80.6,false,false,Value Realized,Gray Group,Enterprise,AMER,PA-1410 SKU-0267,hardware_ngfw
C0071,P0267,2026-05-01,0.912,0.978,0.4,1.0,1.0,1,929950.56,84.2,false,false,Value Realized,Gray Group,Enterprise,AMER,PA-1410 SKU-0267,hardware_ngfw
C0071,P0267,2026-06-01,0.644,0.911,0.45,1.0,1.0,1,929950.56,83.1,false,false,Value Realized,Gray Group,Enterprise,AMER,PA-1410 SKU-0267,hardware_ngfw
C0073,P0302,2025-07-01,0.879,0.97,0.333,1.0,1.0,0,15929.25,82.3,false,false,Value Realized,Henderson-Bernard,Mid-Market,AMER,Cloud NGFW for Azure SKU-0302,cloud_ngfw
C0073,P0302,2025-08-01,0.717,0.929,0.233,1.0,1.0,1,15929.25,78.4,false,false,Value Realized,Henderson-Bernard,Mid-Market,AMER,Cloud NGFW for Azure SKU-0302,cloud_ngfw
C0073,P0302,2025-09-01,0.815,0.954,0.233,1.0,1.0,1,15929.25,79.2,false,false,Value Realized,Henderson-Bernard,Mid-Market,AMER,Cloud NGFW for Azure SKU-0302,cloud_ngfw
C0073,P0302,2025-10-01,0.895,0.974,0.333,1.0,1.0,1,15929.25,82.4,false,false,Value Realized,Henderson-Bernard,Mid-Market,AMER,Cloud NGFW for Azure SKU-0302,cloud_ngfw
C0073,P0302,2025-11-01,0.687,0.922,0.333,1.0,1.0,1,15929.25,80.6,false,false,Value Realized,Henderson-Bernard,Mid-Market,AMER,Cloud NGFW for Azure SKU-0302,cloud_ngfw
C0073,P0302,2025-12-01,0.814,0.953,0.333,1.0,1.0,1,15929.25,81.7,false,false,Value Realized,Henderson-Bernard,Mid-Market,AMER,Cloud NGFW for Azure SKU-0302,cloud_ngfw
C0073,P0302,2026-01-01,0.571,0.865,0.233,1.0,1.0,1,15929.25,76.1,false,false,Value Realized,Henderson-Bernard,Mid-Market,AMER,Cloud NGFW for Azure SKU-0302,cloud_ngfw
C0073,P0302,2026-02-01,0.871,0.968,0.333,1.0,1.0,1,15929.25,82.2,false,false,Value Realized,Henderson-Bernard,Mid-Market,AMER,Cloud NGFW for Azure SKU-0302,cloud_ngfw
C0073,P0302,2026-03-01,0.633,0.908,0.233,1.0,1.0,1,15929.25,77.6,false,false,Value Realized,Henderson-Bernard,Mid-Market,AMER,Cloud NGFW for Azure SKU-0302,cloud_ngfw
C0073,P0302,2026-04-01,0.963,0.991,0.333,1.0,1.0,1,15929.25,83.0,false,false,Value Realized,Henderson-Bernard,Mid-Market,AMER,Cloud NGFW for Azure SKU-0302,cloud_ngfw
C0073,P0302,2026-05-01,0.785,0.946,0.233,1.0,1.0,1,15929.25,79.0,false,false,Value Realized,Henderson-Bernard,Mid-Market,AMER,Cloud NGFW for Azure SKU-0302,cloud_ngfw
C0073,P0302,2026-06-01,0.728,0.932,0.333,1.0,1.0,1,15929.25,81.0,false,false,Value Realized,Henderson-Bernard,Mid-Market,AMER,Cloud NGFW for Azure SKU-0302,cloud_ngfw
C0075,P0437,2025-07-01,0.81,0.952,0.0,1.0,1.0,0,11575.08,73.3,false,false,Value Realized,Novak PLC,Enterprise,EMEA,CN-Series SKU-0437,software_ngfw
C0075,P0437,2025-08-01,0.67,0.917,0.0,1.0,1.0,1,11575.08,72.1,false,false,Value Realized,Novak PLC,Enterprise,EMEA,CN-Series SKU-0437,software_ngfw
C0075,P0437,2025-09-01,0.725,0.931,0.233,1.0,1.0,1,11575.08,78.4,false,false,Value Realized,Novak PLC,Enterprise,EMEA,CN-Series SKU-0437,software_ngfw
C0075,P0437,2025-10-01,0.752,0.938,0.333,1.0,1.0,1,11575.08,81.2,false,false,Value Realized,Novak PLC,Enterprise,EMEA,CN-Series SKU-0437,software_ngfw
C0075,P0437,2025-11-01,0.604,0.901,0.233,1.0,1.0,1,11575.08,77.4,false,false,Value Realized,Novak PLC,Enterprise,EMEA,CN-Series SKU-0437,software_ngfw
C0075,P0437,2025-12-01,0.702,0.925,0.333,1.0,1.0,1,11575.08,80.7,false,false,Value Realized,Novak PLC,Enterprise,EMEA,CN-Series SKU-0437,software_ngfw
C0075,P0437,2026-01-01,0.841,0.96,0.233,1.0,1.0,1,11575.08,79.4,false,false,Value Realized,Novak PLC,Enterprise,EMEA,CN-Series SKU-0437,software_ngfw
C0075,P0437,2026-02-01,0.714,0.928,0.467,1.0,1.0,1,11575.08,84.2,false,false,Value Realized,Novak PLC,Enterprise,EMEA,CN-Series SKU-0437,software_ngfw
C0075,P0437,2026-03-01,0.627,0.907,0.567,1.0,1.0,1,11575.08,85.9,false,false,Value Realized,Novak PLC,Enterprise,EMEA,CN-Series SKU-0437,software_ngfw
C0075,P0437,2026-04-01,0.807,0.952,0.567,1.0,1.0,1,11575.08,87.5,false,false,Value Realized,Novak PLC,Enterprise,EMEA,CN-Series SKU-0437,software_ngfw
C0075,P0437,2026-05-01,0.803,0.951,0.467,1.0,1.0,1,11575.08,84.9,false,false,Value Realized,Novak PLC,Enterprise,EMEA,CN-Series SKU-0437,software_ngfw
C0075,P0437,2026-06-01,0.558,0.849,0.467,1.0,1.0,1,11575.08,81.4,false,false,Value Realized,Novak PLC,Enterprise,EMEA,CN-Series SKU-0437,software_ngfw
C0081,P0104,2025-07-01,0.754,0.938,0.0,1.0,1.0,0,399121.8,72.8,false,false,Value Realized,"Sanchez, Wheeler and Harvey",Enterprise,APAC,Prisma Access Remote Networks SKU-0104,sase
C0081,P0104,2025-08-01,0.689,0.922,0.117,1.0,1.0,1,399121.8,75.2,false,false,Value Realized,"Sanchez, Wheeler and Harvey",Enterprise,APAC,Prisma Access Remote Networks SKU-0104,sase
C0081,P0104,2025-09-01,1.018,1.0,0.117,1.0,1.0,1,399121.8,77.9,true,false,Value Realized,"Sanchez, Wheeler and Harvey",Enterprise,APAC,Prisma Access Remote Networks SKU-0104,sase
C0081,P0104,2025-10-01,0.647,0.912,0.117,1.0,1.0,1,399121.8,74.8,false,false,Value Realized,"Sanchez, Wheeler and Harvey",Enterprise,APAC,Prisma Access Remote Networks SKU-0104,sase
C0081,P0104,2025-11-01,0.691,0.923,0.117,1.0,1.0,1,399121.8,75.2,false,false,Value Realized,"Sanchez, Wheeler and Harvey",Enterprise,APAC,Prisma Access Remote Networks SKU-0104,sase
C0081,P0104,2025-12-01,1.018,1.0,0.167,1.0,1.0,1,399121.8,79.2,true,false,Value Realized,"Sanchez, Wheeler and Harvey",Enterprise,APAC,Prisma Access Remote Networks SKU-0104,sase
C0081,P0104,2026-01-01,0.737,0.934,0.233,1.0,1.0,1,399121.8,78.5,false,false,Value Realized,"Sanchez, Wheeler and Harvey",Enterprise,APAC,Prisma Access Remote Networks SKU-0104,sase
C0081,P0104,2026-02-01,0.8,0.95,0.35,1.0,1.0,1,399121.8,82.0,false,false,Value Realized,"Sanchez, Wheeler and Harvey",Enterprise,APAC,Prisma Access Remote Networks SKU-0104,sase
C0081,P0104,2026-03-01,0.709,0.927,0.567,1.0,1.0,1,399121.8,86.6,false,false,Value Realized,"Sanchez, Wheeler and Harvey",Enterprise,APAC,Prisma Access Remote Networks SKU-0104,sase
C0081,P0104,2026-04-01,0.73,0.933,0.683,1.0,1.0,1,399121.8,89.7,false,false,Value Realized,"Sanchez, Wheeler and Harvey",Enterprise,APAC,Prisma Access Remote Networks SKU-0104,sase
C0081,P0104,2026-05-01,0.705,0.926,0.633,1.0,1.0,1,399121.8,88.3,false,false,Value Realized,"Sanchez, Wheeler and Harvey",Enterprise,APAC,Prisma Access Remote Networks SKU-0104,sase
C0081,P0104,2026-06-01,0.449,0.718,0.633,1.0,1.0,1,399121.8,81.0,false,false,Value Realized,"Sanchez, Wheeler and Harvey",Enterprise,APAC,Prisma Access Remote Networks SKU-0104,sase
C0083,P0321,2025-08-01,0.551,0.841,0.0,1.0,1.0,0,12759.39,69.4,false,false,Developing,Donovan-Harris,Enterprise,APAC,Cloud NGFW for AWS SKU-0321,cloud_ngfw
C0083,P0321,2025-09-01,0.829,0.957,0.0,1.0,1.0,1,12759.39,73.5,false,false,Value Realized,Donovan-Harris,Enterprise,APAC,Cloud NGFW for AWS SKU-0321,cloud_ngfw
C0083,P0321,2025-10-01,0.678,0.92,0.0,1.0,1.0,1,12759.39,72.2,false,false,Value Realized,Donovan-Harris,Enterprise,APAC,Cloud NGFW for AWS SKU-0321,cloud_ngfw
C0083,P0321,2025-11-01,0.577,0.873,0.0,1.0,1.0,1,12759.39,70.6,false,false,Value Realized,Donovan-Harris,Enterprise,APAC,Cloud NGFW for AWS SKU-0321,cloud_ngfw
C0083,P0321,2025-12-01,0.835,0.959,0.175,1.0,1.0,1,12759.39,77.9,false,false,Value Realized,Donovan-Harris,Enterprise,APAC,Cloud NGFW for AWS SKU-0321,cloud_ngfw
C0083,P0321,2026-01-01,0.659,0.915,0.35,1.0,1.0,1,12759.39,80.8,false,false,Value Realized,Donovan-Harris,Enterprise,APAC,Cloud NGFW for AWS SKU-0321,cloud_ngfw
C0083,P0321,2026-02-01,0.637,0.909,0.6,1.0,1.0,1,12759.39,86.8,false,false,Value Realized,Donovan-Harris,Enterprise,APAC,Cloud NGFW for AWS SKU-0321,cloud_ngfw
C0083,P0321,2026-03-01,0.72,0.93,0.525,1.0,1.0,1,12759.39,85.7,false,false,Value Realized,Donovan-Harris,Enterprise,APAC,Cloud NGFW for AWS SKU-0321,cloud_ngfw
C0083,P0321,2026-04-01,0.652,0.913,0.7,1.0,1.0,1,12759.39,89.5,false,false,Value Realized,Donovan-Harris,Enterprise,APAC,Cloud NGFW for AWS SKU-0321,cloud_ngfw
C0083,P0321,2026-05-01,0.823,0.956,0.925,1.0,1.0,1,12759.39,96.6,false,false,Value Realized,Donovan-Harris,Enterprise,APAC,Cloud NGFW for AWS SKU-0321,cloud_ngfw
C0083,P0321,2026-06-01,0.524,0.808,0.85,1.0,1.0,1,12759.39,89.5,false,false,Value Realized,Donovan-Harris,Enterprise,APAC,Cloud NGFW for AWS SKU-0321,cloud_ngfw
C0086,P0331,2025-07-01,0.706,0.926,0.0,1.0,1.0,0,43769.7,72.4,false,false,Value Realized,Smith PLC,Mid-Market,EMEA,Cloud NGFW for AWS SKU-0331,cloud_ngfw
C0086,P0331,2025-08-01,0.567,0.861,0.0,1.0,1.0,1,43769.7,70.1,false,false,Value Realized,Smith PLC,Mid-Market,EMEA,Cloud NGFW for AWS SKU-0331,cloud_ngfw
C0086,P0331,2025-09-01,0.701,0.925,0.0,1.0,1.0,1,43769.7,72.4,false,false,Value Realized,Smith PLC,Mid-Market,EMEA,Cloud NGFW for AWS SKU-0331,cloud_ngfw
C0086,P0331,2025-10-01,0.748,0.937,0.233,1.0,1.0,1,43769.7,78.6,false,false,Value Realized,Smith PLC,Mid-Market,EMEA,Cloud NGFW for AWS SKU-0331,cloud_ngfw
C0086,P0331,2025-11-01,0.789,0.947,0.233,1.0,1.0,1,43769.7,79.0,false,false,Value Realized,Smith PLC,Mid-Market,EMEA,Cloud NGFW for AWS SKU-0331,cloud_ngfw
C0086,P0331,2025-12-01,0.571,0.866,0.283,1.0,1.0,1,43769.7,77.4,false,false,Value Realized,Smith PLC,Mid-Market,EMEA,Cloud NGFW for AWS SKU-0331,cloud_ngfw
C0086,P0331,2026-01-01,0.696,0.924,0.233,1.0,1.0,1,43769.7,78.2,false,false,Value Realized,Smith PLC,Mid-Market,EMEA,Cloud NGFW for AWS SKU-0331,cloud_ngfw
C0086,P0331,2026-02-01,0.704,0.926,0.4,1.0,1.0,1,43769.7,82.4,false,false,Value Realized,Smith PLC,Mid-Market,EMEA,Cloud NGFW for AWS SKU-0331,cloud_ngfw
C0086,P0331,2026-03-01,0.736,0.934,0.517,1.0,1.0,1,43769.7,85.6,false,false,Value Realized,Smith PLC,Mid-Market,EMEA,Cloud NGFW for AWS SKU-0331,cloud_ngfw
C0086,P0331,2026-04-01,0.581,0.877,0.517,1.0,1.0,1,43769.7,83.6,false,false,Value Realized,Smith PLC,Mid-Market,EMEA,Cloud NGFW for AWS SKU-0331,cloud_ngfw
C0086,P0331,2026-05-01,0.781,0.945,0.567,1.0,1.0,1,43769.7,87.3,false,false,Value Realized,Smith PLC,Mid-Market,EMEA,Cloud NGFW for AWS SKU-0331,cloud_ngfw
C0086,P0331,2026-06-01,0.643,0.911,0.517,1.0,1.0,1,43769.7,84.8,false,false,Value Realized,Smith PLC,Mid-Market,EMEA,Cloud NGFW for AWS SKU-0331,cloud_ngfw
C0087,P0427,2025-07-01,1.63,0.8,0.333,1.0,1.0,0,435010.5,76.3,false,true,Value Realized,"Ferrell, Jones and Lewis",Mid-Market,AMER,Prisma Access Remote Networks SKU-0427,sase
C0087,P0427,2025-08-01,1.653,0.8,0.667,1.0,1.0,1,435010.5,84.7,false,true,Value Realized,"Ferrell, Jones and Lewis",Mid-Market,AMER,Prisma Access Remote Networks SKU-0427,sase
C0087,P0427,2025-09-01,1.272,0.8,0.667,1.0,1.0,1,435010.5,84.7,false,true,Value Realized,"Ferrell, Jones and Lewis",Mid-Market,AMER,Prisma Access Remote Networks SKU-0427,sase
C0087,P0427,2025-10-01,1.189,1.0,0.667,1.0,1.0,1,435010.5,91.7,false,false,Value Realized,"Ferrell, Jones and Lewis",Mid-Market,AMER,Prisma Access Remote Networks SKU-0427,sase
C0087,P0427,2025-11-01,1.524,0.8,0.667,1.0,1.0,1,435010.5,84.7,false,true,Value Realized,"Ferrell, Jones and Lewis",Mid-Market,AMER,Prisma Access Remote Networks SKU-0427,sase
C0087,P0427,2025-12-01,1.538,0.8,0.667,1.0,1.0,1,435010.5,84.7,false,true,Value Realized,"Ferrell, Jones and Lewis",Mid-Market,AMER,Prisma Access Remote Networks SKU-0427,sase
C0087,P0427,2026-01-01,1.445,0.8,0.667,1.0,1.0,1,435010.5,84.7,false,true,Value Realized,"Ferrell, Jones and Lewis",Mid-Market,AMER,Prisma Access Remote Networks SKU-0427,sase
C0087,P0427,2026-02-01,1.212,0.8,0.667,1.0,1.0,1,435010.5,84.7,false,true,Value Realized,"Ferrell, Jones and Lewis",Mid-Market,AMER,Prisma Access Remote Networks SKU-0427,sase
C0087,P0427,2026-03-01,1.32,0.8,0.667,1.0,1.0,1,435010.5,84.7,false,true,Value Realized,"Ferrell, Jones and Lewis",Mid-Market,AMER,Prisma Access Remote Networks SKU-0427,sase
C0087,P0427,2026-04-01,1.383,0.8,0.667,1.0,1.0,1,435010.5,84.7,false,true,Value Realized,"Ferrell, Jones and Lewis",Mid-Market,AMER,Prisma Access Remote Networks SKU-0427,sase
C0087,P0427,2026-05-01,1.233,0.8,0.667,1.0,1.0,1,435010.5,84.7,false,true,Value Realized,"Ferrell, Jones and Lewis",Mid-Market,AMER,Prisma Access Remote Networks SKU-0427,sase
C0087,P0427,2026-06-01,1.532,0.8,0.667,1.0,1.0,1,435010.5,84.7,false,true,Value Realized,"Ferrell, Jones and Lewis",Mid-Market,AMER,Prisma Access Remote Networks SKU-0427,sase
C0088,P0486,2025-07-01,0.0,0.0,0.0,0.0,,0,781506.0,0.0,false,false,Grace Period,Anderson-Bailey,Mid-Market,EMEA,Prisma Access Remote Networks SKU-0486,sase
C0088,P0486,2025-08-01,0.0,0.0,0.0,0.0,0.0,0,781506.0,0.0,false,false,Shelfware Risk,Anderson-Bailey,Mid-Market,EMEA,Prisma Access Remote Networks SKU-0486,sase
C0088,P0486,2025-09-01,0.0,0.0,0.0,0.0,0.0,0,781506.0,0.0,false,false,Shelfware Risk,Anderson-Bailey,Mid-Market,EMEA,Prisma Access Remote Networks SKU-0486,sase
C0088,P0486,2025-10-01,0.0,0.0,0.0,0.0,0.0,0,781506.0,0.0,false,false,Shelfware Risk,Anderson-Bailey,Mid-Market,EMEA,Prisma Access Remote Networks SKU-0486,sase
C0088,P0486,2025-11-01,0.0,0.0,0.0,0.0,0.0,0,781506.0,0.0,false,false,Shelfware Risk,Anderson-Bailey,Mid-Market,EMEA,Prisma Access Remote Networks SKU-0486,sase
C0088,P0486,2025-12-01,0.0,0.0,0.0,0.0,0.0,0,781506.0,0.0,false,false,Shelfware Risk,Anderson-Bailey,Mid-Market,EMEA,Prisma Access Remote Networks SKU-0486,sase
C0088,P0486,2026-01-01,0.0,0.0,0.0,0.0,0.0,0,781506.0,0.0,false,false,Shelfware Risk,Anderson-Bailey,Mid-Market,EMEA,Prisma Access Remote Networks SKU-0486,sase
C0088,P0486,2026-02-01,0.0,0.0,0.0,0.0,0.0,0,781506.0,0.0,false,false,Shelfware Risk,Anderson-Bailey,Mid-Market,EMEA,Prisma Access Remote Networks SKU-0486,sase
C0088,P0486,2026-03-01,0.0,0.0,0.0,0.0,0.0,0,781506.0,0.0,false,false,Shelfware Risk,Anderson-Bailey,Mid-Market,EMEA,Prisma Access Remote Networks SKU-0486,sase
C0088,P0486,2026-04-01,0.0,0.0,0.0,0.0,0.0,0,781506.0,0.0,false,false,Shelfware Risk,Anderson-Bailey,Mid-Market,EMEA,Prisma Access Remote Networks SKU-0486,sase
C0088,P0486,2026-05-01,0.0,0.0,0.0,0.0,0.0,0,781506.0,0.0,false,false,Shelfware Risk,Anderson-Bailey,Mid-Market,EMEA,Prisma Access Remote Networks SKU-0486,sase
C0088,P0486,2026-06-01,0.0,0.0,0.0,0.0,0.0,0,781506.0,0.0,false,false,Shelfware Risk,Anderson-Bailey,Mid-Market,EMEA,Prisma Access Remote Networks SKU-0486,sase
C0009,P0209,2025-07-01,1.285,0.8,0.0,1.0,1.0,0,508410.88,68.0,true,true,Developing,Garcia-James,Mid-Market,AMER,Prisma Access Mobile Users SKU-0209,sase
C0009,P0209,2025-08-01,1.4,0.8,0.8,1.0,1.0,1,508410.88,88.0,false,true,Value Realized,Garcia-James,Mid-Market,AMER,Prisma Access Mobile Users SKU-0209,sase
C0009,P0209,2025-09-01,1.481,0.8,0.8,1.0,1.0,1,508410.88,88.0,false,true,Value Realized,Garcia-James,Mid-Market,AMER,Prisma Access Mobile Users SKU-0209,sase
C0009,P0209,2025-10-01,1.585,0.8,0.8,1.0,1.0,1,508410.88,88.0,false,true,Value Realized,Garcia-James,Mid-Market,AMER,Prisma Access Mobile Users SKU-0209,sase
C0009,P0209,2025-11-01,1.146,1.0,0.8,1.0,1.0,1,508410.88,95.0,false,false,Value Realized,Garcia-James,Mid-Market,AMER,Prisma Access Mobile Users SKU-0209,sase
C0009,P0209,2025-12-01,1.545,0.8,0.8,1.0,1.0,1,508410.88,88.0,false,true,Value Realized,Garcia-James,Mid-Market,AMER,Prisma Access Mobile Users SKU-0209,sase
C0009,P0209,2026-01-01,1.459,0.8,0.8,1.0,1.0,1,508410.88,88.0,false,true,Value Realized,Garcia-James,Mid-Market,AMER,Prisma Access Mobile Users SKU-0209,sase
C0009,P0209,2026-02-01,1.25,0.8,0.8,1.0,1.0,1,508410.88,88.0,false,true,Value Realized,Garcia-James,Mid-Market,AMER,Prisma Access Mobile Users SKU-0209,sase
C0009,P0209,2026-03-01,1.453,0.8,0.8,1.0,1.0,1,508410.88,88.0,false,true,Value Realized,Garcia-James,Mid-Market,AMER,Prisma Access Mobile Users SKU-0209,sase
C0009,P0209,2026-04-01,1.316,0.8,0.8,1.0,1.0,1,508410.88,88.0,false,true,Value Realized,Garcia-James,Mid-Market,AMER,Prisma Access Mobile Users SKU-0209,sase
C0009,P0209,2026-05-01,1.124,1.0,0.8,1.0,1.0,1,508410.88,95.0,false,false,Value Realized,Garcia-James,Mid-Market,AMER,Prisma Access Mobile Users SKU-0209,sase
C0009,P0209,2026-06-01,1.334,0.8,0.8,1.0,1.0,1,508410.88,88.0,false,true,Value Realized,Garcia-James,Mid-Market,AMER,Prisma Access Mobile Users SKU-0209,sase
C0012,P0138,2025-07-01,0.643,0.911,0.25,1.0,1.0,0,1149838.48,78.1,false,false,Value Realized,Dudley Group,Mid-Market,AMER,Prisma Access Remote Networks SKU-0138,sase
C0012,P0138,2025-08-01,0.769,0.942,0.175,1.0,1.0,1,1149838.48,77.4,false,false,Value Realized,Dudley Group,Mid-Market,AMER,Prisma Access Remote Networks SKU-0138,sase
C0012,P0138,2025-09-01,0.603,0.901,0.175,1.0,1.0,1,1149838.48,75.9,false,false,Value Realized,Dudley Group,Mid-Market,AMER,Prisma Access Remote Networks SKU-0138,sase
C0012,P0138,2025-10-01,0.803,0.951,0.175,1.0,1.0,1,1149838.48,77.7,false,false,Value Realized,Dudley Group,Mid-Market,AMER,Prisma Access Remote Networks SKU-0138,sase
C0012,P0138,2025-11-01,0.849,0.962,0.25,1.0,1.0,1,1149838.48,79.9,false,false,Value Realized,Dudley Group,Mid-Market,AMER,Prisma Access Remote Networks SKU-0138,sase
C0012,P0138,2025-12-01,0.737,0.934,0.175,1.0,1.0,1,1149838.48,77.1,false,false,Value Realized,Dudley Group,Mid-Market,AMER,Prisma Access Remote Networks SKU-0138,sase
C0012,P0138,2026-01-01,0.678,0.919,0.425,1.0,1.0,1,1149838.48,82.8,false,false,Value Realized,Dudley Group,Mid-Market,AMER,Prisma Access Remote Networks SKU-0138,sase
C0012,P0138,2026-02-01,0.819,0.955,0.425,1.0,1.0,1,1149838.48,84.0,false,false,Value Realized,Dudley Group,Mid-Market,AMER,Prisma Access Remote Networks SKU-0138,sase
C0012,P0138,2026-03-01,0.624,0.906,0.35,1.0,1.0,1,1149838.48,80.5,false,false,Value Realized,Dudley Group,Mid-Market,AMER,Prisma Access Remote Networks SKU-0138,sase
C0012,P0138,2026-04-01,0.535,0.822,0.35,1.0,1.0,1,1149838.48,77.5,false,false,Value Realized,Dudley Group,Mid-Market,AMER,Prisma Access Remote Networks SKU-0138,sase
C0012,P0138,2026-05-01,0.571,0.865,0.425,1.0,1.0,1,1149838.48,80.9,false,false,Value Realized,Dudley Group,Mid-Market,AMER,Prisma Access Remote Networks SKU-0138,sase
C0012,P0138,2026-06-01,0.744,0.936,0.35,1.0,1.0,1,1149838.48,81.5,false,false,Value Realized,Dudley Group,Mid-Market,AMER,Prisma Access Remote Networks SKU-0138,sase
C0015,P0289,2025-10-01,0.607,0.902,0.0,1.0,1.0,0,50303.0,71.6,false,false,Value Realized,Williams and Sons,Mid-Market,EMEA,CN-Series SKU-0289,software_ngfw
C0015,P0289,2025-11-01,0.899,0.975,0.0,1.0,1.0,1,50303.0,74.1,false,false,Value Realized,Williams and Sons,Mid-Market,EMEA,CN-Series SKU-0289,software_ngfw
C0015,P0289,2025-12-01,0.722,0.931,0.0,1.0,1.0,1,50303.0,72.6,false,false,Value Realized,Williams and Sons,Mid-Market,EMEA,CN-Series SKU-0289,software_ngfw
C0015,P0289,2026-01-01,0.897,0.974,0.0,1.0,1.0,1,50303.0,74.1,false,false,Value Realized,Williams and Sons,Mid-Market,EMEA,CN-Series SKU-0289,software_ngfw
C0015,P0289,2026-02-01,0.831,0.958,0.0,1.0,1.0,1,50303.0,73.5,false,false,Value Realized,Williams and Sons,Mid-Market,EMEA,CN-Series SKU-0289,software_ngfw
C0015,P0289,2026-03-01,0.663,0.916,0.0,1.0,1.0,1,50303.0,72.0,false,false,Value Realized,Williams and Sons,Mid-Market,EMEA,CN-Series SKU-0289,software_ngfw
C0015,P0289,2026-04-01,0.474,0.749,0.175,1.0,1.0,1,50303.0,70.6,false,false,Value Realized,Williams and Sons,Mid-Market,EMEA,CN-Series SKU-0289,software_ngfw
C0015,P0289,2026-05-01,0.707,0.927,0.175,1.0,1.0,1,50303.0,76.8,false,false,Value Realized,Williams and Sons,Mid-Market,EMEA,CN-Series SKU-0289,software_ngfw
C0015,P0289,2026-06-01,0.789,0.947,0.25,1.0,1.0,1,50303.0,79.4,false,false,Value Realized,Williams and Sons,Mid-Market,EMEA,CN-Series SKU-0289,software_ngfw
C0019,P0027,2025-07-01,1.427,0.8,0.333,1.0,1.0,0,44132.31,76.3,false,true,Value Realized,"Adams, Zuniga and Wong",Mid-Market,EMEA,VM-100 SKU-0027,software_ngfw
C0019,P0027,2025-08-01,1.578,0.8,0.833,1.0,1.0,1,44132.31,88.8,false,true,Value Realized,"Adams, Zuniga and Wong",Mid-Market,EMEA,VM-100 SKU-0027,software_ngfw
C0019,P0027,2025-09-01,1.428,0.8,0.833,1.0,1.0,1,44132.31,88.8,false,true,Value Realized,"Adams, Zuniga and Wong",Mid-Market,EMEA,VM-100 SKU-0027,software_ngfw
C0019,P0027,2025-10-01,1.44,0.8,0.833,1.0,1.0,1,44132.31,88.8,false,true,Value Realized,"Adams, Zuniga and Wong",Mid-Market,EMEA,VM-100 SKU-0027,software_ngfw
C0019,P0027,2025-11-01,1.585,0.8,0.833,1.0,1.0,1,44132.31,88.8,false,true,Value Realized,"Adams, Zuniga and Wong",Mid-Market,EMEA,VM-100 SKU-0027,software_ngfw
C0019,P0027,2025-12-01,1.474,0.8,0.833,1.0,1.0,1,44132.31,88.8,false,true,Value Realized,"Adams, Zuniga and Wong",Mid-Market,EMEA,VM-100 SKU-0027,software_ngfw
C0019,P0027,2026-01-01,1.588,0.8,0.833,1.0,1.0,1,44132.31,88.8,false,true,Value Realized,"Adams, Zuniga and Wong",Mid-Market,EMEA,VM-100 SKU-0027,software_ngfw
C0019,P0027,2026-02-01,1.264,0.8,0.833,1.0,1.0,1,44132.31,88.8,false,true,Value Realized,"Adams, Zuniga and Wong",Mid-Market,EMEA,VM-100 SKU-0027,software_ngfw
C0019,P0027,2026-03-01,1.403,0.8,0.833,1.0,1.0,1,44132.31,88.8,false,true,Value Realized,"Adams, Zuniga and Wong",Mid-Market,EMEA,VM-100 SKU-0027,software_ngfw
C0019,P0027,2026-04-01,1.499,0.8,0.833,1.0,1.0,1,44132.31,88.8,false,true,Value Realized,"Adams, Zuniga and Wong",Mid-Market,EMEA,VM-100 SKU-0027,software_ngfw
C0019,P0027,2026-05-01,1.385,0.8,0.833,1.0,1.0,1,44132.31,88.8,false,true,Value Realized,"Adams, Zuniga and Wong",Mid-Market,EMEA,VM-100 SKU-0027,software_ngfw
C0019,P0027,2026-06-01,1.642,0.8,0.833,1.0,1.0,1,44132.31,88.8,false,true,Value Realized,"Adams, Zuniga and Wong",Mid-Market,EMEA,VM-100 SKU-0027,software_ngfw
C0022,P0062,2025-07-01,0.67,0.918,0.0,1.0,1.0,0,511794.91,72.1,false,false,Value Realized,"Watts, Robinson and Nguyen",Enterprise,EMEA,Prisma Access Mobile Users SKU-0062,sase
C0022,P0062,2025-08-01,0.826,0.956,0.2,1.0,1.0,1,511794.91,78.5,false,false,Value Realized,"Watts, Robinson and Nguyen",Enterprise,EMEA,Prisma Access Mobile Users SKU-0062,sase
C0022,P0062,2025-09-01,0.836,0.959,0.14,1.0,1.0,1,511794.91,77.1,false,false,Value Realized,"Watts, Robinson and Nguyen",Enterprise,EMEA,Prisma Access Mobile Users SKU-0062,sase
C0022,P0062,2025-10-01,0.75,0.937,0.2,1.0,1.0,1,511794.91,77.8,false,false,Value Realized,"Watts, Robinson and Nguyen",Enterprise,EMEA,Prisma Access Mobile Users SKU-0062,sase
C0022,P0062,2025-11-01,0.684,0.921,0.14,1.0,1.0,1,511794.91,75.7,false,false,Value Realized,"Watts, Robinson and Nguyen",Enterprise,EMEA,Prisma Access Mobile Users SKU-0062,sase
C0022,P0062,2025-12-01,0.686,0.921,0.14,1.0,1.0,1,511794.91,75.8,false,false,Value Realized,"Watts, Robinson and Nguyen",Enterprise,EMEA,Prisma Access Mobile Users SKU-0062,sase
C0022,P0062,2026-01-01,0.789,0.947,0.2,1.0,1.0,1,511794.91,78.2,false,false,Value Realized,"Watts, Robinson and Nguyen",Enterprise,EMEA,Prisma Access Mobile Users SKU-0062,sase
C0022,P0062,2026-02-01,0.532,0.818,0.14,1.0,1.0,1,511794.91,72.1,false,false,Value Realized,"Watts, Robinson and Nguyen",Enterprise,EMEA,Prisma Access Mobile Users SKU-0062,sase
C0022,P0062,2026-03-01,0.61,0.903,0.14,1.0,1.0,1,511794.91,75.1,false,false,Value Realized,"Watts, Robinson and Nguyen",Enterprise,EMEA,Prisma Access Mobile Users SKU-0062,sase
C0022,P0062,2026-04-01,0.714,0.929,0.2,1.0,1.0,1,511794.91,77.5,false,false,Value Realized,"Watts, Robinson and Nguyen",Enterprise,EMEA,Prisma Access Mobile Users SKU-0062,sase
C0022,P0062,2026-05-01,0.783,0.946,0.28,1.0,1.0,1,511794.91,80.1,false,false,Value Realized,"Watts, Robinson and Nguyen",Enterprise,EMEA,Prisma Access Mobile Users SKU-0062,sase
C0022,P0062,2026-06-01,0.878,0.969,0.34,1.0,1.0,1,511794.91,82.4,false,false,Value Realized,"Watts, Robinson and Nguyen",Enterprise,EMEA,Prisma Access Mobile Users SKU-0062,sase
C0028,P0418,2025-07-01,0.61,0.903,0.0,1.0,1.0,0,46667.66,71.6,false,false,Value Realized,"Hoffman, Baker and Richards",Enterprise,AMER,PA-460 SKU-0418,hardware_ngfw
C0028,P0418,2025-08-01,0.85,0.963,0.0,1.0,1.0,1,46667.66,73.7,false,false,Value Realized,"Hoffman, Baker and Richards",Enterprise,AMER,PA-460 SKU-0418,hardware_ngfw
C0028,P0418,2025-09-01,0.86,0.965,0.0,1.0,1.0,1,46667.66,73.8,false,false,Value Realized,"Hoffman, Baker and Richards",Enterprise,AMER,PA-460 SKU-0418,hardware_ngfw
C0028,P0418,2025-10-01,0.65,0.913,0.0,1.0,1.0,1,46667.66,71.9,false,false,Value Realized,"Hoffman, Baker and Richards",Enterprise,AMER,PA-460 SKU-0418,hardware_ngfw
C0028,P0418,2025-11-01,0.94,0.985,0.0,1.0,1.0,1,46667.66,74.5,true,false,Value Realized,"Hoffman, Baker and Richards",Enterprise,AMER,PA-460 SKU-0418,hardware_ngfw
C0028,P0418,2025-12-01,0.72,0.93,0.0,1.0,1.0,1,46667.66,72.6,false,false,Value Realized,"Hoffman, Baker and Richards",Enterprise,AMER,PA-460 SKU-0418,hardware_ngfw
C0028,P0418,2026-01-01,0.58,0.876,0.0,1.0,1.0,1,46667.66,70.7,false,false,Value Realized,"Hoffman, Baker and Richards",Enterprise,AMER,PA-460 SKU-0418,hardware_ngfw
C0028,P0418,2026-02-01,0.53,0.816,0.0,1.0,1.0,1,46667.66,68.6,false,false,Developing,"Hoffman, Baker and Richards",Enterprise,AMER,PA-460 SKU-0418,hardware_ngfw
C0028,P0418,2026-03-01,0.76,0.94,0.233,1.0,1.0,1,46667.66,78.7,false,false,Value Realized,"Hoffman, Baker and Richards",Enterprise,AMER,PA-460 SKU-0418,hardware_ngfw
C0028,P0418,2026-04-01,0.6,0.9,0.233,1.0,1.0,1,46667.66,77.3,false,false,Value Realized,"Hoffman, Baker and Richards",Enterprise,AMER,PA-460 SKU-0418,hardware_ngfw
C0028,P0418,2026-05-01,0.64,0.91,0.233,1.0,1.0,1,46667.66,77.7,false,false,Value Realized,"Hoffman, Baker and Richards",Enterprise,AMER,PA-460 SKU-0418,hardware_ngfw
C0028,P0418,2026-06-01,0.61,0.903,0.233,1.0,1.0,1,46667.66,77.4,false,false,Value Realized,"Hoffman, Baker and Richards",Enterprise,AMER,PA-460 SKU-0418,hardware_ngfw
C0034,P0409,2025-10-01,3.663,0.8,0.85,1.0,1.0,0,18610.56,89.3,false,true,Value Realized,Frazier Inc,Enterprise,AMER,VM-500 SKU-0409,software_ngfw
C0034,P0409,2025-11-01,4.185,0.8,0.85,1.0,1.0,1,18610.56,89.3,false,true,Value Realized,Frazier Inc,Enterprise,AMER,VM-500 SKU-0409,software_ngfw
C0034,P0409,2025-12-01,3.746,0.8,0.775,1.0,1.0,1,18610.56,87.4,false,true,Value Realized,Frazier Inc,Enterprise,AMER,VM-500 SKU-0409,software_ngfw
C0034,P0409,2026-01-01,0.0,0.0,0.0,0.5,1.0,1,18610.56,27.5,false,false,Lapsed,Frazier Inc,Enterprise,AMER,VM-500 SKU-0409,software_ngfw
C0034,P0409,2026-02-01,0.0,0.0,0.0,0.2,1.0,1,18610.56,20.0,false,false,Churn Signal,Frazier Inc,Enterprise,AMER,VM-500 SKU-0409,software_ngfw
C0034,P0409,2026-03-01,0.0,0.0,0.0,0.0,1.0,1,18610.56,15.0,false,false,Churn Signal,Frazier Inc,Enterprise,AMER,VM-500 SKU-0409,software_ngfw
C0034,P0409,2026-04-01,0.0,0.0,0.0,0.0,1.0,1,18610.56,15.0,false,false,Lapsed,Frazier Inc,Enterprise,AMER,VM-500 SKU-0409,software_ngfw
C0034,P0409,2026-05-01,0.0,0.0,0.0,0.0,1.0,1,18610.56,15.0,false,false,Lapsed,Frazier Inc,Enterprise,AMER,VM-500 SKU-0409,software_ngfw
C0034,P0409,2026-06-01,0.0,0.0,0.0,0.0,1.0,1,18610.56,15.0,false,false,Lapsed,Frazier Inc,Enterprise,AMER,VM-500 SKU-0409,software_ngfw
C0042,P0409,2025-07-01,0.572,0.867,0.175,1.0,1.0,0,60678.0,74.7,false,false,Value Realized,George Group,Enterprise,EMEA,VM-500 SKU-0409,software_ngfw
C0042,P0409,2025-08-01,0.683,0.921,0.175,1.0,1.0,1,60678.0,76.6,false,false,Value Realized,George Group,Enterprise,EMEA,VM-500 SKU-0409,software_ngfw
C0042,P0409,2025-09-01,0.54,0.828,0.25,1.0,1.0,1,60678.0,75.2,false,false,Value Realized,George Group,Enterprise,EMEA,VM-500 SKU-0409,software_ngfw
C0042,P0409,2025-10-01,0.865,0.966,0.5,1.0,1.0,1,60678.0,86.3,false,false,Value Realized,George Group,Enterprise,EMEA,VM-500 SKU-0409,software_ngfw
C0042,P0409,2025-11-01,0.558,0.85,0.35,1.0,1.0,1,60678.0,78.5,false,false,Value Realized,George Group,Enterprise,EMEA,VM-500 SKU-0409,software_ngfw
C0042,P0409,2025-12-01,0.553,0.844,0.425,1.0,1.0,1,60678.0,80.2,false,false,Value Realized,George Group,Enterprise,EMEA,VM-500 SKU-0409,software_ngfw
C0042,P0409,2026-01-01,0.685,0.921,0.425,1.0,1.0,1,60678.0,82.9,false,false,Value Realized,George Group,Enterprise,EMEA,VM-500 SKU-0409,software_ngfw
C0042,P0409,2026-02-01,1.013,1.0,0.425,1.0,1.0,1,60678.0,85.6,false,false,Value Realized,George Group,Enterprise,EMEA,VM-500 SKU-0409,software_ngfw
C0042,P0409,2026-03-01,0.637,0.909,0.525,1.0,1.0,1,60678.0,84.9,false,false,Value Realized,George Group,Enterprise,EMEA,VM-500 SKU-0409,software_ngfw
C0042,P0409,2026-04-01,0.65,0.912,0.675,1.0,1.0,1,60678.0,88.8,false,false,Value Realized,George Group,Enterprise,EMEA,VM-500 SKU-0409,software_ngfw
C0042,P0409,2026-05-01,0.793,0.948,0.6,1.0,1.0,1,60678.0,88.2,false,false,Value Realized,George Group,Enterprise,EMEA,VM-500 SKU-0409,software_ngfw
C0042,P0409,2026-06-01,0.878,0.97,0.75,1.0,1.0,1,60678.0,92.7,false,false,Value Realized,George Group,Enterprise,EMEA,VM-500 SKU-0409,software_ngfw
C0045,P0169,2025-07-01,3.68,0.8,0.48,1.0,1.0,0,60269.42,80.0,false,true,Value Realized,"Arroyo, Miller and Tucker",Enterprise,LATAM,VM-300 SKU-0169,software_ngfw
C0045,P0169,2025-08-01,3.603,0.8,0.42,1.0,1.0,1,60269.42,78.5,false,true,Value Realized,"Arroyo, Miller and Tucker",Enterprise,LATAM,VM-300 SKU-0169,software_ngfw
C0045,P0169,2025-09-01,3.783,0.8,0.48,1.0,1.0,1,60269.42,80.0,false,true,Value Realized,"Arroyo, Miller and Tucker",Enterprise,LATAM,VM-300 SKU-0169,software_ngfw
C0045,P0169,2025-10-01,0.0,0.0,0.0,0.5,1.0,1,60269.42,27.5,false,false,Lapsed,"Arroyo, Miller and Tucker",Enterprise,LATAM,VM-300 SKU-0169,software_ngfw
C0045,P0169,2025-11-01,0.0,0.0,0.0,0.2,1.0,1,60269.42,20.0,false,false,Churn Signal,"Arroyo, Miller and Tucker",Enterprise,LATAM,VM-300 SKU-0169,software_ngfw
C0045,P0169,2025-12-01,0.0,0.0,0.0,0.0,1.0,1,60269.42,15.0,false,false,Churn Signal,"Arroyo, Miller and Tucker",Enterprise,LATAM,VM-300 SKU-0169,software_ngfw
C0045,P0169,2026-01-01,0.0,0.0,0.0,0.0,1.0,1,60269.42,15.0,false,false,Lapsed,"Arroyo, Miller and Tucker",Enterprise,LATAM,VM-300 SKU-0169,software_ngfw
C0045,P0169,2026-02-01,0.0,0.0,0.0,0.0,1.0,1,60269.42,15.0,false,false,Lapsed,"Arroyo, Miller and Tucker",Enterprise,LATAM,VM-300 SKU-0169,software_ngfw
C0045,P0169,2026-03-01,0.0,0.0,0.0,0.0,1.0,1,60269.42,15.0,false,false,Lapsed,"Arroyo, Miller and Tucker",Enterprise,LATAM,VM-300 SKU-0169,software_ngfw
C0045,P0169,2026-04-01,0.0,0.0,0.0,0.0,1.0,1,60269.42,15.0,false,false,Lapsed,"Arroyo, Miller and Tucker",Enterprise,LATAM,VM-300 SKU-0169,software_ngfw
C0045,P0169,2026-05-01,0.0,0.0,0.0,0.0,1.0,1,60269.42,15.0,false,false,Lapsed,"Arroyo, Miller and Tucker",Enterprise,LATAM,VM-300 SKU-0169,software_ngfw
C0045,P0169,2026-06-01,0.0,0.0,0.0,0.0,1.0,1,60269.42,15.0,false,false,Lapsed,"Arroyo, Miller and Tucker",Enterprise,LATAM,VM-300 SKU-0169,software_ngfw
C0057,P0351,2025-07-01,0.0,0.0,0.0,0.0,,0,24956.05,0.0,false,false,Grace Period,"Washington, Ryan and Cummings",Mid-Market,AMER,VM-500 SKU-0351,software_ngfw
C0057,P0351,2025-08-01,0.0,0.0,0.0,0.0,0.0,0,24956.05,0.0,false,false,Shelfware Risk,"Washington, Ryan and Cummings",Mid-Market,AMER,VM-500 SKU-0351,software_ngfw
C0057,P0351,2025-09-01,0.0,0.0,0.0,0.0,0.0,0,24956.05,0.0,false,false,Shelfware Risk,"Washington, Ryan and Cummings",Mid-Market,AMER,VM-500 SKU-0351,software_ngfw
C0057,P0351,2025-10-01,0.0,0.0,0.0,0.0,0.0,0,24956.05,0.0,false,false,Shelfware Risk,"Washington, Ryan and Cummings",Mid-Market,AMER,VM-500 SKU-0351,software_ngfw
C0057,P0351,2025-11-01,0.0,0.0,0.0,0.0,0.0,0,24956.05,0.0,false,false,Shelfware Risk,"Washington, Ryan and Cummings",Mid-Market,AMER,VM-500 SKU-0351,software_ngfw
C0057,P0351,2025-12-01,0.0,0.0,0.0,0.0,0.0,0,24956.05,0.0,false,false,Shelfware Risk,"Washington, Ryan and Cummings",Mid-Market,AMER,VM-500 SKU-0351,software_ngfw
C0057,P0351,2026-01-01,0.0,0.0,0.0,0.0,0.0,0,24956.05,0.0,false,false,Shelfware Risk,"Washington, Ryan and Cummings",Mid-Market,AMER,VM-500 SKU-0351,software_ngfw
C0057,P0351,2026-02-01,0.0,0.0,0.0,0.0,0.0,0,24956.05,0.0,false,false,Shelfware Risk,"Washington, Ryan and Cummings",Mid-Market,AMER,VM-500 SKU-0351,software_ngfw
C0057,P0351,2026-03-01,0.0,0.0,0.0,0.0,0.0,0,24956.05,0.0,false,false,Shelfware Risk,"Washington, Ryan and Cummings",Mid-Market,AMER,VM-500 SKU-0351,software_ngfw
C0057,P0351,2026-04-01,0.0,0.0,0.0,0.0,0.0,0,24956.05,0.0,false,false,Shelfware Risk,"Washington, Ryan and Cummings",Mid-Market,AMER,VM-500 SKU-0351,software_ngfw
C0057,P0351,2026-05-01,0.0,0.0,0.0,0.0,0.0,0,24956.05,0.0,false,false,Shelfware Risk,"Washington, Ryan and Cummings",Mid-Market,AMER,VM-500 SKU-0351,software_ngfw
C0057,P0351,2026-06-01,0.0,0.0,0.0,0.0,0.0,0,24956.05,0.0,false,false,Shelfware Risk,"Washington, Ryan and Cummings",Mid-Market,AMER,VM-500 SKU-0351,software_ngfw
C0058,P0346,2025-09-01,0.759,0.94,0.0,1.0,1.0,0,19534.4,72.9,false,false,Value Realized,"Johnston, Sanchez and Kennedy",Enterprise,EMEA,VM-300 SKU-0346,software_ngfw
C0058,P0346,2025-10-01,0.701,0.925,0.14,1.0,1.0,1,19534.4,75.9,false,false,Value Realized,"Johnston, Sanchez and Kennedy",Enterprise,EMEA,VM-300 SKU-0346,software_ngfw
C0058,P0346,2025-11-01,0.764,0.941,0.2,1.0,1.0,1,19534.4,77.9,false,false,Value Realized,"Johnston, Sanchez and Kennedy",Enterprise,EMEA,VM-300 SKU-0346,software_ngfw
C0058,P0346,2025-12-01,0.749,0.937,0.2,1.0,1.0,1,19534.4,77.8,false,false,Value Realized,"Johnston, Sanchez and Kennedy",Enterprise,EMEA,VM-300 SKU-0346,software_ngfw
C0058,P0346,2026-01-01,0.641,0.91,0.28,1.0,1.0,1,19534.4,78.9,false,false,Value Realized,"Johnston, Sanchez and Kennedy",Enterprise,EMEA,VM-300 SKU-0346,software_ngfw
C0058,P0346,2026-02-01,0.504,0.784,0.28,1.0,1.0,1,19534.4,74.5,false,false,Value Realized,"Johnston, Sanchez and Kennedy",Enterprise,EMEA,VM-300 SKU-0346,software_ngfw
C0058,P0346,2026-03-01,0.819,0.955,0.34,1.0,1.0,1,19534.4,81.9,false,false,Value Realized,"Johnston, Sanchez and Kennedy",Enterprise,EMEA,VM-300 SKU-0346,software_ngfw
C0058,P0346,2026-04-01,0.615,0.904,0.42,1.0,1.0,1,19534.4,82.1,false,false,Value Realized,"Johnston, Sanchez and Kennedy",Enterprise,EMEA,VM-300 SKU-0346,software_ngfw
C0058,P0346,2026-05-01,0.52,0.804,0.48,1.0,1.0,1,19534.4,80.1,false,false,Value Realized,"Johnston, Sanchez and Kennedy",Enterprise,EMEA,VM-300 SKU-0346,software_ngfw
C0058,P0346,2026-06-01,0.681,0.92,0.54,1.0,1.0,1,19534.4,85.7,false,false,Value Realized,"Johnston, Sanchez and Kennedy",Enterprise,EMEA,VM-300 SKU-0346,software_ngfw
C0058,P0364,2025-07-01,0.692,0.923,0.0,1.0,1.0,0,26761.26,72.3,false,false,Value Realized,"Johnston, Sanchez and Kennedy",Enterprise,EMEA,VM-700 SKU-0364,software_ngfw
C0058,P0364,2025-08-01,0.761,0.94,0.0,1.0,1.0,1,26761.26,72.9,false,false,Value Realized,"Johnston, Sanchez and Kennedy",Enterprise,EMEA,VM-700 SKU-0364,software_ngfw
C0058,P0364,2025-09-01,0.653,0.913,0.25,1.0,1.0,1,26761.26,78.2,false,false,Value Realized,"Johnston, Sanchez and Kennedy",Enterprise,EMEA,VM-700 SKU-0364,software_ngfw
C0058,P0364,2025-10-01,0.716,0.929,0.175,1.0,1.0,1,26761.26,76.9,false,false,Value Realized,"Johnston, Sanchez and Kennedy",Enterprise,EMEA,VM-700 SKU-0364,software_ngfw
C0058,P0364,2025-11-01,0.817,0.954,0.175,1.0,1.0,1,26761.26,77.8,false,false,Value Realized,"Johnston, Sanchez and Kennedy",Enterprise,EMEA,VM-700 SKU-0364,software_ngfw
C0058,P0364,2025-12-01,0.808,0.952,0.175,1.0,1.0,1,26761.26,77.7,false,false,Value Realized,"Johnston, Sanchez and Kennedy",Enterprise,EMEA,VM-700 SKU-0364,software_ngfw
C0058,P0364,2026-01-01,0.692,0.923,0.175,1.0,1.0,1,26761.26,76.7,false,false,Value Realized,"Johnston, Sanchez and Kennedy",Enterprise,EMEA,VM-700 SKU-0364,software_ngfw
C0058,P0364,2026-02-01,0.758,0.939,0.175,1.0,1.0,1,26761.26,77.3,false,false,Value Realized,"Johnston, Sanchez and Kennedy",Enterprise,EMEA,VM-700 SKU-0364,software_ngfw
C0058,P0364,2026-03-01,0.838,0.96,0.25,1.0,1.0,1,26761.26,79.8,false,false,Value Realized,"Johnston, Sanchez and Kennedy",Enterprise,EMEA,VM-700 SKU-0364,software_ngfw
C0058,P0364,2026-04-01,0.758,0.94,0.25,1.0,1.0,1,26761.26,79.1,false,false,Value Realized,"Johnston, Sanchez and Kennedy",Enterprise,EMEA,VM-700 SKU-0364,software_ngfw
C0058,P0364,2026-05-01,0.612,0.903,0.175,1.0,1.0,1,26761.26,76.0,false,false,Value Realized,"Johnston, Sanchez and Kennedy",Enterprise,EMEA,VM-700 SKU-0364,software_ngfw
C0058,P0364,2026-06-01,0.597,0.896,0.175,1.0,1.0,1,26761.26,75.7,false,false,Value Realized,"Johnston, Sanchez and Kennedy",Enterprise,EMEA,VM-700 SKU-0364,software_ngfw
C0065,P0045,2025-07-01,0.666,0.916,0.0,1.0,1.0,0,58048.77,72.1,false,false,Value Realized,Baxter Inc,Mid-Market,LATAM,CN-Series SKU-0045,software_ngfw
C0065,P0045,2025-08-01,1.028,1.0,0.0,1.0,1.0,1,58048.77,75.0,true,false,Value Realized,Baxter Inc,Mid-Market,LATAM,CN-Series SKU-0045,software_ngfw
C0065,P0045,2025-09-01,0.596,0.895,0.0,1.0,1.0,1,58048.77,71.3,false,false,Value Realized,Baxter Inc,Mid-Market,LATAM,CN-Series SKU-0045,software_ngfw
C0065,P0045,2025-10-01,0.586,0.883,0.233,1.0,1.0,1,58048.77,76.8,false,false,Value Realized,Baxter Inc,Mid-Market,LATAM,CN-Series SKU-0045,software_ngfw
C0065,P0045,2025-11-01,0.565,0.857,0.233,1.0,1.0,1,58048.77,75.8,false,false,Value Realized,Baxter Inc,Mid-Market,LATAM,CN-Series SKU-0045,software_ngfw
C0065,P0045,2025-12-01,0.615,0.904,0.467,1.0,1.0,1,58048.77,83.3,false,false,Value Realized,Baxter Inc,Mid-Market,LATAM,CN-Series SKU-0045,software_ngfw
C0065,P0045,2026-01-01,0.565,0.857,0.567,1.0,1.0,1,58048.77,84.2,false,false,Value Realized,Baxter Inc,Mid-Market,LATAM,CN-Series SKU-0045,software_ngfw
C0065,P0045,2026-02-01,0.835,0.959,0.467,1.0,1.0,1,58048.77,85.2,false,false,Value Realized,Baxter Inc,Mid-Market,LATAM,CN-Series SKU-0045,software_ngfw
C0065,P0045,2026-03-01,0.62,0.905,0.467,1.0,1.0,1,58048.77,83.3,false,false,Value Realized,Baxter Inc,Mid-Market,LATAM,CN-Series SKU-0045,software_ngfw
C0065,P0045,2026-04-01,0.829,0.957,0.467,1.0,1.0,1,58048.77,85.2,false,false,Value Realized,Baxter Inc,Mid-Market,LATAM,CN-Series SKU-0045,software_ngfw
C0065,P0045,2026-05-01,0.585,0.881,0.567,1.0,1.0,1,58048.77,85.0,false,false,Value Realized,Baxter Inc,Mid-Market,LATAM,CN-Series SKU-0045,software_ngfw
C0065,P0045,2026-06-01,0.805,0.951,0.467,1.0,1.0,1,58048.77,85.0,false,false,Value Realized,Baxter Inc,Mid-Market,LATAM,CN-Series SKU-0045,software_ngfw
C0067,P0330,2025-07-01,0.729,0.932,0.0,1.0,1.0,0,396427.77,72.6,false,false,Value Realized,Williams PLC,Mid-Market,AMER,Prisma Access Browser SKU-0330,sase
C0067,P0330,2025-08-01,0.525,0.81,0.0,1.0,1.0,1,396427.77,68.3,false,false,Developing,Williams PLC,Mid-Market,AMER,Prisma Access Browser SKU-0330,sase
C0067,P0330,2025-09-01,0.687,0.922,0.0,1.0,1.0,1,396427.77,72.3,false,false,Value Realized,Williams PLC,Mid-Market,AMER,Prisma Access Browser SKU-0330,sase
C0067,P0330,2025-10-01,0.679,0.92,0.0,1.0,1.0,1,396427.77,72.2,false,false,Value Realized,Williams PLC,Mid-Market,AMER,Prisma Access Browser SKU-0330,sase
C0067,P0330,2025-11-01,0.763,0.941,0.0,1.0,1.0,1,396427.77,72.9,false,false,Value Realized,Williams PLC,Mid-Market,AMER,Prisma Access Browser SKU-0330,sase
C0067,P0330,2025-12-01,0.763,0.941,0.14,1.0,1.0,1,396427.77,76.4,false,false,Value Realized,Williams PLC,Mid-Market,AMER,Prisma Access Browser SKU-0330,sase
C0067,P0330,2026-01-01,0.566,0.859,0.14,1.0,1.0,1,396427.77,73.6,false,false,Value Realized,Williams PLC,Mid-Market,AMER,Prisma Access Browser SKU-0330,sase
C0067,P0330,2026-02-01,0.572,0.866,0.2,1.0,1.0,1,396427.77,75.3,false,false,Value Realized,Williams PLC,Mid-Market,AMER,Prisma Access Browser SKU-0330,sase
C0067,P0330,2026-03-01,0.833,0.958,0.34,1.0,1.0,1,396427.77,82.0,false,false,Value Realized,Williams PLC,Mid-Market,AMER,Prisma Access Browser SKU-0330,sase
C0067,P0330,2026-04-01,0.601,0.9,0.54,1.0,1.0,1,396427.77,85.0,false,false,Value Realized,Williams PLC,Mid-Market,AMER,Prisma Access Browser SKU-0330,sase
C0067,P0330,2026-05-01,0.908,0.977,0.54,1.0,1.0,1,396427.77,87.7,false,false,Value Realized,Williams PLC,Mid-Market,AMER,Prisma Access Browser SKU-0330,sase
C0067,P0330,2026-06-01,0.765,0.941,0.54,1.0,1.0,1,396427.77,86.4,false,false,Value Realized,Williams PLC,Mid-Market,AMER,Prisma Access Browser SKU-0330,sase
C0078,P0285,2025-07-01,0.641,0.91,0.0,1.0,1.0,0,11873.75,71.9,false,false,Value Realized,Yu Inc,Mid-Market,EMEA,VM-300 SKU-0285,software_ngfw
C0078,P0285,2025-08-01,0.844,0.961,0.233,1.0,1.0,1,11873.75,79.5,false,false,Value Realized,Yu Inc,Mid-Market,EMEA,VM-300 SKU-0285,software_ngfw
C0078,P0285,2025-09-01,0.594,0.892,0.283,1.0,1.0,1,11873.75,78.3,false,false,Value Realized,Yu Inc,Mid-Market,EMEA,VM-300 SKU-0285,software_ngfw
C0078,P0285,2025-10-01,0.691,0.923,0.4,1.0,1.0,1,11873.75,82.3,false,false,Value Realized,Yu Inc,Mid-Market,EMEA,VM-300 SKU-0285,software_ngfw
C0078,P0285,2025-11-01,0.72,0.93,0.467,1.0,1.0,1,11873.75,84.2,false,false,Value Realized,Yu Inc,Mid-Market,EMEA,VM-300 SKU-0285,software_ngfw
C0078,P0285,2025-12-01,0.831,0.958,0.517,1.0,1.0,1,11873.75,86.4,false,false,Value Realized,Yu Inc,Mid-Market,EMEA,VM-300 SKU-0285,software_ngfw
C0078,P0285,2026-01-01,0.83,0.958,0.567,1.0,1.0,1,11873.75,87.7,false,false,Value Realized,Yu Inc,Mid-Market,EMEA,VM-300 SKU-0285,software_ngfw
C0078,P0285,2026-02-01,0.511,0.794,0.467,1.0,1.0,1,11873.75,79.4,false,false,Value Realized,Yu Inc,Mid-Market,EMEA,VM-300 SKU-0285,software_ngfw
C0078,P0285,2026-03-01,0.667,0.917,0.517,1.0,1.0,1,11873.75,85.0,false,false,Value Realized,Yu Inc,Mid-Market,EMEA,VM-300 SKU-0285,software_ngfw
C0078,P0285,2026-04-01,0.793,0.948,0.633,1.0,1.0,1,11873.75,89.0,false,false,Value Realized,Yu Inc,Mid-Market,EMEA,VM-300 SKU-0285,software_ngfw
C0078,P0285,2026-05-01,0.691,0.923,0.633,1.0,1.0,1,11873.75,88.1,false,false,Value Realized,Yu Inc,Mid-Market,EMEA,VM-300 SKU-0285,software_ngfw
C0078,P0285,2026-06-01,0.912,0.978,0.683,1.0,1.0,1,11873.75,91.3,false,false,Value Realized,Yu Inc,Mid-Market,EMEA,VM-300 SKU-0285,software_ngfw
C0082,P0096,2025-07-01,0.666,0.917,0.0,1.0,1.0,0,154119.7,72.1,false,false,Value Realized,Sandoval-Cunningham,Mid-Market,EMEA,Prisma Access Mobile Users SKU-0096,sase
C0082,P0096,2025-08-01,0.672,0.918,0.0,1.0,1.0,1,154119.7,72.1,false,false,Value Realized,Sandoval-Cunningham,Mid-Market,EMEA,Prisma Access Mobile Users SKU-0096,sase
C0082,P0096,2025-09-01,0.614,0.903,0.0,1.0,1.0,1,154119.7,71.6,false,false,Value Realized,Sandoval-Cunningham,Mid-Market,EMEA,Prisma Access Mobile Users SKU-0096,sase
C0082,P0096,2025-10-01,0.884,0.971,0.0,1.0,1.0,1,154119.7,74.0,false,false,Value Realized,Sandoval-Cunningham,Mid-Market,EMEA,Prisma Access Mobile Users SKU-0096,sase
C0082,P0096,2025-11-01,0.586,0.883,0.0,1.0,1.0,1,154119.7,70.9,false,false,Value Realized,Sandoval-Cunningham,Mid-Market,EMEA,Prisma Access Mobile Users SKU-0096,sase
C0082,P0096,2025-12-01,0.452,0.723,0.0,1.0,1.0,1,154119.7,65.3,false,false,Developing,Sandoval-Cunningham,Mid-Market,EMEA,Prisma Access Mobile Users SKU-0096,sase
C0082,P0096,2026-01-01,0.638,0.91,0.0,1.0,1.0,1,154119.7,71.8,false,false,Value Realized,Sandoval-Cunningham,Mid-Market,EMEA,Prisma Access Mobile Users SKU-0096,sase
C0082,P0096,2026-02-01,0.775,0.944,0.0,1.0,1.0,1,154119.7,73.0,false,false,Value Realized,Sandoval-Cunningham,Mid-Market,EMEA,Prisma Access Mobile Users SKU-0096,sase
C0082,P0096,2026-03-01,0.839,0.96,0.0,1.0,1.0,1,154119.7,73.6,false,false,Value Realized,Sandoval-Cunningham,Mid-Market,EMEA,Prisma Access Mobile Users SKU-0096,sase
C0082,P0096,2026-04-01,0.644,0.911,0.0,1.0,1.0,1,154119.7,71.9,false,false,Value Realized,Sandoval-Cunningham,Mid-Market,EMEA,Prisma Access Mobile Users SKU-0096,sase
C0082,P0096,2026-05-01,0.602,0.9,0.0,1.0,1.0,1,154119.7,71.5,false,false,Value Realized,Sandoval-Cunningham,Mid-Market,EMEA,Prisma Access Mobile Users SKU-0096,sase
C0082,P0096,2026-06-01,0.777,0.944,0.0,1.0,1.0,1,154119.7,73.0,false,false,Value Realized,Sandoval-Cunningham,Mid-Market,EMEA,Prisma Access Mobile Users SKU-0096,sase
C0084,P0293,2025-07-01,3.473,0.8,0.42,1.0,1.0,0,1278482.14,78.5,false,true,Value Realized,"Edwards, Baker and Anderson",Enterprise,LATAM,Prisma Access Remote Networks SKU-0293,sase
C0084,P0293,2025-08-01,3.665,0.8,0.48,1.0,1.0,1,1278482.14,80.0,false,true,Value Realized,"Edwards, Baker and Anderson",Enterprise,LATAM,Prisma Access Remote Networks SKU-0293,sase
C0084,P0293,2025-09-01,3.436,0.8,0.48,1.0,1.0,1,1278482.14,80.0,false,true,Value Realized,"Edwards, Baker and Anderson",Enterprise,LATAM,Prisma Access Remote Networks SKU-0293,sase
C0084,P0293,2025-10-01,0.0,0.0,0.0,0.5,1.0,1,1278482.14,27.5,false,false,Lapsed,"Edwards, Baker and Anderson",Enterprise,LATAM,Prisma Access Remote Networks SKU-0293,sase
C0084,P0293,2025-11-01,0.0,0.0,0.0,0.2,1.0,1,1278482.14,20.0,false,false,Churn Signal,"Edwards, Baker and Anderson",Enterprise,LATAM,Prisma Access Remote Networks SKU-0293,sase
C0084,P0293,2025-12-01,0.0,0.0,0.0,0.0,1.0,1,1278482.14,15.0,false,false,Churn Signal,"Edwards, Baker and Anderson",Enterprise,LATAM,Prisma Access Remote Networks SKU-0293,sase
C0084,P0293,2026-01-01,0.0,0.0,0.0,0.0,1.0,1,1278482.14,15.0,false,false,Lapsed,"Edwards, Baker and Anderson",Enterprise,LATAM,Prisma Access Remote Networks SKU-0293,sase
C0084,P0293,2026-02-01,0.0,0.0,0.0,0.0,1.0,1,1278482.14,15.0,false,false,Lapsed,"Edwards, Baker and Anderson",Enterprise,LATAM,Prisma Access Remote Networks SKU-0293,sase
C0084,P0293,2026-03-01,0.0,0.0,0.0,0.0,1.0,1,1278482.14,15.0,false,false,Lapsed,"Edwards, Baker and Anderson",Enterprise,LATAM,Prisma Access Remote Networks SKU-0293,sase
C0084,P0293,2026-04-01,0.0,0.0,0.0,0.0,1.0,1,1278482.14,15.0,false,false,Lapsed,"Edwards, Baker and Anderson",Enterprise,LATAM,Prisma Access Remote Networks SKU-0293,sase
C0084,P0293,2026-05-01,0.0,0.0,0.0,0.0,1.0,1,1278482.14,15.0,false,false,Lapsed,"Edwards, Baker and Anderson",Enterprise,LATAM,Prisma Access Remote Networks SKU-0293,sase
C0084,P0293,2026-06-01,0.0,0.0,0.0,0.0,1.0,1,1278482.14,15.0,false,false,Lapsed,"Edwards, Baker and Anderson",Enterprise,LATAM,Prisma Access Remote Networks SKU-0293,sase
C0087,P0064,2025-07-01,1.356,0.8,0.0,1.0,1.0,0,8208.32,68.0,true,true,Developing,"Ferrell, Jones and Lewis",Mid-Market,AMER,Prisma Access Mobile Users SKU-0064,sase
C0087,P0064,2025-08-01,1.541,0.8,1.0,1.0,1.0,1,8208.32,93.0,false,true,Value Realized,"Ferrell, Jones and Lewis",Mid-Market,AMER,Prisma Access Mobile Users SKU-0064,sase
C0087,P0064,2025-09-01,1.261,0.8,1.0,1.0,1.0,1,8208.32,93.0,false,true,Value Realized,"Ferrell, Jones and Lewis",Mid-Market,AMER,Prisma Access Mobile Users SKU-0064,sase
C0087,P0064,2025-10-01,1.464,0.8,1.0,1.0,1.0,1,8208.32,93.0,false,true,Value Realized,"Ferrell, Jones and Lewis",Mid-Market,AMER,Prisma Access Mobile Users SKU-0064,sase
C0087,P0064,2025-11-01,1.589,0.8,1.0,1.0,1.0,1,8208.32,93.0,false,true,Value Realized,"Ferrell, Jones and Lewis",Mid-Market,AMER,Prisma Access Mobile Users SKU-0064,sase
C0087,P0064,2025-12-01,1.698,0.8,1.0,1.0,1.0,1,8208.32,93.0,false,true,Value Realized,"Ferrell, Jones and Lewis",Mid-Market,AMER,Prisma Access Mobile Users SKU-0064,sase
C0087,P0064,2026-01-01,1.268,0.8,1.0,1.0,1.0,1,8208.32,93.0,false,true,Value Realized,"Ferrell, Jones and Lewis",Mid-Market,AMER,Prisma Access Mobile Users SKU-0064,sase
C0087,P0064,2026-02-01,1.135,1.0,1.0,1.0,1.0,1,8208.32,100.0,false,false,Value Realized,"Ferrell, Jones and Lewis",Mid-Market,AMER,Prisma Access Mobile Users SKU-0064,sase
C0087,P0064,2026-03-01,1.605,0.8,1.0,1.0,1.0,1,8208.32,93.0,false,true,Value Realized,"Ferrell, Jones and Lewis",Mid-Market,AMER,Prisma Access Mobile Users SKU-0064,sase
C0087,P0064,2026-04-01,1.516,0.8,1.0,1.0,1.0,1,8208.32,93.0,false,true,Value Realized,"Ferrell, Jones and Lewis",Mid-Market,AMER,Prisma Access Mobile Users SKU-0064,sase
C0087,P0064,2026-05-01,1.296,0.8,1.0,1.0,1.0,1,8208.32,93.0,false,true,Value Realized,"Ferrell, Jones and Lewis",Mid-Market,AMER,Prisma Access Mobile Users SKU-0064,sase
C0087,P0064,2026-06-01,1.228,0.8,1.0,1.0,1.0,1,8208.32,93.0,false,true,Value Realized,"Ferrell, Jones and Lewis",Mid-Market,AMER,Prisma Access Mobile Users SKU-0064,sase
C0087,P0247,2025-07-01,1.348,0.8,0.333,1.0,1.0,0,25622.4,76.3,false,true,Value Realized,"Ferrell, Jones and Lewis",Mid-Market,AMER,VM-700 SKU-0247,software_ngfw
C0087,P0247,2025-08-01,1.537,0.8,1.0,1.0,1.0,1,25622.4,93.0,false,true,Value Realized,"Ferrell, Jones and Lewis",Mid-Market,AMER,VM-700 SKU-0247,software_ngfw
C0087,P0247,2025-09-01,1.239,0.8,1.0,1.0,1.0,1,25622.4,93.0,false,true,Value Realized,"Ferrell, Jones and Lewis",Mid-Market,AMER,VM-700 SKU-0247,software_ngfw
C0087,P0247,2025-10-01,1.267,0.8,1.0,1.0,1.0,1,25622.4,93.0,false,true,Value Realized,"Ferrell, Jones and Lewis",Mid-Market,AMER,VM-700 SKU-0247,software_ngfw
C0087,P0247,2025-11-01,1.381,0.8,1.0,1.0,1.0,1,25622.4,93.0,false,true,Value Realized,"Ferrell, Jones and Lewis",Mid-Market,AMER,VM-700 SKU-0247,software_ngfw
C0087,P0247,2025-12-01,1.174,1.0,1.0,1.0,1.0,1,25622.4,100.0,false,false,Value Realized,"Ferrell, Jones and Lewis",Mid-Market,AMER,VM-700 SKU-0247,software_ngfw
C0087,P0247,2026-01-01,1.603,0.8,1.0,1.0,1.0,1,25622.4,93.0,false,true,Value Realized,"Ferrell, Jones and Lewis",Mid-Market,AMER,VM-700 SKU-0247,software_ngfw
C0087,P0247,2026-02-01,1.509,0.8,1.0,1.0,1.0,1,25622.4,93.0,false,true,Value Realized,"Ferrell, Jones and Lewis",Mid-Market,AMER,VM-700 SKU-0247,software_ngfw
C0087,P0247,2026-03-01,1.305,0.8,1.0,1.0,1.0,1,25622.4,93.0,false,true,Value Realized,"Ferrell, Jones and Lewis",Mid-Market,AMER,VM-700 SKU-0247,software_ngfw
C0087,P0247,2026-04-01,1.204,0.8,1.0,1.0,1.0,1,25622.4,93.0,false,true,Value Realized,"Ferrell, Jones and Lewis",Mid-Market,AMER,VM-700 SKU-0247,software_ngfw
C0087,P0247,2026-05-01,1.286,0.8,1.0,1.0,1.0,1,25622.4,93.0,false,true,Value Realized,"Ferrell, Jones and Lewis",Mid-Market,AMER,VM-700 SKU-0247,software_ngfw
C0087,P0247,2026-06-01,1.404,0.8,1.0,1.0,1.0,1,25622.4,93.0,false,true,Value Realized,"Ferrell, Jones and Lewis",Mid-Market,AMER,VM-700 SKU-0247,software_ngfw
C0091,P0328,2025-07-01,0.692,0.923,0.0,1.0,1.0,0,439759.8,72.3,false,false,Value Realized,"Turner, Riggs and Roman",Enterprise,EMEA,Prisma Access Browser SKU-0328,sase
C0091,P0328,2025-08-01,0.552,0.843,0.0,1.0,1.0,1,439759.8,69.5,false,false,Developing,"Turner, Riggs and Roman",Enterprise,EMEA,Prisma Access Browser SKU-0328,sase
C0091,P0328,2025-09-01,0.559,0.851,0.0,1.0,1.0,1,439759.8,69.8,false,false,Developing,"Turner, Riggs and Roman",Enterprise,EMEA,Prisma Access Browser SKU-0328,sase
C0091,P0328,2025-10-01,0.796,0.949,0.0,1.0,1.0,1,439759.8,73.2,false,false,Value Realized,"Turner, Riggs and Roman",Enterprise,EMEA,Prisma Access Browser SKU-0328,sase
C0091,P0328,2025-11-01,0.635,0.909,0.0,1.0,1.0,1,439759.8,71.8,false,false,Value Realized,"Turner, Riggs and Roman",Enterprise,EMEA,Prisma Access Browser SKU-0328,sase
C0091,P0328,2025-12-01,0.81,0.952,0.0,1.0,1.0,1,439759.8,73.3,false,false,Value Realized,"Turner, Riggs and Roman",Enterprise,EMEA,Prisma Access Browser SKU-0328,sase
C0091,P0328,2026-01-01,0.533,0.819,0.0,1.0,1.0,1,439759.8,68.7,false,false,Developing,"Turner, Riggs and Roman",Enterprise,EMEA,Prisma Access Browser SKU-0328,sase
C0091,P0328,2026-02-01,0.842,0.96,0.0,1.0,1.0,1,439759.8,73.6,false,false,Value Realized,"Turner, Riggs and Roman",Enterprise,EMEA,Prisma Access Browser SKU-0328,sase
C0091,P0328,2026-03-01,0.832,0.958,0.0,1.0,1.0,1,439759.8,73.5,false,false,Value Realized,"Turner, Riggs and Roman",Enterprise,EMEA,Prisma Access Browser SKU-0328,sase
C0091,P0328,2026-04-01,0.553,0.843,0.0,1.0,1.0,1,439759.8,69.5,false,false,Developing,"Turner, Riggs and Roman",Enterprise,EMEA,Prisma Access Browser SKU-0328,sase
C0091,P0328,2026-05-01,0.687,0.922,0.0,1.0,1.0,1,439759.8,72.3,false,false,Value Realized,"Turner, Riggs and Roman",Enterprise,EMEA,Prisma Access Browser SKU-0328,sase
C0091,P0328,2026-06-01,0.935,0.984,0.0,1.0,1.0,1,439759.8,74.4,true,false,Value Realized,"Turner, Riggs and Roman",Enterprise,EMEA,Prisma Access Browser SKU-0328,sase
C0092,P0093,2025-09-01,0.659,0.915,0.0,1.0,1.0,0,234021.58,72.0,false,false,Value Realized,"Smith, Montoya and Evans",Mid-Market,AMER,PA-5410 SKU-0093,hardware_ngfw
C0092,P0093,2025-10-01,0.74,0.935,0.14,1.0,1.0,1,234021.58,76.2,false,false,Value Realized,"Smith, Montoya and Evans",Mid-Market,AMER,PA-5410 SKU-0093,hardware_ngfw
C0092,P0093,2025-11-01,0.682,0.92,0.2,1.0,1.0,1,234021.58,77.2,false,false,Value Realized,"Smith, Montoya and Evans",Mid-Market,AMER,PA-5410 SKU-0093,hardware_ngfw
C0092,P0093,2025-12-01,0.773,0.943,0.14,1.0,1.0,1,234021.58,76.5,false,false,Value Realized,"Smith, Montoya and Evans",Mid-Market,AMER,PA-5410 SKU-0093,hardware_ngfw
C0092,P0093,2026-01-01,0.837,0.959,0.34,1.0,1.0,1,234021.58,82.1,false,false,Value Realized,"Smith, Montoya and Evans",Mid-Market,AMER,PA-5410 SKU-0093,hardware_ngfw
C0092,P0093,2026-02-01,0.508,0.79,0.34,1.0,1.0,1,234021.58,76.1,false,false,Value Realized,"Smith, Montoya and Evans",Mid-Market,AMER,PA-5410 SKU-0093,hardware_ngfw
C0092,P0093,2026-03-01,0.824,0.956,0.28,1.0,1.0,1,234021.58,80.5,false,false,Value Realized,"Smith, Montoya and Evans",Mid-Market,AMER,PA-5410 SKU-0093,hardware_ngfw
C0092,P0093,2026-04-01,0.831,0.958,0.34,1.0,1.0,1,234021.58,82.0,false,false,Value Realized,"Smith, Montoya and Evans",Mid-Market,AMER,PA-5410 SKU-0093,hardware_ngfw
C0092,P0093,2026-05-01,0.672,0.918,0.68,1.0,1.0,1,234021.58,89.1,false,false,Value Realized,"Smith, Montoya and Evans",Mid-Market,AMER,PA-5410 SKU-0093,hardware_ngfw
C0092,P0093,2026-06-01,0.862,0.966,0.56,1.0,1.0,1,234021.58,87.8,false,false,Value Realized,"Smith, Montoya and Evans",Mid-Market,AMER,PA-5410 SKU-0093,hardware_ngfw
C0099,P0350,2025-07-01,0.515,0.798,0.0,1.0,1.0,0,408278.82,67.9,false,false,Developing,Williams-Cook,Enterprise,AMER,Prisma Access Mobile Users SKU-0350,sase
C0099,P0350,2025-08-01,0.773,0.943,0.117,1.0,1.0,1,408278.82,75.9,false,false,Value Realized,Williams-Cook,Enterprise,AMER,Prisma Access Mobile Users SKU-0350,sase
C0099,P0350,2025-09-01,0.833,0.958,0.167,1.0,1.0,1,408278.82,77.7,false,false,Value Realized,Williams-Cook,Enterprise,AMER,Prisma Access Mobile Users SKU-0350,sase
C0099,P0350,2025-10-01,0.75,0.937,0.167,1.0,1.0,1,408278.82,77.0,false,false,Value Realized,Williams-Cook,Enterprise,AMER,Prisma Access Mobile Users SKU-0350,sase
C0099,P0350,2025-11-01,0.712,0.928,0.167,1.0,1.0,1,408278.82,76.6,false,false,Value Realized,Williams-Cook,Enterprise,AMER,Prisma Access Mobile Users SKU-0350,sase
C0099,P0350,2025-12-01,0.891,0.973,0.567,1.0,1.0,1,408278.82,88.2,false,false,Value Realized,Williams-Cook,Enterprise,AMER,Prisma Access Mobile Users SKU-0350,sase
C0099,P0350,2026-01-01,0.66,0.915,0.517,1.0,1.0,1,408278.82,84.9,false,false,Value Realized,Williams-Cook,Enterprise,AMER,Prisma Access Mobile Users SKU-0350,sase
C0099,P0350,2026-02-01,0.788,0.947,0.617,1.0,1.0,1,408278.82,88.6,false,false,Value Realized,Williams-Cook,Enterprise,AMER,Prisma Access Mobile Users SKU-0350,sase
C0099,P0350,2026-03-01,1.012,1.0,0.517,1.0,1.0,1,408278.82,87.9,false,false,Value Realized,Williams-Cook,Enterprise,AMER,Prisma Access Mobile Users SKU-0350,sase
C0099,P0350,2026-04-01,0.509,0.79,0.617,1.0,1.0,1,408278.82,83.1,false,false,Value Realized,Williams-Cook,Enterprise,AMER,Prisma Access Mobile Users SKU-0350,sase
C0099,P0350,2026-05-01,0.705,0.926,0.683,1.0,1.0,1,408278.82,89.5,false,false,Value Realized,Williams-Cook,Enterprise,AMER,Prisma Access Mobile Users SKU-0350,sase
C0099,P0350,2026-06-01,0.698,0.925,0.583,1.0,1.0,1,408278.82,86.9,false,false,Value Realized,Williams-Cook,Enterprise,AMER,Prisma Access Mobile Users SKU-0350,sase
C0100,P0072,2025-07-01,0.672,0.918,0.167,1.0,1.0,0,770468.4,76.3,false,false,Value Realized,Walsh LLC,Mid-Market,AMER,Prisma Access Mobile Users SKU-0072,sase
C0100,P0072,2025-08-01,0.484,0.76,0.167,1.0,1.0,1,770468.4,70.8,false,false,Value Realized,Walsh LLC,Mid-Market,AMER,Prisma Access Mobile Users SKU-0072,sase
C0100,P0072,2025-09-01,0.806,0.952,0.117,1.0,1.0,1,770468.4,76.2,false,false,Value Realized,Walsh LLC,Mid-Market,AMER,Prisma Access Mobile Users SKU-0072,sase
C0100,P0072,2025-10-01,0.761,0.94,0.233,1.0,1.0,1,770468.4,78.7,false,false,Value Realized,Walsh LLC,Mid-Market,AMER,Prisma Access Mobile Users SKU-0072,sase
C0100,P0072,2025-11-01,0.926,0.981,0.233,1.0,1.0,1,770468.4,80.2,true,false,Value Realized,Walsh LLC,Mid-Market,AMER,Prisma Access Mobile Users SKU-0072,sase
C0100,P0072,2025-12-01,0.885,0.971,0.35,1.0,1.0,1,770468.4,82.7,false,false,Value Realized,Walsh LLC,Mid-Market,AMER,Prisma Access Mobile Users SKU-0072,sase
C0100,P0072,2026-01-01,0.594,0.893,0.4,1.0,1.0,1,770468.4,81.2,false,false,Value Realized,Walsh LLC,Mid-Market,AMER,Prisma Access Mobile Users SKU-0072,sase
C0100,P0072,2026-02-01,0.627,0.907,0.4,1.0,1.0,1,770468.4,81.7,false,false,Value Realized,Walsh LLC,Mid-Market,AMER,Prisma Access Mobile Users SKU-0072,sase
C0100,P0072,2026-03-01,0.706,0.926,0.567,1.0,1.0,1,770468.4,86.6,false,false,Value Realized,Walsh LLC,Mid-Market,AMER,Prisma Access Mobile Users SKU-0072,sase
C0100,P0072,2026-04-01,0.921,0.98,0.617,1.0,1.0,1,770468.4,89.7,false,false,Value Realized,Walsh LLC,Mid-Market,AMER,Prisma Access Mobile Users SKU-0072,sase
C0100,P0072,2026-05-01,0.775,0.944,0.567,1.0,1.0,1,770468.4,87.2,false,false,Value Realized,Walsh LLC,Mid-Market,AMER,Prisma Access Mobile Users SKU-0072,sase
C0100,P0072,2026-06-01,0.54,0.828,0.567,1.0,1.0,1,770468.4,83.1,false,false,Value Realized,Walsh LLC,Mid-Market,AMER,Prisma Access Mobile Users SKU-0072,sase
C0002,P0148,2025-07-01,0.0,0.0,0.0,0.0,,0,18494.55,0.0,false,false,Grace Period,Doyle Ltd,Mid-Market,APAC,VM-100 SKU-0148,software_ngfw
C0002,P0148,2025-08-01,0.0,0.0,0.0,0.0,0.467,0,18494.55,7.0,false,false,Shelfware Risk,Doyle Ltd,Mid-Market,APAC,VM-100 SKU-0148,software_ngfw
C0002,P0148,2025-09-01,0.22,0.444,0.0,0.5,0.467,0,18494.55,35.0,false,false,Onboarding Stall,Doyle Ltd,Mid-Market,APAC,VM-100 SKU-0148,software_ngfw
C0002,P0148,2025-10-01,0.48,0.756,0.233,0.8,0.467,1,18494.55,59.3,false,false,Onboarding Stall,Doyle Ltd,Mid-Market,APAC,VM-100 SKU-0148,software_ngfw
C0002,P0148,2025-11-01,0.715,0.929,0.233,1.0,0.467,1,18494.55,70.3,false,false,Onboarding Stall,Doyle Ltd,Mid-Market,APAC,VM-100 SKU-0148,software_ngfw
C0002,P0148,2025-12-01,0.827,0.957,0.333,1.0,0.467,1,18494.55,73.8,false,false,Value Realized,Doyle Ltd,Mid-Market,APAC,VM-100 SKU-0148,software_ngfw
C0002,P0148,2026-01-01,0.861,0.965,0.333,1.0,0.467,1,18494.55,74.1,false,false,Value Realized,Doyle Ltd,Mid-Market,APAC,VM-100 SKU-0148,software_ngfw
C0002,P0148,2026-02-01,0.687,0.922,0.233,1.0,0.467,1,18494.55,70.1,false,false,Onboarding Stall,Doyle Ltd,Mid-Market,APAC,VM-100 SKU-0148,software_ngfw
C0002,P0148,2026-03-01,0.874,0.969,0.567,1.0,0.467,1,18494.55,80.1,false,false,Value Realized,Doyle Ltd,Mid-Market,APAC,VM-100 SKU-0148,software_ngfw
C0002,P0148,2026-04-01,0.492,0.77,0.467,1.0,0.467,1,18494.55,70.6,false,false,Value Realized,Doyle Ltd,Mid-Market,APAC,VM-100 SKU-0148,software_ngfw
C0002,P0148,2026-05-01,0.636,0.909,0.467,1.0,0.467,1,18494.55,75.5,false,false,Value Realized,Doyle Ltd,Mid-Market,APAC,VM-100 SKU-0148,software_ngfw
C0002,P0148,2026-06-01,0.762,0.941,0.567,1.0,0.467,1,18494.55,79.1,false,false,Value Realized,Doyle Ltd,Mid-Market,APAC,VM-100 SKU-0148,software_ngfw
C0013,P0399,2025-07-01,0.851,0.963,0.0,1.0,1.0,0,822672.2,73.7,false,false,Value Realized,Arnold Ltd,Enterprise,AMER,PA-1410 SKU-0399,hardware_ngfw
C0013,P0399,2025-08-01,0.829,0.957,0.2,1.0,1.0,1,822672.2,78.5,false,false,Value Realized,Arnold Ltd,Enterprise,AMER,PA-1410 SKU-0399,hardware_ngfw
C0013,P0399,2025-09-01,0.617,0.904,0.14,1.0,1.0,1,822672.2,75.1,false,false,Value Realized,Arnold Ltd,Enterprise,AMER,PA-1410 SKU-0399,hardware_ngfw
C0013,P0399,2025-10-01,0.703,0.926,0.2,1.0,1.0,1,822672.2,77.4,false,false,Value Realized,Arnold Ltd,Enterprise,AMER,PA-1410 SKU-0399,hardware_ngfw
C0013,P0399,2025-11-01,0.586,0.883,0.14,1.0,1.0,1,822672.2,74.4,false,false,Value Realized,Arnold Ltd,Enterprise,AMER,PA-1410 SKU-0399,hardware_ngfw
C0013,P0399,2025-12-01,0.728,0.932,0.34,1.0,1.0,1,822672.2,81.1,false,false,Value Realized,Arnold Ltd,Enterprise,AMER,PA-1410 SKU-0399,hardware_ngfw
C0013,P0399,2026-01-01,0.818,0.954,0.28,1.0,1.0,1,822672.2,80.4,false,false,Value Realized,Arnold Ltd,Enterprise,AMER,PA-1410 SKU-0399,hardware_ngfw
C0013,P0399,2026-02-01,0.613,0.903,0.34,1.0,1.0,1,822672.2,80.1,false,false,Value Realized,Arnold Ltd,Enterprise,AMER,PA-1410 SKU-0399,hardware_ngfw
C0013,P0399,2026-03-01,0.907,0.977,0.28,1.0,1.0,1,822672.2,81.2,false,false,Value Realized,Arnold Ltd,Enterprise,AMER,PA-1410 SKU-0399,hardware_ngfw
C0013,P0399,2026-04-01,0.589,0.887,0.56,1.0,1.0,1,822672.2,85.1,false,false,Value Realized,Arnold Ltd,Enterprise,AMER,PA-1410 SKU-0399,hardware_ngfw
C0013,P0399,2026-05-01,0.778,0.945,0.74,1.0,1.0,1,822672.2,91.6,false,false,Value Realized,Arnold Ltd,Enterprise,AMER,PA-1410 SKU-0399,hardware_ngfw
C0013,P0399,2026-06-01,0.828,0.957,0.56,1.0,1.0,1,822672.2,87.5,false,false,Value Realized,Arnold Ltd,Enterprise,AMER,PA-1410 SKU-0399,hardware_ngfw
C0014,P0368,2025-07-01,0.0,0.0,0.0,0.0,,0,7775.04,0.0,false,false,Grace Period,"Mcclure, Ward and Lee",Mid-Market,AMER,VM-700 SKU-0368,software_ngfw
C0014,P0368,2025-08-01,0.0,0.0,0.0,0.0,0.467,0,7775.04,7.0,false,false,Shelfware Risk,"Mcclure, Ward and Lee",Mid-Market,AMER,VM-700 SKU-0368,software_ngfw
C0014,P0368,2025-09-01,0.22,0.444,0.0,0.5,0.467,0,7775.04,35.0,false,false,Onboarding Stall,"Mcclure, Ward and Lee",Mid-Market,AMER,VM-700 SKU-0368,software_ngfw
C0014,P0368,2025-10-01,0.48,0.756,0.35,0.8,0.467,1,7775.04,62.2,false,false,Developing,"Mcclure, Ward and Lee",Mid-Market,AMER,VM-700 SKU-0368,software_ngfw
C0014,P0368,2025-11-01,0.563,0.855,0.425,1.0,0.467,1,7775.04,72.6,false,false,Value Realized,"Mcclure, Ward and Lee",Mid-Market,AMER,VM-700 SKU-0368,software_ngfw
C0014,P0368,2025-12-01,0.596,0.896,0.425,1.0,0.467,1,7775.04,74.0,false,false,Value Realized,"Mcclure, Ward and Lee",Mid-Market,AMER,VM-700 SKU-0368,software_ngfw
C0014,P0368,2026-01-01,0.925,0.981,0.425,1.0,0.467,1,7775.04,77.0,false,false,Value Realized,"Mcclure, Ward and Lee",Mid-Market,AMER,VM-700 SKU-0368,software_ngfw
C0014,P0368,2026-02-01,0.699,0.925,0.35,1.0,0.467,1,7775.04,73.1,false,false,Value Realized,"Mcclure, Ward and Lee",Mid-Market,AMER,VM-700 SKU-0368,software_ngfw
C0014,P0368,2026-03-01,0.882,0.971,0.35,1.0,0.467,1,7775.04,74.7,false,false,Value Realized,"Mcclure, Ward and Lee",Mid-Market,AMER,VM-700 SKU-0368,software_ngfw
C0014,P0368,2026-04-01,0.641,0.91,0.5,1.0,0.467,1,7775.04,76.4,false,false,Value Realized,"Mcclure, Ward and Lee",Mid-Market,AMER,VM-700 SKU-0368,software_ngfw
C0014,P0368,2026-05-01,0.81,0.953,0.35,1.0,0.467,1,7775.04,74.1,false,false,Value Realized,"Mcclure, Ward and Lee",Mid-Market,AMER,VM-700 SKU-0368,software_ngfw
C0014,P0368,2026-06-01,0.631,0.908,0.425,1.0,0.467,1,7775.04,74.4,false,false,Value Realized,"Mcclure, Ward and Lee",Mid-Market,AMER,VM-700 SKU-0368,software_ngfw
C0018,P0433,2025-07-01,0.711,0.928,0.0,1.0,1.0,0,516009.01,72.5,false,false,Value Realized,"Flowers, Martin and Kelly",Mid-Market,AMER,PA-3410 SKU-0433,hardware_ngfw
C0018,P0433,2025-08-01,0.779,0.945,0.0,1.0,1.0,1,516009.01,73.1,false,false,Value Realized,"Flowers, Martin and Kelly",Mid-Market,AMER,PA-3410 SKU-0433,hardware_ngfw
C0018,P0433,2025-09-01,0.708,0.927,0.0,1.0,1.0,1,516009.01,72.4,false,false,Value Realized,"Flowers, Martin and Kelly",Mid-Market,AMER,PA-3410 SKU-0433,hardware_ngfw
C0018,P0433,2025-10-01,0.783,0.946,0.0,1.0,1.0,1,516009.01,73.1,false,false,Value Realized,"Flowers, Martin and Kelly",Mid-Market,AMER,PA-3410 SKU-0433,hardware_ngfw
C0018,P0433,2025-11-01,0.697,0.924,0.0,1.0,1.0,1,516009.01,72.4,false,false,Value Realized,"Flowers, Martin and Kelly",Mid-Market,AMER,PA-3410 SKU-0433,hardware_ngfw
C0018,P0433,2025-12-01,0.994,0.998,0.0,1.0,1.0,1,516009.01,74.9,true,false,Value Realized,"Flowers, Martin and Kelly",Mid-Market,AMER,PA-3410 SKU-0433,hardware_ngfw
C0018,P0433,2026-01-01,0.753,0.938,0.0,1.0,1.0,1,516009.01,72.8,false,false,Value Realized,"Flowers, Martin and Kelly",Mid-Market,AMER,PA-3410 SKU-0433,hardware_ngfw
C0018,P0433,2026-02-01,0.67,0.918,0.0,1.0,1.0,1,516009.01,72.1,false,false,Value Realized,"Flowers, Martin and Kelly",Mid-Market,AMER,PA-3410 SKU-0433,hardware_ngfw
C0018,P0433,2026-03-01,0.802,0.95,0.233,1.0,1.0,1,516009.01,79.1,false,false,Value Realized,"Flowers, Martin and Kelly",Mid-Market,AMER,PA-3410 SKU-0433,hardware_ngfw
C0018,P0433,2026-04-01,0.876,0.969,0.667,1.0,1.0,1,516009.01,90.6,false,false,Value Realized,"Flowers, Martin and Kelly",Mid-Market,AMER,PA-3410 SKU-0433,hardware_ngfw
C0018,P0433,2026-05-01,0.657,0.914,0.467,1.0,1.0,1,516009.01,83.7,false,false,Value Realized,"Flowers, Martin and Kelly",Mid-Market,AMER,PA-3410 SKU-0433,hardware_ngfw
C0018,P0433,2026-06-01,0.477,0.753,0.567,1.0,1.0,1,516009.01,80.5,false,false,Value Realized,"Flowers, Martin and Kelly",Mid-Market,AMER,PA-3410 SKU-0433,hardware_ngfw
C0020,P0471,2025-09-01,0.849,0.962,0.167,1.0,1.0,0,25969.4,77.8,false,false,Value Realized,"Reid, Ferguson and Sanchez",Mid-Market,APAC,VM-500 SKU-0471,software_ngfw
C0020,P0471,2025-10-01,0.74,0.935,0.117,1.0,1.0,1,25969.4,75.6,false,false,Value Realized,"Reid, Ferguson and Sanchez",Mid-Market,APAC,VM-500 SKU-0471,software_ngfw
C0020,P0471,2025-11-01,0.522,0.806,0.117,1.0,1.0,1,25969.4,71.1,false,false,Value Realized,"Reid, Ferguson and Sanchez",Mid-Market,APAC,VM-500 SKU-0471,software_ngfw
C0020,P0471,2025-12-01,0.808,0.952,0.283,1.0,1.0,1,25969.4,80.4,false,false,Value Realized,"Reid, Ferguson and Sanchez",Mid-Market,APAC,VM-500 SKU-0471,software_ngfw
C0020,P0471,2026-01-01,0.608,0.902,0.283,1.0,1.0,1,25969.4,78.6,false,false,Value Realized,"Reid, Ferguson and Sanchez",Mid-Market,APAC,VM-500 SKU-0471,software_ngfw
C0020,P0471,2026-02-01,0.506,0.787,0.617,1.0,1.0,1,25969.4,83.0,false,false,Value Realized,"Reid, Ferguson and Sanchez",Mid-Market,APAC,VM-500 SKU-0471,software_ngfw
C0020,P0471,2026-03-01,0.623,0.906,0.567,1.0,1.0,1,25969.4,85.9,false,false,Value Realized,"Reid, Ferguson and Sanchez",Mid-Market,APAC,VM-500 SKU-0471,software_ngfw
C0020,P0471,2026-04-01,0.622,0.906,0.517,1.0,1.0,1,25969.4,84.6,false,false,Value Realized,"Reid, Ferguson and Sanchez",Mid-Market,APAC,VM-500 SKU-0471,software_ngfw
C0020,P0471,2026-05-01,0.589,0.887,0.733,1.0,1.0,1,25969.4,89.4,false,false,Value Realized,"Reid, Ferguson and Sanchez",Mid-Market,APAC,VM-500 SKU-0471,software_ngfw
C0020,P0471,2026-06-01,0.669,0.917,0.683,1.0,1.0,1,25969.4,89.2,false,false,Value Realized,"Reid, Ferguson and Sanchez",Mid-Market,APAC,VM-500 SKU-0471,software_ngfw
C0021,P0049,2025-07-01,0.0,0.0,0.0,0.0,,0,43495.98,0.0,false,false,Grace Period,Gray-Mayo,Enterprise,AMER,VM-300 SKU-0049,software_ngfw
C0021,P0049,2025-08-01,0.0,0.0,0.0,0.0,0.467,0,43495.98,7.0,false,false,Shelfware Risk,Gray-Mayo,Enterprise,AMER,VM-300 SKU-0049,software_ngfw
C0021,P0049,2025-09-01,0.22,0.444,0.0,0.5,0.467,0,43495.98,35.0,false,false,Onboarding Stall,Gray-Mayo,Enterprise,AMER,VM-300 SKU-0049,software_ngfw
C0021,P0049,2025-10-01,0.48,0.756,0.2,0.8,0.467,1,43495.98,58.5,false,false,Onboarding Stall,Gray-Mayo,Enterprise,AMER,VM-300 SKU-0049,software_ngfw
C0021,P0049,2025-11-01,0.784,0.946,0.42,1.0,0.467,1,43495.98,75.6,false,false,Value Realized,Gray-Mayo,Enterprise,AMER,VM-300 SKU-0049,software_ngfw
C0021,P0049,2025-12-01,0.624,0.906,0.74,1.0,0.467,1,43495.98,82.2,false,false,Value Realized,Gray-Mayo,Enterprise,AMER,VM-300 SKU-0049,software_ngfw
C0021,P0049,2026-01-01,0.523,0.807,0.62,1.0,0.467,1,43495.98,75.8,false,false,Value Realized,Gray-Mayo,Enterprise,AMER,VM-300 SKU-0049,software_ngfw
C0021,P0049,2026-02-01,0.953,0.988,0.68,1.0,0.467,1,43495.98,83.6,false,false,Value Realized,Gray-Mayo,Enterprise,AMER,VM-300 SKU-0049,software_ngfw
C0021,P0049,2026-03-01,0.674,0.918,0.56,1.0,0.467,1,43495.98,78.1,false,false,Value Realized,Gray-Mayo,Enterprise,AMER,VM-300 SKU-0049,software_ngfw
C0021,P0049,2026-04-01,0.65,0.912,0.74,1.0,0.467,1,43495.98,82.4,false,false,Value Realized,Gray-Mayo,Enterprise,AMER,VM-300 SKU-0049,software_ngfw
C0021,P0049,2026-05-01,0.565,0.857,0.68,1.0,0.467,1,43495.98,79.0,false,false,Value Realized,Gray-Mayo,Enterprise,AMER,VM-300 SKU-0049,software_ngfw
C0021,P0049,2026-06-01,0.774,0.944,0.56,1.0,0.467,1,43495.98,79.0,false,false,Value Realized,Gray-Mayo,Enterprise,AMER,VM-300 SKU-0049,software_ngfw
C0024,P0036,2025-07-01,0.537,0.824,0.0,1.0,1.0,0,180420.3,68.8,false,false,Developing,Morales-Jones,Enterprise,AMER,PA-410 SKU-0036,hardware_ngfw
C0024,P0036,2025-08-01,0.458,0.729,0.0,1.0,1.0,1,180420.3,65.5,false,false,Developing,Morales-Jones,Enterprise,AMER,PA-410 SKU-0036,hardware_ngfw
C0024,P0036,2025-09-01,0.638,0.909,0.0,1.0,1.0,1,180420.3,71.8,false,false,Value Realized,Morales-Jones,Enterprise,AMER,PA-410 SKU-0036,hardware_ngfw
C0024,P0036,2025-10-01,1.139,1.0,0.117,1.0,1.0,1,180420.3,77.9,true,false,Value Realized,Morales-Jones,Enterprise,AMER,PA-410 SKU-0036,hardware_ngfw
C0024,P0036,2025-11-01,0.627,0.907,0.117,1.0,1.0,1,180420.3,74.7,false,false,Value Realized,Morales-Jones,Enterprise,AMER,PA-410 SKU-0036,hardware_ngfw
C0024,P0036,2025-12-01,0.741,0.935,0.117,1.0,1.0,1,180420.3,75.7,false,false,Value Realized,Morales-Jones,Enterprise,AMER,PA-410 SKU-0036,hardware_ngfw
C0024,P0036,2026-01-01,0.653,0.913,0.167,1.0,1.0,1,180420.3,76.1,false,false,Value Realized,Morales-Jones,Enterprise,AMER,PA-410 SKU-0036,hardware_ngfw
C0024,P0036,2026-02-01,0.732,0.933,0.167,1.0,1.0,1,180420.3,76.8,false,false,Value Realized,Morales-Jones,Enterprise,AMER,PA-410 SKU-0036,hardware_ngfw
C0024,P0036,2026-03-01,0.784,0.946,0.45,1.0,1.0,1,180420.3,84.4,false,false,Value Realized,Morales-Jones,Enterprise,AMER,PA-410 SKU-0036,hardware_ngfw
C0024,P0036,2026-04-01,0.473,0.748,0.4,1.0,1.0,1,180420.3,76.2,false,false,Value Realized,Morales-Jones,Enterprise,AMER,PA-410 SKU-0036,hardware_ngfw
C0024,P0036,2026-05-01,0.666,0.916,0.617,1.0,1.0,1,180420.3,87.5,false,false,Value Realized,Morales-Jones,Enterprise,AMER,PA-410 SKU-0036,hardware_ngfw
C0024,P0036,2026-06-01,0.702,0.926,0.467,1.0,1.0,1,180420.3,84.1,false,false,Value Realized,Morales-Jones,Enterprise,AMER,PA-410 SKU-0036,hardware_ngfw
C0024,P0317,2025-07-01,0.753,0.938,0.0,1.0,1.0,0,54375.58,72.8,false,false,Value Realized,Morales-Jones,Enterprise,AMER,VM-700 SKU-0317,software_ngfw
C0024,P0317,2025-08-01,0.587,0.884,0.333,1.0,1.0,1,54375.58,79.3,false,false,Value Realized,Morales-Jones,Enterprise,AMER,VM-700 SKU-0317,software_ngfw
C0024,P0317,2025-09-01,0.63,0.908,0.333,1.0,1.0,1,54375.58,80.1,false,false,Value Realized,Morales-Jones,Enterprise,AMER,VM-700 SKU-0317,software_ngfw
C0024,P0317,2025-10-01,0.536,0.823,0.233,1.0,1.0,1,54375.58,74.6,false,false,Value Realized,Morales-Jones,Enterprise,AMER,VM-700 SKU-0317,software_ngfw
C0024,P0317,2025-11-01,0.703,0.926,0.233,1.0,1.0,1,54375.58,78.2,false,false,Value Realized,Morales-Jones,Enterprise,AMER,VM-700 SKU-0317,software_ngfw
C0024,P0317,2025-12-01,0.654,0.914,0.233,1.0,1.0,1,54375.58,77.8,false,false,Value Realized,Morales-Jones,Enterprise,AMER,VM-700 SKU-0317,software_ngfw
C0024,P0317,2026-01-01,1.025,1.0,0.233,1.0,1.0,1,54375.58,80.8,true,false,Value Realized,Morales-Jones,Enterprise,AMER,VM-700 SKU-0317,software_ngfw
C0024,P0317,2026-02-01,0.6,0.9,0.233,1.0,1.0,1,54375.58,77.3,false,false,Value Realized,Morales-Jones,Enterprise,AMER,VM-700 SKU-0317,software_ngfw
C0024,P0317,2026-03-01,0.685,0.921,0.333,1.0,1.0,1,54375.58,80.6,false,false,Value Realized,Morales-Jones,Enterprise,AMER,VM-700 SKU-0317,software_ngfw
C0024,P0317,2026-04-01,0.563,0.856,0.567,1.0,1.0,1,54375.58,84.1,false,false,Value Realized,Morales-Jones,Enterprise,AMER,VM-700 SKU-0317,software_ngfw
C0024,P0317,2026-05-01,0.837,0.959,0.567,1.0,1.0,1,54375.58,87.7,false,false,Value Realized,Morales-Jones,Enterprise,AMER,VM-700 SKU-0317,software_ngfw
C0024,P0317,2026-06-01,0.656,0.914,0.667,1.0,1.0,1,54375.58,88.7,false,false,Value Realized,Morales-Jones,Enterprise,AMER,VM-700 SKU-0317,software_ngfw
C0026,P0319,2025-07-01,1.502,0.8,0.0,1.0,1.0,0,58327.05,68.0,true,true,Developing,Wilkerson-Day,Mid-Market,AMER,VM-700 SKU-0319,software_ngfw
C0026,P0319,2025-08-01,1.342,0.8,0.75,1.0,1.0,1,58327.05,86.8,false,true,Value Realized,Wilkerson-Day,Mid-Market,AMER,VM-700 SKU-0319,software_ngfw
C0026,P0319,2025-09-01,1.353,0.8,0.75,1.0,1.0,1,58327.05,86.8,false,true,Value Realized,Wilkerson-Day,Mid-Market,AMER,VM-700 SKU-0319,software_ngfw
C0026,P0319,2025-10-01,1.215,0.8,0.75,1.0,1.0,1,58327.05,86.8,false,true,Value Realized,Wilkerson-Day,Mid-Market,AMER,VM-700 SKU-0319,software_ngfw
C0026,P0319,2025-11-01,1.338,0.8,0.75,1.0,1.0,1,58327.05,86.8,false,true,Value Realized,Wilkerson-Day,Mid-Market,AMER,VM-700 SKU-0319,software_ngfw
C0026,P0319,2025-12-01,1.384,0.8,0.75,1.0,1.0,1,58327.05,86.8,false,true,Value Realized,Wilkerson-Day,Mid-Market,AMER,VM-700 SKU-0319,software_ngfw
C0026,P0319,2026-01-01,1.523,0.8,0.75,1.0,1.0,1,58327.05,86.8,false,true,Value Realized,Wilkerson-Day,Mid-Market,AMER,VM-700 SKU-0319,software_ngfw
C0026,P0319,2026-02-01,1.391,0.8,0.75,1.0,1.0,1,58327.05,86.8,false,true,Value Realized,Wilkerson-Day,Mid-Market,AMER,VM-700 SKU-0319,software_ngfw
C0026,P0319,2026-03-01,1.564,0.8,0.75,1.0,1.0,1,58327.05,86.8,false,true,Value Realized,Wilkerson-Day,Mid-Market,AMER,VM-700 SKU-0319,software_ngfw
C0026,P0319,2026-04-01,1.44,0.8,0.75,1.0,1.0,1,58327.05,86.8,false,true,Value Realized,Wilkerson-Day,Mid-Market,AMER,VM-700 SKU-0319,software_ngfw
C0026,P0319,2026-05-01,1.248,0.8,0.75,1.0,1.0,1,58327.05,86.8,false,true,Value Realized,Wilkerson-Day,Mid-Market,AMER,VM-700 SKU-0319,software_ngfw
C0026,P0319,2026-06-01,1.259,0.8,0.75,1.0,1.0,1,58327.05,86.8,false,true,Value Realized,Wilkerson-Day,Mid-Market,AMER,VM-700 SKU-0319,software_ngfw
C0027,P0073,2025-07-01,0.725,0.931,0.175,1.0,1.0,0,1272336.0,77.0,false,false,Value Realized,Baker and Sons,Enterprise,AMER,PA-410 SKU-0073,hardware_ngfw
C0027,P0073,2025-08-01,0.627,0.907,0.425,1.0,1.0,1,1272336.0,82.4,false,false,Value Realized,Baker and Sons,Enterprise,AMER,PA-410 SKU-0073,hardware_ngfw
C0027,P0073,2025-09-01,0.717,0.929,0.35,1.0,1.0,1,1272336.0,81.3,false,false,Value Realized,Baker and Sons,Enterprise,AMER,PA-410 SKU-0073,hardware_ngfw
C0027,P0073,2025-10-01,0.916,0.979,0.35,1.0,1.0,1,1272336.0,83.0,false,false,Value Realized,Baker and Sons,Enterprise,AMER,PA-410 SKU-0073,hardware_ngfw
C0027,P0073,2025-11-01,0.756,0.939,0.35,1.0,1.0,1,1272336.0,81.6,false,false,Value Realized,Baker and Sons,Enterprise,AMER,PA-410 SKU-0073,hardware_ngfw
C0027,P0073,2025-12-01,0.701,0.925,0.425,1.0,1.0,1,1272336.0,83.0,false,false,Value Realized,Baker and Sons,Enterprise,AMER,PA-410 SKU-0073,hardware_ngfw
C0027,P0073,2026-01-01,0.81,0.952,0.35,1.0,1.0,1,1272336.0,82.1,false,false,Value Realized,Baker and Sons,Enterprise,AMER,PA-410 SKU-0073,hardware_ngfw
C0027,P0073,2026-02-01,0.713,0.928,0.425,1.0,1.0,1,1272336.0,83.1,false,false,Value Realized,Baker and Sons,Enterprise,AMER,PA-410 SKU-0073,hardware_ngfw
C0027,P0073,2026-03-01,0.608,0.902,0.6,1.0,1.0,1,1272336.0,86.6,false,false,Value Realized,Baker and Sons,Enterprise,AMER,PA-410 SKU-0073,hardware_ngfw
C0027,P0073,2026-04-01,0.941,0.985,0.525,1.0,1.0,1,1272336.0,87.6,false,false,Value Realized,Baker and Sons,Enterprise,AMER,PA-410 SKU-0073,hardware_ngfw
C0027,P0073,2026-05-01,0.921,0.98,0.6,1.0,1.0,1,1272336.0,89.3,false,false,Value Realized,Baker and Sons,Enterprise,AMER,PA-410 SKU-0073,hardware_ngfw
C0027,P0073,2026-06-01,0.824,0.956,0.675,1.0,1.0,1,1272336.0,90.3,false,false,Value Realized,Baker and Sons,Enterprise,AMER,PA-410 SKU-0073,hardware_ngfw
C0028,P0444,2025-10-01,0.959,0.99,0.0,1.0,1.0,0,58386.6,74.6,true,false,Value Realized,"Hoffman, Baker and Richards",Enterprise,AMER,VM-300 SKU-0444,software_ngfw
C0028,P0444,2025-11-01,0.733,0.933,0.0,1.0,1.0,1,58386.6,72.7,false,false,Value Realized,"Hoffman, Baker and Richards",Enterprise,AMER,VM-300 SKU-0444,software_ngfw
C0028,P0444,2025-12-01,0.583,0.88,0.0,1.0,1.0,1,58386.6,70.8,false,false,Value Realized,"Hoffman, Baker and Richards",Enterprise,AMER,VM-300 SKU-0444,software_ngfw
C0028,P0444,2026-01-01,0.609,0.902,0.0,1.0,1.0,1,58386.6,71.6,false,false,Value Realized,"Hoffman, Baker and Richards",Enterprise,AMER,VM-300 SKU-0444,software_ngfw
C0028,P0444,2026-02-01,0.644,0.911,0.333,1.0,1.0,1,58386.6,80.2,false,false,Value Realized,"Hoffman, Baker and Richards",Enterprise,AMER,VM-300 SKU-0444,software_ngfw
C0028,P0444,2026-03-01,0.664,0.916,0.333,1.0,1.0,1,58386.6,80.4,false,false,Value Realized,"Hoffman, Baker and Richards",Enterprise,AMER,VM-300 SKU-0444,software_ngfw
C0028,P0444,2026-04-01,0.971,0.993,0.567,1.0,1.0,1,58386.6,88.9,false,false,Value Realized,"Hoffman, Baker and Richards",Enterprise,AMER,VM-300 SKU-0444,software_ngfw
C0028,P0444,2026-05-01,0.451,0.721,0.667,1.0,1.0,1,58386.6,81.9,false,false,Value Realized,"Hoffman, Baker and Richards",Enterprise,AMER,VM-300 SKU-0444,software_ngfw
C0028,P0444,2026-06-01,0.721,0.93,0.667,1.0,1.0,1,58386.6,89.2,false,false,Value Realized,"Hoffman, Baker and Richards",Enterprise,AMER,VM-300 SKU-0444,software_ngfw
C0029,P0211,2025-07-01,0.0,0.0,0.0,0.0,,0,63712.89,0.0,false,false,Grace Period,"Ross, Robinson and Bright",Enterprise,EMEA,VM-100 SKU-0211,software_ngfw
C0029,P0211,2025-08-01,0.0,0.0,0.0,0.0,0.0,0,63712.89,0.0,false,false,Shelfware Risk,"Ross, Robinson and Bright",Enterprise,EMEA,VM-100 SKU-0211,software_ngfw
C0029,P0211,2025-09-01,0.0,0.0,0.0,0.0,0.0,0,63712.89,0.0,false,false,Shelfware Risk,"Ross, Robinson and Bright",Enterprise,EMEA,VM-100 SKU-0211,software_ngfw
C0029,P0211,2025-10-01,0.0,0.0,0.0,0.0,0.0,0,63712.89,0.0,false,false,Shelfware Risk,"Ross, Robinson and Bright",Enterprise,EMEA,VM-100 SKU-0211,software_ngfw
C0029,P0211,2025-11-01,0.0,0.0,0.0,0.0,0.0,0,63712.89,0.0,false,false,Shelfware Risk,"Ross, Robinson and Bright",Enterprise,EMEA,VM-100 SKU-0211,software_ngfw
C0029,P0211,2025-12-01,0.0,0.0,0.0,0.0,0.0,0,63712.89,0.0,false,false,Shelfware Risk,"Ross, Robinson and Bright",Enterprise,EMEA,VM-100 SKU-0211,software_ngfw
C0029,P0211,2026-01-01,0.0,0.0,0.0,0.0,0.0,0,63712.89,0.0,false,false,Shelfware Risk,"Ross, Robinson and Bright",Enterprise,EMEA,VM-100 SKU-0211,software_ngfw
C0029,P0211,2026-02-01,0.0,0.0,0.0,0.0,0.0,0,63712.89,0.0,false,false,Shelfware Risk,"Ross, Robinson and Bright",Enterprise,EMEA,VM-100 SKU-0211,software_ngfw
C0029,P0211,2026-03-01,0.0,0.0,0.0,0.0,0.0,0,63712.89,0.0,false,false,Shelfware Risk,"Ross, Robinson and Bright",Enterprise,EMEA,VM-100 SKU-0211,software_ngfw
C0029,P0211,2026-04-01,0.0,0.0,0.0,0.0,0.0,0,63712.89,0.0,false,false,Shelfware Risk,"Ross, Robinson and Bright",Enterprise,EMEA,VM-100 SKU-0211,software_ngfw
C0029,P0211,2026-05-01,0.0,0.0,0.0,0.0,0.0,0,63712.89,0.0,false,false,Shelfware Risk,"Ross, Robinson and Bright",Enterprise,EMEA,VM-100 SKU-0211,software_ngfw
C0029,P0211,2026-06-01,0.0,0.0,0.0,0.0,0.0,0,63712.89,0.0,false,false,Shelfware Risk,"Ross, Robinson and Bright",Enterprise,EMEA,VM-100 SKU-0211,software_ngfw
C0030,P0352,2025-10-01,0.547,0.836,0.0,1.0,1.0,0,629463.12,69.3,false,false,Developing,"Snyder, Campos and Callahan",Enterprise,EMEA,PA-5445 SKU-0352,hardware_ngfw
C0030,P0352,2025-11-01,0.672,0.918,0.333,1.0,1.0,1,629463.12,80.5,false,false,Value Realized,"Snyder, Campos and Callahan",Enterprise,EMEA,PA-5445 SKU-0352,hardware_ngfw
C0030,P0352,2025-12-01,0.648,0.912,0.667,1.0,1.0,1,629463.12,88.6,false,false,Value Realized,"Snyder, Campos and Callahan",Enterprise,EMEA,PA-5445 SKU-0352,hardware_ngfw
C0030,P0352,2026-01-01,0.934,0.983,0.667,1.0,1.0,1,629463.12,91.1,false,false,Value Realized,"Snyder, Campos and Callahan",Enterprise,EMEA,PA-5445 SKU-0352,hardware_ngfw
C0030,P0352,2026-02-01,0.529,0.815,0.567,1.0,1.0,1,629463.12,82.7,false,false,Value Realized,"Snyder, Campos and Callahan",Enterprise,EMEA,PA-5445 SKU-0352,hardware_ngfw
C0030,P0352,2026-03-01,0.758,0.939,0.567,1.0,1.0,1,629463.12,87.0,false,false,Value Realized,"Snyder, Campos and Callahan",Enterprise,EMEA,PA-5445 SKU-0352,hardware_ngfw
C0030,P0352,2026-04-01,0.693,0.923,0.467,1.0,1.0,1,629463.12,84.0,false,false,Value Realized,"Snyder, Campos and Callahan",Enterprise,EMEA,PA-5445 SKU-0352,hardware_ngfw
C0030,P0352,2026-05-01,0.795,0.949,0.8,1.0,1.0,1,629463.12,93.2,false,false,Value Realized,"Snyder, Campos and Callahan",Enterprise,EMEA,PA-5445 SKU-0352,hardware_ngfw
C0030,P0352,2026-06-01,0.738,0.934,0.7,1.0,1.0,1,629463.12,90.2,false,false,Value Realized,"Snyder, Campos and Callahan",Enterprise,EMEA,PA-5445 SKU-0352,hardware_ngfw
C0035,P0478,2025-08-01,0.878,0.97,0.0,1.0,1.0,0,228485.83,73.9,false,false,Value Realized,"Dyer, Potter and Mack",Mid-Market,EMEA,PA-7500 SKU-0478,hardware_ngfw
C0035,P0478,2025-09-01,0.875,0.969,0.0,1.0,1.0,1,228485.83,73.9,false,false,Value Realized,"Dyer, Potter and Mack",Mid-Market,EMEA,PA-7500 SKU-0478,hardware_ngfw
C0035,P0478,2025-10-01,0.574,0.869,0.233,1.0,1.0,1,228485.83,76.3,false,false,Value Realized,"Dyer, Potter and Mack",Mid-Market,EMEA,PA-7500 SKU-0478,hardware_ngfw
C0035,P0478,2025-11-01,0.863,0.966,0.333,1.0,1.0,1,228485.83,82.1,false,false,Value Realized,"Dyer, Potter and Mack",Mid-Market,EMEA,PA-7500 SKU-0478,hardware_ngfw
C0035,P0478,2025-12-01,0.709,0.927,0.233,1.0,1.0,1,228485.83,78.3,false,false,Value Realized,"Dyer, Potter and Mack",Mid-Market,EMEA,PA-7500 SKU-0478,hardware_ngfw
C0035,P0478,2026-01-01,0.852,0.963,0.233,1.0,1.0,1,228485.83,79.5,false,false,Value Realized,"Dyer, Potter and Mack",Mid-Market,EMEA,PA-7500 SKU-0478,hardware_ngfw
C0035,P0478,2026-02-01,0.756,0.939,0.567,1.0,1.0,1,228485.83,87.0,false,false,Value Realized,"Dyer, Potter and Mack",Mid-Market,EMEA,PA-7500 SKU-0478,hardware_ngfw
C0035,P0478,2026-03-01,0.867,0.967,0.7,1.0,1.0,1,228485.83,91.3,false,false,Value Realized,"Dyer, Potter and Mack",Mid-Market,EMEA,PA-7500 SKU-0478,hardware_ngfw
C0035,P0478,2026-04-01,0.649,0.912,0.8,1.0,1.0,1,228485.83,91.9,false,false,Value Realized,"Dyer, Potter and Mack",Mid-Market,EMEA,PA-7500 SKU-0478,hardware_ngfw
C0035,P0478,2026-05-01,0.736,0.934,0.8,1.0,1.0,1,228485.83,92.7,false,false,Value Realized,"Dyer, Potter and Mack",Mid-Market,EMEA,PA-7500 SKU-0478,hardware_ngfw
C0035,P0478,2026-06-01,0.606,0.902,0.8,1.0,1.0,1,228485.83,91.6,false,false,Value Realized,"Dyer, Potter and Mack",Mid-Market,EMEA,PA-7500 SKU-0478,hardware_ngfw
C0036,P0375,2025-09-01,0.0,0.0,0.0,0.0,,0,76953.8,0.0,false,false,Grace Period,Rodriguez-Graham,Mid-Market,AMER,Cloud NGFW for AWS SKU-0375,cloud_ngfw
C0036,P0375,2025-10-01,0.0,0.0,0.0,0.0,0.0,0,76953.8,0.0,false,false,Shelfware Risk,Rodriguez-Graham,Mid-Market,AMER,Cloud NGFW for AWS SKU-0375,cloud_ngfw
C0036,P0375,2025-11-01,0.0,0.0,0.0,0.0,0.0,0,76953.8,0.0,false,false,Shelfware Risk,Rodriguez-Graham,Mid-Market,AMER,Cloud NGFW for AWS SKU-0375,cloud_ngfw
C0036,P0375,2025-12-01,0.0,0.0,0.0,0.0,0.0,0,76953.8,0.0,false,false,Shelfware Risk,Rodriguez-Graham,Mid-Market,AMER,Cloud NGFW for AWS SKU-0375,cloud_ngfw
C0036,P0375,2026-01-01,0.0,0.0,0.0,0.0,0.0,0,76953.8,0.0,false,false,Shelfware Risk,Rodriguez-Graham,Mid-Market,AMER,Cloud NGFW for AWS SKU-0375,cloud_ngfw
C0036,P0375,2026-02-01,0.0,0.0,0.0,0.0,0.0,0,76953.8,0.0,false,false,Shelfware Risk,Rodriguez-Graham,Mid-Market,AMER,Cloud NGFW for AWS SKU-0375,cloud_ngfw
C0036,P0375,2026-03-01,0.0,0.0,0.0,0.0,0.0,0,76953.8,0.0,false,false,Shelfware Risk,Rodriguez-Graham,Mid-Market,AMER,Cloud NGFW for AWS SKU-0375,cloud_ngfw
C0036,P0375,2026-04-01,0.0,0.0,0.0,0.0,0.0,0,76953.8,0.0,false,false,Shelfware Risk,Rodriguez-Graham,Mid-Market,AMER,Cloud NGFW for AWS SKU-0375,cloud_ngfw
C0036,P0375,2026-05-01,0.0,0.0,0.0,0.0,0.0,0,76953.8,0.0,false,false,Shelfware Risk,Rodriguez-Graham,Mid-Market,AMER,Cloud NGFW for AWS SKU-0375,cloud_ngfw
C0036,P0375,2026-06-01,0.0,0.0,0.0,0.0,0.0,0,76953.8,0.0,false,false,Shelfware Risk,Rodriguez-Graham,Mid-Market,AMER,Cloud NGFW for AWS SKU-0375,cloud_ngfw
C0037,P0413,2025-10-01,0.387,0.644,0.233,1.0,1.0,0,143109.18,68.4,false,false,Developing,Smith-Bowen,Mid-Market,AMER,PA-7500 SKU-0413,hardware_ngfw
C0037,P0413,2025-11-01,0.579,0.875,0.233,1.0,1.0,1,143109.18,76.4,false,false,Value Realized,Smith-Bowen,Mid-Market,AMER,PA-7500 SKU-0413,hardware_ngfw
C0037,P0413,2025-12-01,0.72,0.93,0.233,1.0,1.0,1,143109.18,78.4,false,false,Value Realized,Smith-Bowen,Mid-Market,AMER,PA-7500 SKU-0413,hardware_ngfw
C0037,P0413,2026-01-01,0.702,0.926,0.233,1.0,1.0,1,143109.18,78.2,false,false,Value Realized,Smith-Bowen,Mid-Market,AMER,PA-7500 SKU-0413,hardware_ngfw
C0037,P0413,2026-02-01,0.427,0.692,0.567,1.0,1.0,1,143109.18,78.4,false,false,Value Realized,Smith-Bowen,Mid-Market,AMER,PA-7500 SKU-0413,hardware_ngfw
C0037,P0413,2026-03-01,0.678,0.919,0.567,1.0,1.0,1,143109.18,86.3,false,false,Value Realized,Smith-Bowen,Mid-Market,AMER,PA-7500 SKU-0413,hardware_ngfw
C0037,P0413,2026-04-01,0.713,0.928,0.567,1.0,1.0,1,143109.18,86.7,false,false,Value Realized,Smith-Bowen,Mid-Market,AMER,PA-7500 SKU-0413,hardware_ngfw
C0037,P0413,2026-05-01,0.683,0.921,0.667,1.0,1.0,1,143109.18,88.9,false,false,Value Realized,Smith-Bowen,Mid-Market,AMER,PA-7500 SKU-0413,hardware_ngfw
C0037,P0413,2026-06-01,0.713,0.928,0.467,1.0,1.0,1,143109.18,84.2,false,false,Value Realized,Smith-Bowen,Mid-Market,AMER,PA-7500 SKU-0413,hardware_ngfw
C0049,P0047,2025-07-01,0.447,0.717,0.117,1.0,1.0,0,27542.04,68.0,false,false,Developing,Hickman Ltd,Enterprise,AMER,Cloud NGFW for Azure SKU-0047,cloud_ngfw
C0049,P0047,2025-08-01,0.679,0.92,0.167,1.0,1.0,1,27542.04,76.4,false,false,Value Realized,Hickman Ltd,Enterprise,AMER,Cloud NGFW for Azure SKU-0047,cloud_ngfw
C0049,P0047,2025-09-01,0.493,0.771,0.117,1.0,1.0,1,27542.04,69.9,false,false,Developing,Hickman Ltd,Enterprise,AMER,Cloud NGFW for Azure SKU-0047,cloud_ngfw
C0049,P0047,2025-10-01,0.738,0.934,0.117,1.0,1.0,1,27542.04,75.6,false,false,Value Realized,Hickman Ltd,Enterprise,AMER,Cloud NGFW for Azure SKU-0047,cloud_ngfw
C0049,P0047,2025-11-01,0.737,0.934,0.283,1.0,1.0,1,27542.04,79.8,false,false,Value Realized,Hickman Ltd,Enterprise,AMER,Cloud NGFW for Azure SKU-0047,cloud_ngfw
C0049,P0047,2025-12-01,0.944,0.986,0.4,1.0,1.0,1,27542.04,84.5,false,false,Value Realized,Hickman Ltd,Enterprise,AMER,Cloud NGFW for Azure SKU-0047,cloud_ngfw
C0049,P0047,2026-01-01,0.753,0.938,0.35,1.0,1.0,1,27542.04,81.6,false,false,Value Realized,Hickman Ltd,Enterprise,AMER,Cloud NGFW for Azure SKU-0047,cloud_ngfw
C0049,P0047,2026-02-01,0.667,0.917,0.45,1.0,1.0,1,27542.04,83.3,false,false,Value Realized,Hickman Ltd,Enterprise,AMER,Cloud NGFW for Azure SKU-0047,cloud_ngfw
C0049,P0047,2026-03-01,0.651,0.913,0.4,1.0,1.0,1,27542.04,81.9,false,false,Value Realized,Hickman Ltd,Enterprise,AMER,Cloud NGFW for Azure SKU-0047,cloud_ngfw
C0049,P0047,2026-04-01,0.815,0.954,0.567,1.0,1.0,1,27542.04,87.5,false,false,Value Realized,Hickman Ltd,Enterprise,AMER,Cloud NGFW for Azure SKU-0047,cloud_ngfw
C0049,P0047,2026-05-01,0.863,0.966,0.583,1.0,1.0,1,27542.04,88.4,false,false,Value Realized,Hickman Ltd,Enterprise,AMER,Cloud NGFW for Azure SKU-0047,cloud_ngfw
C0049,P0047,2026-06-01,0.631,0.908,0.733,1.0,1.0,1,27542.04,90.1,false,false,Value Realized,Hickman Ltd,Enterprise,AMER,Cloud NGFW for Azure SKU-0047,cloud_ngfw
C0055,P0136,2025-07-01,0.0,0.0,0.0,0.0,,0,924210.0,0.0,false,false,Grace Period,Jones Inc,Enterprise,AMER,Prisma Access Remote Networks SKU-0136,sase
C0055,P0136,2025-08-01,0.0,0.0,0.0,0.0,0.0,0,924210.0,0.0,false,false,Shelfware Risk,Jones Inc,Enterprise,AMER,Prisma Access Remote Networks SKU-0136,sase
C0055,P0136,2025-09-01,0.0,0.0,0.0,0.0,0.0,0,924210.0,0.0,false,false,Shelfware Risk,Jones Inc,Enterprise,AMER,Prisma Access Remote Networks SKU-0136,sase
C0055,P0136,2025-10-01,0.0,0.0,0.0,0.0,0.0,0,924210.0,0.0,false,false,Shelfware Risk,Jones Inc,Enterprise,AMER,Prisma Access Remote Networks SKU-0136,sase
C0055,P0136,2025-11-01,0.0,0.0,0.0,0.0,0.0,0,924210.0,0.0,false,false,Shelfware Risk,Jones Inc,Enterprise,AMER,Prisma Access Remote Networks SKU-0136,sase
C0055,P0136,2025-12-01,0.0,0.0,0.0,0.0,0.0,0,924210.0,0.0,false,false,Shelfware Risk,Jones Inc,Enterprise,AMER,Prisma Access Remote Networks SKU-0136,sase
C0055,P0136,2026-01-01,0.0,0.0,0.0,0.0,0.0,0,924210.0,0.0,false,false,Shelfware Risk,Jones Inc,Enterprise,AMER,Prisma Access Remote Networks SKU-0136,sase
C0055,P0136,2026-02-01,0.0,0.0,0.0,0.0,0.0,0,924210.0,0.0,false,false,Shelfware Risk,Jones Inc,Enterprise,AMER,Prisma Access Remote Networks SKU-0136,sase
C0055,P0136,2026-03-01,0.0,0.0,0.0,0.0,0.0,0,924210.0,0.0,false,false,Shelfware Risk,Jones Inc,Enterprise,AMER,Prisma Access Remote Networks SKU-0136,sase
C0055,P0136,2026-04-01,0.0,0.0,0.0,0.0,0.0,0,924210.0,0.0,false,false,Shelfware Risk,Jones Inc,Enterprise,AMER,Prisma Access Remote Networks SKU-0136,sase
C0055,P0136,2026-05-01,0.0,0.0,0.0,0.0,0.0,0,924210.0,0.0,false,false,Shelfware Risk,Jones Inc,Enterprise,AMER,Prisma Access Remote Networks SKU-0136,sase
C0055,P0136,2026-06-01,0.0,0.0,0.0,0.0,0.0,0,924210.0,0.0,false,false,Shelfware Risk,Jones Inc,Enterprise,AMER,Prisma Access Remote Networks SKU-0136,sase
C0055,P0160,2025-09-01,0.0,0.0,0.0,0.0,,0,12030.36,0.0,false,false,Grace Period,Jones Inc,Enterprise,AMER,VM-300 SKU-0160,software_ngfw
C0055,P0160,2025-10-01,0.0,0.0,0.0,0.0,0.0,0,12030.36,0.0,false,false,Shelfware Risk,Jones Inc,Enterprise,AMER,VM-300 SKU-0160,software_ngfw
C0055,P0160,2025-11-01,0.0,0.0,0.0,0.0,0.0,0,12030.36,0.0,false,false,Shelfware Risk,Jones Inc,Enterprise,AMER,VM-300 SKU-0160,software_ngfw
C0055,P0160,2025-12-01,0.0,0.0,0.0,0.0,0.0,0,12030.36,0.0,false,false,Shelfware Risk,Jones Inc,Enterprise,AMER,VM-300 SKU-0160,software_ngfw
C0055,P0160,2026-01-01,0.0,0.0,0.0,0.0,0.0,0,12030.36,0.0,false,false,Shelfware Risk,Jones Inc,Enterprise,AMER,VM-300 SKU-0160,software_ngfw
C0055,P0160,2026-02-01,0.0,0.0,0.0,0.0,0.0,0,12030.36,0.0,false,false,Shelfware Risk,Jones Inc,Enterprise,AMER,VM-300 SKU-0160,software_ngfw
C0055,P0160,2026-03-01,0.0,0.0,0.0,0.0,0.0,0,12030.36,0.0,false,false,Shelfware Risk,Jones Inc,Enterprise,AMER,VM-300 SKU-0160,software_ngfw
C0055,P0160,2026-04-01,0.0,0.0,0.0,0.0,0.0,0,12030.36,0.0,false,false,Shelfware Risk,Jones Inc,Enterprise,AMER,VM-300 SKU-0160,software_ngfw
C0055,P0160,2026-05-01,0.0,0.0,0.0,0.0,0.0,0,12030.36,0.0,false,false,Shelfware Risk,Jones Inc,Enterprise,AMER,VM-300 SKU-0160,software_ngfw
C0055,P0160,2026-06-01,0.0,0.0,0.0,0.0,0.0,0,12030.36,0.0,false,false,Shelfware Risk,Jones Inc,Enterprise,AMER,VM-300 SKU-0160,software_ngfw
C0055,P0482,2025-07-01,0.0,0.0,0.0,0.0,,0,816994.94,0.0,false,false,Grace Period,Jones Inc,Enterprise,AMER,Prisma Access Browser SKU-0482,sase
C0055,P0482,2025-08-01,0.0,0.0,0.0,0.0,0.0,0,816994.94,0.0,false,false,Shelfware Risk,Jones Inc,Enterprise,AMER,Prisma Access Browser SKU-0482,sase
C0055,P0482,2025-09-01,0.0,0.0,0.0,0.0,0.0,0,816994.94,0.0,false,false,Shelfware Risk,Jones Inc,Enterprise,AMER,Prisma Access Browser SKU-0482,sase
C0055,P0482,2025-10-01,0.0,0.0,0.0,0.0,0.0,0,816994.94,0.0,false,false,Shelfware Risk,Jones Inc,Enterprise,AMER,Prisma Access Browser SKU-0482,sase
C0055,P0482,2025-11-01,0.0,0.0,0.0,0.0,0.0,0,816994.94,0.0,false,false,Shelfware Risk,Jones Inc,Enterprise,AMER,Prisma Access Browser SKU-0482,sase
C0055,P0482,2025-12-01,0.0,0.0,0.0,0.0,0.0,0,816994.94,0.0,false,false,Shelfware Risk,Jones Inc,Enterprise,AMER,Prisma Access Browser SKU-0482,sase
C0055,P0482,2026-01-01,0.0,0.0,0.0,0.0,0.0,0,816994.94,0.0,false,false,Shelfware Risk,Jones Inc,Enterprise,AMER,Prisma Access Browser SKU-0482,sase
C0055,P0482,2026-02-01,0.0,0.0,0.0,0.0,0.0,0,816994.94,0.0,false,false,Shelfware Risk,Jones Inc,Enterprise,AMER,Prisma Access Browser SKU-0482,sase
C0055,P0482,2026-03-01,0.0,0.0,0.0,0.0,0.0,0,816994.94,0.0,false,false,Shelfware Risk,Jones Inc,Enterprise,AMER,Prisma Access Browser SKU-0482,sase
C0055,P0482,2026-04-01,0.0,0.0,0.0,0.0,0.0,0,816994.94,0.0,false,false,Shelfware Risk,Jones Inc,Enterprise,AMER,Prisma Access Browser SKU-0482,sase
C0055,P0482,2026-05-01,0.0,0.0,0.0,0.0,0.0,0,816994.94,0.0,false,false,Shelfware Risk,Jones Inc,Enterprise,AMER,Prisma Access Browser SKU-0482,sase
C0055,P0482,2026-06-01,0.0,0.0,0.0,0.0,0.0,0,816994.94,0.0,false,false,Shelfware Risk,Jones Inc,Enterprise,AMER,Prisma Access Browser SKU-0482,sase
C0056,P0051,2025-07-01,0.573,0.867,0.14,1.0,1.0,0,27493.92,73.8,false,false,Value Realized,Jones-Young,Enterprise,EMEA,VM-500 SKU-0051,software_ngfw
C0056,P0051,2025-08-01,0.95,0.988,0.48,1.0,1.0,1,27493.92,86.6,false,false,Value Realized,Jones-Young,Enterprise,EMEA,VM-500 SKU-0051,software_ngfw
C0056,P0051,2025-09-01,0.404,0.665,0.54,1.0,1.0,1,27493.92,76.8,false,false,Value Realized,Jones-Young,Enterprise,EMEA,VM-500 SKU-0051,software_ngfw
C0056,P0051,2025-10-01,0.692,0.923,0.54,1.0,1.0,1,27493.92,85.8,false,false,Value Realized,Jones-Young,Enterprise,EMEA,VM-500 SKU-0051,software_ngfw
C0056,P0051,2025-11-01,0.5,0.779,0.42,1.0,1.0,1,27493.92,77.8,false,false,Value Realized,Jones-Young,Enterprise,EMEA,VM-500 SKU-0051,software_ngfw
C0056,P0051,2025-12-01,0.668,0.917,0.54,1.0,1.0,1,27493.92,85.6,false,false,Value Realized,Jones-Young,Enterprise,EMEA,VM-500 SKU-0051,software_ngfw
C0056,P0051,2026-01-01,0.906,0.976,0.54,1.0,1.0,1,27493.92,87.7,false,false,Value Realized,Jones-Young,Enterprise,EMEA,VM-500 SKU-0051,software_ngfw
C0056,P0051,2026-02-01,0.618,0.904,0.48,1.0,1.0,1,27493.92,83.7,false,false,Value Realized,Jones-Young,Enterprise,EMEA,VM-500 SKU-0051,software_ngfw
C0056,P0051,2026-03-01,0.642,0.91,0.48,1.0,1.0,1,27493.92,83.9,false,false,Value Realized,Jones-Young,Enterprise,EMEA,VM-500 SKU-0051,software_ngfw
C0056,P0051,2026-04-01,0.942,0.986,0.42,1.0,1.0,1,27493.92,85.0,false,false,Value Realized,Jones-Young,Enterprise,EMEA,VM-500 SKU-0051,software_ngfw
C0056,P0051,2026-05-01,0.747,0.937,0.42,1.0,1.0,1,27493.92,83.3,false,false,Value Realized,Jones-Young,Enterprise,EMEA,VM-500 SKU-0051,software_ngfw
C0056,P0051,2026-06-01,0.619,0.905,0.54,1.0,1.0,1,27493.92,85.2,false,false,Value Realized,Jones-Young,Enterprise,EMEA,VM-500 SKU-0051,software_ngfw
C0059,P0173,2025-07-01,0.765,0.941,0.0,1.0,1.0,0,475505.8,72.9,false,false,Value Realized,Lee-Davis,Mid-Market,LATAM,Prisma Access Remote Networks SKU-0173,sase
C0059,P0173,2025-08-01,0.903,0.976,0.0,1.0,1.0,1,475505.8,74.2,true,false,Value Realized,Lee-Davis,Mid-Market,LATAM,Prisma Access Remote Networks SKU-0173,sase
C0059,P0173,2025-09-01,0.466,0.739,0.0,1.0,1.0,1,475505.8,65.9,false,false,Developing,Lee-Davis,Mid-Market,LATAM,Prisma Access Remote Networks SKU-0173,sase
C0059,P0173,2025-10-01,0.436,0.703,0.0,1.0,1.0,1,475505.8,64.6,false,false,Developing,Lee-Davis,Mid-Market,LATAM,Prisma Access Remote Networks SKU-0173,sase
C0059,P0173,2025-11-01,0.822,0.955,0.0,1.0,1.0,1,475505.8,73.4,false,false,Value Realized,Lee-Davis,Mid-Market,LATAM,Prisma Access Remote Networks SKU-0173,sase
C0059,P0173,2025-12-01,0.823,0.956,0.25,1.0,1.0,1,475505.8,79.7,false,false,Value Realized,Lee-Davis,Mid-Market,LATAM,Prisma Access Remote Networks SKU-0173,sase
C0059,P0173,2026-01-01,0.757,0.939,0.175,1.0,1.0,1,475505.8,77.3,false,false,Value Realized,Lee-Davis,Mid-Market,LATAM,Prisma Access Remote Networks SKU-0173,sase
C0059,P0173,2026-02-01,0.68,0.92,0.25,1.0,1.0,1,475505.8,78.4,false,false,Value Realized,Lee-Davis,Mid-Market,LATAM,Prisma Access Remote Networks SKU-0173,sase
C0059,P0173,2026-03-01,0.771,0.943,0.175,1.0,1.0,1,475505.8,77.4,false,false,Value Realized,Lee-Davis,Mid-Market,LATAM,Prisma Access Remote Networks SKU-0173,sase
C0059,P0173,2026-04-01,0.674,0.918,0.175,1.0,1.0,1,475505.8,76.5,false,false,Value Realized,Lee-Davis,Mid-Market,LATAM,Prisma Access Remote Networks SKU-0173,sase
C0059,P0173,2026-05-01,0.645,0.911,0.175,1.0,1.0,1,475505.8,76.3,false,false,Value Realized,Lee-Davis,Mid-Market,LATAM,Prisma Access Remote Networks SKU-0173,sase
C0059,P0173,2026-06-01,0.659,0.915,0.175,1.0,1.0,1,475505.8,76.4,false,false,Value Realized,Lee-Davis,Mid-Market,LATAM,Prisma Access Remote Networks SKU-0173,sase
C0065,P0005,2025-07-01,0.628,0.907,0.117,1.0,1.0,0,76805.45,74.7,false,false,Value Realized,Baxter Inc,Mid-Market,LATAM,Cloud NGFW for AWS SKU-0005,cloud_ngfw
C0065,P0005,2025-08-01,0.716,0.929,0.167,1.0,1.0,1,76805.45,76.7,false,false,Value Realized,Baxter Inc,Mid-Market,LATAM,Cloud NGFW for AWS SKU-0005,cloud_ngfw
C0065,P0005,2025-09-01,0.743,0.936,0.117,1.0,1.0,1,76805.45,75.7,false,false,Value Realized,Baxter Inc,Mid-Market,LATAM,Cloud NGFW for AWS SKU-0005,cloud_ngfw
C0065,P0005,2025-10-01,0.627,0.907,0.333,1.0,1.0,1,76805.45,80.1,false,false,Value Realized,Baxter Inc,Mid-Market,LATAM,Cloud NGFW for AWS SKU-0005,cloud_ngfw
C0065,P0005,2025-11-01,0.869,0.967,0.283,1.0,1.0,1,76805.45,80.9,false,false,Value Realized,Baxter Inc,Mid-Market,LATAM,Cloud NGFW for AWS SKU-0005,cloud_ngfw
C0065,P0005,2025-12-01,0.689,0.922,0.233,1.0,1.0,1,76805.45,78.1,false,false,Value Realized,Baxter Inc,Mid-Market,LATAM,Cloud NGFW for AWS SKU-0005,cloud_ngfw
C0065,P0005,2026-01-01,0.798,0.949,0.333,1.0,1.0,1,76805.45,81.6,false,false,Value Realized,Baxter Inc,Mid-Market,LATAM,Cloud NGFW for AWS SKU-0005,cloud_ngfw
C0065,P0005,2026-02-01,0.682,0.92,0.333,1.0,1.0,1,76805.45,80.6,false,false,Value Realized,Baxter Inc,Mid-Market,LATAM,Cloud NGFW for AWS SKU-0005,cloud_ngfw
C0065,P0005,2026-03-01,0.647,0.912,0.233,1.0,1.0,1,76805.45,77.7,false,false,Value Realized,Baxter Inc,Mid-Market,LATAM,Cloud NGFW for AWS SKU-0005,cloud_ngfw
C0065,P0005,2026-04-01,0.754,0.939,0.233,1.0,1.0,1,76805.45,78.7,false,false,Value Realized,Baxter Inc,Mid-Market,LATAM,Cloud NGFW for AWS SKU-0005,cloud_ngfw
C0065,P0005,2026-05-01,0.668,0.917,0.283,1.0,1.0,1,76805.45,79.2,false,false,Value Realized,Baxter Inc,Mid-Market,LATAM,Cloud NGFW for AWS SKU-0005,cloud_ngfw
C0065,P0005,2026-06-01,0.765,0.941,0.233,1.0,1.0,1,76805.45,78.8,false,false,Value Realized,Baxter Inc,Mid-Market,LATAM,Cloud NGFW for AWS SKU-0005,cloud_ngfw
C0072,P0432,2025-07-01,0.753,0.938,0.0,1.0,1.0,0,54062.4,72.8,false,false,Value Realized,House-Glover,Enterprise,EMEA,VM-100 SKU-0432,software_ngfw
C0072,P0432,2025-08-01,0.726,0.931,0.25,1.0,1.0,1,54062.4,78.9,false,false,Value Realized,House-Glover,Enterprise,EMEA,VM-100 SKU-0432,software_ngfw
C0072,P0432,2025-09-01,0.781,0.945,0.175,1.0,1.0,1,54062.4,77.5,false,false,Value Realized,House-Glover,Enterprise,EMEA,VM-100 SKU-0432,software_ngfw
C0072,P0432,2025-10-01,0.664,0.916,0.25,1.0,1.0,1,54062.4,78.3,false,false,Value Realized,House-Glover,Enterprise,EMEA,VM-100 SKU-0432,software_ngfw
C0072,P0432,2025-11-01,0.753,0.938,0.175,1.0,1.0,1,54062.4,77.2,false,false,Value Realized,House-Glover,Enterprise,EMEA,VM-100 SKU-0432,software_ngfw
C0072,P0432,2025-12-01,0.602,0.9,0.25,1.0,1.0,1,54062.4,77.8,false,false,Value Realized,House-Glover,Enterprise,EMEA,VM-100 SKU-0432,software_ngfw
C0072,P0432,2026-01-01,0.763,0.941,0.175,1.0,1.0,1,54062.4,77.3,false,false,Value Realized,House-Glover,Enterprise,EMEA,VM-100 SKU-0432,software_ngfw
C0072,P0432,2026-02-01,0.888,0.972,0.25,1.0,1.0,1,54062.4,80.3,false,false,Value Realized,House-Glover,Enterprise,EMEA,VM-100 SKU-0432,software_ngfw
C0072,P0432,2026-03-01,0.654,0.913,0.35,1.0,1.0,1,54062.4,80.7,false,false,Value Realized,House-Glover,Enterprise,EMEA,VM-100 SKU-0432,software_ngfw
C0072,P0432,2026-04-01,0.742,0.936,0.5,1.0,1.0,1,54062.4,85.2,false,false,Value Realized,House-Glover,Enterprise,EMEA,VM-100 SKU-0432,software_ngfw
C0072,P0432,2026-05-01,0.509,0.791,0.425,1.0,1.0,1,54062.4,78.3,false,false,Value Realized,House-Glover,Enterprise,EMEA,VM-100 SKU-0432,software_ngfw
C0072,P0432,2026-06-01,0.583,0.88,0.425,1.0,1.0,1,54062.4,81.4,false,false,Value Realized,House-Glover,Enterprise,EMEA,VM-100 SKU-0432,software_ngfw
C0081,P0364,2025-08-01,0.535,0.821,0.0,1.0,1.0,0,65689.68,68.8,false,false,Developing,"Sanchez, Wheeler and Harvey",Enterprise,APAC,VM-700 SKU-0364,software_ngfw
C0081,P0364,2025-09-01,0.627,0.907,0.0,1.0,1.0,1,65689.68,71.7,false,false,Value Realized,"Sanchez, Wheeler and Harvey",Enterprise,APAC,VM-700 SKU-0364,software_ngfw
C0081,P0364,2025-10-01,0.641,0.91,0.0,1.0,1.0,1,65689.68,71.9,false,false,Value Realized,"Sanchez, Wheeler and Harvey",Enterprise,APAC,VM-700 SKU-0364,software_ngfw
C0081,P0364,2025-11-01,0.979,0.995,0.0,1.0,1.0,1,65689.68,74.8,true,false,Value Realized,"Sanchez, Wheeler and Harvey",Enterprise,APAC,VM-700 SKU-0364,software_ngfw
C0081,P0364,2025-12-01,0.659,0.915,0.0,1.0,1.0,1,65689.68,72.0,false,false,Value Realized,"Sanchez, Wheeler and Harvey",Enterprise,APAC,VM-700 SKU-0364,software_ngfw
C0081,P0364,2026-01-01,0.941,0.985,0.0,1.0,1.0,1,65689.68,74.5,true,false,Value Realized,"Sanchez, Wheeler and Harvey",Enterprise,APAC,VM-700 SKU-0364,software_ngfw
C0081,P0364,2026-02-01,0.806,0.951,0.25,1.0,1.0,1,65689.68,79.6,false,false,Value Realized,"Sanchez, Wheeler and Harvey",Enterprise,APAC,VM-700 SKU-0364,software_ngfw
C0081,P0364,2026-03-01,0.826,0.956,0.175,1.0,1.0,1,65689.68,77.8,false,false,Value Realized,"Sanchez, Wheeler and Harvey",Enterprise,APAC,VM-700 SKU-0364,software_ngfw
C0081,P0364,2026-04-01,0.653,0.913,0.175,1.0,1.0,1,65689.68,76.3,false,false,Value Realized,"Sanchez, Wheeler and Harvey",Enterprise,APAC,VM-700 SKU-0364,software_ngfw
C0081,P0364,2026-05-01,0.606,0.901,0.25,1.0,1.0,1,65689.68,77.8,false,false,Value Realized,"Sanchez, Wheeler and Harvey",Enterprise,APAC,VM-700 SKU-0364,software_ngfw
C0081,P0364,2026-06-01,0.583,0.88,0.175,1.0,1.0,1,65689.68,75.2,false,false,Value Realized,"Sanchez, Wheeler and Harvey",Enterprise,APAC,VM-700 SKU-0364,software_ngfw
C0088,P0422,2025-07-01,0.0,0.0,0.0,0.0,,0,268682.04,0.0,false,false,Grace Period,Anderson-Bailey,Mid-Market,EMEA,PA-7500 SKU-0422,hardware_ngfw
C0088,P0422,2025-08-01,0.0,0.0,0.0,0.0,0.0,0,268682.04,0.0,false,false,Shelfware Risk,Anderson-Bailey,Mid-Market,EMEA,PA-7500 SKU-0422,hardware_ngfw
C0088,P0422,2025-09-01,0.0,0.0,0.0,0.0,0.0,0,268682.04,0.0,false,false,Shelfware Risk,Anderson-Bailey,Mid-Market,EMEA,PA-7500 SKU-0422,hardware_ngfw
C0088,P0422,2025-10-01,0.0,0.0,0.0,0.0,0.0,0,268682.04,0.0,false,false,Shelfware Risk,Anderson-Bailey,Mid-Market,EMEA,PA-7500 SKU-0422,hardware_ngfw
C0088,P0422,2025-11-01,0.0,0.0,0.0,0.0,0.0,0,268682.04,0.0,false,false,Shelfware Risk,Anderson-Bailey,Mid-Market,EMEA,PA-7500 SKU-0422,hardware_ngfw
C0088,P0422,2025-12-01,0.0,0.0,0.0,0.0,0.0,0,268682.04,0.0,false,false,Shelfware Risk,Anderson-Bailey,Mid-Market,EMEA,PA-7500 SKU-0422,hardware_ngfw
C0088,P0422,2026-01-01,0.0,0.0,0.0,0.0,0.0,0,268682.04,0.0,false,false,Shelfware Risk,Anderson-Bailey,Mid-Market,EMEA,PA-7500 SKU-0422,hardware_ngfw
C0088,P0422,2026-02-01,0.0,0.0,0.0,0.0,0.0,0,268682.04,0.0,false,false,Shelfware Risk,Anderson-Bailey,Mid-Market,EMEA,PA-7500 SKU-0422,hardware_ngfw
C0088,P0422,2026-03-01,0.0,0.0,0.0,0.0,0.0,0,268682.04,0.0,false,false,Shelfware Risk,Anderson-Bailey,Mid-Market,EMEA,PA-7500 SKU-0422,hardware_ngfw
C0088,P0422,2026-04-01,0.0,0.0,0.0,0.0,0.0,0,268682.04,0.0,false,false,Shelfware Risk,Anderson-Bailey,Mid-Market,EMEA,PA-7500 SKU-0422,hardware_ngfw
C0088,P0422,2026-05-01,0.0,0.0,0.0,0.0,0.0,0,268682.04,0.0,false,false,Shelfware Risk,Anderson-Bailey,Mid-Market,EMEA,PA-7500 SKU-0422,hardware_ngfw
C0088,P0422,2026-06-01,0.0,0.0,0.0,0.0,0.0,0,268682.04,0.0,false,false,Shelfware Risk,Anderson-Bailey,Mid-Market,EMEA,PA-7500 SKU-0422,hardware_ngfw
C0096,P0157,2025-07-01,0.901,0.975,0.175,1.0,1.0,0,23237.28,78.5,true,false,Value Realized,Harris-Walters,Enterprise,AMER,Cloud NGFW for AWS SKU-0157,cloud_ngfw
C0096,P0157,2025-08-01,0.789,0.947,0.175,1.0,1.0,1,23237.28,77.5,false,false,Value Realized,Harris-Walters,Enterprise,AMER,Cloud NGFW for AWS SKU-0157,cloud_ngfw
C0096,P0157,2025-09-01,0.875,0.969,0.175,1.0,1.0,1,23237.28,78.3,false,false,Value Realized,Harris-Walters,Enterprise,AMER,Cloud NGFW for AWS SKU-0157,cloud_ngfw
C0096,P0157,2025-10-01,0.807,0.952,0.175,1.0,1.0,1,23237.28,77.7,false,false,Value Realized,Harris-Walters,Enterprise,AMER,Cloud NGFW for AWS SKU-0157,cloud_ngfw
C0096,P0157,2025-11-01,0.651,0.913,0.175,1.0,1.0,1,23237.28,76.3,false,false,Value Realized,Harris-Walters,Enterprise,AMER,Cloud NGFW for AWS SKU-0157,cloud_ngfw
C0096,P0157,2025-12-01,0.726,0.932,0.175,1.0,1.0,1,23237.28,77.0,false,false,Value Realized,Harris-Walters,Enterprise,AMER,Cloud NGFW for AWS SKU-0157,cloud_ngfw
C0096,P0157,2026-01-01,0.616,0.904,0.25,1.0,1.0,1,23237.28,77.9,false,false,Value Realized,Harris-Walters,Enterprise,AMER,Cloud NGFW for AWS SKU-0157,cloud_ngfw
C0096,P0157,2026-02-01,0.68,0.92,0.175,1.0,1.0,1,23237.28,76.6,false,false,Value Realized,Harris-Walters,Enterprise,AMER,Cloud NGFW for AWS SKU-0157,cloud_ngfw
C0096,P0157,2026-03-01,0.783,0.946,0.175,1.0,1.0,1,23237.28,77.5,false,false,Value Realized,Harris-Walters,Enterprise,AMER,Cloud NGFW for AWS SKU-0157,cloud_ngfw
C0096,P0157,2026-04-01,0.601,0.9,0.175,1.0,1.0,1,23237.28,75.9,false,false,Value Realized,Harris-Walters,Enterprise,AMER,Cloud NGFW for AWS SKU-0157,cloud_ngfw
C0096,P0157,2026-05-01,0.626,0.907,0.175,1.0,1.0,1,23237.28,76.1,false,false,Value Realized,Harris-Walters,Enterprise,AMER,Cloud NGFW for AWS SKU-0157,cloud_ngfw
C0096,P0157,2026-06-01,0.715,0.929,0.175,1.0,1.0,1,23237.28,76.9,false,false,Value Realized,Harris-Walters,Enterprise,AMER,Cloud NGFW for AWS SKU-0157,cloud_ngfw
C0097,P0449,2025-07-01,0.659,0.915,0.0,1.0,1.0,0,8161.92,72.0,false,false,Value Realized,Wagner-King,Enterprise,APAC,Cloud NGFW for Azure SKU-0449,cloud_ngfw
C0097,P0449,2025-08-01,0.511,0.793,0.0,1.0,1.0,1,8161.92,67.7,false,false,Developing,Wagner-King,Enterprise,APAC,Cloud NGFW for Azure SKU-0449,cloud_ngfw
C0097,P0449,2025-09-01,0.358,0.61,0.333,1.0,1.0,1,8161.92,69.7,false,false,Developing,Wagner-King,Enterprise,APAC,Cloud NGFW for Azure SKU-0449,cloud_ngfw
C0097,P0449,2025-10-01,0.754,0.939,0.233,1.0,1.0,1,8161.92,78.7,false,false,Value Realized,Wagner-King,Enterprise,APAC,Cloud NGFW for Azure SKU-0449,cloud_ngfw
C0097,P0449,2025-11-01,0.748,0.937,0.233,1.0,1.0,1,8161.92,78.6,false,false,Value Realized,Wagner-King,Enterprise,APAC,Cloud NGFW for Azure SKU-0449,cloud_ngfw
C0097,P0449,2025-12-01,0.689,0.922,0.333,1.0,1.0,1,8161.92,80.6,false,false,Value Realized,Wagner-King,Enterprise,APAC,Cloud NGFW for Azure SKU-0449,cloud_ngfw
C0097,P0449,2026-01-01,0.549,0.838,0.233,1.0,1.0,1,8161.92,75.2,false,false,Value Realized,Wagner-King,Enterprise,APAC,Cloud NGFW for Azure SKU-0449,cloud_ngfw
C0097,P0449,2026-02-01,0.898,0.974,0.667,1.0,1.0,1,8161.92,90.8,false,false,Value Realized,Wagner-King,Enterprise,APAC,Cloud NGFW for Azure SKU-0449,cloud_ngfw
C0097,P0449,2026-03-01,0.504,0.784,0.567,1.0,1.0,1,8161.92,81.6,false,false,Value Realized,Wagner-King,Enterprise,APAC,Cloud NGFW for Azure SKU-0449,cloud_ngfw
C0097,P0449,2026-04-01,0.71,0.928,0.9,1.0,1.0,1,8161.92,95.0,false,false,Value Realized,Wagner-King,Enterprise,APAC,Cloud NGFW for Azure SKU-0449,cloud_ngfw
C0097,P0449,2026-05-01,0.572,0.866,0.8,1.0,1.0,1,8161.92,90.3,false,false,Value Realized,Wagner-King,Enterprise,APAC,Cloud NGFW for Azure SKU-0449,cloud_ngfw
C0097,P0449,2026-06-01,0.673,0.918,0.9,1.0,1.0,1,8161.92,94.6,false,false,Value Realized,Wagner-King,Enterprise,APAC,Cloud NGFW for Azure SKU-0449,cloud_ngfw
C0001,P0248,2025-07-01,0.0,0.0,0.0,0.0,,0,51314.67,0.0,false,false,Grace Period,"Rodriguez, Figueroa and Sanchez",Mid-Market,AMER,VM-500 SKU-0248,software_ngfw
C0001,P0248,2025-08-01,0.0,0.0,0.0,0.0,0.467,0,51314.67,7.0,false,false,Shelfware Risk,"Rodriguez, Figueroa and Sanchez",Mid-Market,AMER,VM-500 SKU-0248,software_ngfw
C0001,P0248,2025-09-01,0.22,0.444,0.0,0.5,0.467,0,51314.67,35.0,false,false,Onboarding Stall,"Rodriguez, Figueroa and Sanchez",Mid-Market,AMER,VM-500 SKU-0248,software_ngfw
C0001,P0248,2025-10-01,0.48,0.756,0.0,0.8,0.467,1,51314.67,53.5,false,false,Onboarding Stall,"Rodriguez, Figueroa and Sanchez",Mid-Market,AMER,VM-500 SKU-0248,software_ngfw
C0001,P0248,2025-11-01,0.705,0.926,0.14,1.0,0.467,1,51314.67,67.9,false,false,Onboarding Stall,"Rodriguez, Figueroa and Sanchez",Mid-Market,AMER,VM-500 SKU-0248,software_ngfw
C0001,P0248,2025-12-01,0.77,0.943,0.14,1.0,0.467,1,51314.67,68.5,false,false,Onboarding Stall,"Rodriguez, Figueroa and Sanchez",Mid-Market,AMER,VM-500 SKU-0248,software_ngfw
C0001,P0248,2026-01-01,0.866,0.966,0.14,1.0,0.467,1,51314.67,69.3,false,false,Onboarding Stall,"Rodriguez, Figueroa and Sanchez",Mid-Market,AMER,VM-500 SKU-0248,software_ngfw
C0001,P0248,2026-02-01,0.533,0.82,0.14,1.0,0.467,1,51314.67,64.2,false,false,Onboarding Stall,"Rodriguez, Figueroa and Sanchez",Mid-Market,AMER,VM-500 SKU-0248,software_ngfw
C0001,P0248,2026-03-01,0.69,0.923,0.14,1.0,0.467,1,51314.67,67.8,false,false,Onboarding Stall,"Rodriguez, Figueroa and Sanchez",Mid-Market,AMER,VM-500 SKU-0248,software_ngfw
C0001,P0248,2026-04-01,0.763,0.941,0.14,1.0,0.467,1,51314.67,68.4,false,false,Onboarding Stall,"Rodriguez, Figueroa and Sanchez",Mid-Market,AMER,VM-500 SKU-0248,software_ngfw
C0001,P0248,2026-05-01,0.855,0.964,0.28,1.0,0.467,1,51314.67,72.7,false,false,Onboarding Stall,"Rodriguez, Figueroa and Sanchez",Mid-Market,AMER,VM-500 SKU-0248,software_ngfw
C0001,P0248,2026-06-01,0.685,0.921,0.34,1.0,0.467,1,51314.67,72.7,false,false,Value Realized,"Rodriguez, Figueroa and Sanchez",Mid-Market,AMER,VM-500 SKU-0248,software_ngfw
C0011,P0496,2025-10-01,1.307,0.8,0.2,1.0,1.0,0,27242.95,73.0,true,true,Value Realized,Blair PLC,Enterprise,AMER,Cloud NGFW for AWS SKU-0496,cloud_ngfw
C0011,P0496,2025-11-01,1.514,0.8,0.8,1.0,1.0,1,27242.95,88.0,false,true,Value Realized,Blair PLC,Enterprise,AMER,Cloud NGFW for AWS SKU-0496,cloud_ngfw
C0011,P0496,2025-12-01,1.292,0.8,0.8,1.0,1.0,1,27242.95,88.0,false,true,Value Realized,Blair PLC,Enterprise,AMER,Cloud NGFW for AWS SKU-0496,cloud_ngfw
C0011,P0496,2026-01-01,1.436,0.8,0.8,1.0,1.0,1,27242.95,88.0,false,true,Value Realized,Blair PLC,Enterprise,AMER,Cloud NGFW for AWS SKU-0496,cloud_ngfw
C0011,P0496,2026-02-01,1.457,0.8,0.8,1.0,1.0,1,27242.95,88.0,false,true,Value Realized,Blair PLC,Enterprise,AMER,Cloud NGFW for AWS SKU-0496,cloud_ngfw
C0011,P0496,2026-03-01,1.467,0.8,0.8,1.0,1.0,1,27242.95,88.0,false,true,Value Realized,Blair PLC,Enterprise,AMER,Cloud NGFW for AWS SKU-0496,cloud_ngfw
C0011,P0496,2026-04-01,1.334,0.8,0.8,1.0,1.0,1,27242.95,88.0,false,true,Value Realized,Blair PLC,Enterprise,AMER,Cloud NGFW for AWS SKU-0496,cloud_ngfw
C0011,P0496,2026-05-01,1.516,0.8,0.8,1.0,1.0,1,27242.95,88.0,false,true,Value Realized,Blair PLC,Enterprise,AMER,Cloud NGFW for AWS SKU-0496,cloud_ngfw
C0011,P0496,2026-06-01,1.198,1.0,0.8,1.0,1.0,1,27242.95,95.0,false,false,Value Realized,Blair PLC,Enterprise,AMER,Cloud NGFW for AWS SKU-0496,cloud_ngfw
C0012,P0170,2025-07-01,0.36,0.612,0.14,1.0,1.0,0,1031882.5,64.9,false,false,Developing,Dudley Group,Mid-Market,AMER,Prisma Access Browser SKU-0170,sase
C0012,P0170,2025-08-01,0.544,0.833,0.28,1.0,1.0,1,1031882.5,76.2,false,false,Value Realized,Dudley Group,Mid-Market,AMER,Prisma Access Browser SKU-0170,sase
C0012,P0170,2025-09-01,0.597,0.896,0.34,1.0,1.0,1,1031882.5,79.9,false,false,Value Realized,Dudley Group,Mid-Market,AMER,Prisma Access Browser SKU-0170,sase
C0012,P0170,2025-10-01,0.937,0.984,0.34,1.0,1.0,1,1031882.5,82.9,false,false,Value Realized,Dudley Group,Mid-Market,AMER,Prisma Access Browser SKU-0170,sase
C0012,P0170,2025-11-01,0.847,0.962,0.34,1.0,1.0,1,1031882.5,82.2,false,false,Value Realized,Dudley Group,Mid-Market,AMER,Prisma Access Browser SKU-0170,sase
C0012,P0170,2025-12-01,0.935,0.984,0.34,1.0,1.0,1,1031882.5,82.9,false,false,Value Realized,Dudley Group,Mid-Market,AMER,Prisma Access Browser SKU-0170,sase
C0012,P0170,2026-01-01,0.803,0.951,0.48,1.0,1.0,1,1031882.5,85.3,false,false,Value Realized,Dudley Group,Mid-Market,AMER,Prisma Access Browser SKU-0170,sase
C0012,P0170,2026-02-01,0.879,0.97,0.48,1.0,1.0,1,1031882.5,85.9,false,false,Value Realized,Dudley Group,Mid-Market,AMER,Prisma Access Browser SKU-0170,sase
C0012,P0170,2026-03-01,0.609,0.902,0.54,1.0,1.0,1,1031882.5,85.1,false,false,Value Realized,Dudley Group,Mid-Market,AMER,Prisma Access Browser SKU-0170,sase
C0012,P0170,2026-04-01,0.677,0.919,0.42,1.0,1.0,1,1031882.5,82.7,false,false,Value Realized,Dudley Group,Mid-Market,AMER,Prisma Access Browser SKU-0170,sase
C0012,P0170,2026-05-01,0.59,0.888,0.74,1.0,1.0,1,1031882.5,89.6,false,false,Value Realized,Dudley Group,Mid-Market,AMER,Prisma Access Browser SKU-0170,sase
C0012,P0170,2026-06-01,0.578,0.874,0.62,1.0,1.0,1,1031882.5,86.1,false,false,Value Realized,Dudley Group,Mid-Market,AMER,Prisma Access Browser SKU-0170,sase
C0013,P0142,2025-07-01,0.643,0.911,0.117,1.0,1.0,0,302830.32,74.8,false,false,Value Realized,Arnold Ltd,Enterprise,AMER,Prisma Access Remote Networks SKU-0142,sase
C0013,P0142,2025-08-01,0.79,0.948,0.167,1.0,1.0,1,302830.32,77.3,false,false,Value Realized,Arnold Ltd,Enterprise,AMER,Prisma Access Remote Networks SKU-0142,sase
C0013,P0142,2025-09-01,0.693,0.923,0.333,1.0,1.0,1,302830.32,80.6,false,false,Value Realized,Arnold Ltd,Enterprise,AMER,Prisma Access Remote Networks SKU-0142,sase
C0013,P0142,2025-10-01,0.874,0.969,0.283,1.0,1.0,1,302830.32,81.0,false,false,Value Realized,Arnold Ltd,Enterprise,AMER,Prisma Access Remote Networks SKU-0142,sase
C0013,P0142,2025-11-01,0.935,0.984,0.283,1.0,1.0,1,302830.32,81.5,false,false,Value Realized,Arnold Ltd,Enterprise,AMER,Prisma Access Remote Networks SKU-0142,sase
C0013,P0142,2025-12-01,0.54,0.828,0.283,1.0,1.0,1,302830.32,76.1,false,false,Value Realized,Arnold Ltd,Enterprise,AMER,Prisma Access Remote Networks SKU-0142,sase
C0013,P0142,2026-01-01,0.618,0.904,0.283,1.0,1.0,1,302830.32,78.7,false,false,Value Realized,Arnold Ltd,Enterprise,AMER,Prisma Access Remote Networks SKU-0142,sase
C0013,P0142,2026-02-01,0.725,0.931,0.467,1.0,1.0,1,302830.32,84.3,false,false,Value Realized,Arnold Ltd,Enterprise,AMER,Prisma Access Remote Networks SKU-0142,sase
C0013,P0142,2026-03-01,0.479,0.755,0.733,1.0,1.0,1,302830.32,84.8,false,false,Value Realized,Arnold Ltd,Enterprise,AMER,Prisma Access Remote Networks SKU-0142,sase
C0013,P0142,2026-04-01,0.678,0.919,0.733,1.0,1.0,1,302830.32,90.5,false,false,Value Realized,Arnold Ltd,Enterprise,AMER,Prisma Access Remote Networks SKU-0142,sase
C0013,P0142,2026-05-01,0.683,0.921,0.733,1.0,1.0,1,302830.32,90.6,false,false,Value Realized,Arnold Ltd,Enterprise,AMER,Prisma Access Remote Networks SKU-0142,sase
C0013,P0142,2026-06-01,0.518,0.801,0.683,1.0,1.0,1,302830.32,85.1,false,false,Value Realized,Arnold Ltd,Enterprise,AMER,Prisma Access Remote Networks SKU-0142,sase
C0013,P0338,2025-07-01,0.483,0.76,0.0,1.0,1.0,0,309244.54,66.6,false,false,Developing,Arnold Ltd,Enterprise,AMER,Prisma Access Mobile Users SKU-0338,sase
C0013,P0338,2025-08-01,0.788,0.947,0.0,1.0,1.0,1,309244.54,73.1,false,false,Value Realized,Arnold Ltd,Enterprise,AMER,Prisma Access Mobile Users SKU-0338,sase
C0013,P0338,2025-09-01,0.586,0.883,0.0,1.0,1.0,1,309244.54,70.9,false,false,Value Realized,Arnold Ltd,Enterprise,AMER,Prisma Access Mobile Users SKU-0338,sase
C0013,P0338,2025-10-01,0.82,0.955,0.0,1.0,1.0,1,309244.54,73.4,false,false,Value Realized,Arnold Ltd,Enterprise,AMER,Prisma Access Mobile Users SKU-0338,sase
C0013,P0338,2025-11-01,0.557,0.848,0.0,1.0,1.0,1,309244.54,69.7,false,false,Developing,Arnold Ltd,Enterprise,AMER,Prisma Access Mobile Users SKU-0338,sase
C0013,P0338,2025-12-01,0.865,0.966,0.0,1.0,1.0,1,309244.54,73.8,false,false,Value Realized,Arnold Ltd,Enterprise,AMER,Prisma Access Mobile Users SKU-0338,sase
C0013,P0338,2026-01-01,0.893,0.973,0.0,1.0,1.0,1,309244.54,74.1,false,false,Value Realized,Arnold Ltd,Enterprise,AMER,Prisma Access Mobile Users SKU-0338,sase
C0013,P0338,2026-02-01,0.644,0.911,0.0,1.0,1.0,1,309244.54,71.9,false,false,Value Realized,Arnold Ltd,Enterprise,AMER,Prisma Access Mobile Users SKU-0338,sase
C0013,P0338,2026-03-01,0.573,0.868,0.0,1.0,1.0,1,309244.54,70.4,false,false,Value Realized,Arnold Ltd,Enterprise,AMER,Prisma Access Mobile Users SKU-0338,sase
C0013,P0338,2026-04-01,0.612,0.903,0.0,1.0,1.0,1,309244.54,71.6,false,false,Value Realized,Arnold Ltd,Enterprise,AMER,Prisma Access Mobile Users SKU-0338,sase
C0013,P0338,2026-05-01,0.796,0.949,0.233,1.0,1.0,1,309244.54,79.1,false,false,Value Realized,Arnold Ltd,Enterprise,AMER,Prisma Access Mobile Users SKU-0338,sase
C0013,P0338,2026-06-01,0.877,0.969,0.233,1.0,1.0,1,309244.54,79.8,false,false,Value Realized,Arnold Ltd,Enterprise,AMER,Prisma Access Mobile Users SKU-0338,sase
C0018,P0114,2025-09-01,0.72,0.93,0.0,1.0,1.0,0,130527.87,72.5,false,false,Value Realized,"Flowers, Martin and Kelly",Mid-Market,AMER,Prisma Access Mobile Users SKU-0114,sase
C0018,P0114,2025-10-01,0.77,0.943,0.425,1.0,1.0,1,130527.87,83.6,false,false,Value Realized,"Flowers, Martin and Kelly",Mid-Market,AMER,Prisma Access Mobile Users SKU-0114,sase
C0018,P0114,2025-11-01,0.447,0.717,0.425,1.0,1.0,1,130527.87,75.7,false,false,Value Realized,"Flowers, Martin and Kelly",Mid-Market,AMER,Prisma Access Mobile Users SKU-0114,sase
C0018,P0114,2025-12-01,0.649,0.912,0.35,1.0,1.0,1,130527.87,80.7,false,false,Value Realized,"Flowers, Martin and Kelly",Mid-Market,AMER,Prisma Access Mobile Users SKU-0114,sase
C0018,P0114,2026-01-01,0.599,0.899,0.425,1.0,1.0,1,130527.87,82.1,false,false,Value Realized,"Flowers, Martin and Kelly",Mid-Market,AMER,Prisma Access Mobile Users SKU-0114,sase
C0018,P0114,2026-02-01,0.583,0.88,0.425,1.0,1.0,1,130527.87,81.4,false,false,Value Realized,"Flowers, Martin and Kelly",Mid-Market,AMER,Prisma Access Mobile Users SKU-0114,sase
C0018,P0114,2026-03-01,0.682,0.92,0.5,1.0,1.0,1,130527.87,84.7,false,false,Value Realized,"Flowers, Martin and Kelly",Mid-Market,AMER,Prisma Access Mobile Users SKU-0114,sase
C0018,P0114,2026-04-01,0.809,0.952,0.6,1.0,1.0,1,130527.87,88.3,false,false,Value Realized,"Flowers, Martin and Kelly",Mid-Market,AMER,Prisma Access Mobile Users SKU-0114,sase
C0018,P0114,2026-05-01,0.665,0.916,0.525,1.0,1.0,1,130527.87,85.2,false,false,Value Realized,"Flowers, Martin and Kelly",Mid-Market,AMER,Prisma Access Mobile Users SKU-0114,sase
C0018,P0114,2026-06-01,0.873,0.968,0.6,1.0,1.0,1,130527.87,88.9,false,false,Value Realized,"Flowers, Martin and Kelly",Mid-Market,AMER,Prisma Access Mobile Users SKU-0114,sase
C0027,P0313,2025-07-01,0.632,0.908,0.0,1.0,1.0,0,37644.75,71.8,false,false,Value Realized,Baker and Sons,Enterprise,AMER,Cloud NGFW for AWS SKU-0313,cloud_ngfw
C0027,P0313,2025-08-01,0.46,0.732,0.0,1.0,1.0,1,37644.75,65.6,false,false,Developing,Baker and Sons,Enterprise,AMER,Cloud NGFW for AWS SKU-0313,cloud_ngfw
C0027,P0313,2025-09-01,0.766,0.942,0.0,1.0,1.0,1,37644.75,73.0,false,false,Value Realized,Baker and Sons,Enterprise,AMER,Cloud NGFW for AWS SKU-0313,cloud_ngfw
C0027,P0313,2025-10-01,0.863,0.966,0.0,1.0,1.0,1,37644.75,73.8,false,false,Value Realized,Baker and Sons,Enterprise,AMER,Cloud NGFW for AWS SKU-0313,cloud_ngfw
C0027,P0313,2025-11-01,0.673,0.918,0.0,1.0,1.0,1,37644.75,72.1,false,false,Value Realized,Baker and Sons,Enterprise,AMER,Cloud NGFW for AWS SKU-0313,cloud_ngfw
C0027,P0313,2025-12-01,0.679,0.92,0.0,1.0,1.0,1,37644.75,72.2,false,false,Value Realized,Baker and Sons,Enterprise,AMER,Cloud NGFW for AWS SKU-0313,cloud_ngfw
C0027,P0313,2026-01-01,0.558,0.85,0.117,1.0,1.0,1,37644.75,72.6,false,false,Value Realized,Baker and Sons,Enterprise,AMER,Cloud NGFW for AWS SKU-0313,cloud_ngfw
C0027,P0313,2026-02-01,0.611,0.903,0.117,1.0,1.0,1,37644.75,74.5,false,false,Value Realized,Baker and Sons,Enterprise,AMER,Cloud NGFW for AWS SKU-0313,cloud_ngfw
C0027,P0313,2026-03-01,0.813,0.953,0.117,1.0,1.0,1,37644.75,76.3,false,false,Value Realized,Baker and Sons,Enterprise,AMER,Cloud NGFW for AWS SKU-0313,cloud_ngfw
C0027,P0313,2026-04-01,0.698,0.925,0.167,1.0,1.0,1,37644.75,76.5,false,false,Value Realized,Baker and Sons,Enterprise,AMER,Cloud NGFW for AWS SKU-0313,cloud_ngfw
C0027,P0313,2026-05-01,0.843,0.961,0.167,1.0,1.0,1,37644.75,77.8,false,false,Value Realized,Baker and Sons,Enterprise,AMER,Cloud NGFW for AWS SKU-0313,cloud_ngfw
C0027,P0313,2026-06-01,0.727,0.932,0.117,1.0,1.0,1,37644.75,75.5,false,false,Value Realized,Baker and Sons,Enterprise,AMER,Cloud NGFW for AWS SKU-0313,cloud_ngfw
C0027,P0455,2025-07-01,0.613,0.903,0.0,1.0,1.0,0,38648.67,71.6,false,false,Value Realized,Baker and Sons,Enterprise,AMER,PA-1410 SKU-0455,hardware_ngfw
C0027,P0455,2025-08-01,0.8,0.95,0.175,1.0,1.0,1,38648.67,77.6,false,false,Value Realized,Baker and Sons,Enterprise,AMER,PA-1410 SKU-0455,hardware_ngfw
C0027,P0455,2025-09-01,0.707,0.927,0.175,1.0,1.0,1,38648.67,76.8,false,false,Value Realized,Baker and Sons,Enterprise,AMER,PA-1410 SKU-0455,hardware_ngfw
C0027,P0455,2025-10-01,0.827,0.957,0.25,1.0,1.0,1,38648.67,79.7,false,false,Value Realized,Baker and Sons,Enterprise,AMER,PA-1410 SKU-0455,hardware_ngfw
C0027,P0455,2025-11-01,0.653,0.913,0.25,1.0,1.0,1,38648.67,78.2,false,false,Value Realized,Baker and Sons,Enterprise,AMER,PA-1410 SKU-0455,hardware_ngfw
C0027,P0455,2025-12-01,0.81,0.953,0.25,1.0,1.0,1,38648.67,79.6,false,false,Value Realized,Baker and Sons,Enterprise,AMER,PA-1410 SKU-0455,hardware_ngfw
C0027,P0455,2026-01-01,0.743,0.936,0.175,1.0,1.0,1,38648.67,77.1,false,false,Value Realized,Baker and Sons,Enterprise,AMER,PA-1410 SKU-0455,hardware_ngfw
C0027,P0455,2026-02-01,0.9,0.975,0.675,1.0,1.0,1,38648.67,91.0,false,false,Value Realized,Baker and Sons,Enterprise,AMER,PA-1410 SKU-0455,hardware_ngfw
C0027,P0455,2026-03-01,0.637,0.909,0.675,1.0,1.0,1,38648.67,88.7,false,false,Value Realized,Baker and Sons,Enterprise,AMER,PA-1410 SKU-0455,hardware_ngfw
C0027,P0455,2026-04-01,0.813,0.953,0.775,1.0,1.0,1,38648.67,92.7,false,false,Value Realized,Baker and Sons,Enterprise,AMER,PA-1410 SKU-0455,hardware_ngfw
C0027,P0455,2026-05-01,0.647,0.912,0.85,1.0,1.0,1,38648.67,93.2,false,false,Value Realized,Baker and Sons,Enterprise,AMER,PA-1410 SKU-0455,hardware_ngfw
C0027,P0455,2026-06-01,0.533,0.82,0.925,1.0,1.0,1,38648.67,91.8,false,false,Value Realized,Baker and Sons,Enterprise,AMER,PA-1410 SKU-0455,hardware_ngfw
C0029,P0202,2025-07-01,0.0,0.0,0.0,0.0,,0,1234776.5,0.0,false,false,Grace Period,"Ross, Robinson and Bright",Enterprise,EMEA,PA-5445 SKU-0202,hardware_ngfw
C0029,P0202,2025-08-01,0.0,0.0,0.0,0.0,0.0,0,1234776.5,0.0,false,false,Shelfware Risk,"Ross, Robinson and Bright",Enterprise,EMEA,PA-5445 SKU-0202,hardware_ngfw
C0029,P0202,2025-09-01,0.0,0.0,0.0,0.0,0.0,0,1234776.5,0.0,false,false,Shelfware Risk,"Ross, Robinson and Bright",Enterprise,EMEA,PA-5445 SKU-0202,hardware_ngfw
C0029,P0202,2025-10-01,0.0,0.0,0.0,0.0,0.0,0,1234776.5,0.0,false,false,Shelfware Risk,"Ross, Robinson and Bright",Enterprise,EMEA,PA-5445 SKU-0202,hardware_ngfw
C0029,P0202,2025-11-01,0.0,0.0,0.0,0.0,0.0,0,1234776.5,0.0,false,false,Shelfware Risk,"Ross, Robinson and Bright",Enterprise,EMEA,PA-5445 SKU-0202,hardware_ngfw
C0029,P0202,2025-12-01,0.0,0.0,0.0,0.0,0.0,0,1234776.5,0.0,false,false,Shelfware Risk,"Ross, Robinson and Bright",Enterprise,EMEA,PA-5445 SKU-0202,hardware_ngfw
C0029,P0202,2026-01-01,0.0,0.0,0.0,0.0,0.0,0,1234776.5,0.0,false,false,Shelfware Risk,"Ross, Robinson and Bright",Enterprise,EMEA,PA-5445 SKU-0202,hardware_ngfw
C0029,P0202,2026-02-01,0.0,0.0,0.0,0.0,0.0,0,1234776.5,0.0,false,false,Shelfware Risk,"Ross, Robinson and Bright",Enterprise,EMEA,PA-5445 SKU-0202,hardware_ngfw
C0029,P0202,2026-03-01,0.0,0.0,0.0,0.0,0.0,0,1234776.5,0.0,false,false,Shelfware Risk,"Ross, Robinson and Bright",Enterprise,EMEA,PA-5445 SKU-0202,hardware_ngfw
C0029,P0202,2026-04-01,0.0,0.0,0.0,0.0,0.0,0,1234776.5,0.0,false,false,Shelfware Risk,"Ross, Robinson and Bright",Enterprise,EMEA,PA-5445 SKU-0202,hardware_ngfw
C0029,P0202,2026-05-01,0.0,0.0,0.0,0.0,0.0,0,1234776.5,0.0,false,false,Shelfware Risk,"Ross, Robinson and Bright",Enterprise,EMEA,PA-5445 SKU-0202,hardware_ngfw
C0029,P0202,2026-06-01,0.0,0.0,0.0,0.0,0.0,0,1234776.5,0.0,false,false,Shelfware Risk,"Ross, Robinson and Bright",Enterprise,EMEA,PA-5445 SKU-0202,hardware_ngfw
C0032,P0409,2025-10-01,0.702,0.926,0.0,1.0,1.0,0,45981.4,72.4,false,false,Value Realized,Carlson-Cruz,Mid-Market,AMER,VM-500 SKU-0409,software_ngfw
C0032,P0409,2025-11-01,0.749,0.937,0.0,1.0,1.0,1,45981.4,72.8,false,false,Value Realized,Carlson-Cruz,Mid-Market,AMER,VM-500 SKU-0409,software_ngfw
C0032,P0409,2025-12-01,0.896,0.974,0.0,1.0,1.0,1,45981.4,74.1,false,false,Value Realized,Carlson-Cruz,Mid-Market,AMER,VM-500 SKU-0409,software_ngfw
C0032,P0409,2026-01-01,0.671,0.918,0.175,1.0,1.0,1,45981.4,76.5,false,false,Value Realized,Carlson-Cruz,Mid-Market,AMER,VM-500 SKU-0409,software_ngfw
C0032,P0409,2026-02-01,0.615,0.904,0.175,1.0,1.0,1,45981.4,76.0,false,false,Value Realized,Carlson-Cruz,Mid-Market,AMER,VM-500 SKU-0409,software_ngfw
C0032,P0409,2026-03-01,0.598,0.898,0.25,1.0,1.0,1,45981.4,77.7,false,false,Value Realized,Carlson-Cruz,Mid-Market,AMER,VM-500 SKU-0409,software_ngfw
C0032,P0409,2026-04-01,0.798,0.949,0.175,1.0,1.0,1,45981.4,77.6,false,false,Value Realized,Carlson-Cruz,Mid-Market,AMER,VM-500 SKU-0409,software_ngfw
C0032,P0409,2026-05-01,0.611,0.903,0.35,1.0,1.0,1,45981.4,80.3,false,false,Value Realized,Carlson-Cruz,Mid-Market,AMER,VM-500 SKU-0409,software_ngfw
C0032,P0409,2026-06-01,0.748,0.937,0.35,1.0,1.0,1,45981.4,81.5,false,false,Value Realized,Carlson-Cruz,Mid-Market,AMER,VM-500 SKU-0409,software_ngfw
C0039,P0223,2025-07-01,0.623,0.906,0.175,1.0,1.0,0,46708.26,76.1,false,false,Value Realized,Harrell LLC,Mid-Market,AMER,Cloud NGFW for Azure SKU-0223,cloud_ngfw
C0039,P0223,2025-08-01,0.901,0.975,0.25,1.0,1.0,1,46708.26,80.4,false,false,Value Realized,Harrell LLC,Mid-Market,AMER,Cloud NGFW for Azure SKU-0223,cloud_ngfw
C0039,P0223,2025-09-01,0.607,0.902,0.175,1.0,1.0,1,46708.26,75.9,false,false,Value Realized,Harrell LLC,Mid-Market,AMER,Cloud NGFW for Azure SKU-0223,cloud_ngfw
C0039,P0223,2025-10-01,0.793,0.948,0.175,1.0,1.0,1,46708.26,77.6,false,false,Value Realized,Harrell LLC,Mid-Market,AMER,Cloud NGFW for Azure SKU-0223,cloud_ngfw
C0039,P0223,2025-11-01,0.786,0.947,0.175,1.0,1.0,1,46708.26,77.5,false,false,Value Realized,Harrell LLC,Mid-Market,AMER,Cloud NGFW for Azure SKU-0223,cloud_ngfw
C0039,P0223,2025-12-01,0.698,0.925,0.175,1.0,1.0,1,46708.26,76.7,false,false,Value Realized,Harrell LLC,Mid-Market,AMER,Cloud NGFW for Azure SKU-0223,cloud_ngfw
C0039,P0223,2026-01-01,0.687,0.922,0.5,1.0,1.0,1,46708.26,84.8,false,false,Value Realized,Harrell LLC,Mid-Market,AMER,Cloud NGFW for Azure SKU-0223,cloud_ngfw
C0039,P0223,2026-02-01,0.776,0.944,0.35,1.0,1.0,1,46708.26,81.8,false,false,Value Realized,Harrell LLC,Mid-Market,AMER,Cloud NGFW for Azure SKU-0223,cloud_ngfw
C0039,P0223,2026-03-01,0.806,0.952,0.425,1.0,1.0,1,46708.26,83.9,false,false,Value Realized,Harrell LLC,Mid-Market,AMER,Cloud NGFW for Azure SKU-0223,cloud_ngfw
C0039,P0223,2026-04-01,0.624,0.906,0.5,1.0,1.0,1,46708.26,84.2,false,false,Value Realized,Harrell LLC,Mid-Market,AMER,Cloud NGFW for Azure SKU-0223,cloud_ngfw
C0039,P0223,2026-05-01,0.855,0.964,0.35,1.0,1.0,1,46708.26,82.5,false,false,Value Realized,Harrell LLC,Mid-Market,AMER,Cloud NGFW for Azure SKU-0223,cloud_ngfw
C0039,P0223,2026-06-01,0.92,0.98,0.35,1.0,1.0,1,46708.26,83.1,false,false,Value Realized,Harrell LLC,Mid-Market,AMER,Cloud NGFW for Azure SKU-0223,cloud_ngfw
C0040,P0096,2025-07-01,1.136,1.0,0.667,1.0,1.0,0,84502.86,91.7,false,false,Value Realized,"Romero, Gonzalez and Brooks",Enterprise,EMEA,Prisma Access Mobile Users SKU-0096,sase
C0040,P0096,2025-08-01,1.552,0.8,1.0,1.0,1.0,1,84502.86,93.0,false,true,Value Realized,"Romero, Gonzalez and Brooks",Enterprise,EMEA,Prisma Access Mobile Users SKU-0096,sase
C0040,P0096,2025-09-01,1.323,0.8,1.0,1.0,1.0,1,84502.86,93.0,false,true,Value Realized,"Romero, Gonzalez and Brooks",Enterprise,EMEA,Prisma Access Mobile Users SKU-0096,sase
C0040,P0096,2025-10-01,1.555,0.8,1.0,1.0,1.0,1,84502.86,93.0,false,true,Value Realized,"Romero, Gonzalez and Brooks",Enterprise,EMEA,Prisma Access Mobile Users SKU-0096,sase
C0040,P0096,2025-11-01,1.626,0.8,1.0,1.0,1.0,1,84502.86,93.0,false,true,Value Realized,"Romero, Gonzalez and Brooks",Enterprise,EMEA,Prisma Access Mobile Users SKU-0096,sase
C0040,P0096,2025-12-01,1.546,0.8,1.0,1.0,1.0,1,84502.86,93.0,false,true,Value Realized,"Romero, Gonzalez and Brooks",Enterprise,EMEA,Prisma Access Mobile Users SKU-0096,sase
C0040,P0096,2026-01-01,1.262,0.8,1.0,1.0,1.0,1,84502.86,93.0,false,true,Value Realized,"Romero, Gonzalez and Brooks",Enterprise,EMEA,Prisma Access Mobile Users SKU-0096,sase
C0040,P0096,2026-02-01,1.638,0.8,1.0,1.0,1.0,1,84502.86,93.0,false,true,Value Realized,"Romero, Gonzalez and Brooks",Enterprise,EMEA,Prisma Access Mobile Users SKU-0096,sase
C0040,P0096,2026-03-01,1.327,0.8,1.0,1.0,1.0,1,84502.86,93.0,false,true,Value Realized,"Romero, Gonzalez and Brooks",Enterprise,EMEA,Prisma Access Mobile Users SKU-0096,sase
C0040,P0096,2026-04-01,1.286,0.8,1.0,1.0,1.0,1,84502.86,93.0,false,true,Value Realized,"Romero, Gonzalez and Brooks",Enterprise,EMEA,Prisma Access Mobile Users SKU-0096,sase
C0040,P0096,2026-05-01,1.469,0.8,1.0,1.0,1.0,1,84502.86,93.0,false,true,Value Realized,"Romero, Gonzalez and Brooks",Enterprise,EMEA,Prisma Access Mobile Users SKU-0096,sase
C0040,P0096,2026-06-01,1.346,0.8,1.0,1.0,1.0,1,84502.86,93.0,false,true,Value Realized,"Romero, Gonzalez and Brooks",Enterprise,EMEA,Prisma Access Mobile Users SKU-0096,sase
C0044,P0287,2025-07-01,0.656,0.914,0.0,1.0,1.0,0,274410.4,72.0,false,false,Value Realized,Allen-Allen,Enterprise,APAC,PA-1410 SKU-0287,hardware_ngfw
C0044,P0287,2025-08-01,0.568,0.862,0.0,1.0,1.0,1,274410.4,70.2,false,false,Value Realized,Allen-Allen,Enterprise,APAC,PA-1410 SKU-0287,hardware_ngfw
C0044,P0287,2025-09-01,0.69,0.923,0.0,1.0,1.0,1,274410.4,72.3,false,false,Value Realized,Allen-Allen,Enterprise,APAC,PA-1410 SKU-0287,hardware_ngfw
C0044,P0287,2025-10-01,0.698,0.925,0.0,1.0,1.0,1,274410.4,72.4,false,false,Value Realized,Allen-Allen,Enterprise,APAC,PA-1410 SKU-0287,hardware_ngfw
C0044,P0287,2025-11-01,0.802,0.951,0.0,1.0,1.0,1,274410.4,73.3,false,false,Value Realized,Allen-Allen,Enterprise,APAC,PA-1410 SKU-0287,hardware_ngfw
C0044,P0287,2025-12-01,0.8,0.95,0.0,1.0,1.0,1,274410.4,73.3,false,false,Value Realized,Allen-Allen,Enterprise,APAC,PA-1410 SKU-0287,hardware_ngfw
C0044,P0287,2026-01-01,0.782,0.946,0.283,1.0,1.0,1,274410.4,80.2,false,false,Value Realized,Allen-Allen,Enterprise,APAC,PA-1410 SKU-0287,hardware_ngfw
C0044,P0287,2026-02-01,0.77,0.943,0.283,1.0,1.0,1,274410.4,80.1,false,false,Value Realized,Allen-Allen,Enterprise,APAC,PA-1410 SKU-0287,hardware_ngfw
C0044,P0287,2026-03-01,0.78,0.945,0.233,1.0,1.0,1,274410.4,78.9,false,false,Value Realized,Allen-Allen,Enterprise,APAC,PA-1410 SKU-0287,hardware_ngfw
C0044,P0287,2026-04-01,0.772,0.943,0.283,1.0,1.0,1,274410.4,80.1,false,false,Value Realized,Allen-Allen,Enterprise,APAC,PA-1410 SKU-0287,hardware_ngfw
C0044,P0287,2026-05-01,0.722,0.931,0.517,1.0,1.0,1,274410.4,85.5,false,false,Value Realized,Allen-Allen,Enterprise,APAC,PA-1410 SKU-0287,hardware_ngfw
C0044,P0287,2026-06-01,0.74,0.935,0.517,1.0,1.0,1,274410.4,85.6,false,false,Value Realized,Allen-Allen,Enterprise,APAC,PA-1410 SKU-0287,hardware_ngfw
C0045,P0096,2025-07-01,3.975,0.8,0.567,1.0,1.0,0,631458.16,82.2,false,true,Value Realized,"Arroyo, Miller and Tucker",Enterprise,LATAM,Prisma Access Mobile Users SKU-0096,sase
C0045,P0096,2025-08-01,3.248,0.8,0.667,1.0,1.0,1,631458.16,84.7,false,true,Value Realized,"Arroyo, Miller and Tucker",Enterprise,LATAM,Prisma Access Mobile Users SKU-0096,sase
C0045,P0096,2025-09-01,2.821,0.8,0.467,1.0,1.0,1,631458.16,79.7,false,true,Value Realized,"Arroyo, Miller and Tucker",Enterprise,LATAM,Prisma Access Mobile Users SKU-0096,sase
C0045,P0096,2025-10-01,0.0,0.0,0.0,0.5,1.0,1,631458.16,27.5,false,false,Lapsed,"Arroyo, Miller and Tucker",Enterprise,LATAM,Prisma Access Mobile Users SKU-0096,sase
C0045,P0096,2025-11-01,0.0,0.0,0.0,0.2,1.0,1,631458.16,20.0,false,false,Churn Signal,"Arroyo, Miller and Tucker",Enterprise,LATAM,Prisma Access Mobile Users SKU-0096,sase
C0045,P0096,2025-12-01,0.0,0.0,0.0,0.0,1.0,1,631458.16,15.0,false,false,Churn Signal,"Arroyo, Miller and Tucker",Enterprise,LATAM,Prisma Access Mobile Users SKU-0096,sase
C0045,P0096,2026-01-01,0.0,0.0,0.0,0.0,1.0,1,631458.16,15.0,false,false,Lapsed,"Arroyo, Miller and Tucker",Enterprise,LATAM,Prisma Access Mobile Users SKU-0096,sase
C0045,P0096,2026-02-01,0.0,0.0,0.0,0.0,1.0,1,631458.16,15.0,false,false,Lapsed,"Arroyo, Miller and Tucker",Enterprise,LATAM,Prisma Access Mobile Users SKU-0096,sase
C0045,P0096,2026-03-01,0.0,0.0,0.0,0.0,1.0,1,631458.16,15.0,false,false,Lapsed,"Arroyo, Miller and Tucker",Enterprise,LATAM,Prisma Access Mobile Users SKU-0096,sase
C0045,P0096,2026-04-01,0.0,0.0,0.0,0.0,1.0,1,631458.16,15.0,false,false,Lapsed,"Arroyo, Miller and Tucker",Enterprise,LATAM,Prisma Access Mobile Users SKU-0096,sase
C0045,P0096,2026-05-01,0.0,0.0,0.0,0.0,1.0,1,631458.16,15.0,false,false,Lapsed,"Arroyo, Miller and Tucker",Enterprise,LATAM,Prisma Access Mobile Users SKU-0096,sase
C0045,P0096,2026-06-01,0.0,0.0,0.0,0.0,1.0,1,631458.16,15.0,false,false,Lapsed,"Arroyo, Miller and Tucker",Enterprise,LATAM,Prisma Access Mobile Users SKU-0096,sase
C0049,P0371,2025-07-01,0.758,0.939,0.0,1.0,1.0,0,57732.0,72.9,false,false,Value Realized,Hickman Ltd,Enterprise,AMER,VM-700 SKU-0371,software_ngfw
C0049,P0371,2025-08-01,0.849,0.962,0.0,1.0,1.0,1,57732.0,73.7,false,false,Value Realized,Hickman Ltd,Enterprise,AMER,VM-700 SKU-0371,software_ngfw
C0049,P0371,2025-09-01,1.045,1.0,0.0,1.0,1.0,1,57732.0,75.0,true,false,Value Realized,Hickman Ltd,Enterprise,AMER,VM-700 SKU-0371,software_ngfw
C0049,P0371,2025-10-01,0.707,0.927,0.0,1.0,1.0,1,57732.0,72.4,false,false,Value Realized,Hickman Ltd,Enterprise,AMER,VM-700 SKU-0371,software_ngfw
C0049,P0371,2025-11-01,0.668,0.917,0.0,1.0,1.0,1,57732.0,72.1,false,false,Value Realized,Hickman Ltd,Enterprise,AMER,VM-700 SKU-0371,software_ngfw
C0049,P0371,2025-12-01,0.754,0.938,0.0,1.0,1.0,1,57732.0,72.8,false,false,Value Realized,Hickman Ltd,Enterprise,AMER,VM-700 SKU-0371,software_ngfw
C0049,P0371,2026-01-01,0.883,0.971,0.233,1.0,1.0,1,57732.0,79.8,false,false,Value Realized,Hickman Ltd,Enterprise,AMER,VM-700 SKU-0371,software_ngfw
C0049,P0371,2026-02-01,0.591,0.89,0.333,1.0,1.0,1,57732.0,79.5,false,false,Value Realized,Hickman Ltd,Enterprise,AMER,VM-700 SKU-0371,software_ngfw
C0049,P0371,2026-03-01,0.844,0.961,0.233,1.0,1.0,1,57732.0,79.5,false,false,Value Realized,Hickman Ltd,Enterprise,AMER,VM-700 SKU-0371,software_ngfw
C0049,P0371,2026-04-01,0.644,0.911,0.467,1.0,1.0,1,57732.0,83.5,false,false,Value Realized,Hickman Ltd,Enterprise,AMER,VM-700 SKU-0371,software_ngfw
C0049,P0371,2026-05-01,0.761,0.94,0.567,1.0,1.0,1,57732.0,87.1,false,false,Value Realized,Hickman Ltd,Enterprise,AMER,VM-700 SKU-0371,software_ngfw
C0049,P0371,2026-06-01,0.873,0.968,0.567,1.0,1.0,1,57732.0,88.1,false,false,Value Realized,Hickman Ltd,Enterprise,AMER,VM-700 SKU-0371,software_ngfw
C0052,P0434,2025-07-01,0.0,0.0,0.0,0.0,,0,27737.03,0.0,false,false,Grace Period,Walker LLC,Enterprise,LATAM,CN-Series SKU-0434,software_ngfw
C0052,P0434,2025-08-01,0.0,0.0,0.0,0.0,0.0,0,27737.03,0.0,false,false,Shelfware Risk,Walker LLC,Enterprise,LATAM,CN-Series SKU-0434,software_ngfw
C0052,P0434,2025-09-01,0.0,0.0,0.0,0.0,0.0,0,27737.03,0.0,false,false,Shelfware Risk,Walker LLC,Enterprise,LATAM,CN-Series SKU-0434,software_ngfw
C0052,P0434,2025-10-01,0.0,0.0,0.0,0.0,0.0,0,27737.03,0.0,false,false,Shelfware Risk,Walker LLC,Enterprise,LATAM,CN-Series SKU-0434,software_ngfw
C0052,P0434,2025-11-01,0.0,0.0,0.0,0.0,0.0,0,27737.03,0.0,false,false,Shelfware Risk,Walker LLC,Enterprise,LATAM,CN-Series SKU-0434,software_ngfw
C0052,P0434,2025-12-01,0.0,0.0,0.0,0.0,0.0,0,27737.03,0.0,false,false,Shelfware Risk,Walker LLC,Enterprise,LATAM,CN-Series SKU-0434,software_ngfw
C0052,P0434,2026-01-01,0.0,0.0,0.0,0.0,0.0,0,27737.03,0.0,false,false,Shelfware Risk,Walker LLC,Enterprise,LATAM,CN-Series SKU-0434,software_ngfw
C0052,P0434,2026-02-01,0.0,0.0,0.0,0.0,0.0,0,27737.03,0.0,false,false,Shelfware Risk,Walker LLC,Enterprise,LATAM,CN-Series SKU-0434,software_ngfw
C0052,P0434,2026-03-01,0.0,0.0,0.0,0.0,0.0,0,27737.03,0.0,false,false,Shelfware Risk,Walker LLC,Enterprise,LATAM,CN-Series SKU-0434,software_ngfw
C0052,P0434,2026-04-01,0.0,0.0,0.0,0.0,0.0,0,27737.03,0.0,false,false,Shelfware Risk,Walker LLC,Enterprise,LATAM,CN-Series SKU-0434,software_ngfw
C0052,P0434,2026-05-01,0.0,0.0,0.0,0.0,0.0,0,27737.03,0.0,false,false,Shelfware Risk,Walker LLC,Enterprise,LATAM,CN-Series SKU-0434,software_ngfw
C0052,P0434,2026-06-01,0.0,0.0,0.0,0.0,0.0,0,27737.03,0.0,false,false,Shelfware Risk,Walker LLC,Enterprise,LATAM,CN-Series SKU-0434,software_ngfw
C0056,P0208,2025-07-01,0.833,0.958,0.0,1.0,1.0,0,31912.0,73.5,false,false,Value Realized,Jones-Young,Enterprise,EMEA,Cloud NGFW for Azure SKU-0208,cloud_ngfw
C0056,P0208,2025-08-01,0.779,0.945,0.0,1.0,1.0,1,31912.0,73.1,false,false,Value Realized,Jones-Young,Enterprise,EMEA,Cloud NGFW for Azure SKU-0208,cloud_ngfw
C0056,P0208,2025-09-01,0.598,0.897,0.117,1.0,1.0,1,31912.0,74.3,false,false,Value Realized,Jones-Young,Enterprise,EMEA,Cloud NGFW for Azure SKU-0208,cloud_ngfw
C0056,P0208,2025-10-01,0.765,0.941,0.167,1.0,1.0,1,31912.0,77.1,false,false,Value Realized,Jones-Young,Enterprise,EMEA,Cloud NGFW for Azure SKU-0208,cloud_ngfw
C0056,P0208,2025-11-01,0.875,0.969,0.333,1.0,1.0,1,31912.0,82.2,false,false,Value Realized,Jones-Young,Enterprise,EMEA,Cloud NGFW for Azure SKU-0208,cloud_ngfw
C0056,P0208,2025-12-01,0.635,0.909,0.283,1.0,1.0,1,31912.0,78.9,false,false,Value Realized,Jones-Young,Enterprise,EMEA,Cloud NGFW for Azure SKU-0208,cloud_ngfw
C0056,P0208,2026-01-01,0.653,0.913,0.333,1.0,1.0,1,31912.0,80.3,false,false,Value Realized,Jones-Young,Enterprise,EMEA,Cloud NGFW for Azure SKU-0208,cloud_ngfw
C0056,P0208,2026-02-01,0.685,0.921,0.233,1.0,1.0,1,31912.0,78.1,false,false,Value Realized,Jones-Young,Enterprise,EMEA,Cloud NGFW for Azure SKU-0208,cloud_ngfw
C0056,P0208,2026-03-01,0.748,0.937,0.283,1.0,1.0,1,31912.0,79.9,false,false,Value Realized,Jones-Young,Enterprise,EMEA,Cloud NGFW for Azure SKU-0208,cloud_ngfw
C0056,P0208,2026-04-01,0.907,0.977,0.283,1.0,1.0,1,31912.0,81.3,false,false,Value Realized,Jones-Young,Enterprise,EMEA,Cloud NGFW for Azure SKU-0208,cloud_ngfw
C0056,P0208,2026-05-01,0.899,0.975,0.45,1.0,1.0,1,31912.0,85.4,false,false,Value Realized,Jones-Young,Enterprise,EMEA,Cloud NGFW for Azure SKU-0208,cloud_ngfw
C0056,P0208,2026-06-01,0.611,0.903,0.4,1.0,1.0,1,31912.0,81.6,false,false,Value Realized,Jones-Young,Enterprise,EMEA,Cloud NGFW for Azure SKU-0208,cloud_ngfw
C0059,P0018,2025-10-01,0.688,0.922,0.0,1.0,1.0,0,505796.49,72.3,false,false,Value Realized,Lee-Davis,Mid-Market,LATAM,Prisma Access Mobile Users SKU-0018,sase
C0059,P0018,2025-11-01,0.699,0.925,0.117,1.0,1.0,1,505796.49,75.3,false,false,Value Realized,Lee-Davis,Mid-Market,LATAM,Prisma Access Mobile Users SKU-0018,sase
C0059,P0018,2025-12-01,0.822,0.956,0.117,1.0,1.0,1,505796.49,76.4,false,false,Value Realized,Lee-Davis,Mid-Market,LATAM,Prisma Access Mobile Users SKU-0018,sase
C0059,P0018,2026-01-01,0.738,0.935,0.117,1.0,1.0,1,505796.49,75.6,false,false,Value Realized,Lee-Davis,Mid-Market,LATAM,Prisma Access Mobile Users SKU-0018,sase
C0059,P0018,2026-02-01,0.778,0.944,0.167,1.0,1.0,1,505796.49,77.2,false,false,Value Realized,Lee-Davis,Mid-Market,LATAM,Prisma Access Mobile Users SKU-0018,sase
C0059,P0018,2026-03-01,0.71,0.928,0.167,1.0,1.0,1,505796.49,76.6,false,false,Value Realized,Lee-Davis,Mid-Market,LATAM,Prisma Access Mobile Users SKU-0018,sase
C0059,P0018,2026-04-01,0.85,0.963,0.283,1.0,1.0,1,505796.49,80.8,false,false,Value Realized,Lee-Davis,Mid-Market,LATAM,Prisma Access Mobile Users SKU-0018,sase
C0059,P0018,2026-05-01,0.664,0.916,0.4,1.0,1.0,1,505796.49,82.1,false,false,Value Realized,Lee-Davis,Mid-Market,LATAM,Prisma Access Mobile Users SKU-0018,sase
C0059,P0018,2026-06-01,0.727,0.932,0.45,1.0,1.0,1,505796.49,83.9,false,false,Value Realized,Lee-Davis,Mid-Market,LATAM,Prisma Access Mobile Users SKU-0018,sase
C0064,P0430,2025-07-01,0.96,0.99,0.0,1.0,1.0,0,75334.08,74.7,true,false,Value Realized,"West, Henderson and Ramirez",Mid-Market,APAC,Cloud NGFW for AWS SKU-0430,cloud_ngfw
C0064,P0430,2025-08-01,0.59,0.888,0.0,1.0,1.0,1,75334.08,71.1,false,false,Value Realized,"West, Henderson and Ramirez",Mid-Market,APAC,Cloud NGFW for AWS SKU-0430,cloud_ngfw
C0064,P0430,2025-09-01,0.742,0.936,0.0,1.0,1.0,1,75334.08,72.7,false,false,Value Realized,"West, Henderson and Ramirez",Mid-Market,APAC,Cloud NGFW for AWS SKU-0430,cloud_ngfw
C0064,P0430,2025-10-01,0.656,0.914,0.0,1.0,1.0,1,75334.08,72.0,false,false,Value Realized,"West, Henderson and Ramirez",Mid-Market,APAC,Cloud NGFW for AWS SKU-0430,cloud_ngfw
C0064,P0430,2025-11-01,0.543,0.832,0.0,1.0,1.0,1,75334.08,69.1,false,false,Developing,"West, Henderson and Ramirez",Mid-Market,APAC,Cloud NGFW for AWS SKU-0430,cloud_ngfw
C0064,P0430,2025-12-01,0.716,0.929,0.0,1.0,1.0,1,75334.08,72.5,false,false,Value Realized,"West, Henderson and Ramirez",Mid-Market,APAC,Cloud NGFW for AWS SKU-0430,cloud_ngfw
C0064,P0430,2026-01-01,0.996,0.999,0.0,1.0,1.0,1,75334.08,75.0,true,false,Value Realized,"West, Henderson and Ramirez",Mid-Market,APAC,Cloud NGFW for AWS SKU-0430,cloud_ngfw
C0064,P0430,2026-02-01,0.673,0.918,0.25,1.0,1.0,1,75334.08,78.4,false,false,Value Realized,"West, Henderson and Ramirez",Mid-Market,APAC,Cloud NGFW for AWS SKU-0430,cloud_ngfw
C0064,P0430,2026-03-01,0.825,0.956,0.425,1.0,1.0,1,75334.08,84.1,false,false,Value Realized,"West, Henderson and Ramirez",Mid-Market,APAC,Cloud NGFW for AWS SKU-0430,cloud_ngfw
C0064,P0430,2026-04-01,0.589,0.887,0.35,1.0,1.0,1,75334.08,79.8,false,false,Value Realized,"West, Henderson and Ramirez",Mid-Market,APAC,Cloud NGFW for AWS SKU-0430,cloud_ngfw
C0064,P0430,2026-05-01,0.493,0.771,0.675,1.0,1.0,1,75334.08,83.9,false,false,Value Realized,"West, Henderson and Ramirez",Mid-Market,APAC,Cloud NGFW for AWS SKU-0430,cloud_ngfw
C0064,P0430,2026-06-01,0.67,0.917,0.6,1.0,1.0,1,75334.08,87.1,false,false,Value Realized,"West, Henderson and Ramirez",Mid-Market,APAC,Cloud NGFW for AWS SKU-0430,cloud_ngfw
C0066,P0392,2025-10-01,1.036,1.0,0.283,1.0,1.0,0,43130.34,82.1,false,false,Value Realized,Morton-Chase,Mid-Market,EMEA,Prisma Access Remote Networks SKU-0392,sase
C0066,P0392,2025-11-01,0.738,0.935,0.233,1.0,1.0,1,43130.34,78.5,false,false,Value Realized,Morton-Chase,Mid-Market,EMEA,Prisma Access Remote Networks SKU-0392,sase
C0066,P0392,2025-12-01,0.67,0.918,0.283,1.0,1.0,1,43130.34,79.2,false,false,Value Realized,Morton-Chase,Mid-Market,EMEA,Prisma Access Remote Networks SKU-0392,sase
C0066,P0392,2026-01-01,0.303,0.543,0.5,1.0,1.0,1,43130.34,71.5,false,false,Value Realized,Morton-Chase,Mid-Market,EMEA,Prisma Access Remote Networks SKU-0392,sase
C0066,P0392,2026-02-01,0.778,0.945,0.35,1.0,1.0,1,43130.34,81.8,false,false,Value Realized,Morton-Chase,Mid-Market,EMEA,Prisma Access Remote Networks SKU-0392,sase
C0066,P0392,2026-03-01,0.747,0.937,0.4,1.0,1.0,1,43130.34,82.8,false,false,Value Realized,Morton-Chase,Mid-Market,EMEA,Prisma Access Remote Networks SKU-0392,sase
C0066,P0392,2026-04-01,0.691,0.923,0.35,1.0,1.0,1,43130.34,81.0,false,false,Value Realized,Morton-Chase,Mid-Market,EMEA,Prisma Access Remote Networks SKU-0392,sase
C0066,P0392,2026-05-01,1.029,1.0,0.45,1.0,1.0,1,43130.34,86.3,false,false,Value Realized,Morton-Chase,Mid-Market,EMEA,Prisma Access Remote Networks SKU-0392,sase
C0066,P0392,2026-06-01,0.909,0.977,0.4,1.0,1.0,1,43130.34,84.2,false,false,Value Realized,Morton-Chase,Mid-Market,EMEA,Prisma Access Remote Networks SKU-0392,sase
C0068,P0352,2025-07-01,0.89,0.973,0.0,1.0,1.0,0,32634.26,74.0,false,false,Value Realized,Novak and Sons,Enterprise,LATAM,PA-5445 SKU-0352,hardware_ngfw
C0068,P0352,2025-08-01,1.01,1.0,0.0,1.0,1.0,1,32634.26,75.0,true,false,Value Realized,Novak and Sons,Enterprise,LATAM,PA-5445 SKU-0352,hardware_ngfw
C0068,P0352,2025-09-01,0.67,0.918,0.0,1.0,1.0,1,32634.26,72.1,false,false,Value Realized,Novak and Sons,Enterprise,LATAM,PA-5445 SKU-0352,hardware_ngfw
C0068,P0352,2025-10-01,0.815,0.954,0.0,1.0,1.0,1,32634.26,73.4,false,false,Value Realized,Novak and Sons,Enterprise,LATAM,PA-5445 SKU-0352,hardware_ngfw
C0068,P0352,2025-11-01,0.84,0.96,0.0,1.0,1.0,1,32634.26,73.6,false,false,Value Realized,Novak and Sons,Enterprise,LATAM,PA-5445 SKU-0352,hardware_ngfw
C0068,P0352,2025-12-01,0.825,0.956,0.0,1.0,1.0,1,32634.26,73.5,false,false,Value Realized,Novak and Sons,Enterprise,LATAM,PA-5445 SKU-0352,hardware_ngfw
C0068,P0352,2026-01-01,0.695,0.924,0.0,1.0,1.0,1,32634.26,72.3,false,false,Value Realized,Novak and Sons,Enterprise,LATAM,PA-5445 SKU-0352,hardware_ngfw
C0068,P0352,2026-02-01,0.525,0.81,0.0,1.0,1.0,1,32634.26,68.4,false,false,Developing,Novak and Sons,Enterprise,LATAM,PA-5445 SKU-0352,hardware_ngfw
C0068,P0352,2026-03-01,0.69,0.923,0.0,1.0,1.0,1,32634.26,72.3,false,false,Value Realized,Novak and Sons,Enterprise,LATAM,PA-5445 SKU-0352,hardware_ngfw
C0068,P0352,2026-04-01,0.62,0.905,0.333,1.0,1.0,1,32634.26,80.0,false,false,Value Realized,Novak and Sons,Enterprise,LATAM,PA-5445 SKU-0352,hardware_ngfw
C0068,P0352,2026-05-01,0.59,0.888,0.233,1.0,1.0,1,32634.26,76.9,false,false,Value Realized,Novak and Sons,Enterprise,LATAM,PA-5445 SKU-0352,hardware_ngfw
C0068,P0352,2026-06-01,0.79,0.948,0.233,1.0,1.0,1,32634.26,79.0,false,false,Value Realized,Novak and Sons,Enterprise,LATAM,PA-5445 SKU-0352,hardware_ngfw
C0073,P0442,2025-07-01,0.705,0.926,0.117,1.0,1.0,0,25476.85,75.3,false,false,Value Realized,Henderson-Bernard,Mid-Market,AMER,CN-Series SKU-0442,software_ngfw
C0073,P0442,2025-08-01,0.635,0.909,0.117,1.0,1.0,1,25476.85,74.7,false,false,Value Realized,Henderson-Bernard,Mid-Market,AMER,CN-Series SKU-0442,software_ngfw
C0073,P0442,2025-09-01,0.808,0.952,0.167,1.0,1.0,1,25476.85,77.5,false,false,Value Realized,Henderson-Bernard,Mid-Market,AMER,CN-Series SKU-0442,software_ngfw
C0073,P0442,2025-10-01,0.823,0.956,0.333,1.0,1.0,1,25476.85,81.8,false,false,Value Realized,Henderson-Bernard,Mid-Market,AMER,CN-Series SKU-0442,software_ngfw
C0073,P0442,2025-11-01,0.489,0.766,0.4,1.0,1.0,1,25476.85,76.8,false,false,Value Realized,Henderson-Bernard,Mid-Market,AMER,CN-Series SKU-0442,software_ngfw
C0073,P0442,2025-12-01,0.661,0.915,0.617,1.0,1.0,1,25476.85,87.4,false,false,Value Realized,Henderson-Bernard,Mid-Market,AMER,CN-Series SKU-0442,software_ngfw
C0073,P0442,2026-01-01,0.625,0.906,0.517,1.0,1.0,1,25476.85,84.6,false,false,Value Realized,Henderson-Bernard,Mid-Market,AMER,CN-Series SKU-0442,software_ngfw
C0073,P0442,2026-02-01,0.815,0.954,0.517,1.0,1.0,1,25476.85,86.3,false,false,Value Realized,Henderson-Bernard,Mid-Market,AMER,CN-Series SKU-0442,software_ngfw
C0073,P0442,2026-03-01,0.662,0.916,0.567,1.0,1.0,1,25476.85,86.2,false,false,Value Realized,Henderson-Bernard,Mid-Market,AMER,CN-Series SKU-0442,software_ngfw
C0073,P0442,2026-04-01,0.678,0.919,0.733,1.0,1.0,1,25476.85,90.5,false,false,Value Realized,Henderson-Bernard,Mid-Market,AMER,CN-Series SKU-0442,software_ngfw
C0073,P0442,2026-05-01,0.551,0.841,0.583,1.0,1.0,1,25476.85,84.0,false,false,Value Realized,Henderson-Bernard,Mid-Market,AMER,CN-Series SKU-0442,software_ngfw
C0073,P0442,2026-06-01,0.63,0.908,0.633,1.0,1.0,1,25476.85,87.6,false,false,Value Realized,Henderson-Bernard,Mid-Market,AMER,CN-Series SKU-0442,software_ngfw
C0074,P0076,2025-07-01,0.893,0.973,0.0,1.0,1.0,0,859088.16,74.1,false,false,Value Realized,"Stanley, Tucker and Lee",Enterprise,EMEA,PA-460 SKU-0076,hardware_ngfw
C0074,P0076,2025-08-01,0.738,0.934,0.0,1.0,1.0,1,859088.16,72.7,false,false,Value Realized,"Stanley, Tucker and Lee",Enterprise,EMEA,PA-460 SKU-0076,hardware_ngfw
C0074,P0076,2025-09-01,0.653,0.913,0.25,1.0,1.0,1,859088.16,78.2,false,false,Value Realized,"Stanley, Tucker and Lee",Enterprise,EMEA,PA-460 SKU-0076,hardware_ngfw
C0074,P0076,2025-10-01,0.985,0.996,0.25,1.0,1.0,1,859088.16,81.1,false,false,Value Realized,"Stanley, Tucker and Lee",Enterprise,EMEA,PA-460 SKU-0076,hardware_ngfw
C0074,P0076,2025-11-01,0.66,0.915,0.175,1.0,1.0,1,859088.16,76.4,false,false,Value Realized,"Stanley, Tucker and Lee",Enterprise,EMEA,PA-460 SKU-0076,hardware_ngfw
C0074,P0076,2025-12-01,0.862,0.965,0.175,1.0,1.0,1,859088.16,78.2,false,false,Value Realized,"Stanley, Tucker and Lee",Enterprise,EMEA,PA-460 SKU-0076,hardware_ngfw
C0074,P0076,2026-01-01,0.861,0.965,0.175,1.0,1.0,1,859088.16,78.2,false,false,Value Realized,"Stanley, Tucker and Lee",Enterprise,EMEA,PA-460 SKU-0076,hardware_ngfw
C0074,P0076,2026-02-01,0.698,0.925,0.35,1.0,1.0,1,859088.16,81.1,false,false,Value Realized,"Stanley, Tucker and Lee",Enterprise,EMEA,PA-460 SKU-0076,hardware_ngfw
C0074,P0076,2026-03-01,0.616,0.904,0.425,1.0,1.0,1,859088.16,82.3,false,false,Value Realized,"Stanley, Tucker and Lee",Enterprise,EMEA,PA-460 SKU-0076,hardware_ngfw
C0074,P0076,2026-04-01,0.644,0.911,0.425,1.0,1.0,1,859088.16,82.5,false,false,Value Realized,"Stanley, Tucker and Lee",Enterprise,EMEA,PA-460 SKU-0076,hardware_ngfw
C0074,P0076,2026-05-01,0.591,0.89,0.35,1.0,1.0,1,859088.16,79.9,false,false,Value Realized,"Stanley, Tucker and Lee",Enterprise,EMEA,PA-460 SKU-0076,hardware_ngfw
C0074,P0076,2026-06-01,0.684,0.921,0.35,1.0,1.0,1,859088.16,81.0,false,false,Value Realized,"Stanley, Tucker and Lee",Enterprise,EMEA,PA-460 SKU-0076,hardware_ngfw
C0075,P0143,2025-07-01,0.697,0.924,0.0,1.0,1.0,0,6527.82,72.3,false,false,Value Realized,Novak PLC,Enterprise,EMEA,Cloud NGFW for AWS SKU-0143,cloud_ngfw
C0075,P0143,2025-08-01,0.679,0.92,0.0,1.0,1.0,1,6527.82,72.2,false,false,Value Realized,Novak PLC,Enterprise,EMEA,Cloud NGFW for AWS SKU-0143,cloud_ngfw
C0075,P0143,2025-09-01,0.898,0.974,0.0,1.0,1.0,1,6527.82,74.1,false,false,Value Realized,Novak PLC,Enterprise,EMEA,Cloud NGFW for AWS SKU-0143,cloud_ngfw
C0075,P0143,2025-10-01,0.761,0.94,0.0,1.0,1.0,1,6527.82,72.9,false,false,Value Realized,Novak PLC,Enterprise,EMEA,Cloud NGFW for AWS SKU-0143,cloud_ngfw
C0075,P0143,2025-11-01,0.881,0.97,0.25,1.0,1.0,1,6527.82,80.2,false,false,Value Realized,Novak PLC,Enterprise,EMEA,Cloud NGFW for AWS SKU-0143,cloud_ngfw
C0075,P0143,2025-12-01,0.446,0.715,0.175,1.0,1.0,1,6527.82,69.4,false,false,Developing,Novak PLC,Enterprise,EMEA,Cloud NGFW for AWS SKU-0143,cloud_ngfw
C0075,P0143,2026-01-01,0.724,0.931,0.25,1.0,1.0,1,6527.82,78.8,false,false,Value Realized,Novak PLC,Enterprise,EMEA,Cloud NGFW for AWS SKU-0143,cloud_ngfw
C0075,P0143,2026-02-01,0.795,0.949,0.25,1.0,1.0,1,6527.82,79.5,false,false,Value Realized,Novak PLC,Enterprise,EMEA,Cloud NGFW for AWS SKU-0143,cloud_ngfw
C0075,P0143,2026-03-01,1.11,1.0,0.525,1.0,1.0,1,6527.82,88.1,false,false,Value Realized,Novak PLC,Enterprise,EMEA,Cloud NGFW for AWS SKU-0143,cloud_ngfw
C0075,P0143,2026-04-01,0.811,0.953,0.6,1.0,1.0,1,6527.82,88.3,false,false,Value Realized,Novak PLC,Enterprise,EMEA,Cloud NGFW for AWS SKU-0143,cloud_ngfw
C0075,P0143,2026-05-01,0.464,0.736,0.6,1.0,1.0,1,6527.82,80.8,false,false,Value Realized,Novak PLC,Enterprise,EMEA,Cloud NGFW for AWS SKU-0143,cloud_ngfw
C0075,P0143,2026-06-01,0.673,0.918,0.6,1.0,1.0,1,6527.82,87.1,false,false,Value Realized,Novak PLC,Enterprise,EMEA,Cloud NGFW for AWS SKU-0143,cloud_ngfw
C0079,P0417,2025-07-01,0.747,0.937,0.0,1.0,1.0,0,831206.52,72.8,false,false,Value Realized,Jones Inc,Enterprise,AMER,PA-460 SKU-0417,hardware_ngfw
C0079,P0417,2025-08-01,0.682,0.921,0.175,1.0,1.0,1,831206.52,76.6,false,false,Value Realized,Jones Inc,Enterprise,AMER,PA-460 SKU-0417,hardware_ngfw
C0079,P0417,2025-09-01,0.634,0.908,0.175,1.0,1.0,1,831206.52,76.2,false,false,Value Realized,Jones Inc,Enterprise,AMER,PA-460 SKU-0417,hardware_ngfw
C0079,P0417,2025-10-01,0.884,0.971,0.25,1.0,1.0,1,831206.52,80.2,false,false,Value Realized,Jones Inc,Enterprise,AMER,PA-460 SKU-0417,hardware_ngfw
C0079,P0417,2025-11-01,0.789,0.947,0.175,1.0,1.0,1,831206.52,77.5,false,false,Value Realized,Jones Inc,Enterprise,AMER,PA-460 SKU-0417,hardware_ngfw
C0079,P0417,2025-12-01,0.628,0.907,0.175,1.0,1.0,1,831206.52,76.1,false,false,Value Realized,Jones Inc,Enterprise,AMER,PA-460 SKU-0417,hardware_ngfw
C0079,P0417,2026-01-01,0.687,0.922,0.25,1.0,1.0,1,831206.52,78.5,false,false,Value Realized,Jones Inc,Enterprise,AMER,PA-460 SKU-0417,hardware_ngfw
C0079,P0417,2026-02-01,0.656,0.914,0.25,1.0,1.0,1,831206.52,78.2,false,false,Value Realized,Jones Inc,Enterprise,AMER,PA-460 SKU-0417,hardware_ngfw
C0079,P0417,2026-03-01,0.551,0.841,0.5,1.0,1.0,1,831206.52,81.9,false,false,Value Realized,Jones Inc,Enterprise,AMER,PA-460 SKU-0417,hardware_ngfw
C0079,P0417,2026-04-01,0.854,0.964,0.6,1.0,1.0,1,831206.52,88.7,false,false,Value Realized,Jones Inc,Enterprise,AMER,PA-460 SKU-0417,hardware_ngfw
C0079,P0417,2026-05-01,0.738,0.934,0.525,1.0,1.0,1,831206.52,85.8,false,false,Value Realized,Jones Inc,Enterprise,AMER,PA-460 SKU-0417,hardware_ngfw
C0079,P0417,2026-06-01,0.731,0.933,0.6,1.0,1.0,1,831206.52,87.6,false,false,Value Realized,Jones Inc,Enterprise,AMER,PA-460 SKU-0417,hardware_ngfw
C0086,P0313,2025-07-01,0.937,0.984,0.0,1.0,1.0,0,27004.24,74.5,true,false,Value Realized,Smith PLC,Mid-Market,EMEA,Cloud NGFW for AWS SKU-0313,cloud_ngfw
C0086,P0313,2025-08-01,0.975,0.994,0.0,1.0,1.0,1,27004.24,74.8,true,false,Value Realized,Smith PLC,Mid-Market,EMEA,Cloud NGFW for AWS SKU-0313,cloud_ngfw
C0086,P0313,2025-09-01,0.517,0.8,0.0,1.0,1.0,1,27004.24,68.0,false,false,Developing,Smith PLC,Mid-Market,EMEA,Cloud NGFW for AWS SKU-0313,cloud_ngfw
C0086,P0313,2025-10-01,0.763,0.941,0.117,1.0,1.0,1,27004.24,75.8,false,false,Value Realized,Smith PLC,Mid-Market,EMEA,Cloud NGFW for AWS SKU-0313,cloud_ngfw
C0086,P0313,2025-11-01,1.152,1.0,0.117,1.0,1.0,1,27004.24,77.9,true,false,Value Realized,Smith PLC,Mid-Market,EMEA,Cloud NGFW for AWS SKU-0313,cloud_ngfw
C0086,P0313,2025-12-01,1.0,1.0,0.117,1.0,1.0,1,27004.24,77.9,true,false,Value Realized,Smith PLC,Mid-Market,EMEA,Cloud NGFW for AWS SKU-0313,cloud_ngfw
C0086,P0313,2026-01-01,0.711,0.928,0.283,1.0,1.0,1,27004.24,79.6,false,false,Value Realized,Smith PLC,Mid-Market,EMEA,Cloud NGFW for AWS SKU-0313,cloud_ngfw
C0086,P0313,2026-02-01,0.859,0.965,0.283,1.0,1.0,1,27004.24,80.8,false,false,Value Realized,Smith PLC,Mid-Market,EMEA,Cloud NGFW for AWS SKU-0313,cloud_ngfw
C0086,P0313,2026-03-01,0.826,0.956,0.45,1.0,1.0,1,27004.24,84.7,false,false,Value Realized,Smith PLC,Mid-Market,EMEA,Cloud NGFW for AWS SKU-0313,cloud_ngfw
C0086,P0313,2026-04-01,0.747,0.937,0.4,1.0,1.0,1,27004.24,82.8,false,false,Value Realized,Smith PLC,Mid-Market,EMEA,Cloud NGFW for AWS SKU-0313,cloud_ngfw
C0086,P0313,2026-05-01,0.761,0.94,0.45,1.0,1.0,1,27004.24,84.2,false,false,Value Realized,Smith PLC,Mid-Market,EMEA,Cloud NGFW for AWS SKU-0313,cloud_ngfw
C0086,P0313,2026-06-01,0.43,0.696,0.35,1.0,1.0,1,27004.24,73.1,false,false,Value Realized,Smith PLC,Mid-Market,EMEA,Cloud NGFW for AWS SKU-0313,cloud_ngfw
C0089,P0310,2025-07-01,1.225,0.8,0.4,1.0,1.0,0,28764.94,78.0,false,true,Value Realized,Suarez LLC,Enterprise,AMER,CN-Series SKU-0310,software_ngfw
C0089,P0310,2025-08-01,1.227,0.8,0.4,1.0,1.0,1,28764.94,78.0,false,true,Value Realized,Suarez LLC,Enterprise,AMER,CN-Series SKU-0310,software_ngfw
C0089,P0310,2025-09-01,1.413,0.8,0.4,1.0,1.0,1,28764.94,78.0,false,true,Value Realized,Suarez LLC,Enterprise,AMER,CN-Series SKU-0310,software_ngfw
C0089,P0310,2025-10-01,1.278,0.8,0.4,1.0,1.0,1,28764.94,78.0,false,true,Value Realized,Suarez LLC,Enterprise,AMER,CN-Series SKU-0310,software_ngfw
C0089,P0310,2025-11-01,1.355,0.8,0.4,1.0,1.0,1,28764.94,78.0,false,true,Value Realized,Suarez LLC,Enterprise,AMER,CN-Series SKU-0310,software_ngfw
C0089,P0310,2025-12-01,1.286,0.8,0.4,1.0,1.0,1,28764.94,78.0,false,true,Value Realized,Suarez LLC,Enterprise,AMER,CN-Series SKU-0310,software_ngfw
C0089,P0310,2026-01-01,1.404,0.8,0.4,1.0,1.0,1,28764.94,78.0,false,true,Value Realized,Suarez LLC,Enterprise,AMER,CN-Series SKU-0310,software_ngfw
C0089,P0310,2026-02-01,1.311,0.8,0.4,1.0,1.0,1,28764.94,78.0,false,true,Value Realized,Suarez LLC,Enterprise,AMER,CN-Series SKU-0310,software_ngfw
C0089,P0310,2026-03-01,1.531,0.8,0.4,1.0,1.0,1,28764.94,78.0,false,true,Value Realized,Suarez LLC,Enterprise,AMER,CN-Series SKU-0310,software_ngfw
C0089,P0310,2026-04-01,1.566,0.8,0.4,1.0,1.0,1,28764.94,78.0,false,true,Value Realized,Suarez LLC,Enterprise,AMER,CN-Series SKU-0310,software_ngfw
C0089,P0310,2026-05-01,1.382,0.8,0.4,1.0,1.0,1,28764.94,78.0,false,true,Value Realized,Suarez LLC,Enterprise,AMER,CN-Series SKU-0310,software_ngfw
C0089,P0310,2026-06-01,1.232,0.8,0.4,1.0,1.0,1,28764.94,78.0,false,true,Value Realized,Suarez LLC,Enterprise,AMER,CN-Series SKU-0310,software_ngfw
C0089,P0392,2025-07-01,1.707,0.8,0.667,1.0,1.0,0,68087.27,84.7,false,true,Value Realized,Suarez LLC,Enterprise,AMER,Prisma Access Remote Networks SKU-0392,sase
C0089,P0392,2025-08-01,1.275,0.8,1.0,1.0,1.0,1,68087.27,93.0,false,true,Value Realized,Suarez LLC,Enterprise,AMER,Prisma Access Remote Networks SKU-0392,sase
C0089,P0392,2025-09-01,1.274,0.8,1.0,1.0,1.0,1,68087.27,93.0,false,true,Value Realized,Suarez LLC,Enterprise,AMER,Prisma Access Remote Networks SKU-0392,sase
C0089,P0392,2025-10-01,1.381,0.8,1.0,1.0,1.0,1,68087.27,93.0,false,true,Value Realized,Suarez LLC,Enterprise,AMER,Prisma Access Remote Networks SKU-0392,sase
C0089,P0392,2025-11-01,1.23,0.8,1.0,1.0,1.0,1,68087.27,93.0,false,true,Value Realized,Suarez LLC,Enterprise,AMER,Prisma Access Remote Networks SKU-0392,sase
C0089,P0392,2025-12-01,1.663,0.8,1.0,1.0,1.0,1,68087.27,93.0,false,true,Value Realized,Suarez LLC,Enterprise,AMER,Prisma Access Remote Networks SKU-0392,sase
C0089,P0392,2026-01-01,1.422,0.8,1.0,1.0,1.0,1,68087.27,93.0,false,true,Value Realized,Suarez LLC,Enterprise,AMER,Prisma Access Remote Networks SKU-0392,sase
C0089,P0392,2026-02-01,1.677,0.8,1.0,1.0,1.0,1,68087.27,93.0,false,true,Value Realized,Suarez LLC,Enterprise,AMER,Prisma Access Remote Networks SKU-0392,sase
C0089,P0392,2026-03-01,1.428,0.8,1.0,1.0,1.0,1,68087.27,93.0,false,true,Value Realized,Suarez LLC,Enterprise,AMER,Prisma Access Remote Networks SKU-0392,sase
C0089,P0392,2026-04-01,1.361,0.8,1.0,1.0,1.0,1,68087.27,93.0,false,true,Value Realized,Suarez LLC,Enterprise,AMER,Prisma Access Remote Networks SKU-0392,sase
C0089,P0392,2026-05-01,1.662,0.8,1.0,1.0,1.0,1,68087.27,93.0,false,true,Value Realized,Suarez LLC,Enterprise,AMER,Prisma Access Remote Networks SKU-0392,sase
C0089,P0392,2026-06-01,1.35,0.8,1.0,1.0,1.0,1,68087.27,93.0,false,true,Value Realized,Suarez LLC,Enterprise,AMER,Prisma Access Remote Networks SKU-0392,sase
C0090,P0243,2025-09-01,0.788,0.947,0.0,1.0,1.0,0,703968.53,73.1,false,false,Value Realized,Moore-Bass,Enterprise,AMER,Prisma Access Mobile Users SKU-0243,sase
C0090,P0243,2025-10-01,0.81,0.952,0.0,1.0,1.0,1,703968.53,73.3,false,false,Value Realized,Moore-Bass,Enterprise,AMER,Prisma Access Mobile Users SKU-0243,sase
C0090,P0243,2025-11-01,0.8,0.95,0.2,1.0,1.0,1,703968.53,78.3,false,false,Value Realized,Moore-Bass,Enterprise,AMER,Prisma Access Mobile Users SKU-0243,sase
C0090,P0243,2025-12-01,0.717,0.929,0.34,1.0,1.0,1,703968.53,81.0,false,false,Value Realized,Moore-Bass,Enterprise,AMER,Prisma Access Mobile Users SKU-0243,sase
C0090,P0243,2026-01-01,0.713,0.928,0.28,1.0,1.0,1,703968.53,79.5,false,false,Value Realized,Moore-Bass,Enterprise,AMER,Prisma Access Mobile Users SKU-0243,sase
C0090,P0243,2026-02-01,0.636,0.909,0.28,1.0,1.0,1,703968.53,78.8,false,false,Value Realized,Moore-Bass,Enterprise,AMER,Prisma Access Mobile Users SKU-0243,sase
C0090,P0243,2026-03-01,0.615,0.904,0.28,1.0,1.0,1,703968.53,78.6,false,false,Value Realized,Moore-Bass,Enterprise,AMER,Prisma Access Mobile Users SKU-0243,sase
C0090,P0243,2026-04-01,0.785,0.946,0.34,1.0,1.0,1,703968.53,81.6,false,false,Value Realized,Moore-Bass,Enterprise,AMER,Prisma Access Mobile Users SKU-0243,sase
C0090,P0243,2026-05-01,0.599,0.899,0.34,1.0,1.0,1,703968.53,79.9,false,false,Value Realized,Moore-Bass,Enterprise,AMER,Prisma Access Mobile Users SKU-0243,sase
C0090,P0243,2026-06-01,0.833,0.958,0.34,1.0,1.0,1,703968.53,82.0,false,false,Value Realized,Moore-Bass,Enterprise,AMER,Prisma Access Mobile Users SKU-0243,sase
C0095,P0230,2025-07-01,1.41,0.8,1.0,1.0,1.0,0,701030.46,93.0,false,true,Value Realized,Campbell-Clark,Enterprise,AMER,PA-5445 SKU-0230,hardware_ngfw
C0095,P0230,2025-08-01,1.55,0.8,1.0,1.0,1.0,1,701030.46,93.0,false,true,Value Realized,Campbell-Clark,Enterprise,AMER,PA-5445 SKU-0230,hardware_ngfw
C0095,P0230,2025-09-01,1.522,0.8,1.0,1.0,1.0,1,701030.46,93.0,false,true,Value Realized,Campbell-Clark,Enterprise,AMER,PA-5445 SKU-0230,hardware_ngfw
C0095,P0230,2025-10-01,1.401,0.8,1.0,1.0,1.0,1,701030.46,93.0,false,true,Value Realized,Campbell-Clark,Enterprise,AMER,PA-5445 SKU-0230,hardware_ngfw
C0095,P0230,2025-11-01,1.402,0.8,1.0,1.0,1.0,1,701030.46,93.0,false,true,Value Realized,Campbell-Clark,Enterprise,AMER,PA-5445 SKU-0230,hardware_ngfw
C0095,P0230,2025-12-01,1.381,0.8,1.0,1.0,1.0,1,701030.46,93.0,false,true,Value Realized,Campbell-Clark,Enterprise,AMER,PA-5445 SKU-0230,hardware_ngfw
C0095,P0230,2026-01-01,1.387,0.8,1.0,1.0,1.0,1,701030.46,93.0,false,true,Value Realized,Campbell-Clark,Enterprise,AMER,PA-5445 SKU-0230,hardware_ngfw
C0095,P0230,2026-02-01,1.504,0.8,1.0,1.0,1.0,1,701030.46,93.0,false,true,Value Realized,Campbell-Clark,Enterprise,AMER,PA-5445 SKU-0230,hardware_ngfw
C0095,P0230,2026-03-01,1.31,0.8,1.0,1.0,1.0,1,701030.46,93.0,false,true,Value Realized,Campbell-Clark,Enterprise,AMER,PA-5445 SKU-0230,hardware_ngfw
C0095,P0230,2026-04-01,1.636,0.8,1.0,1.0,1.0,1,701030.46,93.0,false,true,Value Realized,Campbell-Clark,Enterprise,AMER,PA-5445 SKU-0230,hardware_ngfw
C0095,P0230,2026-05-01,1.446,0.8,1.0,1.0,1.0,1,701030.46,93.0,false,true,Value Realized,Campbell-Clark,Enterprise,AMER,PA-5445 SKU-0230,hardware_ngfw
C0095,P0230,2026-06-01,1.466,0.8,1.0,1.0,1.0,1,701030.46,93.0,false,true,Value Realized,Campbell-Clark,Enterprise,AMER,PA-5445 SKU-0230,hardware_ngfw
C0005,P0483,2025-10-01,0.58,0.877,0.0,1.0,1.0,0,46488.0,70.7,false,false,Value Realized,"Guzman, Hoffman and Baldwin",Enterprise,AMER,Cloud NGFW for AWS SKU-0483,cloud_ngfw
C0005,P0483,2025-11-01,0.719,0.93,0.4,1.0,1.0,1,46488.0,82.5,false,false,Value Realized,"Guzman, Hoffman and Baldwin",Enterprise,AMER,Cloud NGFW for AWS SKU-0483,cloud_ngfw
C0005,P0483,2025-12-01,0.674,0.919,0.6,1.0,1.0,1,46488.0,87.1,false,false,Value Realized,"Guzman, Hoffman and Baldwin",Enterprise,AMER,Cloud NGFW for AWS SKU-0483,cloud_ngfw
C0005,P0483,2026-01-01,0.612,0.903,0.56,1.0,1.0,1,46488.0,85.6,false,false,Value Realized,"Guzman, Hoffman and Baldwin",Enterprise,AMER,Cloud NGFW for AWS SKU-0483,cloud_ngfw
C0005,P0483,2026-02-01,1.114,1.0,0.68,1.0,1.0,1,46488.0,92.0,false,false,Value Realized,"Guzman, Hoffman and Baldwin",Enterprise,AMER,Cloud NGFW for AWS SKU-0483,cloud_ngfw
C0005,P0483,2026-03-01,0.819,0.955,0.68,1.0,1.0,1,46488.0,90.4,false,false,Value Realized,"Guzman, Hoffman and Baldwin",Enterprise,AMER,Cloud NGFW for AWS SKU-0483,cloud_ngfw
C0005,P0483,2026-04-01,0.474,0.748,0.62,1.0,1.0,1,46488.0,81.7,false,false,Value Realized,"Guzman, Hoffman and Baldwin",Enterprise,AMER,Cloud NGFW for AWS SKU-0483,cloud_ngfw
C0005,P0483,2026-05-01,0.765,0.941,0.56,1.0,1.0,1,46488.0,86.9,false,false,Value Realized,"Guzman, Hoffman and Baldwin",Enterprise,AMER,Cloud NGFW for AWS SKU-0483,cloud_ngfw
C0005,P0483,2026-06-01,0.657,0.914,0.68,1.0,1.0,1,46488.0,89.0,false,false,Value Realized,"Guzman, Hoffman and Baldwin",Enterprise,AMER,Cloud NGFW for AWS SKU-0483,cloud_ngfw
C0006,P0299,2025-07-01,0.632,0.908,0.0,1.0,1.0,0,455985.4,71.8,false,false,Value Realized,"Gardner, Robinson and Lawrence",Mid-Market,AMER,PA-5445 SKU-0299,hardware_ngfw
C0006,P0299,2025-08-01,0.908,0.977,0.117,1.0,1.0,1,455985.4,77.1,true,false,Value Realized,"Gardner, Robinson and Lawrence",Mid-Market,AMER,PA-5445 SKU-0299,hardware_ngfw
C0006,P0299,2025-09-01,0.642,0.911,0.117,1.0,1.0,1,455985.4,74.8,false,false,Value Realized,"Gardner, Robinson and Lawrence",Mid-Market,AMER,PA-5445 SKU-0299,hardware_ngfw
C0006,P0299,2025-10-01,0.527,0.812,0.233,1.0,1.0,1,455985.4,74.3,false,false,Value Realized,"Gardner, Robinson and Lawrence",Mid-Market,AMER,PA-5445 SKU-0299,hardware_ngfw
C0006,P0299,2025-11-01,1.095,1.0,0.35,1.0,1.0,1,455985.4,83.8,false,false,Value Realized,"Gardner, Robinson and Lawrence",Mid-Market,AMER,PA-5445 SKU-0299,hardware_ngfw
C0006,P0299,2025-12-01,0.837,0.959,0.683,1.0,1.0,1,455985.4,90.7,false,false,Value Realized,"Gardner, Robinson and Lawrence",Mid-Market,AMER,PA-5445 SKU-0299,hardware_ngfw
C0006,P0299,2026-01-01,0.662,0.915,0.683,1.0,1.0,1,455985.4,89.1,false,false,Value Realized,"Gardner, Robinson and Lawrence",Mid-Market,AMER,PA-5445 SKU-0299,hardware_ngfw
C0006,P0299,2026-02-01,0.705,0.926,0.8,1.0,1.0,1,455985.4,92.4,false,false,Value Realized,"Gardner, Robinson and Lawrence",Mid-Market,AMER,PA-5445 SKU-0299,hardware_ngfw
C0006,P0299,2026-03-01,0.537,0.824,0.8,1.0,1.0,1,455985.4,88.9,false,false,Value Realized,"Gardner, Robinson and Lawrence",Mid-Market,AMER,PA-5445 SKU-0299,hardware_ngfw
C0006,P0299,2026-04-01,0.607,0.902,0.75,1.0,1.0,1,455985.4,90.3,false,false,Value Realized,"Gardner, Robinson and Lawrence",Mid-Market,AMER,PA-5445 SKU-0299,hardware_ngfw
C0006,P0299,2026-05-01,0.554,0.845,0.8,1.0,1.0,1,455985.4,89.6,false,false,Value Realized,"Gardner, Robinson and Lawrence",Mid-Market,AMER,PA-5445 SKU-0299,hardware_ngfw
C0006,P0299,2026-06-01,0.385,0.642,0.8,1.0,1.0,1,455985.4,82.5,false,false,Value Realized,"Gardner, Robinson and Lawrence",Mid-Market,AMER,PA-5445 SKU-0299,hardware_ngfw
C0007,P0033,2025-07-01,1.457,0.8,0.0,1.0,1.0,0,33714.36,68.0,true,true,Developing,Blake and Sons,Mid-Market,EMEA,VM-500 SKU-0033,software_ngfw
C0007,P0033,2025-08-01,1.178,1.0,0.75,1.0,1.0,1,33714.36,93.8,false,false,Value Realized,Blake and Sons,Mid-Market,EMEA,VM-500 SKU-0033,software_ngfw
C0007,P0033,2025-09-01,1.566,0.8,0.75,1.0,1.0,1,33714.36,86.8,false,true,Value Realized,Blake and Sons,Mid-Market,EMEA,VM-500 SKU-0033,software_ngfw
C0007,P0033,2025-10-01,1.607,0.8,0.75,1.0,1.0,1,33714.36,86.8,false,true,Value Realized,Blake and Sons,Mid-Market,EMEA,VM-500 SKU-0033,software_ngfw
C0007,P0033,2025-11-01,1.491,0.8,0.75,1.0,1.0,1,33714.36,86.8,false,true,Value Realized,Blake and Sons,Mid-Market,EMEA,VM-500 SKU-0033,software_ngfw
C0007,P0033,2025-12-01,1.369,0.8,0.75,1.0,1.0,1,33714.36,86.8,false,true,Value Realized,Blake and Sons,Mid-Market,EMEA,VM-500 SKU-0033,software_ngfw
C0007,P0033,2026-01-01,1.698,0.8,0.75,1.0,1.0,1,33714.36,86.8,false,true,Value Realized,Blake and Sons,Mid-Market,EMEA,VM-500 SKU-0033,software_ngfw
C0007,P0033,2026-02-01,1.304,0.8,0.75,1.0,1.0,1,33714.36,86.8,false,true,Value Realized,Blake and Sons,Mid-Market,EMEA,VM-500 SKU-0033,software_ngfw
C0007,P0033,2026-03-01,1.234,0.8,0.75,1.0,1.0,1,33714.36,86.8,false,true,Value Realized,Blake and Sons,Mid-Market,EMEA,VM-500 SKU-0033,software_ngfw
C0007,P0033,2026-04-01,1.261,0.8,0.75,1.0,1.0,1,33714.36,86.8,false,true,Value Realized,Blake and Sons,Mid-Market,EMEA,VM-500 SKU-0033,software_ngfw
C0007,P0033,2026-05-01,1.447,0.8,0.75,1.0,1.0,1,33714.36,86.8,false,true,Value Realized,Blake and Sons,Mid-Market,EMEA,VM-500 SKU-0033,software_ngfw
C0007,P0033,2026-06-01,1.211,0.8,0.75,1.0,1.0,1,33714.36,86.8,false,true,Value Realized,Blake and Sons,Mid-Market,EMEA,VM-500 SKU-0033,software_ngfw
C0007,P0464,2025-07-01,1.416,0.8,0.8,1.0,1.0,0,312922.4,88.0,false,true,Value Realized,Blake and Sons,Mid-Market,EMEA,PA-3410 SKU-0464,hardware_ngfw
C0007,P0464,2025-08-01,1.619,0.8,1.0,1.0,1.0,1,312922.4,93.0,false,true,Value Realized,Blake and Sons,Mid-Market,EMEA,PA-3410 SKU-0464,hardware_ngfw
C0007,P0464,2025-09-01,1.572,0.8,1.0,1.0,1.0,1,312922.4,93.0,false,true,Value Realized,Blake and Sons,Mid-Market,EMEA,PA-3410 SKU-0464,hardware_ngfw
C0007,P0464,2025-10-01,1.389,0.8,1.0,1.0,1.0,1,312922.4,93.0,false,true,Value Realized,Blake and Sons,Mid-Market,EMEA,PA-3410 SKU-0464,hardware_ngfw
C0007,P0464,2025-11-01,1.317,0.8,1.0,1.0,1.0,1,312922.4,93.0,false,true,Value Realized,Blake and Sons,Mid-Market,EMEA,PA-3410 SKU-0464,hardware_ngfw
C0007,P0464,2025-12-01,1.266,0.8,1.0,1.0,1.0,1,312922.4,93.0,false,true,Value Realized,Blake and Sons,Mid-Market,EMEA,PA-3410 SKU-0464,hardware_ngfw
C0007,P0464,2026-01-01,1.314,0.8,1.0,1.0,1.0,1,312922.4,93.0,false,true,Value Realized,Blake and Sons,Mid-Market,EMEA,PA-3410 SKU-0464,hardware_ngfw
C0007,P0464,2026-02-01,1.326,0.8,1.0,1.0,1.0,1,312922.4,93.0,false,true,Value Realized,Blake and Sons,Mid-Market,EMEA,PA-3410 SKU-0464,hardware_ngfw
C0007,P0464,2026-03-01,1.356,0.8,1.0,1.0,1.0,1,312922.4,93.0,false,true,Value Realized,Blake and Sons,Mid-Market,EMEA,PA-3410 SKU-0464,hardware_ngfw
C0007,P0464,2026-04-01,1.474,0.8,1.0,1.0,1.0,1,312922.4,93.0,false,true,Value Realized,Blake and Sons,Mid-Market,EMEA,PA-3410 SKU-0464,hardware_ngfw
C0007,P0464,2026-05-01,1.219,0.8,1.0,1.0,1.0,1,312922.4,93.0,false,true,Value Realized,Blake and Sons,Mid-Market,EMEA,PA-3410 SKU-0464,hardware_ngfw
C0007,P0464,2026-06-01,1.501,0.8,1.0,1.0,1.0,1,312922.4,93.0,false,true,Value Realized,Blake and Sons,Mid-Market,EMEA,PA-3410 SKU-0464,hardware_ngfw
C0007,P0487,2025-10-01,1.251,0.8,0.6,1.0,1.0,0,21202.12,83.0,false,true,Value Realized,Blake and Sons,Mid-Market,EMEA,Cloud NGFW for AWS SKU-0487,cloud_ngfw
C0007,P0487,2025-11-01,1.276,0.8,0.6,1.0,1.0,1,21202.12,83.0,false,true,Value Realized,Blake and Sons,Mid-Market,EMEA,Cloud NGFW for AWS SKU-0487,cloud_ngfw
C0007,P0487,2025-12-01,1.552,0.8,0.6,1.0,1.0,1,21202.12,83.0,false,true,Value Realized,Blake and Sons,Mid-Market,EMEA,Cloud NGFW for AWS SKU-0487,cloud_ngfw
C0007,P0487,2026-01-01,1.238,0.8,0.6,1.0,1.0,1,21202.12,83.0,false,true,Value Realized,Blake and Sons,Mid-Market,EMEA,Cloud NGFW for AWS SKU-0487,cloud_ngfw
C0007,P0487,2026-02-01,1.201,0.8,0.6,1.0,1.0,1,21202.12,83.0,false,true,Value Realized,Blake and Sons,Mid-Market,EMEA,Cloud NGFW for AWS SKU-0487,cloud_ngfw
C0007,P0487,2026-03-01,1.215,0.8,0.6,1.0,1.0,1,21202.12,83.0,false,true,Value Realized,Blake and Sons,Mid-Market,EMEA,Cloud NGFW for AWS SKU-0487,cloud_ngfw
C0007,P0487,2026-04-01,1.575,0.8,0.6,1.0,1.0,1,21202.12,83.0,false,true,Value Realized,Blake and Sons,Mid-Market,EMEA,Cloud NGFW for AWS SKU-0487,cloud_ngfw
C0007,P0487,2026-05-01,1.409,0.8,0.6,1.0,1.0,1,21202.12,83.0,false,true,Value Realized,Blake and Sons,Mid-Market,EMEA,Cloud NGFW for AWS SKU-0487,cloud_ngfw
C0007,P0487,2026-06-01,1.265,0.8,0.6,1.0,1.0,1,21202.12,83.0,false,true,Value Realized,Blake and Sons,Mid-Market,EMEA,Cloud NGFW for AWS SKU-0487,cloud_ngfw
C0009,P0093,2025-07-01,1.378,0.8,0.6,1.0,1.0,0,1022178.78,83.0,false,true,Value Realized,Garcia-James,Mid-Market,AMER,PA-5410 SKU-0093,hardware_ngfw
C0009,P0093,2025-08-01,1.304,0.8,1.0,1.0,1.0,1,1022178.78,93.0,false,true,Value Realized,Garcia-James,Mid-Market,AMER,PA-5410 SKU-0093,hardware_ngfw
C0009,P0093,2025-09-01,1.207,0.8,1.0,1.0,1.0,1,1022178.78,93.0,false,true,Value Realized,Garcia-James,Mid-Market,AMER,PA-5410 SKU-0093,hardware_ngfw
C0009,P0093,2025-10-01,1.288,0.8,1.0,1.0,1.0,1,1022178.78,93.0,false,true,Value Realized,Garcia-James,Mid-Market,AMER,PA-5410 SKU-0093,hardware_ngfw
C0009,P0093,2025-11-01,1.33,0.8,1.0,1.0,1.0,1,1022178.78,93.0,false,true,Value Realized,Garcia-James,Mid-Market,AMER,PA-5410 SKU-0093,hardware_ngfw
C0009,P0093,2025-12-01,1.419,0.8,1.0,1.0,1.0,1,1022178.78,93.0,false,true,Value Realized,Garcia-James,Mid-Market,AMER,PA-5410 SKU-0093,hardware_ngfw
C0009,P0093,2026-01-01,1.344,0.8,1.0,1.0,1.0,1,1022178.78,93.0,false,true,Value Realized,Garcia-James,Mid-Market,AMER,PA-5410 SKU-0093,hardware_ngfw
C0009,P0093,2026-02-01,1.219,0.8,1.0,1.0,1.0,1,1022178.78,93.0,false,true,Value Realized,Garcia-James,Mid-Market,AMER,PA-5410 SKU-0093,hardware_ngfw
C0009,P0093,2026-03-01,1.524,0.8,1.0,1.0,1.0,1,1022178.78,93.0,false,true,Value Realized,Garcia-James,Mid-Market,AMER,PA-5410 SKU-0093,hardware_ngfw
C0009,P0093,2026-04-01,1.306,0.8,1.0,1.0,1.0,1,1022178.78,93.0,false,true,Value Realized,Garcia-James,Mid-Market,AMER,PA-5410 SKU-0093,hardware_ngfw
C0009,P0093,2026-05-01,1.201,0.8,1.0,1.0,1.0,1,1022178.78,93.0,false,true,Value Realized,Garcia-James,Mid-Market,AMER,PA-5410 SKU-0093,hardware_ngfw
C0009,P0093,2026-06-01,1.353,0.8,1.0,1.0,1.0,1,1022178.78,93.0,false,true,Value Realized,Garcia-James,Mid-Market,AMER,PA-5410 SKU-0093,hardware_ngfw
C0010,P0134,2025-08-01,0.0,0.0,0.0,0.0,,0,620226.1,0.0,false,false,Grace Period,Abbott-Munoz,Mid-Market,APAC,Prisma Access Mobile Users SKU-0134,sase
C0010,P0134,2025-09-01,0.0,0.0,0.0,0.0,0.0,0,620226.1,0.0,false,false,Shelfware Risk,Abbott-Munoz,Mid-Market,APAC,Prisma Access Mobile Users SKU-0134,sase
C0010,P0134,2025-10-01,0.0,0.0,0.0,0.0,0.0,0,620226.1,0.0,false,false,Shelfware Risk,Abbott-Munoz,Mid-Market,APAC,Prisma Access Mobile Users SKU-0134,sase
C0010,P0134,2025-11-01,0.0,0.0,0.0,0.0,0.0,0,620226.1,0.0,false,false,Shelfware Risk,Abbott-Munoz,Mid-Market,APAC,Prisma Access Mobile Users SKU-0134,sase
C0010,P0134,2025-12-01,0.0,0.0,0.0,0.0,0.0,0,620226.1,0.0,false,false,Shelfware Risk,Abbott-Munoz,Mid-Market,APAC,Prisma Access Mobile Users SKU-0134,sase
C0010,P0134,2026-01-01,0.0,0.0,0.0,0.0,0.0,0,620226.1,0.0,false,false,Shelfware Risk,Abbott-Munoz,Mid-Market,APAC,Prisma Access Mobile Users SKU-0134,sase
C0010,P0134,2026-02-01,0.0,0.0,0.0,0.0,0.0,0,620226.1,0.0,false,false,Shelfware Risk,Abbott-Munoz,Mid-Market,APAC,Prisma Access Mobile Users SKU-0134,sase
C0010,P0134,2026-03-01,0.0,0.0,0.0,0.0,0.0,0,620226.1,0.0,false,false,Shelfware Risk,Abbott-Munoz,Mid-Market,APAC,Prisma Access Mobile Users SKU-0134,sase
C0010,P0134,2026-04-01,0.0,0.0,0.0,0.0,0.0,0,620226.1,0.0,false,false,Shelfware Risk,Abbott-Munoz,Mid-Market,APAC,Prisma Access Mobile Users SKU-0134,sase
C0010,P0134,2026-05-01,0.0,0.0,0.0,0.0,0.0,0,620226.1,0.0,false,false,Shelfware Risk,Abbott-Munoz,Mid-Market,APAC,Prisma Access Mobile Users SKU-0134,sase
C0010,P0134,2026-06-01,0.0,0.0,0.0,0.0,0.0,0,620226.1,0.0,false,false,Shelfware Risk,Abbott-Munoz,Mid-Market,APAC,Prisma Access Mobile Users SKU-0134,sase
C0010,P0291,2025-07-01,0.0,0.0,0.0,0.0,,0,540846.8,0.0,false,false,Grace Period,Abbott-Munoz,Mid-Market,APAC,PA-440 SKU-0291,hardware_ngfw
C0010,P0291,2025-08-01,0.0,0.0,0.0,0.0,0.0,0,540846.8,0.0,false,false,Shelfware Risk,Abbott-Munoz,Mid-Market,APAC,PA-440 SKU-0291,hardware_ngfw
C0010,P0291,2025-09-01,0.0,0.0,0.0,0.0,0.0,0,540846.8,0.0,false,false,Shelfware Risk,Abbott-Munoz,Mid-Market,APAC,PA-440 SKU-0291,hardware_ngfw
C0010,P0291,2025-10-01,0.0,0.0,0.0,0.0,0.0,0,540846.8,0.0,false,false,Shelfware Risk,Abbott-Munoz,Mid-Market,APAC,PA-440 SKU-0291,hardware_ngfw
C0010,P0291,2025-11-01,0.0,0.0,0.0,0.0,0.0,0,540846.8,0.0,false,false,Shelfware Risk,Abbott-Munoz,Mid-Market,APAC,PA-440 SKU-0291,hardware_ngfw
C0010,P0291,2025-12-01,0.0,0.0,0.0,0.0,0.0,0,540846.8,0.0,false,false,Shelfware Risk,Abbott-Munoz,Mid-Market,APAC,PA-440 SKU-0291,hardware_ngfw
C0010,P0291,2026-01-01,0.0,0.0,0.0,0.0,0.0,0,540846.8,0.0,false,false,Shelfware Risk,Abbott-Munoz,Mid-Market,APAC,PA-440 SKU-0291,hardware_ngfw
C0010,P0291,2026-02-01,0.0,0.0,0.0,0.0,0.0,0,540846.8,0.0,false,false,Shelfware Risk,Abbott-Munoz,Mid-Market,APAC,PA-440 SKU-0291,hardware_ngfw
C0010,P0291,2026-03-01,0.0,0.0,0.0,0.0,0.0,0,540846.8,0.0,false,false,Shelfware Risk,Abbott-Munoz,Mid-Market,APAC,PA-440 SKU-0291,hardware_ngfw
C0010,P0291,2026-04-01,0.0,0.0,0.0,0.0,0.0,0,540846.8,0.0,false,false,Shelfware Risk,Abbott-Munoz,Mid-Market,APAC,PA-440 SKU-0291,hardware_ngfw
C0010,P0291,2026-05-01,0.0,0.0,0.0,0.0,0.0,0,540846.8,0.0,false,false,Shelfware Risk,Abbott-Munoz,Mid-Market,APAC,PA-440 SKU-0291,hardware_ngfw
C0010,P0291,2026-06-01,0.0,0.0,0.0,0.0,0.0,0,540846.8,0.0,false,false,Shelfware Risk,Abbott-Munoz,Mid-Market,APAC,PA-440 SKU-0291,hardware_ngfw
C0012,P0236,2025-07-01,0.966,0.991,0.0,1.0,1.0,0,1542480.13,74.7,true,false,Value Realized,Dudley Group,Mid-Market,AMER,PA-3440 SKU-0236,hardware_ngfw
C0012,P0236,2025-08-01,0.539,0.827,0.117,1.0,1.0,1,1542480.13,71.9,false,false,Value Realized,Dudley Group,Mid-Market,AMER,PA-3440 SKU-0236,hardware_ngfw
C0012,P0236,2025-09-01,0.77,0.942,0.233,1.0,1.0,1,1542480.13,78.8,false,false,Value Realized,Dudley Group,Mid-Market,AMER,PA-3440 SKU-0236,hardware_ngfw
C0012,P0236,2025-10-01,0.854,0.964,0.283,1.0,1.0,1,1542480.13,80.8,false,false,Value Realized,Dudley Group,Mid-Market,AMER,PA-3440 SKU-0236,hardware_ngfw
C0012,P0236,2025-11-01,0.509,0.791,0.35,1.0,1.0,1,1542480.13,76.4,false,false,Value Realized,Dudley Group,Mid-Market,AMER,PA-3440 SKU-0236,hardware_ngfw
C0012,P0236,2025-12-01,0.552,0.843,0.517,1.0,1.0,1,1542480.13,82.4,false,false,Value Realized,Dudley Group,Mid-Market,AMER,PA-3440 SKU-0236,hardware_ngfw
C0012,P0236,2026-01-01,0.852,0.963,0.567,1.0,1.0,1,1542480.13,87.9,false,false,Value Realized,Dudley Group,Mid-Market,AMER,PA-3440 SKU-0236,hardware_ngfw
C0012,P0236,2026-02-01,0.602,0.901,0.733,1.0,1.0,1,1542480.13,89.9,false,false,Value Realized,Dudley Group,Mid-Market,AMER,PA-3440 SKU-0236,hardware_ngfw
C0012,P0236,2026-03-01,0.836,0.959,0.733,1.0,1.0,1,1542480.13,91.9,false,false,Value Realized,Dudley Group,Mid-Market,AMER,PA-3440 SKU-0236,hardware_ngfw
C0012,P0236,2026-04-01,0.532,0.818,0.8,1.0,1.0,1,1542480.13,88.6,false,false,Value Realized,Dudley Group,Mid-Market,AMER,PA-3440 SKU-0236,hardware_ngfw
C0012,P0236,2026-05-01,0.672,0.918,0.9,1.0,1.0,1,1542480.13,94.6,false,false,Value Realized,Dudley Group,Mid-Market,AMER,PA-3440 SKU-0236,hardware_ngfw
C0012,P0236,2026-06-01,0.78,0.945,0.85,1.0,1.0,1,1542480.13,94.3,false,false,Value Realized,Dudley Group,Mid-Market,AMER,PA-3440 SKU-0236,hardware_ngfw
C0021,P0211,2025-07-01,0.0,0.0,0.0,0.0,,0,33695.34,0.0,false,false,Grace Period,Gray-Mayo,Enterprise,AMER,VM-100 SKU-0211,software_ngfw
C0021,P0211,2025-08-01,0.0,0.0,0.0,0.0,0.467,0,33695.34,7.0,false,false,Shelfware Risk,Gray-Mayo,Enterprise,AMER,VM-100 SKU-0211,software_ngfw
C0021,P0211,2025-09-01,0.22,0.444,0.0,0.5,0.467,0,33695.34,35.0,false,false,Onboarding Stall,Gray-Mayo,Enterprise,AMER,VM-100 SKU-0211,software_ngfw
C0021,P0211,2025-10-01,0.48,0.756,0.0,0.8,0.467,1,33695.34,53.5,false,false,Onboarding Stall,Gray-Mayo,Enterprise,AMER,VM-100 SKU-0211,software_ngfw
C0021,P0211,2025-11-01,0.629,0.907,0.0,1.0,0.467,1,33695.34,63.8,false,false,Onboarding Stall,Gray-Mayo,Enterprise,AMER,VM-100 SKU-0211,software_ngfw
C0021,P0211,2025-12-01,0.853,0.963,0.0,1.0,0.467,1,33695.34,65.7,false,false,Onboarding Stall,Gray-Mayo,Enterprise,AMER,VM-100 SKU-0211,software_ngfw
C0021,P0211,2026-01-01,0.901,0.975,0.117,1.0,0.467,1,33695.34,69.1,true,false,Onboarding Stall,Gray-Mayo,Enterprise,AMER,VM-100 SKU-0211,software_ngfw
C0021,P0211,2026-02-01,0.645,0.911,0.117,1.0,0.467,1,33695.34,66.8,false,false,Onboarding Stall,Gray-Mayo,Enterprise,AMER,VM-100 SKU-0211,software_ngfw
C0021,P0211,2026-03-01,0.505,0.786,0.167,1.0,0.467,1,33695.34,63.7,false,false,Onboarding Stall,Gray-Mayo,Enterprise,AMER,VM-100 SKU-0211,software_ngfw
C0021,P0211,2026-04-01,0.814,0.953,0.117,1.0,0.467,1,33695.34,68.3,false,false,Onboarding Stall,Gray-Mayo,Enterprise,AMER,VM-100 SKU-0211,software_ngfw
C0021,P0211,2026-05-01,0.702,0.925,0.333,1.0,0.467,1,33695.34,72.7,false,false,Value Realized,Gray-Mayo,Enterprise,AMER,VM-100 SKU-0211,software_ngfw
C0021,P0211,2026-06-01,0.564,0.857,0.233,1.0,0.467,1,33695.34,67.8,false,false,Onboarding Stall,Gray-Mayo,Enterprise,AMER,VM-100 SKU-0211,software_ngfw
C0023,P0450,2025-07-01,3.076,0.8,0.233,1.0,1.0,0,58538.48,73.8,true,true,Value Realized,Perez Inc,Mid-Market,AMER,Cloud NGFW for Azure SKU-0450,cloud_ngfw
C0023,P0450,2025-08-01,3.554,0.8,0.333,1.0,1.0,1,58538.48,76.3,false,true,Value Realized,Perez Inc,Mid-Market,AMER,Cloud NGFW for Azure SKU-0450,cloud_ngfw
C0023,P0450,2025-09-01,3.44,0.8,0.233,1.0,1.0,1,58538.48,73.8,true,true,Value Realized,Perez Inc,Mid-Market,AMER,Cloud NGFW for Azure SKU-0450,cloud_ngfw
C0023,P0450,2025-10-01,0.0,0.0,0.0,0.5,1.0,1,58538.48,27.5,false,false,Lapsed,Perez Inc,Mid-Market,AMER,Cloud NGFW for Azure SKU-0450,cloud_ngfw
C0023,P0450,2025-11-01,0.0,0.0,0.0,0.2,1.0,1,58538.48,20.0,false,false,Churn Signal,Perez Inc,Mid-Market,AMER,Cloud NGFW for Azure SKU-0450,cloud_ngfw
C0023,P0450,2025-12-01,0.0,0.0,0.0,0.0,1.0,1,58538.48,15.0,false,false,Churn Signal,Perez Inc,Mid-Market,AMER,Cloud NGFW for Azure SKU-0450,cloud_ngfw
C0023,P0450,2026-01-01,0.0,0.0,0.0,0.0,1.0,1,58538.48,15.0,false,false,Lapsed,Perez Inc,Mid-Market,AMER,Cloud NGFW for Azure SKU-0450,cloud_ngfw
C0023,P0450,2026-02-01,0.0,0.0,0.0,0.0,1.0,1,58538.48,15.0,false,false,Lapsed,Perez Inc,Mid-Market,AMER,Cloud NGFW for Azure SKU-0450,cloud_ngfw
C0023,P0450,2026-03-01,0.0,0.0,0.0,0.0,1.0,1,58538.48,15.0,false,false,Lapsed,Perez Inc,Mid-Market,AMER,Cloud NGFW for Azure SKU-0450,cloud_ngfw
C0023,P0450,2026-04-01,0.0,0.0,0.0,0.0,1.0,1,58538.48,15.0,false,false,Lapsed,Perez Inc,Mid-Market,AMER,Cloud NGFW for Azure SKU-0450,cloud_ngfw
C0023,P0450,2026-05-01,0.0,0.0,0.0,0.0,1.0,1,58538.48,15.0,false,false,Lapsed,Perez Inc,Mid-Market,AMER,Cloud NGFW for Azure SKU-0450,cloud_ngfw
C0023,P0450,2026-06-01,0.0,0.0,0.0,0.0,1.0,1,58538.48,15.0,false,false,Lapsed,Perez Inc,Mid-Market,AMER,Cloud NGFW for Azure SKU-0450,cloud_ngfw
C0028,P0476,2025-07-01,0.618,0.905,0.0,1.0,1.0,0,733628.96,71.7,false,false,Value Realized,"Hoffman, Baker and Richards",Enterprise,AMER,PA-460 SKU-0476,hardware_ngfw
C0028,P0476,2025-08-01,0.667,0.917,0.0,1.0,1.0,1,733628.96,72.1,false,false,Value Realized,"Hoffman, Baker and Richards",Enterprise,AMER,PA-460 SKU-0476,hardware_ngfw
C0028,P0476,2025-09-01,0.809,0.952,0.333,1.0,1.0,1,733628.96,81.7,false,false,Value Realized,"Hoffman, Baker and Richards",Enterprise,AMER,PA-460 SKU-0476,hardware_ngfw
C0028,P0476,2025-10-01,0.839,0.96,0.233,1.0,1.0,1,733628.96,79.4,false,false,Value Realized,"Hoffman, Baker and Richards",Enterprise,AMER,PA-460 SKU-0476,hardware_ngfw
C0028,P0476,2025-11-01,0.736,0.934,0.233,1.0,1.0,1,733628.96,78.5,false,false,Value Realized,"Hoffman, Baker and Richards",Enterprise,AMER,PA-460 SKU-0476,hardware_ngfw
C0028,P0476,2025-12-01,0.614,0.904,0.233,1.0,1.0,1,733628.96,77.5,false,false,Value Realized,"Hoffman, Baker and Richards",Enterprise,AMER,PA-460 SKU-0476,hardware_ngfw
C0028,P0476,2026-01-01,0.761,0.94,0.333,1.0,1.0,1,733628.96,81.2,false,false,Value Realized,"Hoffman, Baker and Richards",Enterprise,AMER,PA-460 SKU-0476,hardware_ngfw
C0028,P0476,2026-02-01,0.691,0.923,0.233,1.0,1.0,1,733628.96,78.1,false,false,Value Realized,"Hoffman, Baker and Richards",Enterprise,AMER,PA-460 SKU-0476,hardware_ngfw
C0028,P0476,2026-03-01,0.731,0.933,0.333,1.0,1.0,1,733628.96,81.0,false,false,Value Realized,"Hoffman, Baker and Richards",Enterprise,AMER,PA-460 SKU-0476,hardware_ngfw
C0028,P0476,2026-04-01,0.652,0.913,0.333,1.0,1.0,1,733628.96,80.3,false,false,Value Realized,"Hoffman, Baker and Richards",Enterprise,AMER,PA-460 SKU-0476,hardware_ngfw
C0028,P0476,2026-05-01,0.809,0.952,0.467,1.0,1.0,1,733628.96,85.0,false,false,Value Realized,"Hoffman, Baker and Richards",Enterprise,AMER,PA-460 SKU-0476,hardware_ngfw
C0028,P0476,2026-06-01,0.868,0.967,0.467,1.0,1.0,1,733628.96,85.5,false,false,Value Realized,"Hoffman, Baker and Richards",Enterprise,AMER,PA-460 SKU-0476,hardware_ngfw
C0030,P0018,2025-07-01,0.72,0.93,0.0,1.0,1.0,0,74296.12,72.6,false,false,Value Realized,"Snyder, Campos and Callahan",Enterprise,EMEA,Prisma Access Mobile Users SKU-0018,sase
C0030,P0018,2025-08-01,0.779,0.945,0.0,1.0,1.0,1,74296.12,73.1,false,false,Value Realized,"Snyder, Campos and Callahan",Enterprise,EMEA,Prisma Access Mobile Users SKU-0018,sase
C0030,P0018,2025-09-01,0.632,0.908,0.117,1.0,1.0,1,74296.12,74.7,false,false,Value Realized,"Snyder, Campos and Callahan",Enterprise,EMEA,Prisma Access Mobile Users SKU-0018,sase
C0030,P0018,2025-10-01,0.713,0.928,0.167,1.0,1.0,1,74296.12,76.7,false,false,Value Realized,"Snyder, Campos and Callahan",Enterprise,EMEA,Prisma Access Mobile Users SKU-0018,sase
C0030,P0018,2025-11-01,0.712,0.928,0.117,1.0,1.0,1,74296.12,75.4,false,false,Value Realized,"Snyder, Campos and Callahan",Enterprise,EMEA,Prisma Access Mobile Users SKU-0018,sase
C0030,P0018,2025-12-01,0.799,0.95,0.35,1.0,1.0,1,74296.12,82.0,false,false,Value Realized,"Snyder, Campos and Callahan",Enterprise,EMEA,Prisma Access Mobile Users SKU-0018,sase
C0030,P0018,2026-01-01,0.52,0.804,0.4,1.0,1.0,1,74296.12,78.1,false,false,Value Realized,"Snyder, Campos and Callahan",Enterprise,EMEA,Prisma Access Mobile Users SKU-0018,sase
C0030,P0018,2026-02-01,0.776,0.944,0.45,1.0,1.0,1,74296.12,84.3,false,false,Value Realized,"Snyder, Campos and Callahan",Enterprise,EMEA,Prisma Access Mobile Users SKU-0018,sase
C0030,P0018,2026-03-01,0.585,0.882,0.4,1.0,1.0,1,74296.12,80.9,false,false,Value Realized,"Snyder, Campos and Callahan",Enterprise,EMEA,Prisma Access Mobile Users SKU-0018,sase
C0030,P0018,2026-04-01,0.776,0.944,0.35,1.0,1.0,1,74296.12,81.8,false,false,Value Realized,"Snyder, Campos and Callahan",Enterprise,EMEA,Prisma Access Mobile Users SKU-0018,sase
C0030,P0018,2026-05-01,0.741,0.935,0.45,1.0,1.0,1,74296.12,84.0,false,false,Value Realized,"Snyder, Campos and Callahan",Enterprise,EMEA,Prisma Access Mobile Users SKU-0018,sase
C0030,P0018,2026-06-01,0.829,0.957,0.4,1.0,1.0,1,74296.12,83.5,false,false,Value Realized,"Snyder, Campos and Callahan",Enterprise,EMEA,Prisma Access Mobile Users SKU-0018,sase
C0030,P0068,2025-07-01,0.809,0.952,0.0,1.0,1.0,0,1106480.13,73.3,false,false,Value Realized,"Snyder, Campos and Callahan",Enterprise,EMEA,PA-410 SKU-0068,hardware_ngfw
C0030,P0068,2025-08-01,0.555,0.846,0.0,1.0,1.0,1,1106480.13,69.6,false,false,Developing,"Snyder, Campos and Callahan",Enterprise,EMEA,PA-410 SKU-0068,hardware_ngfw
C0030,P0068,2025-09-01,0.739,0.935,0.0,1.0,1.0,1,1106480.13,72.7,false,false,Value Realized,"Snyder, Campos and Callahan",Enterprise,EMEA,PA-410 SKU-0068,hardware_ngfw
C0030,P0068,2025-10-01,0.715,0.929,0.2,1.0,1.0,1,1106480.13,77.5,false,false,Value Realized,"Snyder, Campos and Callahan",Enterprise,EMEA,PA-410 SKU-0068,hardware_ngfw
C0030,P0068,2025-11-01,0.802,0.951,0.14,1.0,1.0,1,1106480.13,76.8,false,false,Value Realized,"Snyder, Campos and Callahan",Enterprise,EMEA,PA-410 SKU-0068,hardware_ngfw
C0030,P0068,2025-12-01,0.659,0.915,0.14,1.0,1.0,1,1106480.13,75.5,false,false,Value Realized,"Snyder, Campos and Callahan",Enterprise,EMEA,PA-410 SKU-0068,hardware_ngfw
C0030,P0068,2026-01-01,0.842,0.96,0.34,1.0,1.0,1,1106480.13,82.1,false,false,Value Realized,"Snyder, Campos and Callahan",Enterprise,EMEA,PA-410 SKU-0068,hardware_ngfw
C0030,P0068,2026-02-01,0.748,0.937,0.34,1.0,1.0,1,1106480.13,81.3,false,false,Value Realized,"Snyder, Campos and Callahan",Enterprise,EMEA,PA-410 SKU-0068,hardware_ngfw
C0030,P0068,2026-03-01,0.467,0.74,0.28,1.0,1.0,1,1106480.13,72.9,false,false,Value Realized,"Snyder, Campos and Callahan",Enterprise,EMEA,PA-410 SKU-0068,hardware_ngfw
C0030,P0068,2026-04-01,0.834,0.959,0.48,1.0,1.0,1,1106480.13,85.6,false,false,Value Realized,"Snyder, Campos and Callahan",Enterprise,EMEA,PA-410 SKU-0068,hardware_ngfw
C0030,P0068,2026-05-01,0.569,0.862,0.42,1.0,1.0,1,1106480.13,80.7,false,false,Value Realized,"Snyder, Campos and Callahan",Enterprise,EMEA,PA-410 SKU-0068,hardware_ngfw
C0030,P0068,2026-06-01,0.669,0.917,0.42,1.0,1.0,1,1106480.13,82.6,false,false,Value Realized,"Snyder, Campos and Callahan",Enterprise,EMEA,PA-410 SKU-0068,hardware_ngfw
C0034,P0319,2025-07-01,3.18,0.8,0.35,1.0,1.0,0,38724.97,76.8,false,true,Value Realized,Frazier Inc,Enterprise,AMER,VM-700 SKU-0319,software_ngfw
C0034,P0319,2025-08-01,3.805,0.8,0.425,1.0,1.0,1,38724.97,78.6,false,true,Value Realized,Frazier Inc,Enterprise,AMER,VM-700 SKU-0319,software_ngfw
C0034,P0319,2025-09-01,3.321,0.8,0.5,1.0,1.0,1,38724.97,80.5,false,true,Value Realized,Frazier Inc,Enterprise,AMER,VM-700 SKU-0319,software_ngfw
C0034,P0319,2025-10-01,0.0,0.0,0.0,0.5,1.0,1,38724.97,27.5,false,false,Lapsed,Frazier Inc,Enterprise,AMER,VM-700 SKU-0319,software_ngfw
C0034,P0319,2025-11-01,0.0,0.0,0.0,0.2,1.0,1,38724.97,20.0,false,false,Churn Signal,Frazier Inc,Enterprise,AMER,VM-700 SKU-0319,software_ngfw
C0034,P0319,2025-12-01,0.0,0.0,0.0,0.0,1.0,1,38724.97,15.0,false,false,Churn Signal,Frazier Inc,Enterprise,AMER,VM-700 SKU-0319,software_ngfw
C0034,P0319,2026-01-01,0.0,0.0,0.0,0.0,1.0,1,38724.97,15.0,false,false,Lapsed,Frazier Inc,Enterprise,AMER,VM-700 SKU-0319,software_ngfw
C0034,P0319,2026-02-01,0.0,0.0,0.0,0.0,1.0,1,38724.97,15.0,false,false,Lapsed,Frazier Inc,Enterprise,AMER,VM-700 SKU-0319,software_ngfw
C0034,P0319,2026-03-01,0.0,0.0,0.0,0.0,1.0,1,38724.97,15.0,false,false,Lapsed,Frazier Inc,Enterprise,AMER,VM-700 SKU-0319,software_ngfw
C0034,P0319,2026-04-01,0.0,0.0,0.0,0.0,1.0,1,38724.97,15.0,false,false,Lapsed,Frazier Inc,Enterprise,AMER,VM-700 SKU-0319,software_ngfw
C0034,P0319,2026-05-01,0.0,0.0,0.0,0.0,1.0,1,38724.97,15.0,false,false,Lapsed,Frazier Inc,Enterprise,AMER,VM-700 SKU-0319,software_ngfw
C0034,P0319,2026-06-01,0.0,0.0,0.0,0.0,1.0,1,38724.97,15.0,false,false,Lapsed,Frazier Inc,Enterprise,AMER,VM-700 SKU-0319,software_ngfw
C0041,P0224,2025-07-01,0.782,0.946,0.0,1.0,1.0,0,11855.2,73.1,false,false,Value Realized,Ryan PLC,Mid-Market,AMER,VM-500 SKU-0224,software_ngfw
C0041,P0224,2025-08-01,0.569,0.863,0.0,1.0,1.0,1,11855.2,70.2,false,false,Value Realized,Ryan PLC,Mid-Market,AMER,VM-500 SKU-0224,software_ngfw
C0041,P0224,2025-09-01,0.671,0.918,0.0,1.0,1.0,1,11855.2,72.1,false,false,Value Realized,Ryan PLC,Mid-Market,AMER,VM-500 SKU-0224,software_ngfw
C0041,P0224,2025-10-01,0.709,0.927,0.0,1.0,1.0,1,11855.2,72.5,false,false,Value Realized,Ryan PLC,Mid-Market,AMER,VM-500 SKU-0224,software_ngfw
C0041,P0224,2025-11-01,0.833,0.958,0.0,1.0,1.0,1,11855.2,73.5,false,false,Value Realized,Ryan PLC,Mid-Market,AMER,VM-500 SKU-0224,software_ngfw
C0041,P0224,2025-12-01,0.835,0.959,0.0,1.0,1.0,1,11855.2,73.6,false,false,Value Realized,Ryan PLC,Mid-Market,AMER,VM-500 SKU-0224,software_ngfw
C0041,P0224,2026-01-01,0.787,0.947,0.0,1.0,1.0,1,11855.2,73.1,false,false,Value Realized,Ryan PLC,Mid-Market,AMER,VM-500 SKU-0224,software_ngfw
C0041,P0224,2026-02-01,0.921,0.98,0.0,1.0,1.0,1,11855.2,74.3,true,false,Value Realized,Ryan PLC,Mid-Market,AMER,VM-500 SKU-0224,software_ngfw
C0041,P0224,2026-03-01,0.538,0.826,0.0,1.0,1.0,1,11855.2,68.9,false,false,Developing,Ryan PLC,Mid-Market,AMER,VM-500 SKU-0224,software_ngfw
C0041,P0224,2026-04-01,0.503,0.784,0.0,1.0,1.0,1,11855.2,67.4,false,false,Developing,Ryan PLC,Mid-Market,AMER,VM-500 SKU-0224,software_ngfw
C0041,P0224,2026-05-01,0.799,0.95,0.0,1.0,1.0,1,11855.2,73.2,false,false,Value Realized,Ryan PLC,Mid-Market,AMER,VM-500 SKU-0224,software_ngfw
C0041,P0224,2026-06-01,0.769,0.942,0.0,1.0,1.0,1,11855.2,73.0,false,false,Value Realized,Ryan PLC,Mid-Market,AMER,VM-500 SKU-0224,software_ngfw
C0043,P0229,2025-07-01,0.0,0.0,0.0,0.0,,0,51401.04,0.0,false,false,Grace Period,Rodriguez LLC,Enterprise,AMER,Cloud NGFW for Azure SKU-0229,cloud_ngfw
C0043,P0229,2025-08-01,0.0,0.0,0.0,0.0,0.0,0,51401.04,0.0,false,false,Shelfware Risk,Rodriguez LLC,Enterprise,AMER,Cloud NGFW for Azure SKU-0229,cloud_ngfw
C0043,P0229,2025-09-01,0.0,0.0,0.0,0.0,0.0,0,51401.04,0.0,false,false,Shelfware Risk,Rodriguez LLC,Enterprise,AMER,Cloud NGFW for Azure SKU-0229,cloud_ngfw
C0043,P0229,2025-10-01,0.0,0.0,0.0,0.0,0.0,0,51401.04,0.0,false,false,Shelfware Risk,Rodriguez LLC,Enterprise,AMER,Cloud NGFW for Azure SKU-0229,cloud_ngfw
C0043,P0229,2025-11-01,0.0,0.0,0.0,0.0,0.0,0,51401.04,0.0,false,false,Shelfware Risk,Rodriguez LLC,Enterprise,AMER,Cloud NGFW for Azure SKU-0229,cloud_ngfw
C0043,P0229,2025-12-01,0.0,0.0,0.0,0.0,0.0,0,51401.04,0.0,false,false,Shelfware Risk,Rodriguez LLC,Enterprise,AMER,Cloud NGFW for Azure SKU-0229,cloud_ngfw
C0043,P0229,2026-01-01,0.0,0.0,0.0,0.0,0.0,0,51401.04,0.0,false,false,Shelfware Risk,Rodriguez LLC,Enterprise,AMER,Cloud NGFW for Azure SKU-0229,cloud_ngfw
C0043,P0229,2026-02-01,0.0,0.0,0.0,0.0,0.0,0,51401.04,0.0,false,false,Shelfware Risk,Rodriguez LLC,Enterprise,AMER,Cloud NGFW for Azure SKU-0229,cloud_ngfw
C0043,P0229,2026-03-01,0.0,0.0,0.0,0.0,0.0,0,51401.04,0.0,false,false,Shelfware Risk,Rodriguez LLC,Enterprise,AMER,Cloud NGFW for Azure SKU-0229,cloud_ngfw
C0043,P0229,2026-04-01,0.0,0.0,0.0,0.0,0.0,0,51401.04,0.0,false,false,Shelfware Risk,Rodriguez LLC,Enterprise,AMER,Cloud NGFW for Azure SKU-0229,cloud_ngfw
C0043,P0229,2026-05-01,0.0,0.0,0.0,0.0,0.0,0,51401.04,0.0,false,false,Shelfware Risk,Rodriguez LLC,Enterprise,AMER,Cloud NGFW for Azure SKU-0229,cloud_ngfw
C0043,P0229,2026-06-01,0.0,0.0,0.0,0.0,0.0,0,51401.04,0.0,false,false,Shelfware Risk,Rodriguez LLC,Enterprise,AMER,Cloud NGFW for Azure SKU-0229,cloud_ngfw
C0052,P0031,2025-08-01,0.0,0.0,0.0,0.0,,0,43036.68,0.0,false,false,Grace Period,Walker LLC,Enterprise,LATAM,CN-Series SKU-0031,software_ngfw
C0052,P0031,2025-09-01,0.0,0.0,0.0,0.0,0.0,0,43036.68,0.0,false,false,Shelfware Risk,Walker LLC,Enterprise,LATAM,CN-Series SKU-0031,software_ngfw
C0052,P0031,2025-10-01,0.0,0.0,0.0,0.0,0.0,0,43036.68,0.0,false,false,Shelfware Risk,Walker LLC,Enterprise,LATAM,CN-Series SKU-0031,software_ngfw
C0052,P0031,2025-11-01,0.0,0.0,0.0,0.0,0.0,0,43036.68,0.0,false,false,Shelfware Risk,Walker LLC,Enterprise,LATAM,CN-Series SKU-0031,software_ngfw
C0052,P0031,2025-12-01,0.0,0.0,0.0,0.0,0.0,0,43036.68,0.0,false,false,Shelfware Risk,Walker LLC,Enterprise,LATAM,CN-Series SKU-0031,software_ngfw
C0052,P0031,2026-01-01,0.0,0.0,0.0,0.0,0.0,0,43036.68,0.0,false,false,Shelfware Risk,Walker LLC,Enterprise,LATAM,CN-Series SKU-0031,software_ngfw
C0052,P0031,2026-02-01,0.0,0.0,0.0,0.0,0.0,0,43036.68,0.0,false,false,Shelfware Risk,Walker LLC,Enterprise,LATAM,CN-Series SKU-0031,software_ngfw
C0052,P0031,2026-03-01,0.0,0.0,0.0,0.0,0.0,0,43036.68,0.0,false,false,Shelfware Risk,Walker LLC,Enterprise,LATAM,CN-Series SKU-0031,software_ngfw
C0052,P0031,2026-04-01,0.0,0.0,0.0,0.0,0.0,0,43036.68,0.0,false,false,Shelfware Risk,Walker LLC,Enterprise,LATAM,CN-Series SKU-0031,software_ngfw
C0052,P0031,2026-05-01,0.0,0.0,0.0,0.0,0.0,0,43036.68,0.0,false,false,Shelfware Risk,Walker LLC,Enterprise,LATAM,CN-Series SKU-0031,software_ngfw
C0052,P0031,2026-06-01,0.0,0.0,0.0,0.0,0.0,0,43036.68,0.0,false,false,Shelfware Risk,Walker LLC,Enterprise,LATAM,CN-Series SKU-0031,software_ngfw
C0052,P0344,2025-07-01,0.0,0.0,0.0,0.0,,0,150846.6,0.0,false,false,Grace Period,Walker LLC,Enterprise,LATAM,PA-410 SKU-0344,hardware_ngfw
C0052,P0344,2025-08-01,0.0,0.0,0.0,0.0,0.0,0,150846.6,0.0,false,false,Shelfware Risk,Walker LLC,Enterprise,LATAM,PA-410 SKU-0344,hardware_ngfw
C0052,P0344,2025-09-01,0.0,0.0,0.0,0.0,0.0,0,150846.6,0.0,false,false,Shelfware Risk,Walker LLC,Enterprise,LATAM,PA-410 SKU-0344,hardware_ngfw
C0052,P0344,2025-10-01,0.0,0.0,0.0,0.0,0.0,0,150846.6,0.0,false,false,Shelfware Risk,Walker LLC,Enterprise,LATAM,PA-410 SKU-0344,hardware_ngfw
C0052,P0344,2025-11-01,0.0,0.0,0.0,0.0,0.0,0,150846.6,0.0,false,false,Shelfware Risk,Walker LLC,Enterprise,LATAM,PA-410 SKU-0344,hardware_ngfw
C0052,P0344,2025-12-01,0.0,0.0,0.0,0.0,0.0,0,150846.6,0.0,false,false,Shelfware Risk,Walker LLC,Enterprise,LATAM,PA-410 SKU-0344,hardware_ngfw
C0052,P0344,2026-01-01,0.0,0.0,0.0,0.0,0.0,0,150846.6,0.0,false,false,Shelfware Risk,Walker LLC,Enterprise,LATAM,PA-410 SKU-0344,hardware_ngfw
C0052,P0344,2026-02-01,0.0,0.0,0.0,0.0,0.0,0,150846.6,0.0,false,false,Shelfware Risk,Walker LLC,Enterprise,LATAM,PA-410 SKU-0344,hardware_ngfw
C0052,P0344,2026-03-01,0.0,0.0,0.0,0.0,0.0,0,150846.6,0.0,false,false,Shelfware Risk,Walker LLC,Enterprise,LATAM,PA-410 SKU-0344,hardware_ngfw
C0052,P0344,2026-04-01,0.0,0.0,0.0,0.0,0.0,0,150846.6,0.0,false,false,Shelfware Risk,Walker LLC,Enterprise,LATAM,PA-410 SKU-0344,hardware_ngfw
C0052,P0344,2026-05-01,0.0,0.0,0.0,0.0,0.0,0,150846.6,0.0,false,false,Shelfware Risk,Walker LLC,Enterprise,LATAM,PA-410 SKU-0344,hardware_ngfw
C0052,P0344,2026-06-01,0.0,0.0,0.0,0.0,0.0,0,150846.6,0.0,false,false,Shelfware Risk,Walker LLC,Enterprise,LATAM,PA-410 SKU-0344,hardware_ngfw
C0054,P0208,2025-07-01,0.461,0.733,0.0,1.0,1.0,0,31456.2,65.7,false,false,Developing,"Robinson, Jones and Welch",Mid-Market,EMEA,Cloud NGFW for Azure SKU-0208,cloud_ngfw
C0054,P0208,2025-08-01,0.804,0.951,0.0,1.0,1.0,1,31456.2,73.3,false,false,Value Realized,"Robinson, Jones and Welch",Mid-Market,EMEA,Cloud NGFW for Azure SKU-0208,cloud_ngfw
C0054,P0208,2025-09-01,0.963,0.991,0.0,1.0,1.0,1,31456.2,74.7,true,false,Value Realized,"Robinson, Jones and Welch",Mid-Market,EMEA,Cloud NGFW for Azure SKU-0208,cloud_ngfw
C0054,P0208,2025-10-01,0.7,0.925,0.0,1.0,1.0,1,31456.2,72.4,false,false,Value Realized,"Robinson, Jones and Welch",Mid-Market,EMEA,Cloud NGFW for Azure SKU-0208,cloud_ngfw
C0054,P0208,2025-11-01,0.799,0.95,0.0,1.0,1.0,1,31456.2,73.2,false,false,Value Realized,"Robinson, Jones and Welch",Mid-Market,EMEA,Cloud NGFW for Azure SKU-0208,cloud_ngfw
C0054,P0208,2025-12-01,0.693,0.923,0.117,1.0,1.0,1,31456.2,75.2,false,false,Value Realized,"Robinson, Jones and Welch",Mid-Market,EMEA,Cloud NGFW for Azure SKU-0208,cloud_ngfw
C0054,P0208,2026-01-01,0.741,0.935,0.333,1.0,1.0,1,31456.2,81.1,false,false,Value Realized,"Robinson, Jones and Welch",Mid-Market,EMEA,Cloud NGFW for Azure SKU-0208,cloud_ngfw
C0054,P0208,2026-02-01,0.725,0.931,0.283,1.0,1.0,1,31456.2,79.7,false,false,Value Realized,"Robinson, Jones and Welch",Mid-Market,EMEA,Cloud NGFW for Azure SKU-0208,cloud_ngfw
C0054,P0208,2026-03-01,0.621,0.905,0.283,1.0,1.0,1,31456.2,78.8,false,false,Value Realized,"Robinson, Jones and Welch",Mid-Market,EMEA,Cloud NGFW for Azure SKU-0208,cloud_ngfw
C0054,P0208,2026-04-01,0.732,0.933,0.4,1.0,1.0,1,31456.2,82.7,false,false,Value Realized,"Robinson, Jones and Welch",Mid-Market,EMEA,Cloud NGFW for Azure SKU-0208,cloud_ngfw
C0054,P0208,2026-05-01,0.588,0.885,0.567,1.0,1.0,1,31456.2,85.2,false,false,Value Realized,"Robinson, Jones and Welch",Mid-Market,EMEA,Cloud NGFW for Azure SKU-0208,cloud_ngfw
C0054,P0208,2026-06-01,0.848,0.962,0.567,1.0,1.0,1,31456.2,87.8,false,false,Value Realized,"Robinson, Jones and Welch",Mid-Market,EMEA,Cloud NGFW for Azure SKU-0208,cloud_ngfw
C0059,P0188,2025-09-01,0.534,0.82,0.0,1.0,1.0,0,654296.1,68.7,false,false,Developing,Lee-Davis,Mid-Market,LATAM,Prisma Access Browser SKU-0188,sase
C0059,P0188,2025-10-01,0.829,0.957,0.14,1.0,1.0,1,654296.1,77.0,false,false,Value Realized,Lee-Davis,Mid-Market,LATAM,Prisma Access Browser SKU-0188,sase
C0059,P0188,2025-11-01,0.596,0.896,0.14,1.0,1.0,1,654296.1,74.8,false,false,Value Realized,Lee-Davis,Mid-Market,LATAM,Prisma Access Browser SKU-0188,sase
C0059,P0188,2025-12-01,0.518,0.801,0.14,1.0,1.0,1,654296.1,71.5,false,false,Value Realized,Lee-Davis,Mid-Market,LATAM,Prisma Access Browser SKU-0188,sase
C0059,P0188,2026-01-01,0.5,0.78,0.2,1.0,1.0,1,654296.1,72.3,false,false,Value Realized,Lee-Davis,Mid-Market,LATAM,Prisma Access Browser SKU-0188,sase
C0059,P0188,2026-02-01,0.965,0.991,0.2,1.0,1.0,1,654296.1,79.7,true,false,Value Realized,Lee-Davis,Mid-Market,LATAM,Prisma Access Browser SKU-0188,sase
C0059,P0188,2026-03-01,0.772,0.943,0.14,1.0,1.0,1,654296.1,76.5,false,false,Value Realized,Lee-Davis,Mid-Market,LATAM,Prisma Access Browser SKU-0188,sase
C0059,P0188,2026-04-01,0.785,0.946,0.14,1.0,1.0,1,654296.1,76.6,false,false,Value Realized,Lee-Davis,Mid-Market,LATAM,Prisma Access Browser SKU-0188,sase
C0059,P0188,2026-05-01,0.937,0.984,0.2,1.0,1.0,1,654296.1,79.5,true,false,Value Realized,Lee-Davis,Mid-Market,LATAM,Prisma Access Browser SKU-0188,sase
C0059,P0188,2026-06-01,0.659,0.915,0.14,1.0,1.0,1,654296.1,75.5,false,false,Value Realized,Lee-Davis,Mid-Market,LATAM,Prisma Access Browser SKU-0188,sase
C0059,P0191,2025-07-01,0.617,0.904,0.0,1.0,1.0,0,589152.46,71.6,false,false,Value Realized,Lee-Davis,Mid-Market,LATAM,PA-3410 SKU-0191,hardware_ngfw
C0059,P0191,2025-08-01,0.325,0.57,0.0,1.0,1.0,1,589152.46,59.9,false,false,Developing,Lee-Davis,Mid-Market,LATAM,PA-3410 SKU-0191,hardware_ngfw
C0059,P0191,2025-09-01,0.639,0.91,0.0,1.0,1.0,1,589152.46,71.8,false,false,Value Realized,Lee-Davis,Mid-Market,LATAM,PA-3410 SKU-0191,hardware_ngfw
C0059,P0191,2025-10-01,0.799,0.95,0.117,1.0,1.0,1,589152.46,76.2,false,false,Value Realized,Lee-Davis,Mid-Market,LATAM,PA-3410 SKU-0191,hardware_ngfw
C0059,P0191,2025-11-01,0.684,0.921,0.117,1.0,1.0,1,589152.46,75.2,false,false,Value Realized,Lee-Davis,Mid-Market,LATAM,PA-3410 SKU-0191,hardware_ngfw
C0059,P0191,2025-12-01,0.659,0.915,0.117,1.0,1.0,1,589152.46,74.9,false,false,Value Realized,Lee-Davis,Mid-Market,LATAM,PA-3410 SKU-0191,hardware_ngfw
C0059,P0191,2026-01-01,0.997,0.999,0.283,1.0,1.0,1,589152.46,82.1,false,false,Value Realized,Lee-Davis,Mid-Market,LATAM,PA-3410 SKU-0191,hardware_ngfw
C0059,P0191,2026-02-01,0.81,0.953,0.283,1.0,1.0,1,589152.46,80.4,false,false,Value Realized,Lee-Davis,Mid-Market,LATAM,PA-3410 SKU-0191,hardware_ngfw
C0059,P0191,2026-03-01,0.627,0.907,0.35,1.0,1.0,1,589152.46,80.5,false,false,Value Realized,Lee-Davis,Mid-Market,LATAM,PA-3410 SKU-0191,hardware_ngfw
C0059,P0191,2026-04-01,0.857,0.964,0.4,1.0,1.0,1,589152.46,83.7,false,false,Value Realized,Lee-Davis,Mid-Market,LATAM,PA-3410 SKU-0191,hardware_ngfw
C0059,P0191,2026-05-01,0.625,0.906,0.35,1.0,1.0,1,589152.46,80.5,false,false,Value Realized,Lee-Davis,Mid-Market,LATAM,PA-3410 SKU-0191,hardware_ngfw
C0059,P0191,2026-06-01,0.802,0.95,0.45,1.0,1.0,1,589152.46,84.5,false,false,Value Realized,Lee-Davis,Mid-Market,LATAM,PA-3410 SKU-0191,hardware_ngfw
C0059,P0219,2025-09-01,0.844,0.961,0.233,1.0,1.0,0,54566.15,79.5,false,false,Value Realized,Lee-Davis,Mid-Market,LATAM,VM-300 SKU-0219,software_ngfw
C0059,P0219,2025-10-01,0.456,0.727,0.333,1.0,1.0,1,54566.15,73.8,false,false,Value Realized,Lee-Davis,Mid-Market,LATAM,VM-300 SKU-0219,software_ngfw
C0059,P0219,2025-11-01,0.575,0.87,0.233,1.0,1.0,1,54566.15,76.3,false,false,Value Realized,Lee-Davis,Mid-Market,LATAM,VM-300 SKU-0219,software_ngfw
C0059,P0219,2025-12-01,0.724,0.931,0.233,1.0,1.0,1,54566.15,78.4,false,false,Value Realized,Lee-Davis,Mid-Market,LATAM,VM-300 SKU-0219,software_ngfw
C0059,P0219,2026-01-01,0.788,0.947,0.467,1.0,1.0,1,54566.15,84.8,false,false,Value Realized,Lee-Davis,Mid-Market,LATAM,VM-300 SKU-0219,software_ngfw
C0059,P0219,2026-02-01,0.717,0.929,0.467,1.0,1.0,1,54566.15,84.2,false,false,Value Realized,Lee-Davis,Mid-Market,LATAM,VM-300 SKU-0219,software_ngfw
C0059,P0219,2026-03-01,0.85,0.963,0.467,1.0,1.0,1,54566.15,85.4,false,false,Value Realized,Lee-Davis,Mid-Market,LATAM,VM-300 SKU-0219,software_ngfw
C0059,P0219,2026-04-01,0.659,0.915,0.567,1.0,1.0,1,54566.15,86.2,false,false,Value Realized,Lee-Davis,Mid-Market,LATAM,VM-300 SKU-0219,software_ngfw
C0059,P0219,2026-05-01,0.556,0.848,0.567,1.0,1.0,1,54566.15,83.8,false,false,Value Realized,Lee-Davis,Mid-Market,LATAM,VM-300 SKU-0219,software_ngfw
C0059,P0219,2026-06-01,0.803,0.951,0.567,1.0,1.0,1,54566.15,87.4,false,false,Value Realized,Lee-Davis,Mid-Market,LATAM,VM-300 SKU-0219,software_ngfw
C0062,P0473,2025-07-01,0.732,0.933,0.175,1.0,1.0,0,177890.88,77.0,false,false,Value Realized,Powell LLC,Mid-Market,EMEA,PA-1410 SKU-0473,hardware_ngfw
C0062,P0473,2025-08-01,0.938,0.984,0.425,1.0,1.0,1,177890.88,85.1,false,false,Value Realized,Powell LLC,Mid-Market,EMEA,PA-1410 SKU-0473,hardware_ngfw
C0062,P0473,2025-09-01,0.625,0.906,0.5,1.0,1.0,1,177890.88,84.2,false,false,Value Realized,Powell LLC,Mid-Market,EMEA,PA-1410 SKU-0473,hardware_ngfw
C0062,P0473,2025-10-01,0.898,0.975,0.35,1.0,1.0,1,177890.88,82.9,false,false,Value Realized,Powell LLC,Mid-Market,EMEA,PA-1410 SKU-0473,hardware_ngfw
C0062,P0473,2025-11-01,0.822,0.955,0.425,1.0,1.0,1,177890.88,84.1,false,false,Value Realized,Powell LLC,Mid-Market,EMEA,PA-1410 SKU-0473,hardware_ngfw
C0062,P0473,2025-12-01,0.522,0.806,0.5,1.0,1.0,1,177890.88,80.7,false,false,Value Realized,Powell LLC,Mid-Market,EMEA,PA-1410 SKU-0473,hardware_ngfw
C0062,P0473,2026-01-01,0.821,0.955,0.425,1.0,1.0,1,177890.88,84.1,false,false,Value Realized,Powell LLC,Mid-Market,EMEA,PA-1410 SKU-0473,hardware_ngfw
C0062,P0473,2026-02-01,0.708,0.927,0.35,1.0,1.0,1,177890.88,81.2,false,false,Value Realized,Powell LLC,Mid-Market,EMEA,PA-1410 SKU-0473,hardware_ngfw
C0062,P0473,2026-03-01,0.661,0.915,0.425,1.0,1.0,1,177890.88,82.7,false,false,Value Realized,Powell LLC,Mid-Market,EMEA,PA-1410 SKU-0473,hardware_ngfw
C0062,P0473,2026-04-01,0.706,0.926,0.525,1.0,1.0,1,177890.88,85.6,false,false,Value Realized,Powell LLC,Mid-Market,EMEA,PA-1410 SKU-0473,hardware_ngfw
C0062,P0473,2026-05-01,0.774,0.944,0.85,1.0,1.0,1,177890.88,94.3,false,false,Value Realized,Powell LLC,Mid-Market,EMEA,PA-1410 SKU-0473,hardware_ngfw
C0062,P0473,2026-06-01,0.78,0.945,0.775,1.0,1.0,1,177890.88,92.5,false,false,Value Realized,Powell LLC,Mid-Market,EMEA,PA-1410 SKU-0473,hardware_ngfw
C0064,P0399,2025-08-01,0.985,0.996,0.0,1.0,1.0,0,337670.83,74.9,true,false,Value Realized,"West, Henderson and Ramirez",Mid-Market,APAC,PA-1410 SKU-0399,hardware_ngfw
C0064,P0399,2025-09-01,0.632,0.908,0.0,1.0,1.0,1,337670.83,71.8,false,false,Value Realized,"West, Henderson and Ramirez",Mid-Market,APAC,PA-1410 SKU-0399,hardware_ngfw
C0064,P0399,2025-10-01,0.711,0.928,0.0,1.0,1.0,1,337670.83,72.5,false,false,Value Realized,"West, Henderson and Ramirez",Mid-Market,APAC,PA-1410 SKU-0399,hardware_ngfw
C0064,P0399,2025-11-01,0.704,0.926,0.0,1.0,1.0,1,337670.83,72.4,false,false,Value Realized,"West, Henderson and Ramirez",Mid-Market,APAC,PA-1410 SKU-0399,hardware_ngfw
C0064,P0399,2025-12-01,0.602,0.9,0.0,1.0,1.0,1,337670.83,71.5,false,false,Value Realized,"West, Henderson and Ramirez",Mid-Market,APAC,PA-1410 SKU-0399,hardware_ngfw
C0064,P0399,2026-01-01,0.834,0.958,0.28,1.0,1.0,1,337670.83,80.5,false,false,Value Realized,"West, Henderson and Ramirez",Mid-Market,APAC,PA-1410 SKU-0399,hardware_ngfw
C0064,P0399,2026-02-01,0.536,0.823,0.28,1.0,1.0,1,337670.83,75.8,false,false,Value Realized,"West, Henderson and Ramirez",Mid-Market,APAC,PA-1410 SKU-0399,hardware_ngfw
C0064,P0399,2026-03-01,0.769,0.942,0.34,1.0,1.0,1,337670.83,81.5,false,false,Value Realized,"West, Henderson and Ramirez",Mid-Market,APAC,PA-1410 SKU-0399,hardware_ngfw
C0064,P0399,2026-04-01,0.662,0.915,0.68,1.0,1.0,1,337670.83,89.0,false,false,Value Realized,"West, Henderson and Ramirez",Mid-Market,APAC,PA-1410 SKU-0399,hardware_ngfw
C0064,P0399,2026-05-01,0.658,0.915,0.68,1.0,1.0,1,337670.83,89.0,false,false,Value Realized,"West, Henderson and Ramirez",Mid-Market,APAC,PA-1410 SKU-0399,hardware_ngfw
C0064,P0399,2026-06-01,0.735,0.934,0.62,1.0,1.0,1,337670.83,88.2,false,false,Value Realized,"West, Henderson and Ramirez",Mid-Market,APAC,PA-1410 SKU-0399,hardware_ngfw
C0066,P0217,2025-07-01,0.724,0.931,0.0,1.0,1.0,0,936987.4,72.6,false,false,Value Realized,Morton-Chase,Mid-Market,EMEA,Prisma Access Mobile Users SKU-0217,sase
C0066,P0217,2025-08-01,0.772,0.943,0.0,1.0,1.0,1,936987.4,73.0,false,false,Value Realized,Morton-Chase,Mid-Market,EMEA,Prisma Access Mobile Users SKU-0217,sase
C0066,P0217,2025-09-01,0.44,0.708,0.0,1.0,1.0,1,936987.4,64.8,false,false,Developing,Morton-Chase,Mid-Market,EMEA,Prisma Access Mobile Users SKU-0217,sase
C0066,P0217,2025-10-01,0.675,0.919,0.0,1.0,1.0,1,936987.4,72.2,false,false,Value Realized,Morton-Chase,Mid-Market,EMEA,Prisma Access Mobile Users SKU-0217,sase
C0066,P0217,2025-11-01,0.861,0.965,0.0,1.0,1.0,1,936987.4,73.8,false,false,Value Realized,Morton-Chase,Mid-Market,EMEA,Prisma Access Mobile Users SKU-0217,sase
C0066,P0217,2025-12-01,0.711,0.928,0.0,1.0,1.0,1,936987.4,72.5,false,false,Value Realized,Morton-Chase,Mid-Market,EMEA,Prisma Access Mobile Users SKU-0217,sase
C0066,P0217,2026-01-01,0.622,0.906,0.0,1.0,1.0,1,936987.4,71.7,false,false,Value Realized,Morton-Chase,Mid-Market,EMEA,Prisma Access Mobile Users SKU-0217,sase
C0066,P0217,2026-02-01,0.682,0.921,0.0,1.0,1.0,1,936987.4,72.2,false,false,Value Realized,Morton-Chase,Mid-Market,EMEA,Prisma Access Mobile Users SKU-0217,sase
C0066,P0217,2026-03-01,0.743,0.936,0.117,1.0,1.0,1,936987.4,75.7,false,false,Value Realized,Morton-Chase,Mid-Market,EMEA,Prisma Access Mobile Users SKU-0217,sase
C0066,P0217,2026-04-01,0.815,0.954,0.117,1.0,1.0,1,936987.4,76.3,false,false,Value Realized,Morton-Chase,Mid-Market,EMEA,Prisma Access Mobile Users SKU-0217,sase
C0066,P0217,2026-05-01,0.645,0.911,0.117,1.0,1.0,1,936987.4,74.8,false,false,Value Realized,Morton-Chase,Mid-Market,EMEA,Prisma Access Mobile Users SKU-0217,sase
C0066,P0217,2026-06-01,0.757,0.939,0.117,1.0,1.0,1,936987.4,75.8,false,false,Value Realized,Morton-Chase,Mid-Market,EMEA,Prisma Access Mobile Users SKU-0217,sase
C0069,P0373,2025-07-01,0.616,0.904,0.0,1.0,1.0,0,541149.44,71.6,false,false,Value Realized,Russell Group,Enterprise,AMER,Prisma Access Mobile Users SKU-0373,sase
C0069,P0373,2025-08-01,0.873,0.968,0.0,1.0,1.0,1,541149.44,73.9,false,false,Value Realized,Russell Group,Enterprise,AMER,Prisma Access Mobile Users SKU-0373,sase
C0069,P0373,2025-09-01,0.703,0.926,0.333,1.0,1.0,1,541149.44,80.7,false,false,Value Realized,Russell Group,Enterprise,AMER,Prisma Access Mobile Users SKU-0373,sase
C0069,P0373,2025-10-01,0.684,0.921,0.7,1.0,1.0,1,541149.44,89.7,false,false,Value Realized,Russell Group,Enterprise,AMER,Prisma Access Mobile Users SKU-0373,sase
C0069,P0373,2025-11-01,0.68,0.92,0.9,1.0,1.0,1,541149.44,94.7,false,false,Value Realized,Russell Group,Enterprise,AMER,Prisma Access Mobile Users SKU-0373,sase
C0069,P0373,2025-12-01,0.392,0.65,0.8,1.0,1.0,1,541149.44,82.8,false,false,Value Realized,Russell Group,Enterprise,AMER,Prisma Access Mobile Users SKU-0373,sase
C0069,P0373,2026-01-01,0.724,0.931,0.7,1.0,1.0,1,541149.44,90.1,false,false,Value Realized,Russell Group,Enterprise,AMER,Prisma Access Mobile Users SKU-0373,sase
C0069,P0373,2026-02-01,0.782,0.946,0.7,1.0,1.0,1,541149.44,90.6,false,false,Value Realized,Russell Group,Enterprise,AMER,Prisma Access Mobile Users SKU-0373,sase
C0069,P0373,2026-03-01,0.697,0.924,0.7,1.0,1.0,1,541149.44,89.8,false,false,Value Realized,Russell Group,Enterprise,AMER,Prisma Access Mobile Users SKU-0373,sase
C0069,P0373,2026-04-01,0.693,0.923,0.9,1.0,1.0,1,541149.44,94.8,false,false,Value Realized,Russell Group,Enterprise,AMER,Prisma Access Mobile Users SKU-0373,sase
C0069,P0373,2026-05-01,0.712,0.928,0.9,1.0,1.0,1,541149.44,95.0,false,false,Value Realized,Russell Group,Enterprise,AMER,Prisma Access Mobile Users SKU-0373,sase
C0069,P0373,2026-06-01,0.565,0.858,0.9,1.0,1.0,1,541149.44,92.5,false,false,Value Realized,Russell Group,Enterprise,AMER,Prisma Access Mobile Users SKU-0373,sase
C0071,P0317,2025-07-01,0.652,0.913,0.0,1.0,1.0,0,53104.9,72.0,false,false,Value Realized,Gray Group,Enterprise,AMER,VM-700 SKU-0317,software_ngfw
C0071,P0317,2025-08-01,0.883,0.971,0.0,1.0,1.0,1,53104.9,74.0,false,false,Value Realized,Gray Group,Enterprise,AMER,VM-700 SKU-0317,software_ngfw
C0071,P0317,2025-09-01,0.737,0.934,0.0,1.0,1.0,1,53104.9,72.7,false,false,Value Realized,Gray Group,Enterprise,AMER,VM-700 SKU-0317,software_ngfw
C0071,P0317,2025-10-01,0.794,0.949,0.0,1.0,1.0,1,53104.9,73.2,false,false,Value Realized,Gray Group,Enterprise,AMER,VM-700 SKU-0317,software_ngfw
C0071,P0317,2025-11-01,1.11,1.0,0.0,1.0,1.0,1,53104.9,75.0,true,false,Value Realized,Gray Group,Enterprise,AMER,VM-700 SKU-0317,software_ngfw
C0071,P0317,2025-12-01,0.931,0.983,0.0,1.0,1.0,1,53104.9,74.4,true,false,Value Realized,Gray Group,Enterprise,AMER,VM-700 SKU-0317,software_ngfw
C0071,P0317,2026-01-01,0.776,0.944,0.0,1.0,1.0,1,53104.9,73.0,false,false,Value Realized,Gray Group,Enterprise,AMER,VM-700 SKU-0317,software_ngfw
C0071,P0317,2026-02-01,0.665,0.916,0.0,1.0,1.0,1,53104.9,72.1,false,false,Value Realized,Gray Group,Enterprise,AMER,VM-700 SKU-0317,software_ngfw
C0071,P0317,2026-03-01,0.486,0.763,0.0,1.0,1.0,1,53104.9,66.7,false,false,Developing,Gray Group,Enterprise,AMER,VM-700 SKU-0317,software_ngfw
C0071,P0317,2026-04-01,0.733,0.933,0.333,1.0,1.0,1,53104.9,81.0,false,false,Value Realized,Gray Group,Enterprise,AMER,VM-700 SKU-0317,software_ngfw
C0071,P0317,2026-05-01,0.693,0.923,0.233,1.0,1.0,1,53104.9,78.1,false,false,Value Realized,Gray Group,Enterprise,AMER,VM-700 SKU-0317,software_ngfw
C0071,P0317,2026-06-01,0.811,0.953,0.233,1.0,1.0,1,53104.9,79.2,false,false,Value Realized,Gray Group,Enterprise,AMER,VM-700 SKU-0317,software_ngfw
C0083,P0006,2025-07-01,0.873,0.968,0.0,1.0,1.0,0,549258.6,73.9,false,false,Value Realized,Donovan-Harris,Enterprise,APAC,PA-440 SKU-0006,hardware_ngfw
C0083,P0006,2025-08-01,0.87,0.968,0.333,1.0,1.0,1,549258.6,82.2,false,false,Value Realized,Donovan-Harris,Enterprise,APAC,PA-440 SKU-0006,hardware_ngfw
C0083,P0006,2025-09-01,0.561,0.853,0.233,1.0,1.0,1,549258.6,75.7,false,false,Value Realized,Donovan-Harris,Enterprise,APAC,PA-440 SKU-0006,hardware_ngfw
C0083,P0006,2025-10-01,0.561,0.853,0.233,1.0,1.0,1,549258.6,75.7,false,false,Value Realized,Donovan-Harris,Enterprise,APAC,PA-440 SKU-0006,hardware_ngfw
C0083,P0006,2025-11-01,0.686,0.921,0.333,1.0,1.0,1,549258.6,80.6,false,false,Value Realized,Donovan-Harris,Enterprise,APAC,PA-440 SKU-0006,hardware_ngfw
C0083,P0006,2025-12-01,0.946,0.986,0.233,1.0,1.0,1,549258.6,80.4,true,false,Value Realized,Donovan-Harris,Enterprise,APAC,PA-440 SKU-0006,hardware_ngfw
C0083,P0006,2026-01-01,0.736,0.934,0.4,1.0,1.0,1,549258.6,82.7,false,false,Value Realized,Donovan-Harris,Enterprise,APAC,PA-440 SKU-0006,hardware_ngfw
C0083,P0006,2026-02-01,0.878,0.969,0.517,1.0,1.0,1,549258.6,86.8,false,false,Value Realized,Donovan-Harris,Enterprise,APAC,PA-440 SKU-0006,hardware_ngfw
C0083,P0006,2026-03-01,0.468,0.741,0.567,1.0,1.0,1,549258.6,80.1,false,false,Value Realized,Donovan-Harris,Enterprise,APAC,PA-440 SKU-0006,hardware_ngfw
C0083,P0006,2026-04-01,0.645,0.911,0.617,1.0,1.0,1,549258.6,87.3,false,false,Value Realized,Donovan-Harris,Enterprise,APAC,PA-440 SKU-0006,hardware_ngfw
C0083,P0006,2026-05-01,0.934,0.984,0.567,1.0,1.0,1,549258.6,88.6,false,false,Value Realized,Donovan-Harris,Enterprise,APAC,PA-440 SKU-0006,hardware_ngfw
C0083,P0006,2026-06-01,0.866,0.966,0.567,1.0,1.0,1,549258.6,88.0,false,false,Value Realized,Donovan-Harris,Enterprise,APAC,PA-440 SKU-0006,hardware_ngfw
C0083,P0158,2025-07-01,0.809,0.952,0.333,1.0,1.0,0,365108.25,81.7,false,false,Value Realized,Donovan-Harris,Enterprise,APAC,PA-410 SKU-0158,hardware_ngfw
C0083,P0158,2025-08-01,0.761,0.94,0.333,1.0,1.0,1,365108.25,81.2,false,false,Value Realized,Donovan-Harris,Enterprise,APAC,PA-410 SKU-0158,hardware_ngfw
C0083,P0158,2025-09-01,0.692,0.923,0.233,1.0,1.0,1,365108.25,78.1,false,false,Value Realized,Donovan-Harris,Enterprise,APAC,PA-410 SKU-0158,hardware_ngfw
C0083,P0158,2025-10-01,0.754,0.939,0.333,1.0,1.0,1,365108.25,81.2,false,false,Value Realized,Donovan-Harris,Enterprise,APAC,PA-410 SKU-0158,hardware_ngfw
C0083,P0158,2025-11-01,0.696,0.924,0.333,1.0,1.0,1,365108.25,80.7,false,false,Value Realized,Donovan-Harris,Enterprise,APAC,PA-410 SKU-0158,hardware_ngfw
C0083,P0158,2025-12-01,0.924,0.981,0.233,1.0,1.0,1,365108.25,80.2,true,false,Value Realized,Donovan-Harris,Enterprise,APAC,PA-410 SKU-0158,hardware_ngfw
C0083,P0158,2026-01-01,0.642,0.911,0.233,1.0,1.0,1,365108.25,77.7,false,false,Value Realized,Donovan-Harris,Enterprise,APAC,PA-410 SKU-0158,hardware_ngfw
C0083,P0158,2026-02-01,0.966,0.991,0.467,1.0,1.0,1,365108.25,86.4,false,false,Value Realized,Donovan-Harris,Enterprise,APAC,PA-410 SKU-0158,hardware_ngfw
C0083,P0158,2026-03-01,0.582,0.878,0.8,1.0,1.0,1,365108.25,90.7,false,false,Value Realized,Donovan-Harris,Enterprise,APAC,PA-410 SKU-0158,hardware_ngfw
C0083,P0158,2026-04-01,0.71,0.928,0.8,1.0,1.0,1,365108.25,92.5,false,false,Value Realized,Donovan-Harris,Enterprise,APAC,PA-410 SKU-0158,hardware_ngfw
C0083,P0158,2026-05-01,0.704,0.926,0.8,1.0,1.0,1,365108.25,92.4,false,false,Value Realized,Donovan-Harris,Enterprise,APAC,PA-410 SKU-0158,hardware_ngfw
C0083,P0158,2026-06-01,0.56,0.852,0.9,1.0,1.0,1,365108.25,92.3,false,false,Value Realized,Donovan-Harris,Enterprise,APAC,PA-410 SKU-0158,hardware_ngfw
C0085,P0179,2025-07-01,0.0,0.0,0.0,0.0,,0,545975.56,0.0,false,false,Grace Period,"Evans, Stewart and Walton",Mid-Market,AMER,PA-3440 SKU-0179,hardware_ngfw
C0085,P0179,2025-08-01,0.0,0.0,0.0,0.0,0.0,0,545975.56,0.0,false,false,Shelfware Risk,"Evans, Stewart and Walton",Mid-Market,AMER,PA-3440 SKU-0179,hardware_ngfw
C0085,P0179,2025-09-01,0.0,0.0,0.0,0.0,0.0,0,545975.56,0.0,false,false,Shelfware Risk,"Evans, Stewart and Walton",Mid-Market,AMER,PA-3440 SKU-0179,hardware_ngfw
C0085,P0179,2025-10-01,0.0,0.0,0.0,0.0,0.0,0,545975.56,0.0,false,false,Shelfware Risk,"Evans, Stewart and Walton",Mid-Market,AMER,PA-3440 SKU-0179,hardware_ngfw
C0085,P0179,2025-11-01,0.0,0.0,0.0,0.0,0.0,0,545975.56,0.0,false,false,Shelfware Risk,"Evans, Stewart and Walton",Mid-Market,AMER,PA-3440 SKU-0179,hardware_ngfw
C0085,P0179,2025-12-01,0.0,0.0,0.0,0.0,0.0,0,545975.56,0.0,false,false,Shelfware Risk,"Evans, Stewart and Walton",Mid-Market,AMER,PA-3440 SKU-0179,hardware_ngfw
C0085,P0179,2026-01-01,0.0,0.0,0.0,0.0,0.0,0,545975.56,0.0,false,false,Shelfware Risk,"Evans, Stewart and Walton",Mid-Market,AMER,PA-3440 SKU-0179,hardware_ngfw
C0085,P0179,2026-02-01,0.0,0.0,0.0,0.0,0.0,0,545975.56,0.0,false,false,Shelfware Risk,"Evans, Stewart and Walton",Mid-Market,AMER,PA-3440 SKU-0179,hardware_ngfw
C0085,P0179,2026-03-01,0.0,0.0,0.0,0.0,0.0,0,545975.56,0.0,false,false,Shelfware Risk,"Evans, Stewart and Walton",Mid-Market,AMER,PA-3440 SKU-0179,hardware_ngfw
C0085,P0179,2026-04-01,0.0,0.0,0.0,0.0,0.0,0,545975.56,0.0,false,false,Shelfware Risk,"Evans, Stewart and Walton",Mid-Market,AMER,PA-3440 SKU-0179,hardware_ngfw
C0085,P0179,2026-05-01,0.0,0.0,0.0,0.0,0.0,0,545975.56,0.0,false,false,Shelfware Risk,"Evans, Stewart and Walton",Mid-Market,AMER,PA-3440 SKU-0179,hardware_ngfw
C0085,P0179,2026-06-01,0.0,0.0,0.0,0.0,0.0,0,545975.56,0.0,false,false,Shelfware Risk,"Evans, Stewart and Walton",Mid-Market,AMER,PA-3440 SKU-0179,hardware_ngfw
C0086,P0145,2025-07-01,0.722,0.93,0.14,1.0,1.0,0,5746.0,76.1,false,false,Value Realized,Smith PLC,Mid-Market,EMEA,VM-500 SKU-0145,software_ngfw
C0086,P0145,2025-08-01,0.726,0.932,0.14,1.0,1.0,1,5746.0,76.1,false,false,Value Realized,Smith PLC,Mid-Market,EMEA,VM-500 SKU-0145,software_ngfw
C0086,P0145,2025-09-01,0.63,0.907,0.14,1.0,1.0,1,5746.0,75.3,false,false,Value Realized,Smith PLC,Mid-Market,EMEA,VM-500 SKU-0145,software_ngfw
C0086,P0145,2025-10-01,0.623,0.906,0.2,1.0,1.0,1,5746.0,76.7,false,false,Value Realized,Smith PLC,Mid-Market,EMEA,VM-500 SKU-0145,software_ngfw
C0086,P0145,2025-11-01,0.752,0.938,0.14,1.0,1.0,1,5746.0,76.3,false,false,Value Realized,Smith PLC,Mid-Market,EMEA,VM-500 SKU-0145,software_ngfw
C0086,P0145,2025-12-01,0.613,0.903,0.2,1.0,1.0,1,5746.0,76.6,false,false,Value Realized,Smith PLC,Mid-Market,EMEA,VM-500 SKU-0145,software_ngfw
C0086,P0145,2026-01-01,0.818,0.954,0.34,1.0,1.0,1,5746.0,81.9,false,false,Value Realized,Smith PLC,Mid-Market,EMEA,VM-500 SKU-0145,software_ngfw
C0086,P0145,2026-02-01,0.667,0.917,0.34,1.0,1.0,1,5746.0,80.6,false,false,Value Realized,Smith PLC,Mid-Market,EMEA,VM-500 SKU-0145,software_ngfw
C0086,P0145,2026-03-01,0.629,0.907,0.28,1.0,1.0,1,5746.0,78.8,false,false,Value Realized,Smith PLC,Mid-Market,EMEA,VM-500 SKU-0145,software_ngfw
C0086,P0145,2026-04-01,0.616,0.904,0.42,1.0,1.0,1,5746.0,82.1,false,false,Value Realized,Smith PLC,Mid-Market,EMEA,VM-500 SKU-0145,software_ngfw
C0086,P0145,2026-05-01,0.715,0.929,0.6,1.0,1.0,1,5746.0,87.5,false,false,Value Realized,Smith PLC,Mid-Market,EMEA,VM-500 SKU-0145,software_ngfw
C0086,P0145,2026-06-01,0.619,0.905,0.54,1.0,1.0,1,5746.0,85.2,false,false,Value Realized,Smith PLC,Mid-Market,EMEA,VM-500 SKU-0145,software_ngfw
C0090,P0205,2025-07-01,0.754,0.939,0.0,1.0,1.0,0,7639.8,72.8,false,false,Value Realized,Moore-Bass,Enterprise,AMER,CN-Series SKU-0205,software_ngfw
C0090,P0205,2025-08-01,0.656,0.914,0.0,1.0,1.0,1,7639.8,72.0,false,false,Value Realized,Moore-Bass,Enterprise,AMER,CN-Series SKU-0205,software_ngfw
C0090,P0205,2025-09-01,0.55,0.84,0.2,1.0,1.0,1,7639.8,74.4,false,false,Value Realized,Moore-Bass,Enterprise,AMER,CN-Series SKU-0205,software_ngfw
C0090,P0205,2025-10-01,0.694,0.924,0.14,1.0,1.0,1,7639.8,75.8,false,false,Value Realized,Moore-Bass,Enterprise,AMER,CN-Series SKU-0205,software_ngfw
C0090,P0205,2025-11-01,0.715,0.929,0.14,1.0,1.0,1,7639.8,76.0,false,false,Value Realized,Moore-Bass,Enterprise,AMER,CN-Series SKU-0205,software_ngfw
C0090,P0205,2025-12-01,0.885,0.971,0.2,1.0,1.0,1,7639.8,79.0,false,false,Value Realized,Moore-Bass,Enterprise,AMER,CN-Series SKU-0205,software_ngfw
C0090,P0205,2026-01-01,0.795,0.949,0.14,1.0,1.0,1,7639.8,76.7,false,false,Value Realized,Moore-Bass,Enterprise,AMER,CN-Series SKU-0205,software_ngfw
C0090,P0205,2026-02-01,0.83,0.957,0.2,1.0,1.0,1,7639.8,78.5,false,false,Value Realized,Moore-Bass,Enterprise,AMER,CN-Series SKU-0205,software_ngfw
C0090,P0205,2026-03-01,0.61,0.903,0.14,1.0,1.0,1,7639.8,75.1,false,false,Value Realized,Moore-Bass,Enterprise,AMER,CN-Series SKU-0205,software_ngfw
C0090,P0205,2026-04-01,0.725,0.931,0.14,1.0,1.0,1,7639.8,76.1,false,false,Value Realized,Moore-Bass,Enterprise,AMER,CN-Series SKU-0205,software_ngfw
C0090,P0205,2026-05-01,0.611,0.903,0.34,1.0,1.0,1,7639.8,80.1,false,false,Value Realized,Moore-Bass,Enterprise,AMER,CN-Series SKU-0205,software_ngfw
C0090,P0205,2026-06-01,0.628,0.907,0.34,1.0,1.0,1,7639.8,80.2,false,false,Value Realized,Moore-Bass,Enterprise,AMER,CN-Series SKU-0205,software_ngfw
C0090,P0367,2025-07-01,0.779,0.945,0.0,1.0,1.0,0,1133556.06,73.1,false,false,Value Realized,Moore-Bass,Enterprise,AMER,PA-440 SKU-0367,hardware_ngfw
C0090,P0367,2025-08-01,1.001,1.0,0.0,1.0,1.0,1,1133556.06,75.0,true,false,Value Realized,Moore-Bass,Enterprise,AMER,PA-440 SKU-0367,hardware_ngfw
C0090,P0367,2025-09-01,0.557,0.849,0.0,1.0,1.0,1,1133556.06,69.7,false,false,Developing,Moore-Bass,Enterprise,AMER,PA-440 SKU-0367,hardware_ngfw
C0090,P0367,2025-10-01,0.963,0.991,0.0,1.0,1.0,1,1133556.06,74.7,true,false,Value Realized,Moore-Bass,Enterprise,AMER,PA-440 SKU-0367,hardware_ngfw
C0090,P0367,2025-11-01,0.739,0.935,0.0,1.0,1.0,1,1133556.06,72.7,false,false,Value Realized,Moore-Bass,Enterprise,AMER,PA-440 SKU-0367,hardware_ngfw
C0090,P0367,2025-12-01,0.759,0.94,0.14,1.0,1.0,1,1133556.06,76.4,false,false,Value Realized,Moore-Bass,Enterprise,AMER,PA-440 SKU-0367,hardware_ngfw
C0090,P0367,2026-01-01,0.71,0.928,0.2,1.0,1.0,1,1133556.06,77.5,false,false,Value Realized,Moore-Bass,Enterprise,AMER,PA-440 SKU-0367,hardware_ngfw
C0090,P0367,2026-02-01,0.878,0.969,0.2,1.0,1.0,1,1133556.06,78.9,false,false,Value Realized,Moore-Bass,Enterprise,AMER,PA-440 SKU-0367,hardware_ngfw
C0090,P0367,2026-03-01,0.815,0.954,0.14,1.0,1.0,1,1133556.06,76.9,false,false,Value Realized,Moore-Bass,Enterprise,AMER,PA-440 SKU-0367,hardware_ngfw
C0090,P0367,2026-04-01,0.705,0.926,0.54,1.0,1.0,1,1133556.06,85.9,false,false,Value Realized,Moore-Bass,Enterprise,AMER,PA-440 SKU-0367,hardware_ngfw
C0090,P0367,2026-05-01,0.739,0.935,0.8,1.0,1.0,1,1133556.06,92.7,false,false,Value Realized,Moore-Bass,Enterprise,AMER,PA-440 SKU-0367,hardware_ngfw
C0090,P0367,2026-06-01,0.548,0.837,0.68,1.0,1.0,1,1133556.06,86.3,false,false,Value Realized,Moore-Bass,Enterprise,AMER,PA-440 SKU-0367,hardware_ngfw
C0091,P0334,2025-07-01,0.793,0.948,0.117,1.0,1.0,0,31655.72,76.1,false,false,Value Realized,"Turner, Riggs and Roman",Enterprise,EMEA,Cloud NGFW for AWS SKU-0334,cloud_ngfw
C0091,P0334,2025-08-01,0.706,0.927,0.233,1.0,1.0,1,31655.72,78.3,false,false,Value Realized,"Turner, Riggs and Roman",Enterprise,EMEA,Cloud NGFW for AWS SKU-0334,cloud_ngfw
C0091,P0334,2025-09-01,0.619,0.905,0.333,1.0,1.0,1,31655.72,80.0,false,false,Value Realized,"Turner, Riggs and Roman",Enterprise,EMEA,Cloud NGFW for AWS SKU-0334,cloud_ngfw
C0091,P0334,2025-10-01,0.641,0.91,0.283,1.0,1.0,1,31655.72,78.9,false,false,Value Realized,"Turner, Riggs and Roman",Enterprise,EMEA,Cloud NGFW for AWS SKU-0334,cloud_ngfw
C0091,P0334,2025-11-01,0.917,0.979,0.4,1.0,1.0,1,31655.72,84.3,false,false,Value Realized,"Turner, Riggs and Roman",Enterprise,EMEA,Cloud NGFW for AWS SKU-0334,cloud_ngfw
C0091,P0334,2025-12-01,0.73,0.933,0.4,1.0,1.0,1,31655.72,82.6,false,false,Value Realized,"Turner, Riggs and Roman",Enterprise,EMEA,Cloud NGFW for AWS SKU-0334,cloud_ngfw
C0091,P0334,2026-01-01,0.869,0.967,0.467,1.0,1.0,1,31655.72,85.5,false,false,Value Realized,"Turner, Riggs and Roman",Enterprise,EMEA,Cloud NGFW for AWS SKU-0334,cloud_ngfw
C0091,P0334,2026-02-01,0.69,0.922,0.467,1.0,1.0,1,31655.72,84.0,false,false,Value Realized,"Turner, Riggs and Roman",Enterprise,EMEA,Cloud NGFW for AWS SKU-0334,cloud_ngfw
C0091,P0334,2026-03-01,0.796,0.949,0.517,1.0,1.0,1,31655.72,86.1,false,false,Value Realized,"Turner, Riggs and Roman",Enterprise,EMEA,Cloud NGFW for AWS SKU-0334,cloud_ngfw
C0091,P0334,2026-04-01,0.894,0.974,0.567,1.0,1.0,1,31655.72,88.2,false,false,Value Realized,"Turner, Riggs and Roman",Enterprise,EMEA,Cloud NGFW for AWS SKU-0334,cloud_ngfw
C0091,P0334,2026-05-01,0.935,0.984,0.517,1.0,1.0,1,31655.72,87.4,false,false,Value Realized,"Turner, Riggs and Roman",Enterprise,EMEA,Cloud NGFW for AWS SKU-0334,cloud_ngfw
C0091,P0334,2026-06-01,0.784,0.946,0.517,1.0,1.0,1,31655.72,86.0,false,false,Value Realized,"Turner, Riggs and Roman",Enterprise,EMEA,Cloud NGFW for AWS SKU-0334,cloud_ngfw
C0096,P0200,2025-08-01,0.62,0.905,0.0,1.0,1.0,0,107116.78,71.7,false,false,Value Realized,Harris-Walters,Enterprise,AMER,PA-410 SKU-0200,hardware_ngfw
C0096,P0200,2025-09-01,0.865,0.966,0.0,1.0,1.0,1,107116.78,73.8,false,false,Value Realized,Harris-Walters,Enterprise,AMER,PA-410 SKU-0200,hardware_ngfw
C0096,P0200,2025-10-01,0.625,0.906,0.0,1.0,1.0,1,107116.78,71.7,false,false,Value Realized,Harris-Walters,Enterprise,AMER,PA-410 SKU-0200,hardware_ngfw
C0096,P0200,2025-11-01,0.865,0.966,0.0,1.0,1.0,1,107116.78,73.8,false,false,Value Realized,Harris-Walters,Enterprise,AMER,PA-410 SKU-0200,hardware_ngfw
C0096,P0200,2025-12-01,0.765,0.941,0.0,1.0,1.0,1,107116.78,72.9,false,false,Value Realized,Harris-Walters,Enterprise,AMER,PA-410 SKU-0200,hardware_ngfw
C0096,P0200,2026-01-01,0.84,0.96,0.14,1.0,1.0,1,107116.78,77.1,false,false,Value Realized,Harris-Walters,Enterprise,AMER,PA-410 SKU-0200,hardware_ngfw
C0096,P0200,2026-02-01,0.4,0.66,0.2,1.0,1.0,1,107116.78,68.1,false,false,Developing,Harris-Walters,Enterprise,AMER,PA-410 SKU-0200,hardware_ngfw
C0096,P0200,2026-03-01,0.965,0.991,0.14,1.0,1.0,1,107116.78,78.2,true,false,Value Realized,Harris-Walters,Enterprise,AMER,PA-410 SKU-0200,hardware_ngfw
C0096,P0200,2026-04-01,0.775,0.944,0.14,1.0,1.0,1,107116.78,76.5,false,false,Value Realized,Harris-Walters,Enterprise,AMER,PA-410 SKU-0200,hardware_ngfw
C0096,P0200,2026-05-01,0.99,0.998,0.14,1.0,1.0,1,107116.78,78.4,true,false,Value Realized,Harris-Walters,Enterprise,AMER,PA-410 SKU-0200,hardware_ngfw
C0096,P0200,2026-06-01,0.78,0.945,0.14,1.0,1.0,1,107116.78,76.6,false,false,Value Realized,Harris-Walters,Enterprise,AMER,PA-410 SKU-0200,hardware_ngfw
C0098,P0300,2025-07-01,1.367,0.8,0.333,1.0,1.0,0,60873.93,76.3,false,true,Value Realized,Davis Group,Mid-Market,EMEA,VM-100 SKU-0300,software_ngfw
C0098,P0300,2025-08-01,1.616,0.8,1.0,1.0,1.0,1,60873.93,93.0,false,true,Value Realized,Davis Group,Mid-Market,EMEA,VM-100 SKU-0300,software_ngfw
C0098,P0300,2025-09-01,1.49,0.8,1.0,1.0,1.0,1,60873.93,93.0,false,true,Value Realized,Davis Group,Mid-Market,EMEA,VM-100 SKU-0300,software_ngfw
C0098,P0300,2025-10-01,1.264,0.8,1.0,1.0,1.0,1,60873.93,93.0,false,true,Value Realized,Davis Group,Mid-Market,EMEA,VM-100 SKU-0300,software_ngfw
C0098,P0300,2025-11-01,1.35,0.8,1.0,1.0,1.0,1,60873.93,93.0,false,true,Value Realized,Davis Group,Mid-Market,EMEA,VM-100 SKU-0300,software_ngfw
C0098,P0300,2025-12-01,1.422,0.8,1.0,1.0,1.0,1,60873.93,93.0,false,true,Value Realized,Davis Group,Mid-Market,EMEA,VM-100 SKU-0300,software_ngfw
C0098,P0300,2026-01-01,1.486,0.8,1.0,1.0,1.0,1,60873.93,93.0,false,true,Value Realized,Davis Group,Mid-Market,EMEA,VM-100 SKU-0300,software_ngfw
C0098,P0300,2026-02-01,1.601,0.8,1.0,1.0,1.0,1,60873.93,93.0,false,true,Value Realized,Davis Group,Mid-Market,EMEA,VM-100 SKU-0300,software_ngfw
C0098,P0300,2026-03-01,1.397,0.8,1.0,1.0,1.0,1,60873.93,93.0,false,true,Value Realized,Davis Group,Mid-Market,EMEA,VM-100 SKU-0300,software_ngfw
C0098,P0300,2026-04-01,1.473,0.8,1.0,1.0,1.0,1,60873.93,93.0,false,true,Value Realized,Davis Group,Mid-Market,EMEA,VM-100 SKU-0300,software_ngfw
C0098,P0300,2026-05-01,1.194,1.0,1.0,1.0,1.0,1,60873.93,100.0,false,false,Value Realized,Davis Group,Mid-Market,EMEA,VM-100 SKU-0300,software_ngfw
C0098,P0300,2026-06-01,1.318,0.8,1.0,1.0,1.0,1,60873.93,93.0,false,true,Value Realized,Davis Group,Mid-Market,EMEA,VM-100 SKU-0300,software_ngfw
C0099,P0388,2025-07-01,0.726,0.932,0.0,1.0,1.0,0,67008.94,72.6,false,false,Value Realized,Williams-Cook,Enterprise,AMER,VM-300 SKU-0388,software_ngfw
C0099,P0388,2025-08-01,0.759,0.94,0.0,1.0,1.0,1,67008.94,72.9,false,false,Value Realized,Williams-Cook,Enterprise,AMER,VM-300 SKU-0388,software_ngfw
C0099,P0388,2025-09-01,0.648,0.912,0.0,1.0,1.0,1,67008.94,71.9,false,false,Value Realized,Williams-Cook,Enterprise,AMER,VM-300 SKU-0388,software_ngfw
C0099,P0388,2025-10-01,0.806,0.951,0.467,1.0,1.0,1,67008.94,85.0,false,false,Value Realized,Williams-Cook,Enterprise,AMER,VM-300 SKU-0388,software_ngfw
C0099,P0388,2025-11-01,0.628,0.907,0.567,1.0,1.0,1,67008.94,85.9,false,false,Value Realized,Williams-Cook,Enterprise,AMER,VM-300 SKU-0388,software_ngfw
C0099,P0388,2025-12-01,0.517,0.801,0.467,1.0,1.0,1,67008.94,79.7,false,false,Value Realized,Williams-Cook,Enterprise,AMER,VM-300 SKU-0388,software_ngfw
C0099,P0388,2026-01-01,0.788,0.947,0.9,1.0,1.0,1,67008.94,95.6,false,false,Value Realized,Williams-Cook,Enterprise,AMER,VM-300 SKU-0388,software_ngfw
C0099,P0388,2026-02-01,0.596,0.895,1.0,1.0,1.0,1,67008.94,96.3,false,false,Value Realized,Williams-Cook,Enterprise,AMER,VM-300 SKU-0388,software_ngfw
C0099,P0388,2026-03-01,0.88,0.97,0.9,1.0,1.0,1,67008.94,96.4,false,false,Value Realized,Williams-Cook,Enterprise,AMER,VM-300 SKU-0388,software_ngfw
C0099,P0388,2026-04-01,0.747,0.937,0.9,1.0,1.0,1,67008.94,95.3,false,false,Value Realized,Williams-Cook,Enterprise,AMER,VM-300 SKU-0388,software_ngfw
C0099,P0388,2026-05-01,0.771,0.943,0.7,1.0,1.0,1,67008.94,90.5,false,false,Value Realized,Williams-Cook,Enterprise,AMER,VM-300 SKU-0388,software_ngfw
C0099,P0388,2026-06-01,0.588,0.885,0.9,1.0,1.0,1,67008.94,93.5,false,false,Value Realized,Williams-Cook,Enterprise,AMER,VM-300 SKU-0388,software_ngfw
C0001,P0194,2025-07-01,0.0,0.0,0.0,0.0,,0,64455.4,0.0,false,false,Grace Period,"Rodriguez, Figueroa and Sanchez",Mid-Market,AMER,Cloud NGFW for AWS SKU-0194,cloud_ngfw
C0001,P0194,2025-08-01,0.0,0.0,0.0,0.0,0.467,0,64455.4,7.0,false,false,Shelfware Risk,"Rodriguez, Figueroa and Sanchez",Mid-Market,AMER,Cloud NGFW for AWS SKU-0194,cloud_ngfw
C0001,P0194,2025-09-01,0.22,0.444,0.0,0.5,0.467,0,64455.4,35.0,false,false,Onboarding Stall,"Rodriguez, Figueroa and Sanchez",Mid-Market,AMER,Cloud NGFW for AWS SKU-0194,cloud_ngfw
C0001,P0194,2025-10-01,0.48,0.756,0.1,0.8,0.467,1,64455.4,56.0,false,false,Onboarding Stall,"Rodriguez, Figueroa and Sanchez",Mid-Market,AMER,Cloud NGFW for AWS SKU-0194,cloud_ngfw
C0001,P0194,2025-11-01,0.633,0.908,0.333,1.0,0.467,1,64455.4,72.1,false,false,Value Realized,"Rodriguez, Figueroa and Sanchez",Mid-Market,AMER,Cloud NGFW for AWS SKU-0194,cloud_ngfw
C0001,P0194,2025-12-01,1.078,1.0,0.233,1.0,0.467,1,64455.4,72.8,true,false,Onboarding Stall,"Rodriguez, Figueroa and Sanchez",Mid-Market,AMER,Cloud NGFW for AWS SKU-0194,cloud_ngfw
C0001,P0194,2026-01-01,0.663,0.916,0.233,1.0,0.467,1,64455.4,69.9,false,false,Onboarding Stall,"Rodriguez, Figueroa and Sanchez",Mid-Market,AMER,Cloud NGFW for AWS SKU-0194,cloud_ngfw
C0001,P0194,2026-02-01,0.619,0.905,0.567,1.0,0.467,1,64455.4,77.8,false,false,Value Realized,"Rodriguez, Figueroa and Sanchez",Mid-Market,AMER,Cloud NGFW for AWS SKU-0194,cloud_ngfw
C0001,P0194,2026-03-01,0.75,0.938,0.567,1.0,0.467,1,64455.4,79.0,false,false,Value Realized,"Rodriguez, Figueroa and Sanchez",Mid-Market,AMER,Cloud NGFW for AWS SKU-0194,cloud_ngfw
C0001,P0194,2026-04-01,0.797,0.949,0.467,1.0,0.467,1,64455.4,76.9,false,false,Value Realized,"Rodriguez, Figueroa and Sanchez",Mid-Market,AMER,Cloud NGFW for AWS SKU-0194,cloud_ngfw
C0001,P0194,2026-05-01,0.776,0.944,0.667,1.0,0.467,1,64455.4,81.7,false,false,Value Realized,"Rodriguez, Figueroa and Sanchez",Mid-Market,AMER,Cloud NGFW for AWS SKU-0194,cloud_ngfw
C0001,P0194,2026-06-01,0.578,0.874,0.567,1.0,0.467,1,64455.4,76.7,false,false,Value Realized,"Rodriguez, Figueroa and Sanchez",Mid-Market,AMER,Cloud NGFW for AWS SKU-0194,cloud_ngfw
C0003,P0137,2025-07-01,0.68,0.92,0.0,1.0,1.0,0,22041.0,72.2,false,false,Value Realized,"Mcclain, Miller and Henderson",Mid-Market,APAC,CN-Series SKU-0137,software_ngfw
C0003,P0137,2025-08-01,0.799,0.95,0.117,1.0,1.0,1,22041.0,76.2,false,false,Value Realized,"Mcclain, Miller and Henderson",Mid-Market,APAC,CN-Series SKU-0137,software_ngfw
C0003,P0137,2025-09-01,0.559,0.851,0.233,1.0,1.0,1,22041.0,75.6,false,false,Value Realized,"Mcclain, Miller and Henderson",Mid-Market,APAC,CN-Series SKU-0137,software_ngfw
C0003,P0137,2025-10-01,0.945,0.986,0.45,1.0,1.0,1,22041.0,85.8,false,false,Value Realized,"Mcclain, Miller and Henderson",Mid-Market,APAC,CN-Series SKU-0137,software_ngfw
C0003,P0137,2025-11-01,0.729,0.932,0.467,1.0,1.0,1,22041.0,84.3,false,false,Value Realized,"Mcclain, Miller and Henderson",Mid-Market,APAC,CN-Series SKU-0137,software_ngfw
C0003,P0137,2025-12-01,0.532,0.818,0.617,1.0,1.0,1,22041.0,84.1,false,false,Value Realized,"Mcclain, Miller and Henderson",Mid-Market,APAC,CN-Series SKU-0137,software_ngfw
C0003,P0137,2026-01-01,0.663,0.916,0.517,1.0,1.0,1,22041.0,85.0,false,false,Value Realized,"Mcclain, Miller and Henderson",Mid-Market,APAC,CN-Series SKU-0137,software_ngfw
C0003,P0137,2026-02-01,0.691,0.923,0.683,1.0,1.0,1,22041.0,89.4,false,false,Value Realized,"Mcclain, Miller and Henderson",Mid-Market,APAC,CN-Series SKU-0137,software_ngfw
C0003,P0137,2026-03-01,0.463,0.736,0.633,1.0,1.0,1,22041.0,81.6,false,false,Value Realized,"Mcclain, Miller and Henderson",Mid-Market,APAC,CN-Series SKU-0137,software_ngfw
C0003,P0137,2026-04-01,0.856,0.964,0.633,1.0,1.0,1,22041.0,89.6,false,false,Value Realized,"Mcclain, Miller and Henderson",Mid-Market,APAC,CN-Series SKU-0137,software_ngfw
C0003,P0137,2026-05-01,0.617,0.904,0.783,1.0,1.0,1,22041.0,91.2,false,false,Value Realized,"Mcclain, Miller and Henderson",Mid-Market,APAC,CN-Series SKU-0137,software_ngfw
C0003,P0137,2026-06-01,0.72,0.93,0.733,1.0,1.0,1,22041.0,90.9,false,false,Value Realized,"Mcclain, Miller and Henderson",Mid-Market,APAC,CN-Series SKU-0137,software_ngfw
C0008,P0482,2025-07-01,0.0,0.0,0.0,0.0,,0,201699.61,0.0,false,false,Grace Period,"Henderson, Ramirez and Lewis",Mid-Market,AMER,Prisma Access Browser SKU-0482,sase
C0008,P0482,2025-08-01,0.0,0.0,0.0,0.0,0.467,0,201699.61,7.0,false,false,Shelfware Risk,"Henderson, Ramirez and Lewis",Mid-Market,AMER,Prisma Access Browser SKU-0482,sase
C0008,P0482,2025-09-01,0.22,0.444,0.0,0.5,0.467,0,201699.61,35.0,false,false,Onboarding Stall,"Henderson, Ramirez and Lewis",Mid-Market,AMER,Prisma Access Browser SKU-0482,sase
C0008,P0482,2025-10-01,0.48,0.756,0.0,0.8,0.467,1,201699.61,53.5,false,false,Onboarding Stall,"Henderson, Ramirez and Lewis",Mid-Market,AMER,Prisma Access Browser SKU-0482,sase
C0008,P0482,2025-11-01,0.646,0.912,0.0,1.0,0.467,1,201699.61,63.9,false,false,Onboarding Stall,"Henderson, Ramirez and Lewis",Mid-Market,AMER,Prisma Access Browser SKU-0482,sase
C0008,P0482,2025-12-01,0.888,0.972,0.0,1.0,0.467,1,201699.61,66.0,false,false,Onboarding Stall,"Henderson, Ramirez and Lewis",Mid-Market,AMER,Prisma Access Browser SKU-0482,sase
C0008,P0482,2026-01-01,0.972,0.993,0.0,1.0,0.467,1,201699.61,66.8,true,false,Onboarding Stall,"Henderson, Ramirez and Lewis",Mid-Market,AMER,Prisma Access Browser SKU-0482,sase
C0008,P0482,2026-02-01,0.749,0.937,0.0,1.0,0.467,1,201699.61,64.8,false,false,Onboarding Stall,"Henderson, Ramirez and Lewis",Mid-Market,AMER,Prisma Access Browser SKU-0482,sase
C0008,P0482,2026-03-01,0.894,0.974,0.0,1.0,0.467,1,201699.61,66.1,false,false,Onboarding Stall,"Henderson, Ramirez and Lewis",Mid-Market,AMER,Prisma Access Browser SKU-0482,sase
C0008,P0482,2026-04-01,0.755,0.939,0.425,1.0,0.467,1,201699.61,75.5,false,false,Value Realized,"Henderson, Ramirez and Lewis",Mid-Market,AMER,Prisma Access Browser SKU-0482,sase
C0008,P0482,2026-05-01,0.769,0.942,0.425,1.0,0.467,1,201699.61,75.6,false,false,Value Realized,"Henderson, Ramirez and Lewis",Mid-Market,AMER,Prisma Access Browser SKU-0482,sase
C0008,P0482,2026-06-01,0.749,0.937,0.35,1.0,0.467,1,201699.61,73.6,false,false,Value Realized,"Henderson, Ramirez and Lewis",Mid-Market,AMER,Prisma Access Browser SKU-0482,sase
C0009,P0463,2025-07-01,1.236,0.8,0.0,1.0,1.0,0,36314.96,68.0,true,true,Developing,Garcia-James,Mid-Market,AMER,VM-300 SKU-0463,software_ngfw
C0009,P0463,2025-08-01,1.431,0.8,0.25,1.0,1.0,1,36314.96,74.3,false,true,Value Realized,Garcia-James,Mid-Market,AMER,VM-300 SKU-0463,software_ngfw
C0009,P0463,2025-09-01,1.198,1.0,0.25,1.0,1.0,1,36314.96,81.3,false,false,Value Realized,Garcia-James,Mid-Market,AMER,VM-300 SKU-0463,software_ngfw
C0009,P0463,2025-10-01,1.318,0.8,0.25,1.0,1.0,1,36314.96,74.3,false,true,Value Realized,Garcia-James,Mid-Market,AMER,VM-300 SKU-0463,software_ngfw
C0009,P0463,2025-11-01,1.453,0.8,0.25,1.0,1.0,1,36314.96,74.3,false,true,Value Realized,Garcia-James,Mid-Market,AMER,VM-300 SKU-0463,software_ngfw
C0009,P0463,2025-12-01,1.33,0.8,0.25,1.0,1.0,1,36314.96,74.3,false,true,Value Realized,Garcia-James,Mid-Market,AMER,VM-300 SKU-0463,software_ngfw
C0009,P0463,2026-01-01,1.138,1.0,0.25,1.0,1.0,1,36314.96,81.3,false,false,Value Realized,Garcia-James,Mid-Market,AMER,VM-300 SKU-0463,software_ngfw
C0009,P0463,2026-02-01,1.39,0.8,0.25,1.0,1.0,1,36314.96,74.3,false,true,Value Realized,Garcia-James,Mid-Market,AMER,VM-300 SKU-0463,software_ngfw
C0009,P0463,2026-03-01,1.454,0.8,0.25,1.0,1.0,1,36314.96,74.3,false,true,Value Realized,Garcia-James,Mid-Market,AMER,VM-300 SKU-0463,software_ngfw
C0009,P0463,2026-04-01,1.324,0.8,0.25,1.0,1.0,1,36314.96,74.3,false,true,Value Realized,Garcia-James,Mid-Market,AMER,VM-300 SKU-0463,software_ngfw
C0009,P0463,2026-05-01,1.36,0.8,0.25,1.0,1.0,1,36314.96,74.3,false,true,Value Realized,Garcia-James,Mid-Market,AMER,VM-300 SKU-0463,software_ngfw
C0009,P0463,2026-06-01,1.529,0.8,0.25,1.0,1.0,1,36314.96,74.3,false,true,Value Realized,Garcia-James,Mid-Market,AMER,VM-300 SKU-0463,software_ngfw
C0014,P0143,2025-07-01,0.0,0.0,0.0,0.0,,0,74092.2,0.0,false,false,Grace Period,"Mcclure, Ward and Lee",Mid-Market,AMER,Cloud NGFW for AWS SKU-0143,cloud_ngfw
C0014,P0143,2025-08-01,0.0,0.0,0.0,0.0,0.467,0,74092.2,7.0,false,false,Shelfware Risk,"Mcclure, Ward and Lee",Mid-Market,AMER,Cloud NGFW for AWS SKU-0143,cloud_ngfw
C0014,P0143,2025-09-01,0.22,0.444,0.0,0.5,0.467,0,74092.2,35.0,false,false,Onboarding Stall,"Mcclure, Ward and Lee",Mid-Market,AMER,Cloud NGFW for AWS SKU-0143,cloud_ngfw
C0014,P0143,2025-10-01,0.48,0.756,0.0,0.8,0.467,1,74092.2,53.5,false,false,Onboarding Stall,"Mcclure, Ward and Lee",Mid-Market,AMER,Cloud NGFW for AWS SKU-0143,cloud_ngfw
C0014,P0143,2025-11-01,0.617,0.904,0.0,1.0,0.467,1,74092.2,63.6,false,false,Onboarding Stall,"Mcclure, Ward and Lee",Mid-Market,AMER,Cloud NGFW for AWS SKU-0143,cloud_ngfw
C0014,P0143,2025-12-01,0.8,0.95,0.0,1.0,0.467,1,74092.2,65.3,false,false,Onboarding Stall,"Mcclure, Ward and Lee",Mid-Market,AMER,Cloud NGFW for AWS SKU-0143,cloud_ngfw
C0014,P0143,2026-01-01,0.739,0.935,0.0,1.0,0.467,1,74092.2,64.7,false,false,Onboarding Stall,"Mcclure, Ward and Lee",Mid-Market,AMER,Cloud NGFW for AWS SKU-0143,cloud_ngfw
C0014,P0143,2026-02-01,0.7,0.925,0.175,1.0,0.467,1,74092.2,68.7,false,false,Onboarding Stall,"Mcclure, Ward and Lee",Mid-Market,AMER,Cloud NGFW for AWS SKU-0143,cloud_ngfw
C0014,P0143,2026-03-01,0.775,0.944,0.25,1.0,0.467,1,74092.2,71.3,false,false,Onboarding Stall,"Mcclure, Ward and Lee",Mid-Market,AMER,Cloud NGFW for AWS SKU-0143,cloud_ngfw
C0014,P0143,2026-04-01,0.644,0.911,0.175,1.0,0.467,1,74092.2,68.3,false,false,Onboarding Stall,"Mcclure, Ward and Lee",Mid-Market,AMER,Cloud NGFW for AWS SKU-0143,cloud_ngfw
C0014,P0143,2026-05-01,0.772,0.943,0.175,1.0,0.467,1,74092.2,69.4,false,false,Onboarding Stall,"Mcclure, Ward and Lee",Mid-Market,AMER,Cloud NGFW for AWS SKU-0143,cloud_ngfw
C0014,P0143,2026-06-01,1.035,1.0,0.175,1.0,0.467,1,74092.2,71.4,true,false,Onboarding Stall,"Mcclure, Ward and Lee",Mid-Market,AMER,Cloud NGFW for AWS SKU-0143,cloud_ngfw
C0017,P0443,2025-10-01,0.759,0.94,0.0,1.0,1.0,0,299369.88,72.9,false,false,Value Realized,James Group,Enterprise,EMEA,PA-3410 SKU-0443,hardware_ngfw
C0017,P0443,2025-11-01,1.042,1.0,0.0,1.0,1.0,1,299369.88,75.0,true,false,Value Realized,James Group,Enterprise,EMEA,PA-3410 SKU-0443,hardware_ngfw
C0017,P0443,2025-12-01,0.695,0.924,0.117,1.0,1.0,1,299369.88,75.2,false,false,Value Realized,James Group,Enterprise,EMEA,PA-3410 SKU-0443,hardware_ngfw
C0017,P0443,2026-01-01,0.843,0.961,0.233,1.0,1.0,1,299369.88,79.5,false,false,Value Realized,James Group,Enterprise,EMEA,PA-3410 SKU-0443,hardware_ngfw
C0017,P0443,2026-02-01,0.758,0.94,0.333,1.0,1.0,1,299369.88,81.2,false,false,Value Realized,James Group,Enterprise,EMEA,PA-3410 SKU-0443,hardware_ngfw
C0017,P0443,2026-03-01,0.927,0.982,0.567,1.0,1.0,1,299369.88,88.5,false,false,Value Realized,James Group,Enterprise,EMEA,PA-3410 SKU-0443,hardware_ngfw
C0017,P0443,2026-04-01,0.862,0.965,0.517,1.0,1.0,1,299369.88,86.7,false,false,Value Realized,James Group,Enterprise,EMEA,PA-3410 SKU-0443,hardware_ngfw
C0017,P0443,2026-05-01,0.729,0.932,0.467,1.0,1.0,1,299369.88,84.3,false,false,Value Realized,James Group,Enterprise,EMEA,PA-3410 SKU-0443,hardware_ngfw
C0017,P0443,2026-06-01,0.7,0.925,0.517,1.0,1.0,1,299369.88,85.3,false,false,Value Realized,James Group,Enterprise,EMEA,PA-3410 SKU-0443,hardware_ngfw
C0021,P0026,2025-07-01,0.0,0.0,0.0,0.0,,0,391589.0,0.0,false,false,Grace Period,Gray-Mayo,Enterprise,AMER,PA-410 SKU-0026,hardware_ngfw
C0021,P0026,2025-08-01,0.0,0.0,0.0,0.0,0.467,0,391589.0,7.0,false,false,Shelfware Risk,Gray-Mayo,Enterprise,AMER,PA-410 SKU-0026,hardware_ngfw
C0021,P0026,2025-09-01,0.22,0.444,0.0,0.5,0.467,0,391589.0,35.0,false,false,Onboarding Stall,Gray-Mayo,Enterprise,AMER,PA-410 SKU-0026,hardware_ngfw
C0021,P0026,2025-10-01,0.48,0.756,0.117,0.8,0.467,1,391589.0,56.4,false,false,Onboarding Stall,Gray-Mayo,Enterprise,AMER,PA-410 SKU-0026,hardware_ngfw
C0021,P0026,2025-11-01,0.896,0.974,0.283,1.0,0.467,1,391589.0,73.2,false,false,Onboarding Stall,Gray-Mayo,Enterprise,AMER,PA-410 SKU-0026,hardware_ngfw
C0021,P0026,2025-12-01,0.561,0.853,0.283,1.0,0.467,1,391589.0,68.9,false,false,Onboarding Stall,Gray-Mayo,Enterprise,AMER,PA-410 SKU-0026,hardware_ngfw
C0021,P0026,2026-01-01,0.683,0.921,0.283,1.0,0.467,1,391589.0,71.3,false,false,Onboarding Stall,Gray-Mayo,Enterprise,AMER,PA-410 SKU-0026,hardware_ngfw
C0021,P0026,2026-02-01,0.841,0.96,0.45,1.0,0.467,1,391589.0,76.9,false,false,Value Realized,Gray-Mayo,Enterprise,AMER,PA-410 SKU-0026,hardware_ngfw
C0021,P0026,2026-03-01,0.607,0.902,0.4,1.0,0.467,1,391589.0,73.6,false,false,Value Realized,Gray-Mayo,Enterprise,AMER,PA-410 SKU-0026,hardware_ngfw
C0021,P0026,2026-04-01,0.601,0.9,0.4,1.0,0.467,1,391589.0,73.5,false,false,Value Realized,Gray-Mayo,Enterprise,AMER,PA-410 SKU-0026,hardware_ngfw
C0021,P0026,2026-05-01,0.706,0.926,0.617,1.0,0.467,1,391589.0,79.8,false,false,Value Realized,Gray-Mayo,Enterprise,AMER,PA-410 SKU-0026,hardware_ngfw
C0021,P0026,2026-06-01,0.75,0.937,0.517,1.0,0.467,1,391589.0,77.7,false,false,Value Realized,Gray-Mayo,Enterprise,AMER,PA-410 SKU-0026,hardware_ngfw
C0023,P0187,2025-07-01,2.863,0.8,0.567,1.0,1.0,0,435603.95,82.2,false,true,Value Realized,Perez Inc,Mid-Market,AMER,Prisma Access Remote Networks SKU-0187,sase
C0023,P0187,2025-08-01,3.927,0.8,0.517,1.0,1.0,1,435603.95,80.9,false,true,Value Realized,Perez Inc,Mid-Market,AMER,Prisma Access Remote Networks SKU-0187,sase
C0023,P0187,2025-09-01,3.093,0.8,0.467,1.0,1.0,1,435603.95,79.7,false,true,Value Realized,Perez Inc,Mid-Market,AMER,Prisma Access Remote Networks SKU-0187,sase
C0023,P0187,2025-10-01,0.0,0.0,0.0,0.5,1.0,1,435603.95,27.5,false,false,Lapsed,Perez Inc,Mid-Market,AMER,Prisma Access Remote Networks SKU-0187,sase
C0023,P0187,2025-11-01,0.0,0.0,0.0,0.2,1.0,1,435603.95,20.0,false,false,Churn Signal,Perez Inc,Mid-Market,AMER,Prisma Access Remote Networks SKU-0187,sase
C0023,P0187,2025-12-01,0.0,0.0,0.0,0.0,1.0,1,435603.95,15.0,false,false,Churn Signal,Perez Inc,Mid-Market,AMER,Prisma Access Remote Networks SKU-0187,sase
C0023,P0187,2026-01-01,0.0,0.0,0.0,0.0,1.0,1,435603.95,15.0,false,false,Lapsed,Perez Inc,Mid-Market,AMER,Prisma Access Remote Networks SKU-0187,sase
C0023,P0187,2026-02-01,0.0,0.0,0.0,0.0,1.0,1,435603.95,15.0,false,false,Lapsed,Perez Inc,Mid-Market,AMER,Prisma Access Remote Networks SKU-0187,sase
C0023,P0187,2026-03-01,0.0,0.0,0.0,0.0,1.0,1,435603.95,15.0,false,false,Lapsed,Perez Inc,Mid-Market,AMER,Prisma Access Remote Networks SKU-0187,sase
C0023,P0187,2026-04-01,0.0,0.0,0.0,0.0,1.0,1,435603.95,15.0,false,false,Lapsed,Perez Inc,Mid-Market,AMER,Prisma Access Remote Networks SKU-0187,sase
C0023,P0187,2026-05-01,0.0,0.0,0.0,0.0,1.0,1,435603.95,15.0,false,false,Lapsed,Perez Inc,Mid-Market,AMER,Prisma Access Remote Networks SKU-0187,sase
C0023,P0187,2026-06-01,0.0,0.0,0.0,0.0,1.0,1,435603.95,15.0,false,false,Lapsed,Perez Inc,Mid-Market,AMER,Prisma Access Remote Networks SKU-0187,sase
C0023,P0221,2025-07-01,3.602,0.8,0.525,1.0,1.0,0,42879.2,81.1,false,true,Value Realized,Perez Inc,Mid-Market,AMER,VM-300 SKU-0221,software_ngfw
C0023,P0221,2025-08-01,4.246,0.8,0.6,1.0,1.0,1,42879.2,83.0,false,true,Value Realized,Perez Inc,Mid-Market,AMER,VM-300 SKU-0221,software_ngfw
C0023,P0221,2025-09-01,3.647,0.8,0.675,1.0,1.0,1,42879.2,84.9,false,true,Value Realized,Perez Inc,Mid-Market,AMER,VM-300 SKU-0221,software_ngfw
C0023,P0221,2025-10-01,0.0,0.0,0.0,0.5,1.0,1,42879.2,27.5,false,false,Lapsed,Perez Inc,Mid-Market,AMER,VM-300 SKU-0221,software_ngfw
C0023,P0221,2025-11-01,0.0,0.0,0.0,0.2,1.0,1,42879.2,20.0,false,false,Churn Signal,Perez Inc,Mid-Market,AMER,VM-300 SKU-0221,software_ngfw
C0023,P0221,2025-12-01,0.0,0.0,0.0,0.0,1.0,1,42879.2,15.0,false,false,Churn Signal,Perez Inc,Mid-Market,AMER,VM-300 SKU-0221,software_ngfw
C0023,P0221,2026-01-01,0.0,0.0,0.0,0.0,1.0,1,42879.2,15.0,false,false,Lapsed,Perez Inc,Mid-Market,AMER,VM-300 SKU-0221,software_ngfw
C0023,P0221,2026-02-01,0.0,0.0,0.0,0.0,1.0,1,42879.2,15.0,false,false,Lapsed,Perez Inc,Mid-Market,AMER,VM-300 SKU-0221,software_ngfw
C0023,P0221,2026-03-01,0.0,0.0,0.0,0.0,1.0,1,42879.2,15.0,false,false,Lapsed,Perez Inc,Mid-Market,AMER,VM-300 SKU-0221,software_ngfw
C0023,P0221,2026-04-01,0.0,0.0,0.0,0.0,1.0,1,42879.2,15.0,false,false,Lapsed,Perez Inc,Mid-Market,AMER,VM-300 SKU-0221,software_ngfw
C0023,P0221,2026-05-01,0.0,0.0,0.0,0.0,1.0,1,42879.2,15.0,false,false,Lapsed,Perez Inc,Mid-Market,AMER,VM-300 SKU-0221,software_ngfw
C0023,P0221,2026-06-01,0.0,0.0,0.0,0.0,1.0,1,42879.2,15.0,false,false,Lapsed,Perez Inc,Mid-Market,AMER,VM-300 SKU-0221,software_ngfw
C0027,P0200,2025-08-01,0.556,0.847,0.0,1.0,1.0,0,259694.82,69.6,false,false,Developing,Baker and Sons,Enterprise,AMER,PA-410 SKU-0200,hardware_ngfw
C0027,P0200,2025-09-01,0.791,0.948,0.0,1.0,1.0,1,259694.82,73.2,false,false,Value Realized,Baker and Sons,Enterprise,AMER,PA-410 SKU-0200,hardware_ngfw
C0027,P0200,2025-10-01,0.778,0.945,0.0,1.0,1.0,1,259694.82,73.1,false,false,Value Realized,Baker and Sons,Enterprise,AMER,PA-410 SKU-0200,hardware_ngfw
C0027,P0200,2025-11-01,0.69,0.923,0.0,1.0,1.0,1,259694.82,72.3,false,false,Value Realized,Baker and Sons,Enterprise,AMER,PA-410 SKU-0200,hardware_ngfw
C0027,P0200,2025-12-01,0.722,0.93,0.2,1.0,1.0,1,259694.82,77.6,false,false,Value Realized,Baker and Sons,Enterprise,AMER,PA-410 SKU-0200,hardware_ngfw
C0027,P0200,2026-01-01,0.769,0.942,0.14,1.0,1.0,1,259694.82,76.5,false,false,Value Realized,Baker and Sons,Enterprise,AMER,PA-410 SKU-0200,hardware_ngfw
C0027,P0200,2026-02-01,0.724,0.931,0.48,1.0,1.0,1,259694.82,84.6,false,false,Value Realized,Baker and Sons,Enterprise,AMER,PA-410 SKU-0200,hardware_ngfw
C0027,P0200,2026-03-01,0.571,0.865,0.54,1.0,1.0,1,259694.82,83.8,false,false,Value Realized,Baker and Sons,Enterprise,AMER,PA-410 SKU-0200,hardware_ngfw
C0027,P0200,2026-04-01,0.756,0.939,0.54,1.0,1.0,1,259694.82,86.4,false,false,Value Realized,Baker and Sons,Enterprise,AMER,PA-410 SKU-0200,hardware_ngfw
C0027,P0200,2026-05-01,0.598,0.898,0.48,1.0,1.0,1,259694.82,83.4,false,false,Value Realized,Baker and Sons,Enterprise,AMER,PA-410 SKU-0200,hardware_ngfw
C0027,P0200,2026-06-01,0.944,0.986,0.42,1.0,1.0,1,259694.82,85.0,false,false,Value Realized,Baker and Sons,Enterprise,AMER,PA-410 SKU-0200,hardware_ngfw
C0033,P0053,2025-08-01,0.765,0.941,0.0,1.0,1.0,0,395516.1,72.9,false,false,Value Realized,"Ferrell, Rice and Maddox",Enterprise,AMER,Prisma Access Remote Networks SKU-0053,sase
C0033,P0053,2025-09-01,0.853,0.963,0.0,1.0,1.0,1,395516.1,73.7,false,false,Value Realized,"Ferrell, Rice and Maddox",Enterprise,AMER,Prisma Access Remote Networks SKU-0053,sase
C0033,P0053,2025-10-01,0.735,0.934,0.0,1.0,1.0,1,395516.1,72.7,false,false,Value Realized,"Ferrell, Rice and Maddox",Enterprise,AMER,Prisma Access Remote Networks SKU-0053,sase
C0033,P0053,2025-11-01,0.71,0.928,0.0,1.0,1.0,1,395516.1,72.5,false,false,Value Realized,"Ferrell, Rice and Maddox",Enterprise,AMER,Prisma Access Remote Networks SKU-0053,sase
C0033,P0053,2025-12-01,0.451,0.721,0.0,1.0,1.0,1,395516.1,65.2,false,false,Developing,"Ferrell, Rice and Maddox",Enterprise,AMER,Prisma Access Remote Networks SKU-0053,sase
C0033,P0053,2026-01-01,0.839,0.96,0.0,1.0,1.0,1,395516.1,73.6,false,false,Value Realized,"Ferrell, Rice and Maddox",Enterprise,AMER,Prisma Access Remote Networks SKU-0053,sase
C0033,P0053,2026-02-01,0.736,0.934,0.0,1.0,1.0,1,395516.1,72.7,false,false,Value Realized,"Ferrell, Rice and Maddox",Enterprise,AMER,Prisma Access Remote Networks SKU-0053,sase
C0033,P0053,2026-03-01,0.859,0.965,0.0,1.0,1.0,1,395516.1,73.8,false,false,Value Realized,"Ferrell, Rice and Maddox",Enterprise,AMER,Prisma Access Remote Networks SKU-0053,sase
C0033,P0053,2026-04-01,0.747,0.937,0.0,1.0,1.0,1,395516.1,72.8,false,false,Value Realized,"Ferrell, Rice and Maddox",Enterprise,AMER,Prisma Access Remote Networks SKU-0053,sase
C0033,P0053,2026-05-01,0.693,0.923,0.0,1.0,1.0,1,395516.1,72.3,false,false,Value Realized,"Ferrell, Rice and Maddox",Enterprise,AMER,Prisma Access Remote Networks SKU-0053,sase
C0033,P0053,2026-06-01,0.684,0.921,0.0,1.0,1.0,1,395516.1,72.2,false,false,Value Realized,"Ferrell, Rice and Maddox",Enterprise,AMER,Prisma Access Remote Networks SKU-0053,sase
C0039,P0372,2025-07-01,0.681,0.92,0.0,1.0,1.0,0,163519.58,72.2,false,false,Value Realized,Harrell LLC,Mid-Market,AMER,PA-3440 SKU-0372,hardware_ngfw
C0039,P0372,2025-08-01,0.618,0.904,0.0,1.0,1.0,1,163519.58,71.7,false,false,Value Realized,Harrell LLC,Mid-Market,AMER,PA-3440 SKU-0372,hardware_ngfw
C0039,P0372,2025-09-01,0.587,0.885,0.14,1.0,1.0,1,163519.58,74.5,false,false,Value Realized,Harrell LLC,Mid-Market,AMER,PA-3440 SKU-0372,hardware_ngfw
C0039,P0372,2025-10-01,0.672,0.918,0.2,1.0,1.0,1,163519.58,77.1,false,false,Value Realized,Harrell LLC,Mid-Market,AMER,PA-3440 SKU-0372,hardware_ngfw
C0039,P0372,2025-11-01,0.646,0.912,0.14,1.0,1.0,1,163519.58,75.4,false,false,Value Realized,Harrell LLC,Mid-Market,AMER,PA-3440 SKU-0372,hardware_ngfw
C0039,P0372,2025-12-01,0.661,0.915,0.14,1.0,1.0,1,163519.58,75.5,false,false,Value Realized,Harrell LLC,Mid-Market,AMER,PA-3440 SKU-0372,hardware_ngfw
C0039,P0372,2026-01-01,0.686,0.921,0.14,1.0,1.0,1,163519.58,75.8,false,false,Value Realized,Harrell LLC,Mid-Market,AMER,PA-3440 SKU-0372,hardware_ngfw
C0039,P0372,2026-02-01,0.765,0.941,0.2,1.0,1.0,1,163519.58,77.9,false,false,Value Realized,Harrell LLC,Mid-Market,AMER,PA-3440 SKU-0372,hardware_ngfw
C0039,P0372,2026-03-01,0.577,0.873,0.28,1.0,1.0,1,163519.58,77.5,false,false,Value Realized,Harrell LLC,Mid-Market,AMER,PA-3440 SKU-0372,hardware_ngfw
C0039,P0372,2026-04-01,0.721,0.93,0.48,1.0,1.0,1,163519.58,84.6,false,false,Value Realized,Harrell LLC,Mid-Market,AMER,PA-3440 SKU-0372,hardware_ngfw
C0039,P0372,2026-05-01,0.618,0.904,0.54,1.0,1.0,1,163519.58,85.2,false,false,Value Realized,Harrell LLC,Mid-Market,AMER,PA-3440 SKU-0372,hardware_ngfw
C0039,P0372,2026-06-01,0.626,0.906,0.48,1.0,1.0,1,163519.58,83.7,false,false,Value Realized,Harrell LLC,Mid-Market,AMER,PA-3440 SKU-0372,hardware_ngfw
C0040,P0205,2025-07-01,1.285,0.8,0.2,1.0,1.0,0,52972.0,73.0,true,true,Value Realized,"Romero, Gonzalez and Brooks",Enterprise,EMEA,CN-Series SKU-0205,software_ngfw
C0040,P0205,2025-08-01,1.266,0.8,0.8,1.0,1.0,1,52972.0,88.0,false,true,Value Realized,"Romero, Gonzalez and Brooks",Enterprise,EMEA,CN-Series SKU-0205,software_ngfw
C0040,P0205,2025-09-01,1.337,0.8,0.8,1.0,1.0,1,52972.0,88.0,false,true,Value Realized,"Romero, Gonzalez and Brooks",Enterprise,EMEA,CN-Series SKU-0205,software_ngfw
C0040,P0205,2025-10-01,1.207,0.8,0.8,1.0,1.0,1,52972.0,88.0,false,true,Value Realized,"Romero, Gonzalez and Brooks",Enterprise,EMEA,CN-Series SKU-0205,software_ngfw
C0040,P0205,2025-11-01,1.458,0.8,0.8,1.0,1.0,1,52972.0,88.0,false,true,Value Realized,"Romero, Gonzalez and Brooks",Enterprise,EMEA,CN-Series SKU-0205,software_ngfw
C0040,P0205,2025-12-01,1.277,0.8,0.8,1.0,1.0,1,52972.0,88.0,false,true,Value Realized,"Romero, Gonzalez and Brooks",Enterprise,EMEA,CN-Series SKU-0205,software_ngfw
C0040,P0205,2026-01-01,1.269,0.8,0.8,1.0,1.0,1,52972.0,88.0,false,true,Value Realized,"Romero, Gonzalez and Brooks",Enterprise,EMEA,CN-Series SKU-0205,software_ngfw
C0040,P0205,2026-02-01,1.363,0.8,0.8,1.0,1.0,1,52972.0,88.0,false,true,Value Realized,"Romero, Gonzalez and Brooks",Enterprise,EMEA,CN-Series SKU-0205,software_ngfw
C0040,P0205,2026-03-01,1.612,0.8,0.8,1.0,1.0,1,52972.0,88.0,false,true,Value Realized,"Romero, Gonzalez and Brooks",Enterprise,EMEA,CN-Series SKU-0205,software_ngfw
C0040,P0205,2026-04-01,1.254,0.8,0.8,1.0,1.0,1,52972.0,88.0,false,true,Value Realized,"Romero, Gonzalez and Brooks",Enterprise,EMEA,CN-Series SKU-0205,software_ngfw
C0040,P0205,2026-05-01,1.572,0.8,0.8,1.0,1.0,1,52972.0,88.0,false,true,Value Realized,"Romero, Gonzalez and Brooks",Enterprise,EMEA,CN-Series SKU-0205,software_ngfw
C0040,P0205,2026-06-01,1.222,0.8,0.8,1.0,1.0,1,52972.0,88.0,false,true,Value Realized,"Romero, Gonzalez and Brooks",Enterprise,EMEA,CN-Series SKU-0205,software_ngfw
C0052,P0338,2025-07-01,0.0,0.0,0.0,0.0,,0,1058852.55,0.0,false,false,Grace Period,Walker LLC,Enterprise,LATAM,Prisma Access Mobile Users SKU-0338,sase
C0052,P0338,2025-08-01,0.0,0.0,0.0,0.0,0.0,0,1058852.55,0.0,false,false,Shelfware Risk,Walker LLC,Enterprise,LATAM,Prisma Access Mobile Users SKU-0338,sase
C0052,P0338,2025-09-01,0.0,0.0,0.0,0.0,0.0,0,1058852.55,0.0,false,false,Shelfware Risk,Walker LLC,Enterprise,LATAM,Prisma Access Mobile Users SKU-0338,sase
C0052,P0338,2025-10-01,0.0,0.0,0.0,0.0,0.0,0,1058852.55,0.0,false,false,Shelfware Risk,Walker LLC,Enterprise,LATAM,Prisma Access Mobile Users SKU-0338,sase
C0052,P0338,2025-11-01,0.0,0.0,0.0,0.0,0.0,0,1058852.55,0.0,false,false,Shelfware Risk,Walker LLC,Enterprise,LATAM,Prisma Access Mobile Users SKU-0338,sase
C0052,P0338,2025-12-01,0.0,0.0,0.0,0.0,0.0,0,1058852.55,0.0,false,false,Shelfware Risk,Walker LLC,Enterprise,LATAM,Prisma Access Mobile Users SKU-0338,sase
C0052,P0338,2026-01-01,0.0,0.0,0.0,0.0,0.0,0,1058852.55,0.0,false,false,Shelfware Risk,Walker LLC,Enterprise,LATAM,Prisma Access Mobile Users SKU-0338,sase
C0052,P0338,2026-02-01,0.0,0.0,0.0,0.0,0.0,0,1058852.55,0.0,false,false,Shelfware Risk,Walker LLC,Enterprise,LATAM,Prisma Access Mobile Users SKU-0338,sase
C0052,P0338,2026-03-01,0.0,0.0,0.0,0.0,0.0,0,1058852.55,0.0,false,false,Shelfware Risk,Walker LLC,Enterprise,LATAM,Prisma Access Mobile Users SKU-0338,sase
C0052,P0338,2026-04-01,0.0,0.0,0.0,0.0,0.0,0,1058852.55,0.0,false,false,Shelfware Risk,Walker LLC,Enterprise,LATAM,Prisma Access Mobile Users SKU-0338,sase
C0052,P0338,2026-05-01,0.0,0.0,0.0,0.0,0.0,0,1058852.55,0.0,false,false,Shelfware Risk,Walker LLC,Enterprise,LATAM,Prisma Access Mobile Users SKU-0338,sase
C0052,P0338,2026-06-01,0.0,0.0,0.0,0.0,0.0,0,1058852.55,0.0,false,false,Shelfware Risk,Walker LLC,Enterprise,LATAM,Prisma Access Mobile Users SKU-0338,sase
C0054,P0347,2025-07-01,0.72,0.93,0.0,1.0,1.0,0,10070.49,72.5,false,false,Value Realized,"Robinson, Jones and Welch",Mid-Market,EMEA,Cloud NGFW for Azure SKU-0347,cloud_ngfw
C0054,P0347,2025-08-01,0.767,0.942,0.0,1.0,1.0,1,10070.49,73.0,false,false,Value Realized,"Robinson, Jones and Welch",Mid-Market,EMEA,Cloud NGFW for Azure SKU-0347,cloud_ngfw
C0054,P0347,2025-09-01,0.575,0.87,0.0,1.0,1.0,1,10070.49,70.4,false,false,Value Realized,"Robinson, Jones and Welch",Mid-Market,EMEA,Cloud NGFW for Azure SKU-0347,cloud_ngfw
C0054,P0347,2025-10-01,0.741,0.935,0.0,1.0,1.0,1,10070.49,72.7,false,false,Value Realized,"Robinson, Jones and Welch",Mid-Market,EMEA,Cloud NGFW for Azure SKU-0347,cloud_ngfw
C0054,P0347,2025-11-01,0.714,0.929,0.14,1.0,1.0,1,10070.49,76.0,false,false,Value Realized,"Robinson, Jones and Welch",Mid-Market,EMEA,Cloud NGFW for Azure SKU-0347,cloud_ngfw
C0054,P0347,2025-12-01,0.893,0.973,0.2,1.0,1.0,1,10070.49,79.1,false,false,Value Realized,"Robinson, Jones and Welch",Mid-Market,EMEA,Cloud NGFW for Azure SKU-0347,cloud_ngfw
C0054,P0347,2026-01-01,0.916,0.979,0.2,1.0,1.0,1,10070.49,79.3,true,false,Value Realized,"Robinson, Jones and Welch",Mid-Market,EMEA,Cloud NGFW for Azure SKU-0347,cloud_ngfw
C0054,P0347,2026-02-01,1.07,1.0,0.2,1.0,1.0,1,10070.49,80.0,true,false,Value Realized,"Robinson, Jones and Welch",Mid-Market,EMEA,Cloud NGFW for Azure SKU-0347,cloud_ngfw
C0054,P0347,2026-03-01,0.858,0.964,0.2,1.0,1.0,1,10070.49,78.8,false,false,Value Realized,"Robinson, Jones and Welch",Mid-Market,EMEA,Cloud NGFW for Azure SKU-0347,cloud_ngfw
C0054,P0347,2026-04-01,0.706,0.927,0.14,1.0,1.0,1,10070.49,75.9,false,false,Value Realized,"Robinson, Jones and Welch",Mid-Market,EMEA,Cloud NGFW for Azure SKU-0347,cloud_ngfw
C0054,P0347,2026-05-01,0.807,0.952,0.14,1.0,1.0,1,10070.49,76.8,false,false,Value Realized,"Robinson, Jones and Welch",Mid-Market,EMEA,Cloud NGFW for Azure SKU-0347,cloud_ngfw
C0054,P0347,2026-06-01,0.756,0.939,0.2,1.0,1.0,1,10070.49,77.9,false,false,Value Realized,"Robinson, Jones and Welch",Mid-Market,EMEA,Cloud NGFW for Azure SKU-0347,cloud_ngfw
C0058,P0370,2025-07-01,0.675,0.919,0.167,1.0,1.0,0,29746.58,76.3,false,false,Value Realized,"Johnston, Sanchez and Kennedy",Enterprise,EMEA,VM-100 SKU-0370,software_ngfw
C0058,P0370,2025-08-01,0.829,0.957,0.117,1.0,1.0,1,29746.58,76.4,false,false,Value Realized,"Johnston, Sanchez and Kennedy",Enterprise,EMEA,VM-100 SKU-0370,software_ngfw
C0058,P0370,2025-09-01,0.728,0.932,0.117,1.0,1.0,1,29746.58,75.5,false,false,Value Realized,"Johnston, Sanchez and Kennedy",Enterprise,EMEA,VM-100 SKU-0370,software_ngfw
C0058,P0370,2025-10-01,0.552,0.842,0.283,1.0,1.0,1,29746.58,76.6,false,false,Value Realized,"Johnston, Sanchez and Kennedy",Enterprise,EMEA,VM-100 SKU-0370,software_ngfw
C0058,P0370,2025-11-01,0.459,0.731,0.45,1.0,1.0,1,29746.58,76.8,false,false,Value Realized,"Johnston, Sanchez and Kennedy",Enterprise,EMEA,VM-100 SKU-0370,software_ngfw
C0058,P0370,2025-12-01,0.728,0.932,0.4,1.0,1.0,1,29746.58,82.6,false,false,Value Realized,"Johnston, Sanchez and Kennedy",Enterprise,EMEA,VM-100 SKU-0370,software_ngfw
C0058,P0370,2026-01-01,0.757,0.939,0.45,1.0,1.0,1,29746.58,84.1,false,false,Value Realized,"Johnston, Sanchez and Kennedy",Enterprise,EMEA,VM-100 SKU-0370,software_ngfw
C0058,P0370,2026-02-01,0.683,0.921,0.4,1.0,1.0,1,29746.58,82.2,false,false,Value Realized,"Johnston, Sanchez and Kennedy",Enterprise,EMEA,VM-100 SKU-0370,software_ngfw
C0058,P0370,2026-03-01,0.5,0.779,0.35,1.0,1.0,1,29746.58,76.0,false,false,Value Realized,"Johnston, Sanchez and Kennedy",Enterprise,EMEA,VM-100 SKU-0370,software_ngfw
C0058,P0370,2026-04-01,0.57,0.863,0.683,1.0,1.0,1,29746.58,87.3,false,false,Value Realized,"Johnston, Sanchez and Kennedy",Enterprise,EMEA,VM-100 SKU-0370,software_ngfw
C0058,P0370,2026-05-01,0.662,0.916,0.85,1.0,1.0,1,29746.58,93.3,false,false,Value Realized,"Johnston, Sanchez and Kennedy",Enterprise,EMEA,VM-100 SKU-0370,software_ngfw
C0058,P0370,2026-06-01,0.531,0.818,0.8,1.0,1.0,1,29746.58,88.6,false,false,Value Realized,"Johnston, Sanchez and Kennedy",Enterprise,EMEA,VM-100 SKU-0370,software_ngfw
C0059,P0346,2025-07-01,0.764,0.941,0.0,1.0,1.0,0,18012.25,72.9,false,false,Value Realized,Lee-Davis,Mid-Market,LATAM,VM-300 SKU-0346,software_ngfw
C0059,P0346,2025-08-01,0.656,0.914,0.0,1.0,1.0,1,18012.25,72.0,false,false,Value Realized,Lee-Davis,Mid-Market,LATAM,VM-300 SKU-0346,software_ngfw
C0059,P0346,2025-09-01,0.808,0.952,0.0,1.0,1.0,1,18012.25,73.3,false,false,Value Realized,Lee-Davis,Mid-Market,LATAM,VM-300 SKU-0346,software_ngfw
C0059,P0346,2025-10-01,0.682,0.921,0.0,1.0,1.0,1,18012.25,72.2,false,false,Value Realized,Lee-Davis,Mid-Market,LATAM,VM-300 SKU-0346,software_ngfw
C0059,P0346,2025-11-01,0.629,0.907,0.0,1.0,1.0,1,18012.25,71.8,false,false,Value Realized,Lee-Davis,Mid-Market,LATAM,VM-300 SKU-0346,software_ngfw
C0059,P0346,2025-12-01,0.829,0.957,0.0,1.0,1.0,1,18012.25,73.5,false,false,Value Realized,Lee-Davis,Mid-Market,LATAM,VM-300 SKU-0346,software_ngfw
C0059,P0346,2026-01-01,0.912,0.978,0.0,1.0,1.0,1,18012.25,74.2,true,false,Value Realized,Lee-Davis,Mid-Market,LATAM,VM-300 SKU-0346,software_ngfw
C0059,P0346,2026-02-01,0.617,0.904,0.0,1.0,1.0,1,18012.25,71.6,false,false,Value Realized,Lee-Davis,Mid-Market,LATAM,VM-300 SKU-0346,software_ngfw
C0059,P0346,2026-03-01,0.582,0.878,0.0,1.0,1.0,1,18012.25,70.7,false,false,Value Realized,Lee-Davis,Mid-Market,LATAM,VM-300 SKU-0346,software_ngfw
C0059,P0346,2026-04-01,0.832,0.958,0.14,1.0,1.0,1,18012.25,77.0,false,false,Value Realized,Lee-Davis,Mid-Market,LATAM,VM-300 SKU-0346,software_ngfw
C0059,P0346,2026-05-01,0.808,0.952,0.14,1.0,1.0,1,18012.25,76.8,false,false,Value Realized,Lee-Davis,Mid-Market,LATAM,VM-300 SKU-0346,software_ngfw
C0059,P0346,2026-06-01,0.826,0.957,0.2,1.0,1.0,1,18012.25,78.5,false,false,Value Realized,Lee-Davis,Mid-Market,LATAM,VM-300 SKU-0346,software_ngfw
C0060,P0338,2025-07-01,0.717,0.929,0.0,1.0,1.0,0,400047.44,72.5,false,false,Value Realized,Gomez-Jenkins,Mid-Market,EMEA,Prisma Access Mobile Users SKU-0338,sase
C0060,P0338,2025-08-01,0.554,0.844,0.0,1.0,1.0,1,400047.44,69.5,false,false,Developing,Gomez-Jenkins,Mid-Market,EMEA,Prisma Access Mobile Users SKU-0338,sase
C0060,P0338,2025-09-01,0.717,0.929,0.0,1.0,1.0,1,400047.44,72.5,false,false,Value Realized,Gomez-Jenkins,Mid-Market,EMEA,Prisma Access Mobile Users SKU-0338,sase
C0060,P0338,2025-10-01,0.774,0.943,0.0,1.0,1.0,1,400047.44,73.0,false,false,Value Realized,Gomez-Jenkins,Mid-Market,EMEA,Prisma Access Mobile Users SKU-0338,sase
C0060,P0338,2025-11-01,0.629,0.907,0.0,1.0,1.0,1,400047.44,71.8,false,false,Value Realized,Gomez-Jenkins,Mid-Market,EMEA,Prisma Access Mobile Users SKU-0338,sase
C0060,P0338,2025-12-01,0.728,0.932,0.333,1.0,1.0,1,400047.44,81.0,false,false,Value Realized,Gomez-Jenkins,Mid-Market,EMEA,Prisma Access Mobile Users SKU-0338,sase
C0060,P0338,2026-01-01,0.959,0.99,0.333,1.0,1.0,1,400047.44,83.0,false,false,Value Realized,Gomez-Jenkins,Mid-Market,EMEA,Prisma Access Mobile Users SKU-0338,sase
C0060,P0338,2026-02-01,0.709,0.927,0.233,1.0,1.0,1,400047.44,78.3,false,false,Value Realized,Gomez-Jenkins,Mid-Market,EMEA,Prisma Access Mobile Users SKU-0338,sase
C0060,P0338,2026-03-01,0.837,0.959,0.567,1.0,1.0,1,400047.44,87.7,false,false,Value Realized,Gomez-Jenkins,Mid-Market,EMEA,Prisma Access Mobile Users SKU-0338,sase
C0060,P0338,2026-04-01,0.832,0.958,0.467,1.0,1.0,1,400047.44,85.2,false,false,Value Realized,Gomez-Jenkins,Mid-Market,EMEA,Prisma Access Mobile Users SKU-0338,sase
C0060,P0338,2026-05-01,0.626,0.907,0.567,1.0,1.0,1,400047.44,85.9,false,false,Value Realized,Gomez-Jenkins,Mid-Market,EMEA,Prisma Access Mobile Users SKU-0338,sase
C0060,P0338,2026-06-01,0.594,0.893,0.567,1.0,1.0,1,400047.44,85.4,false,false,Value Realized,Gomez-Jenkins,Mid-Market,EMEA,Prisma Access Mobile Users SKU-0338,sase
C0063,P0101,2025-07-01,0.569,0.862,0.0,1.0,1.0,0,83123.6,70.2,false,false,Value Realized,Wright and Sons,Enterprise,APAC,Cloud NGFW for Azure SKU-0101,cloud_ngfw
C0063,P0101,2025-08-01,0.765,0.941,0.0,1.0,1.0,1,83123.6,72.9,false,false,Value Realized,Wright and Sons,Enterprise,APAC,Cloud NGFW for Azure SKU-0101,cloud_ngfw
C0063,P0101,2025-09-01,0.665,0.916,0.0,1.0,1.0,1,83123.6,72.1,false,false,Value Realized,Wright and Sons,Enterprise,APAC,Cloud NGFW for Azure SKU-0101,cloud_ngfw
C0063,P0101,2025-10-01,0.827,0.957,0.0,1.0,1.0,1,83123.6,73.5,false,false,Value Realized,Wright and Sons,Enterprise,APAC,Cloud NGFW for Azure SKU-0101,cloud_ngfw
C0063,P0101,2025-11-01,0.823,0.956,0.0,1.0,1.0,1,83123.6,73.4,false,false,Value Realized,Wright and Sons,Enterprise,APAC,Cloud NGFW for Azure SKU-0101,cloud_ngfw
C0063,P0101,2025-12-01,0.788,0.947,0.0,1.0,1.0,1,83123.6,73.1,false,false,Value Realized,Wright and Sons,Enterprise,APAC,Cloud NGFW for Azure SKU-0101,cloud_ngfw
C0063,P0101,2026-01-01,0.659,0.915,0.0,1.0,1.0,1,83123.6,72.0,false,false,Value Realized,Wright and Sons,Enterprise,APAC,Cloud NGFW for Azure SKU-0101,cloud_ngfw
C0063,P0101,2026-02-01,0.647,0.912,0.175,1.0,1.0,1,83123.6,76.3,false,false,Value Realized,Wright and Sons,Enterprise,APAC,Cloud NGFW for Azure SKU-0101,cloud_ngfw
C0063,P0101,2026-03-01,0.643,0.911,0.175,1.0,1.0,1,83123.6,76.3,false,false,Value Realized,Wright and Sons,Enterprise,APAC,Cloud NGFW for Azure SKU-0101,cloud_ngfw
C0063,P0101,2026-04-01,0.767,0.942,0.175,1.0,1.0,1,83123.6,77.3,false,false,Value Realized,Wright and Sons,Enterprise,APAC,Cloud NGFW for Azure SKU-0101,cloud_ngfw
C0063,P0101,2026-05-01,0.589,0.887,0.425,1.0,1.0,1,83123.6,81.7,false,false,Value Realized,Wright and Sons,Enterprise,APAC,Cloud NGFW for Azure SKU-0101,cloud_ngfw
C0063,P0101,2026-06-01,0.873,0.968,0.35,1.0,1.0,1,83123.6,82.6,false,false,Value Realized,Wright and Sons,Enterprise,APAC,Cloud NGFW for Azure SKU-0101,cloud_ngfw
C0065,P0362,2025-07-01,0.857,0.964,0.233,1.0,1.0,0,222306.28,79.6,false,false,Value Realized,Baxter Inc,Mid-Market,LATAM,PA-460 SKU-0362,hardware_ngfw
C0065,P0362,2025-08-01,0.554,0.844,0.233,1.0,1.0,1,222306.28,75.4,false,false,Value Realized,Baxter Inc,Mid-Market,LATAM,PA-460 SKU-0362,hardware_ngfw
C0065,P0362,2025-09-01,0.816,0.954,0.333,1.0,1.0,1,222306.28,81.7,false,false,Value Realized,Baxter Inc,Mid-Market,LATAM,PA-460 SKU-0362,hardware_ngfw
C0065,P0362,2025-10-01,0.872,0.968,0.233,1.0,1.0,1,222306.28,79.7,false,false,Value Realized,Baxter Inc,Mid-Market,LATAM,PA-460 SKU-0362,hardware_ngfw
C0065,P0362,2025-11-01,0.736,0.934,0.233,1.0,1.0,1,222306.28,78.5,false,false,Value Realized,Baxter Inc,Mid-Market,LATAM,PA-460 SKU-0362,hardware_ngfw
C0065,P0362,2025-12-01,0.581,0.877,0.233,1.0,1.0,1,222306.28,76.5,false,false,Value Realized,Baxter Inc,Mid-Market,LATAM,PA-460 SKU-0362,hardware_ngfw
C0065,P0362,2026-01-01,0.553,0.843,0.233,1.0,1.0,1,222306.28,75.4,false,false,Value Realized,Baxter Inc,Mid-Market,LATAM,PA-460 SKU-0362,hardware_ngfw
C0065,P0362,2026-02-01,0.614,0.904,0.233,1.0,1.0,1,222306.28,77.5,false,false,Value Realized,Baxter Inc,Mid-Market,LATAM,PA-460 SKU-0362,hardware_ngfw
C0065,P0362,2026-03-01,0.806,0.952,0.567,1.0,1.0,1,222306.28,87.5,false,false,Value Realized,Baxter Inc,Mid-Market,LATAM,PA-460 SKU-0362,hardware_ngfw
C0065,P0362,2026-04-01,0.877,0.969,0.467,1.0,1.0,1,222306.28,85.6,false,false,Value Realized,Baxter Inc,Mid-Market,LATAM,PA-460 SKU-0362,hardware_ngfw
C0065,P0362,2026-05-01,0.635,0.909,0.567,1.0,1.0,1,222306.28,86.0,false,false,Value Realized,Baxter Inc,Mid-Market,LATAM,PA-460 SKU-0362,hardware_ngfw
C0065,P0362,2026-06-01,0.767,0.942,0.567,1.0,1.0,1,222306.28,87.1,false,false,Value Realized,Baxter Inc,Mid-Market,LATAM,PA-460 SKU-0362,hardware_ngfw
C0067,P0221,2025-07-01,0.86,0.965,0.175,1.0,1.0,0,27012.96,78.2,false,false,Value Realized,Williams PLC,Mid-Market,AMER,VM-300 SKU-0221,software_ngfw
C0067,P0221,2025-08-01,0.715,0.929,0.425,1.0,1.0,1,27012.96,83.1,false,false,Value Realized,Williams PLC,Mid-Market,AMER,VM-300 SKU-0221,software_ngfw
C0067,P0221,2025-09-01,0.723,0.931,0.425,1.0,1.0,1,27012.96,83.2,false,false,Value Realized,Williams PLC,Mid-Market,AMER,VM-300 SKU-0221,software_ngfw
C0067,P0221,2025-10-01,0.904,0.976,0.425,1.0,1.0,1,27012.96,84.8,false,false,Value Realized,Williams PLC,Mid-Market,AMER,VM-300 SKU-0221,software_ngfw
C0067,P0221,2025-11-01,0.708,0.927,0.35,1.0,1.0,1,27012.96,81.2,false,false,Value Realized,Williams PLC,Mid-Market,AMER,VM-300 SKU-0221,software_ngfw
C0067,P0221,2025-12-01,0.583,0.88,0.425,1.0,1.0,1,27012.96,81.4,false,false,Value Realized,Williams PLC,Mid-Market,AMER,VM-300 SKU-0221,software_ngfw
C0067,P0221,2026-01-01,0.489,0.766,0.35,1.0,1.0,1,27012.96,75.6,false,false,Value Realized,Williams PLC,Mid-Market,AMER,VM-300 SKU-0221,software_ngfw
C0067,P0221,2026-02-01,0.749,0.937,0.35,1.0,1.0,1,27012.96,81.6,false,false,Value Realized,Williams PLC,Mid-Market,AMER,VM-300 SKU-0221,software_ngfw
C0067,P0221,2026-03-01,0.737,0.934,0.525,1.0,1.0,1,27012.96,85.8,false,false,Value Realized,Williams PLC,Mid-Market,AMER,VM-300 SKU-0221,software_ngfw
C0067,P0221,2026-04-01,0.816,0.954,0.6,1.0,1.0,1,27012.96,88.4,false,false,Value Realized,Williams PLC,Mid-Market,AMER,VM-300 SKU-0221,software_ngfw
C0067,P0221,2026-05-01,0.804,0.951,0.525,1.0,1.0,1,27012.96,86.4,false,false,Value Realized,Williams PLC,Mid-Market,AMER,VM-300 SKU-0221,software_ngfw
C0067,P0221,2026-06-01,0.576,0.871,0.75,1.0,1.0,1,27012.96,89.2,false,false,Value Realized,Williams PLC,Mid-Market,AMER,VM-300 SKU-0221,software_ngfw
C0068,P0331,2025-07-01,0.623,0.906,0.0,1.0,1.0,0,55074.56,71.7,false,false,Value Realized,Novak and Sons,Enterprise,LATAM,Cloud NGFW for AWS SKU-0331,cloud_ngfw
C0068,P0331,2025-08-01,0.888,0.972,0.0,1.0,1.0,1,55074.56,74.0,false,false,Value Realized,Novak and Sons,Enterprise,LATAM,Cloud NGFW for AWS SKU-0331,cloud_ngfw
C0068,P0331,2025-09-01,0.642,0.911,0.117,1.0,1.0,1,55074.56,74.8,false,false,Value Realized,Novak and Sons,Enterprise,LATAM,Cloud NGFW for AWS SKU-0331,cloud_ngfw
C0068,P0331,2025-10-01,0.744,0.936,0.283,1.0,1.0,1,55074.56,79.8,false,false,Value Realized,Novak and Sons,Enterprise,LATAM,Cloud NGFW for AWS SKU-0331,cloud_ngfw
C0068,P0331,2025-11-01,0.674,0.918,0.283,1.0,1.0,1,55074.56,79.2,false,false,Value Realized,Novak and Sons,Enterprise,LATAM,Cloud NGFW for AWS SKU-0331,cloud_ngfw
C0068,P0331,2025-12-01,0.699,0.925,0.35,1.0,1.0,1,55074.56,81.1,false,false,Value Realized,Novak and Sons,Enterprise,LATAM,Cloud NGFW for AWS SKU-0331,cloud_ngfw
C0068,P0331,2026-01-01,0.603,0.901,0.4,1.0,1.0,1,55074.56,81.5,false,false,Value Realized,Novak and Sons,Enterprise,LATAM,Cloud NGFW for AWS SKU-0331,cloud_ngfw
C0068,P0331,2026-02-01,0.817,0.954,0.4,1.0,1.0,1,55074.56,83.4,false,false,Value Realized,Novak and Sons,Enterprise,LATAM,Cloud NGFW for AWS SKU-0331,cloud_ngfw
C0068,P0331,2026-03-01,0.799,0.95,0.35,1.0,1.0,1,55074.56,82.0,false,false,Value Realized,Novak and Sons,Enterprise,LATAM,Cloud NGFW for AWS SKU-0331,cloud_ngfw
C0068,P0331,2026-04-01,0.706,0.926,0.45,1.0,1.0,1,55074.56,83.7,false,false,Value Realized,Novak and Sons,Enterprise,LATAM,Cloud NGFW for AWS SKU-0331,cloud_ngfw
C0068,P0331,2026-05-01,0.656,0.914,0.35,1.0,1.0,1,55074.56,80.7,false,false,Value Realized,Novak and Sons,Enterprise,LATAM,Cloud NGFW for AWS SKU-0331,cloud_ngfw
C0068,P0331,2026-06-01,0.778,0.945,0.4,1.0,1.0,1,55074.56,83.1,false,false,Value Realized,Novak and Sons,Enterprise,LATAM,Cloud NGFW for AWS SKU-0331,cloud_ngfw
C0069,P0001,2025-07-01,0.684,0.921,0.0,1.0,1.0,0,801104.26,72.2,false,false,Value Realized,Russell Group,Enterprise,AMER,PA-5410 SKU-0001,hardware_ngfw
C0069,P0001,2025-08-01,0.412,0.674,0.0,1.0,1.0,1,801104.26,63.6,false,false,Developing,Russell Group,Enterprise,AMER,PA-5410 SKU-0001,hardware_ngfw
C0069,P0001,2025-09-01,0.702,0.925,0.117,1.0,1.0,1,801104.26,75.3,false,false,Value Realized,Russell Group,Enterprise,AMER,PA-5410 SKU-0001,hardware_ngfw
C0069,P0001,2025-10-01,0.586,0.884,0.283,1.0,1.0,1,801104.26,78.0,false,false,Value Realized,Russell Group,Enterprise,AMER,PA-5410 SKU-0001,hardware_ngfw
C0069,P0001,2025-11-01,0.749,0.937,0.283,1.0,1.0,1,801104.26,79.9,false,false,Value Realized,Russell Group,Enterprise,AMER,PA-5410 SKU-0001,hardware_ngfw
C0069,P0001,2025-12-01,0.862,0.966,0.233,1.0,1.0,1,801104.26,79.6,false,false,Value Realized,Russell Group,Enterprise,AMER,PA-5410 SKU-0001,hardware_ngfw
C0069,P0001,2026-01-01,0.914,0.979,0.233,1.0,1.0,1,801104.26,80.1,true,false,Value Realized,Russell Group,Enterprise,AMER,PA-5410 SKU-0001,hardware_ngfw
C0069,P0001,2026-02-01,0.498,0.778,0.283,1.0,1.0,1,801104.26,74.3,false,false,Value Realized,Russell Group,Enterprise,AMER,PA-5410 SKU-0001,hardware_ngfw
C0069,P0001,2026-03-01,0.628,0.907,0.233,1.0,1.0,1,801104.26,77.6,false,false,Value Realized,Russell Group,Enterprise,AMER,PA-5410 SKU-0001,hardware_ngfw
C0069,P0001,2026-04-01,0.552,0.843,0.283,1.0,1.0,1,801104.26,76.6,false,false,Value Realized,Russell Group,Enterprise,AMER,PA-5410 SKU-0001,hardware_ngfw
C0069,P0001,2026-05-01,0.754,0.939,0.233,1.0,1.0,1,801104.26,78.7,false,false,Value Realized,Russell Group,Enterprise,AMER,PA-5410 SKU-0001,hardware_ngfw
C0069,P0001,2026-06-01,0.756,0.939,0.283,1.0,1.0,1,801104.26,79.9,false,false,Value Realized,Russell Group,Enterprise,AMER,PA-5410 SKU-0001,hardware_ngfw
C0070,P0089,2025-07-01,0.847,0.962,0.0,1.0,1.0,0,20197.58,73.7,false,false,Value Realized,Hancock Inc,Mid-Market,AMER,CN-Series SKU-0089,software_ngfw
C0070,P0089,2025-08-01,0.782,0.945,0.233,1.0,1.0,1,20197.58,78.9,false,false,Value Realized,Hancock Inc,Mid-Market,AMER,CN-Series SKU-0089,software_ngfw
C0070,P0089,2025-09-01,0.664,0.916,0.233,1.0,1.0,1,20197.58,77.9,false,false,Value Realized,Hancock Inc,Mid-Market,AMER,CN-Series SKU-0089,software_ngfw
C0070,P0089,2025-10-01,0.532,0.818,0.233,1.0,1.0,1,20197.58,74.5,false,false,Value Realized,Hancock Inc,Mid-Market,AMER,CN-Series SKU-0089,software_ngfw
C0070,P0089,2025-11-01,0.665,0.916,0.567,1.0,1.0,1,20197.58,86.2,false,false,Value Realized,Hancock Inc,Mid-Market,AMER,CN-Series SKU-0089,software_ngfw
C0070,P0089,2025-12-01,0.884,0.971,0.567,1.0,1.0,1,20197.58,88.2,false,false,Value Realized,Hancock Inc,Mid-Market,AMER,CN-Series SKU-0089,software_ngfw
C0070,P0089,2026-01-01,0.506,0.787,0.467,1.0,1.0,1,20197.58,79.2,false,false,Value Realized,Hancock Inc,Mid-Market,AMER,CN-Series SKU-0089,software_ngfw
C0070,P0089,2026-02-01,0.74,0.935,0.567,1.0,1.0,1,20197.58,86.9,false,false,Value Realized,Hancock Inc,Mid-Market,AMER,CN-Series SKU-0089,software_ngfw
C0070,P0089,2026-03-01,0.664,0.916,0.467,1.0,1.0,1,20197.58,83.7,false,false,Value Realized,Hancock Inc,Mid-Market,AMER,CN-Series SKU-0089,software_ngfw
C0070,P0089,2026-04-01,0.685,0.921,0.567,1.0,1.0,1,20197.58,86.4,false,false,Value Realized,Hancock Inc,Mid-Market,AMER,CN-Series SKU-0089,software_ngfw
C0070,P0089,2026-05-01,0.652,0.913,0.467,1.0,1.0,1,20197.58,83.6,false,false,Value Realized,Hancock Inc,Mid-Market,AMER,CN-Series SKU-0089,software_ngfw
C0070,P0089,2026-06-01,0.617,0.904,0.567,1.0,1.0,1,20197.58,85.8,false,false,Value Realized,Hancock Inc,Mid-Market,AMER,CN-Series SKU-0089,software_ngfw
C0072,P0253,2025-07-01,0.667,0.917,0.0,1.0,1.0,0,126431.07,72.1,false,false,Value Realized,House-Glover,Enterprise,EMEA,PA-3410 SKU-0253,hardware_ngfw
C0072,P0253,2025-08-01,0.827,0.957,0.0,1.0,1.0,1,126431.07,73.5,false,false,Value Realized,House-Glover,Enterprise,EMEA,PA-3410 SKU-0253,hardware_ngfw
C0072,P0253,2025-09-01,0.777,0.944,0.0,1.0,1.0,1,126431.07,73.0,false,false,Value Realized,House-Glover,Enterprise,EMEA,PA-3410 SKU-0253,hardware_ngfw
C0072,P0253,2025-10-01,0.48,0.756,0.25,1.0,1.0,1,126431.07,72.7,false,false,Value Realized,House-Glover,Enterprise,EMEA,PA-3410 SKU-0253,hardware_ngfw
C0072,P0253,2025-11-01,0.69,0.923,0.175,1.0,1.0,1,126431.07,76.7,false,false,Value Realized,House-Glover,Enterprise,EMEA,PA-3410 SKU-0253,hardware_ngfw
C0072,P0253,2025-12-01,0.657,0.914,0.175,1.0,1.0,1,126431.07,76.4,false,false,Value Realized,House-Glover,Enterprise,EMEA,PA-3410 SKU-0253,hardware_ngfw
C0072,P0253,2026-01-01,0.597,0.896,0.425,1.0,1.0,1,126431.07,82.0,false,false,Value Realized,House-Glover,Enterprise,EMEA,PA-3410 SKU-0253,hardware_ngfw
C0072,P0253,2026-02-01,0.91,0.978,0.525,1.0,1.0,1,126431.07,87.3,false,false,Value Realized,House-Glover,Enterprise,EMEA,PA-3410 SKU-0253,hardware_ngfw
C0072,P0253,2026-03-01,0.717,0.929,0.675,1.0,1.0,1,126431.07,89.4,false,false,Value Realized,House-Glover,Enterprise,EMEA,PA-3410 SKU-0253,hardware_ngfw
C0072,P0253,2026-04-01,0.73,0.933,0.675,1.0,1.0,1,126431.07,89.5,false,false,Value Realized,House-Glover,Enterprise,EMEA,PA-3410 SKU-0253,hardware_ngfw
C0072,P0253,2026-05-01,0.73,0.933,0.525,1.0,1.0,1,126431.07,85.8,false,false,Value Realized,House-Glover,Enterprise,EMEA,PA-3410 SKU-0253,hardware_ngfw
C0072,P0253,2026-06-01,0.723,0.931,0.75,1.0,1.0,1,126431.07,91.3,false,false,Value Realized,House-Glover,Enterprise,EMEA,PA-3410 SKU-0253,hardware_ngfw
C0076,P0100,2025-07-01,0.787,0.947,0.233,1.0,1.0,0,791654.75,79.0,false,false,Value Realized,"Daniels, Adkins and Brown",Enterprise,EMEA,PA-5410 SKU-0100,hardware_ngfw
C0076,P0100,2025-08-01,0.384,0.641,0.233,1.0,1.0,1,791654.75,68.3,false,false,Developing,"Daniels, Adkins and Brown",Enterprise,EMEA,PA-5410 SKU-0100,hardware_ngfw
C0076,P0100,2025-09-01,0.737,0.934,0.467,1.0,1.0,1,791654.75,84.4,false,false,Value Realized,"Daniels, Adkins and Brown",Enterprise,EMEA,PA-5410 SKU-0100,hardware_ngfw
C0076,P0100,2025-10-01,0.448,0.718,0.667,1.0,1.0,1,791654.75,81.8,false,false,Value Realized,"Daniels, Adkins and Brown",Enterprise,EMEA,PA-5410 SKU-0100,hardware_ngfw
C0076,P0100,2025-11-01,0.778,0.945,0.567,1.0,1.0,1,791654.75,87.2,false,false,Value Realized,"Daniels, Adkins and Brown",Enterprise,EMEA,PA-5410 SKU-0100,hardware_ngfw
C0076,P0100,2025-12-01,0.497,0.777,0.467,1.0,1.0,1,791654.75,78.8,false,false,Value Realized,"Daniels, Adkins and Brown",Enterprise,EMEA,PA-5410 SKU-0100,hardware_ngfw
C0076,P0100,2026-01-01,0.649,0.912,0.7,1.0,1.0,1,791654.75,89.4,false,false,Value Realized,"Daniels, Adkins and Brown",Enterprise,EMEA,PA-5410 SKU-0100,hardware_ngfw
C0076,P0100,2026-02-01,0.628,0.907,0.7,1.0,1.0,1,791654.75,89.2,false,false,Value Realized,"Daniels, Adkins and Brown",Enterprise,EMEA,PA-5410 SKU-0100,hardware_ngfw
C0076,P0100,2026-03-01,0.693,0.923,0.9,1.0,1.0,1,791654.75,94.8,false,false,Value Realized,"Daniels, Adkins and Brown",Enterprise,EMEA,PA-5410 SKU-0100,hardware_ngfw
C0076,P0100,2026-04-01,0.809,0.952,0.8,1.0,1.0,1,791654.75,93.3,false,false,Value Realized,"Daniels, Adkins and Brown",Enterprise,EMEA,PA-5410 SKU-0100,hardware_ngfw
C0076,P0100,2026-05-01,0.824,0.956,0.7,1.0,1.0,1,791654.75,91.0,false,false,Value Realized,"Daniels, Adkins and Brown",Enterprise,EMEA,PA-5410 SKU-0100,hardware_ngfw
C0076,P0100,2026-06-01,0.923,0.981,0.9,1.0,1.0,1,791654.75,96.8,false,false,Value Realized,"Daniels, Adkins and Brown",Enterprise,EMEA,PA-5410 SKU-0100,hardware_ngfw
C0077,P0028,2025-08-01,0.924,0.981,0.2,1.0,1.0,0,191929.89,79.3,true,false,Value Realized,"Woods, Calhoun and Schmidt",Mid-Market,EMEA,Prisma Access Mobile Users SKU-0028,sase
C0077,P0028,2025-09-01,0.731,0.933,0.14,1.0,1.0,1,191929.89,76.1,false,false,Value Realized,"Woods, Calhoun and Schmidt",Mid-Market,EMEA,Prisma Access Mobile Users SKU-0028,sase
C0077,P0028,2025-10-01,0.647,0.912,0.14,1.0,1.0,1,191929.89,75.4,false,false,Value Realized,"Woods, Calhoun and Schmidt",Mid-Market,EMEA,Prisma Access Mobile Users SKU-0028,sase
C0077,P0028,2025-11-01,0.582,0.878,0.2,1.0,1.0,1,191929.89,75.7,false,false,Value Realized,"Woods, Calhoun and Schmidt",Mid-Market,EMEA,Prisma Access Mobile Users SKU-0028,sase
C0077,P0028,2025-12-01,0.687,0.922,0.14,1.0,1.0,1,191929.89,75.8,false,false,Value Realized,"Woods, Calhoun and Schmidt",Mid-Market,EMEA,Prisma Access Mobile Users SKU-0028,sase
C0077,P0028,2026-01-01,0.634,0.908,0.34,1.0,1.0,1,191929.89,80.3,false,false,Value Realized,"Woods, Calhoun and Schmidt",Mid-Market,EMEA,Prisma Access Mobile Users SKU-0028,sase
C0077,P0028,2026-02-01,0.904,0.976,0.4,1.0,1.0,1,191929.89,84.2,false,false,Value Realized,"Woods, Calhoun and Schmidt",Mid-Market,EMEA,Prisma Access Mobile Users SKU-0028,sase
C0077,P0028,2026-03-01,0.842,0.961,0.28,1.0,1.0,1,191929.89,80.6,false,false,Value Realized,"Woods, Calhoun and Schmidt",Mid-Market,EMEA,Prisma Access Mobile Users SKU-0028,sase
C0077,P0028,2026-04-01,0.716,0.929,0.34,1.0,1.0,1,191929.89,81.0,false,false,Value Realized,"Woods, Calhoun and Schmidt",Mid-Market,EMEA,Prisma Access Mobile Users SKU-0028,sase
C0077,P0028,2026-05-01,0.491,0.769,0.54,1.0,1.0,1,191929.89,80.4,false,false,Value Realized,"Woods, Calhoun and Schmidt",Mid-Market,EMEA,Prisma Access Mobile Users SKU-0028,sase
C0077,P0028,2026-06-01,0.559,0.85,0.42,1.0,1.0,1,191929.89,80.3,false,false,Value Realized,"Woods, Calhoun and Schmidt",Mid-Market,EMEA,Prisma Access Mobile Users SKU-0028,sase
C0077,P0123,2025-07-01,0.475,0.751,0.0,1.0,1.0,0,50813.0,66.3,false,false,Developing,"Woods, Calhoun and Schmidt",Mid-Market,EMEA,VM-100 SKU-0123,software_ngfw
C0077,P0123,2025-08-01,0.592,0.89,0.0,1.0,1.0,1,50813.0,71.2,false,false,Value Realized,"Woods, Calhoun and Schmidt",Mid-Market,EMEA,VM-100 SKU-0123,software_ngfw
C0077,P0123,2025-09-01,0.72,0.93,0.0,1.0,1.0,1,50813.0,72.5,false,false,Value Realized,"Woods, Calhoun and Schmidt",Mid-Market,EMEA,VM-100 SKU-0123,software_ngfw
C0077,P0123,2025-10-01,0.759,0.94,0.0,1.0,1.0,1,50813.0,72.9,false,false,Value Realized,"Woods, Calhoun and Schmidt",Mid-Market,EMEA,VM-100 SKU-0123,software_ngfw
C0077,P0123,2025-11-01,0.725,0.931,0.0,1.0,1.0,1,50813.0,72.6,false,false,Value Realized,"Woods, Calhoun and Schmidt",Mid-Market,EMEA,VM-100 SKU-0123,software_ngfw
C0077,P0123,2025-12-01,0.795,0.949,0.14,1.0,1.0,1,50813.0,76.7,false,false,Value Realized,"Woods, Calhoun and Schmidt",Mid-Market,EMEA,VM-100 SKU-0123,software_ngfw
C0077,P0123,2026-01-01,0.836,0.959,0.34,1.0,1.0,1,50813.0,82.1,false,false,Value Realized,"Woods, Calhoun and Schmidt",Mid-Market,EMEA,VM-100 SKU-0123,software_ngfw
C0077,P0123,2026-02-01,0.634,0.908,0.4,1.0,1.0,1,50813.0,81.8,false,false,Value Realized,"Woods, Calhoun and Schmidt",Mid-Market,EMEA,VM-100 SKU-0123,software_ngfw
C0077,P0123,2026-03-01,0.912,0.978,0.28,1.0,1.0,1,50813.0,81.2,false,false,Value Realized,"Woods, Calhoun and Schmidt",Mid-Market,EMEA,VM-100 SKU-0123,software_ngfw
C0077,P0123,2026-04-01,0.729,0.932,0.34,1.0,1.0,1,50813.0,81.1,false,false,Value Realized,"Woods, Calhoun and Schmidt",Mid-Market,EMEA,VM-100 SKU-0123,software_ngfw
C0077,P0123,2026-05-01,0.6,0.9,0.4,1.0,1.0,1,50813.0,81.5,false,false,Value Realized,"Woods, Calhoun and Schmidt",Mid-Market,EMEA,VM-100 SKU-0123,software_ngfw
C0077,P0123,2026-06-01,0.355,0.606,0.4,1.0,1.0,1,50813.0,71.2,false,false,Value Realized,"Woods, Calhoun and Schmidt",Mid-Market,EMEA,VM-100 SKU-0123,software_ngfw
C0079,P0095,2025-09-01,1.017,1.0,0.0,1.0,1.0,0,19575.0,75.0,true,false,Value Realized,Jones Inc,Enterprise,AMER,VM-500 SKU-0095,software_ngfw
C0079,P0095,2025-10-01,0.84,0.96,0.0,1.0,1.0,1,19575.0,73.6,false,false,Value Realized,Jones Inc,Enterprise,AMER,VM-500 SKU-0095,software_ngfw
C0079,P0095,2025-11-01,0.801,0.95,0.233,1.0,1.0,1,19575.0,79.1,false,false,Value Realized,Jones Inc,Enterprise,AMER,VM-500 SKU-0095,software_ngfw
C0079,P0095,2025-12-01,0.829,0.957,0.233,1.0,1.0,1,19575.0,79.3,false,false,Value Realized,Jones Inc,Enterprise,AMER,VM-500 SKU-0095,software_ngfw
C0079,P0095,2026-01-01,1.008,1.0,0.233,1.0,1.0,1,19575.0,80.8,true,false,Value Realized,Jones Inc,Enterprise,AMER,VM-500 SKU-0095,software_ngfw
C0079,P0095,2026-02-01,0.461,0.733,0.233,1.0,1.0,1,19575.0,71.5,false,false,Value Realized,Jones Inc,Enterprise,AMER,VM-500 SKU-0095,software_ngfw
C0079,P0095,2026-03-01,0.659,0.915,0.667,1.0,1.0,1,19575.0,88.7,false,false,Value Realized,Jones Inc,Enterprise,AMER,VM-500 SKU-0095,software_ngfw
C0079,P0095,2026-04-01,0.974,0.993,0.567,1.0,1.0,1,19575.0,88.9,false,false,Value Realized,Jones Inc,Enterprise,AMER,VM-500 SKU-0095,software_ngfw
C0079,P0095,2026-05-01,0.649,0.912,0.567,1.0,1.0,1,19575.0,86.1,false,false,Value Realized,Jones Inc,Enterprise,AMER,VM-500 SKU-0095,software_ngfw
C0079,P0095,2026-06-01,0.807,0.952,0.467,1.0,1.0,1,19575.0,85.0,false,false,Value Realized,Jones Inc,Enterprise,AMER,VM-500 SKU-0095,software_ngfw
C0082,P0046,2025-07-01,0.702,0.925,0.0,1.0,1.0,0,443431.78,72.4,false,false,Value Realized,Sandoval-Cunningham,Mid-Market,EMEA,PA-5445 SKU-0046,hardware_ngfw
C0082,P0046,2025-08-01,0.533,0.819,0.0,1.0,1.0,1,443431.78,68.7,false,false,Developing,Sandoval-Cunningham,Mid-Market,EMEA,PA-5445 SKU-0046,hardware_ngfw
C0082,P0046,2025-09-01,0.665,0.916,0.34,1.0,1.0,1,443431.78,80.6,false,false,Value Realized,Sandoval-Cunningham,Mid-Market,EMEA,PA-5445 SKU-0046,hardware_ngfw
C0082,P0046,2025-10-01,0.775,0.944,0.42,1.0,1.0,1,443431.78,83.5,false,false,Value Realized,Sandoval-Cunningham,Mid-Market,EMEA,PA-5445 SKU-0046,hardware_ngfw
C0082,P0046,2025-11-01,0.739,0.935,0.54,1.0,1.0,1,443431.78,86.2,false,false,Value Realized,Sandoval-Cunningham,Mid-Market,EMEA,PA-5445 SKU-0046,hardware_ngfw
C0082,P0046,2025-12-01,0.755,0.939,0.48,1.0,1.0,1,443431.78,84.9,false,false,Value Realized,Sandoval-Cunningham,Mid-Market,EMEA,PA-5445 SKU-0046,hardware_ngfw
C0082,P0046,2026-01-01,0.697,0.924,0.48,1.0,1.0,1,443431.78,84.4,false,false,Value Realized,Sandoval-Cunningham,Mid-Market,EMEA,PA-5445 SKU-0046,hardware_ngfw
C0082,P0046,2026-02-01,0.62,0.905,0.54,1.0,1.0,1,443431.78,85.2,false,false,Value Realized,Sandoval-Cunningham,Mid-Market,EMEA,PA-5445 SKU-0046,hardware_ngfw
C0082,P0046,2026-03-01,0.66,0.915,0.54,1.0,1.0,1,443431.78,85.5,false,false,Value Realized,Sandoval-Cunningham,Mid-Market,EMEA,PA-5445 SKU-0046,hardware_ngfw
C0082,P0046,2026-04-01,0.551,0.841,0.48,1.0,1.0,1,443431.78,81.4,false,false,Value Realized,Sandoval-Cunningham,Mid-Market,EMEA,PA-5445 SKU-0046,hardware_ngfw
C0082,P0046,2026-05-01,0.783,0.946,0.48,1.0,1.0,1,443431.78,85.1,false,false,Value Realized,Sandoval-Cunningham,Mid-Market,EMEA,PA-5445 SKU-0046,hardware_ngfw
C0082,P0046,2026-06-01,0.649,0.912,0.48,1.0,1.0,1,443431.78,83.9,false,false,Value Realized,Sandoval-Cunningham,Mid-Market,EMEA,PA-5445 SKU-0046,hardware_ngfw
C0083,P0323,2025-07-01,0.825,0.956,0.0,1.0,1.0,0,77554.26,73.5,false,false,Value Realized,Donovan-Harris,Enterprise,APAC,Cloud NGFW for Azure SKU-0323,cloud_ngfw
C0083,P0323,2025-08-01,0.551,0.841,0.0,1.0,1.0,1,77554.26,69.4,false,false,Developing,Donovan-Harris,Enterprise,APAC,Cloud NGFW for Azure SKU-0323,cloud_ngfw
C0083,P0323,2025-09-01,0.954,0.988,0.175,1.0,1.0,1,77554.26,79.0,true,false,Value Realized,Donovan-Harris,Enterprise,APAC,Cloud NGFW for Azure SKU-0323,cloud_ngfw
C0083,P0323,2025-10-01,0.637,0.909,0.175,1.0,1.0,1,77554.26,76.2,false,false,Value Realized,Donovan-Harris,Enterprise,APAC,Cloud NGFW for Azure SKU-0323,cloud_ngfw
C0083,P0323,2025-11-01,0.653,0.913,0.175,1.0,1.0,1,77554.26,76.3,false,false,Value Realized,Donovan-Harris,Enterprise,APAC,Cloud NGFW for Azure SKU-0323,cloud_ngfw
C0083,P0323,2025-12-01,0.816,0.954,0.25,1.0,1.0,1,77554.26,79.6,false,false,Value Realized,Donovan-Harris,Enterprise,APAC,Cloud NGFW for Azure SKU-0323,cloud_ngfw
C0083,P0323,2026-01-01,0.747,0.937,0.25,1.0,1.0,1,77554.26,79.0,false,false,Value Realized,Donovan-Harris,Enterprise,APAC,Cloud NGFW for Azure SKU-0323,cloud_ngfw
C0083,P0323,2026-02-01,0.784,0.946,0.425,1.0,1.0,1,77554.26,83.7,false,false,Value Realized,Donovan-Harris,Enterprise,APAC,Cloud NGFW for Azure SKU-0323,cloud_ngfw
C0083,P0323,2026-03-01,0.617,0.904,0.425,1.0,1.0,1,77554.26,82.3,false,false,Value Realized,Donovan-Harris,Enterprise,APAC,Cloud NGFW for Azure SKU-0323,cloud_ngfw
C0083,P0323,2026-04-01,0.558,0.85,0.35,1.0,1.0,1,77554.26,78.5,false,false,Value Realized,Donovan-Harris,Enterprise,APAC,Cloud NGFW for Azure SKU-0323,cloud_ngfw
C0083,P0323,2026-05-01,0.91,0.978,0.35,1.0,1.0,1,77554.26,83.0,false,false,Value Realized,Donovan-Harris,Enterprise,APAC,Cloud NGFW for Azure SKU-0323,cloud_ngfw
C0083,P0323,2026-06-01,0.861,0.965,0.35,1.0,1.0,1,77554.26,82.5,false,false,Value Realized,Donovan-Harris,Enterprise,APAC,Cloud NGFW for Azure SKU-0323,cloud_ngfw
C0084,P0343,2025-07-01,3.945,0.8,0.633,1.0,1.0,0,50995.75,83.8,false,true,Value Realized,"Edwards, Baker and Anderson",Enterprise,LATAM,VM-500 SKU-0343,software_ngfw
C0084,P0343,2025-08-01,3.336,0.8,0.733,1.0,1.0,1,50995.75,86.3,false,true,Value Realized,"Edwards, Baker and Anderson",Enterprise,LATAM,VM-500 SKU-0343,software_ngfw
C0084,P0343,2025-09-01,3.129,0.8,0.733,1.0,1.0,1,50995.75,86.3,false,true,Value Realized,"Edwards, Baker and Anderson",Enterprise,LATAM,VM-500 SKU-0343,software_ngfw
C0084,P0343,2025-10-01,0.0,0.0,0.0,0.5,1.0,1,50995.75,27.5,false,false,Lapsed,"Edwards, Baker and Anderson",Enterprise,LATAM,VM-500 SKU-0343,software_ngfw
C0084,P0343,2025-11-01,0.0,0.0,0.0,0.2,1.0,1,50995.75,20.0,false,false,Churn Signal,"Edwards, Baker and Anderson",Enterprise,LATAM,VM-500 SKU-0343,software_ngfw
C0084,P0343,2025-12-01,0.0,0.0,0.0,0.0,1.0,1,50995.75,15.0,false,false,Churn Signal,"Edwards, Baker and Anderson",Enterprise,LATAM,VM-500 SKU-0343,software_ngfw
C0084,P0343,2026-01-01,0.0,0.0,0.0,0.0,1.0,1,50995.75,15.0,false,false,Lapsed,"Edwards, Baker and Anderson",Enterprise,LATAM,VM-500 SKU-0343,software_ngfw
C0084,P0343,2026-02-01,0.0,0.0,0.0,0.0,1.0,1,50995.75,15.0,false,false,Lapsed,"Edwards, Baker and Anderson",Enterprise,LATAM,VM-500 SKU-0343,software_ngfw
C0084,P0343,2026-03-01,0.0,0.0,0.0,0.0,1.0,1,50995.75,15.0,false,false,Lapsed,"Edwards, Baker and Anderson",Enterprise,LATAM,VM-500 SKU-0343,software_ngfw
C0084,P0343,2026-04-01,0.0,0.0,0.0,0.0,1.0,1,50995.75,15.0,false,false,Lapsed,"Edwards, Baker and Anderson",Enterprise,LATAM,VM-500 SKU-0343,software_ngfw
C0084,P0343,2026-05-01,0.0,0.0,0.0,0.0,1.0,1,50995.75,15.0,false,false,Lapsed,"Edwards, Baker and Anderson",Enterprise,LATAM,VM-500 SKU-0343,software_ngfw
C0084,P0343,2026-06-01,0.0,0.0,0.0,0.0,1.0,1,50995.75,15.0,false,false,Lapsed,"Edwards, Baker and Anderson",Enterprise,LATAM,VM-500 SKU-0343,software_ngfw
C0086,P0023,2025-07-01,0.924,0.981,0.0,1.0,1.0,0,326322.36,74.3,true,false,Value Realized,Smith PLC,Mid-Market,EMEA,PA-3410 SKU-0023,hardware_ngfw
C0086,P0023,2025-08-01,0.711,0.928,0.0,1.0,1.0,1,326322.36,72.5,false,false,Value Realized,Smith PLC,Mid-Market,EMEA,PA-3410 SKU-0023,hardware_ngfw
C0086,P0023,2025-09-01,0.841,0.96,0.0,1.0,1.0,1,326322.36,73.6,false,false,Value Realized,Smith PLC,Mid-Market,EMEA,PA-3410 SKU-0023,hardware_ngfw
C0086,P0023,2025-10-01,0.654,0.914,0.0,1.0,1.0,1,326322.36,72.0,false,false,Value Realized,Smith PLC,Mid-Market,EMEA,PA-3410 SKU-0023,hardware_ngfw
C0086,P0023,2025-11-01,0.974,0.993,0.0,1.0,1.0,1,326322.36,74.8,true,false,Value Realized,Smith PLC,Mid-Market,EMEA,PA-3410 SKU-0023,hardware_ngfw
C0086,P0023,2025-12-01,0.603,0.901,0.0,1.0,1.0,1,326322.36,71.5,false,false,Value Realized,Smith PLC,Mid-Market,EMEA,PA-3410 SKU-0023,hardware_ngfw
C0086,P0023,2026-01-01,0.587,0.885,0.0,1.0,1.0,1,326322.36,71.0,false,false,Value Realized,Smith PLC,Mid-Market,EMEA,PA-3410 SKU-0023,hardware_ngfw
C0086,P0023,2026-02-01,0.785,0.946,0.0,1.0,1.0,1,326322.36,73.1,false,false,Value Realized,Smith PLC,Mid-Market,EMEA,PA-3410 SKU-0023,hardware_ngfw
C0086,P0023,2026-03-01,0.474,0.749,0.233,1.0,1.0,1,326322.36,72.1,false,false,Value Realized,Smith PLC,Mid-Market,EMEA,PA-3410 SKU-0023,hardware_ngfw
C0086,P0023,2026-04-01,0.517,0.801,0.8,1.0,1.0,1,326322.36,88.0,false,false,Value Realized,Smith PLC,Mid-Market,EMEA,PA-3410 SKU-0023,hardware_ngfw
C0086,P0023,2026-05-01,0.709,0.927,0.8,1.0,1.0,1,326322.36,92.5,false,false,Value Realized,Smith PLC,Mid-Market,EMEA,PA-3410 SKU-0023,hardware_ngfw
C0086,P0023,2026-06-01,0.851,0.963,0.7,1.0,1.0,1,326322.36,91.2,false,false,Value Realized,Smith PLC,Mid-Market,EMEA,PA-3410 SKU-0023,hardware_ngfw
C0092,P0168,2025-07-01,0.807,0.952,0.0,1.0,1.0,0,237105.7,73.3,false,false,Value Realized,"Smith, Montoya and Evans",Mid-Market,AMER,PA-440 SKU-0168,hardware_ngfw
C0092,P0168,2025-08-01,0.752,0.938,0.0,1.0,1.0,1,237105.7,72.8,false,false,Value Realized,"Smith, Montoya and Evans",Mid-Market,AMER,PA-440 SKU-0168,hardware_ngfw
C0092,P0168,2025-09-01,0.728,0.932,0.0,1.0,1.0,1,237105.7,72.6,false,false,Value Realized,"Smith, Montoya and Evans",Mid-Market,AMER,PA-440 SKU-0168,hardware_ngfw
C0092,P0168,2025-10-01,0.659,0.915,0.0,1.0,1.0,1,237105.7,72.0,false,false,Value Realized,"Smith, Montoya and Evans",Mid-Market,AMER,PA-440 SKU-0168,hardware_ngfw
C0092,P0168,2025-11-01,0.619,0.905,0.167,1.0,1.0,1,237105.7,75.8,false,false,Value Realized,"Smith, Montoya and Evans",Mid-Market,AMER,PA-440 SKU-0168,hardware_ngfw
C0092,P0168,2025-12-01,0.912,0.978,0.167,1.0,1.0,1,237105.7,78.4,true,false,Value Realized,"Smith, Montoya and Evans",Mid-Market,AMER,PA-440 SKU-0168,hardware_ngfw
C0092,P0168,2026-01-01,0.894,0.973,0.117,1.0,1.0,1,237105.7,77.0,false,false,Value Realized,"Smith, Montoya and Evans",Mid-Market,AMER,PA-440 SKU-0168,hardware_ngfw
C0092,P0168,2026-02-01,0.669,0.917,0.283,1.0,1.0,1,237105.7,79.2,false,false,Value Realized,"Smith, Montoya and Evans",Mid-Market,AMER,PA-440 SKU-0168,hardware_ngfw
C0092,P0168,2026-03-01,0.754,0.939,0.35,1.0,1.0,1,237105.7,81.6,false,false,Value Realized,"Smith, Montoya and Evans",Mid-Market,AMER,PA-440 SKU-0168,hardware_ngfw
C0092,P0168,2026-04-01,0.84,0.96,0.567,1.0,1.0,1,237105.7,87.8,false,false,Value Realized,"Smith, Montoya and Evans",Mid-Market,AMER,PA-440 SKU-0168,hardware_ngfw
C0092,P0168,2026-05-01,0.705,0.926,0.467,1.0,1.0,1,237105.7,84.1,false,false,Value Realized,"Smith, Montoya and Evans",Mid-Market,AMER,PA-440 SKU-0168,hardware_ngfw
C0092,P0168,2026-06-01,0.519,0.803,0.667,1.0,1.0,1,237105.7,84.8,false,false,Value Realized,"Smith, Montoya and Evans",Mid-Market,AMER,PA-440 SKU-0168,hardware_ngfw
C0096,P0434,2025-07-01,0.78,0.945,0.0,1.0,1.0,0,5130.6,73.1,false,false,Value Realized,Harris-Walters,Enterprise,AMER,CN-Series SKU-0434,software_ngfw
C0096,P0434,2025-08-01,0.695,0.924,0.0,1.0,1.0,1,5130.6,72.3,false,false,Value Realized,Harris-Walters,Enterprise,AMER,CN-Series SKU-0434,software_ngfw
C0096,P0434,2025-09-01,0.639,0.91,0.25,1.0,1.0,1,5130.6,78.1,false,false,Value Realized,Harris-Walters,Enterprise,AMER,CN-Series SKU-0434,software_ngfw
C0096,P0434,2025-10-01,0.877,0.969,0.35,1.0,1.0,1,5130.6,82.7,false,false,Value Realized,Harris-Walters,Enterprise,AMER,CN-Series SKU-0434,software_ngfw
C0096,P0434,2025-11-01,0.829,0.957,0.425,1.0,1.0,1,5130.6,84.1,false,false,Value Realized,Harris-Walters,Enterprise,AMER,CN-Series SKU-0434,software_ngfw
C0096,P0434,2025-12-01,0.835,0.959,0.525,1.0,1.0,1,5130.6,86.7,false,false,Value Realized,Harris-Walters,Enterprise,AMER,CN-Series SKU-0434,software_ngfw
C0096,P0434,2026-01-01,0.997,0.999,0.6,1.0,1.0,1,5130.6,90.0,false,false,Value Realized,Harris-Walters,Enterprise,AMER,CN-Series SKU-0434,software_ngfw
C0096,P0434,2026-02-01,0.649,0.912,0.75,1.0,1.0,1,5130.6,90.7,false,false,Value Realized,Harris-Walters,Enterprise,AMER,CN-Series SKU-0434,software_ngfw
C0096,P0434,2026-03-01,0.733,0.933,0.6,1.0,1.0,1,5130.6,87.7,false,false,Value Realized,Harris-Walters,Enterprise,AMER,CN-Series SKU-0434,software_ngfw
C0096,P0434,2026-04-01,0.697,0.924,0.6,1.0,1.0,1,5130.6,87.3,false,false,Value Realized,Harris-Walters,Enterprise,AMER,CN-Series SKU-0434,software_ngfw
C0096,P0434,2026-05-01,0.698,0.925,0.525,1.0,1.0,1,5130.6,85.5,false,false,Value Realized,Harris-Walters,Enterprise,AMER,CN-Series SKU-0434,software_ngfw
C0096,P0434,2026-06-01,0.928,0.982,0.6,1.0,1.0,1,5130.6,89.4,false,false,Value Realized,Harris-Walters,Enterprise,AMER,CN-Series SKU-0434,software_ngfw
C0004,P0287,2025-10-01,0.712,0.928,0.0,1.0,1.0,0,462091.19,72.5,false,false,Value Realized,Davis and Sons,Mid-Market,APAC,PA-1410 SKU-0287,hardware_ngfw
C0004,P0287,2025-11-01,0.745,0.936,0.167,1.0,1.0,1,462091.19,76.9,false,false,Value Realized,Davis and Sons,Mid-Market,APAC,PA-1410 SKU-0287,hardware_ngfw
C0004,P0287,2025-12-01,0.586,0.884,0.117,1.0,1.0,1,462091.19,73.8,false,false,Value Realized,Davis and Sons,Mid-Market,APAC,PA-1410 SKU-0287,hardware_ngfw
C0004,P0287,2026-01-01,0.767,0.942,0.283,1.0,1.0,1,462091.19,80.0,false,false,Value Realized,Davis and Sons,Mid-Market,APAC,PA-1410 SKU-0287,hardware_ngfw
C0004,P0287,2026-02-01,0.676,0.919,0.283,1.0,1.0,1,462091.19,79.3,false,false,Value Realized,Davis and Sons,Mid-Market,APAC,PA-1410 SKU-0287,hardware_ngfw
C0004,P0287,2026-03-01,0.668,0.917,0.333,1.0,1.0,1,462091.19,80.4,false,false,Value Realized,Davis and Sons,Mid-Market,APAC,PA-1410 SKU-0287,hardware_ngfw
C0004,P0287,2026-04-01,0.681,0.92,0.617,1.0,1.0,1,462091.19,87.6,false,false,Value Realized,Davis and Sons,Mid-Market,APAC,PA-1410 SKU-0287,hardware_ngfw
C0004,P0287,2026-05-01,0.596,0.896,0.517,1.0,1.0,1,462091.19,84.3,false,false,Value Realized,Davis and Sons,Mid-Market,APAC,PA-1410 SKU-0287,hardware_ngfw
C0004,P0287,2026-06-01,0.625,0.906,0.517,1.0,1.0,1,462091.19,84.6,false,false,Value Realized,Davis and Sons,Mid-Market,APAC,PA-1410 SKU-0287,hardware_ngfw
C0004,P0359,2025-07-01,0.685,0.921,0.0,1.0,1.0,0,78427.82,72.2,false,false,Value Realized,Davis and Sons,Mid-Market,APAC,PA-5410 SKU-0359,hardware_ngfw
C0004,P0359,2025-08-01,0.725,0.931,0.0,1.0,1.0,1,78427.82,72.6,false,false,Value Realized,Davis and Sons,Mid-Market,APAC,PA-5410 SKU-0359,hardware_ngfw
C0004,P0359,2025-09-01,0.63,0.908,0.0,1.0,1.0,1,78427.82,71.8,false,false,Value Realized,Davis and Sons,Mid-Market,APAC,PA-5410 SKU-0359,hardware_ngfw
C0004,P0359,2025-10-01,0.675,0.919,0.0,1.0,1.0,1,78427.82,72.2,false,false,Value Realized,Davis and Sons,Mid-Market,APAC,PA-5410 SKU-0359,hardware_ngfw
C0004,P0359,2025-11-01,0.89,0.973,0.0,1.0,1.0,1,78427.82,74.0,false,false,Value Realized,Davis and Sons,Mid-Market,APAC,PA-5410 SKU-0359,hardware_ngfw
C0004,P0359,2025-12-01,0.69,0.923,0.0,1.0,1.0,1,78427.82,72.3,false,false,Value Realized,Davis and Sons,Mid-Market,APAC,PA-5410 SKU-0359,hardware_ngfw
C0004,P0359,2026-01-01,0.905,0.976,0.0,1.0,1.0,1,78427.82,74.2,true,false,Value Realized,Davis and Sons,Mid-Market,APAC,PA-5410 SKU-0359,hardware_ngfw
C0004,P0359,2026-02-01,0.74,0.935,0.0,1.0,1.0,1,78427.82,72.7,false,false,Value Realized,Davis and Sons,Mid-Market,APAC,PA-5410 SKU-0359,hardware_ngfw
C0004,P0359,2026-03-01,0.64,0.91,0.175,1.0,1.0,1,78427.82,76.2,false,false,Value Realized,Davis and Sons,Mid-Market,APAC,PA-5410 SKU-0359,hardware_ngfw
C0004,P0359,2026-04-01,0.75,0.938,0.25,1.0,1.0,1,78427.82,79.1,false,false,Value Realized,Davis and Sons,Mid-Market,APAC,PA-5410 SKU-0359,hardware_ngfw
C0004,P0359,2026-05-01,0.745,0.936,0.175,1.0,1.0,1,78427.82,77.1,false,false,Value Realized,Davis and Sons,Mid-Market,APAC,PA-5410 SKU-0359,hardware_ngfw
C0004,P0359,2026-06-01,0.54,0.828,0.175,1.0,1.0,1,78427.82,73.4,false,false,Value Realized,Davis and Sons,Mid-Market,APAC,PA-5410 SKU-0359,hardware_ngfw
C0005,P0139,2025-07-01,0.684,0.921,0.0,1.0,1.0,0,736592.15,72.2,false,false,Value Realized,"Guzman, Hoffman and Baldwin",Enterprise,AMER,PA-440 SKU-0139,hardware_ngfw
C0005,P0139,2025-08-01,0.968,0.992,0.0,1.0,1.0,1,736592.15,74.7,true,false,Value Realized,"Guzman, Hoffman and Baldwin",Enterprise,AMER,PA-440 SKU-0139,hardware_ngfw
C0005,P0139,2025-09-01,0.853,0.963,0.0,1.0,1.0,1,736592.15,73.7,false,false,Value Realized,"Guzman, Hoffman and Baldwin",Enterprise,AMER,PA-440 SKU-0139,hardware_ngfw
C0005,P0139,2025-10-01,0.636,0.909,0.0,1.0,1.0,1,736592.15,71.8,false,false,Value Realized,"Guzman, Hoffman and Baldwin",Enterprise,AMER,PA-440 SKU-0139,hardware_ngfw
C0005,P0139,2025-11-01,0.772,0.943,0.0,1.0,1.0,1,736592.15,73.0,false,false,Value Realized,"Guzman, Hoffman and Baldwin",Enterprise,AMER,PA-440 SKU-0139,hardware_ngfw
C0005,P0139,2025-12-01,0.681,0.92,0.0,1.0,1.0,1,736592.15,72.2,false,false,Value Realized,"Guzman, Hoffman and Baldwin",Enterprise,AMER,PA-440 SKU-0139,hardware_ngfw
C0005,P0139,2026-01-01,0.466,0.739,0.0,1.0,1.0,1,736592.15,65.9,false,false,Developing,"Guzman, Hoffman and Baldwin",Enterprise,AMER,PA-440 SKU-0139,hardware_ngfw
C0005,P0139,2026-02-01,0.552,0.842,0.0,1.0,1.0,1,736592.15,69.5,false,false,Developing,"Guzman, Hoffman and Baldwin",Enterprise,AMER,PA-440 SKU-0139,hardware_ngfw
C0005,P0139,2026-03-01,0.647,0.912,0.0,1.0,1.0,1,736592.15,71.9,false,false,Value Realized,"Guzman, Hoffman and Baldwin",Enterprise,AMER,PA-440 SKU-0139,hardware_ngfw
C0005,P0139,2026-04-01,0.438,0.706,0.0,1.0,1.0,1,736592.15,64.7,false,false,Developing,"Guzman, Hoffman and Baldwin",Enterprise,AMER,PA-440 SKU-0139,hardware_ngfw
C0005,P0139,2026-05-01,0.554,0.845,0.233,1.0,1.0,1,736592.15,75.4,false,false,Value Realized,"Guzman, Hoffman and Baldwin",Enterprise,AMER,PA-440 SKU-0139,hardware_ngfw
C0005,P0139,2026-06-01,0.692,0.923,0.233,1.0,1.0,1,736592.15,78.1,false,false,Value Realized,"Guzman, Hoffman and Baldwin",Enterprise,AMER,PA-440 SKU-0139,hardware_ngfw
C0007,P0330,2025-07-01,1.352,0.8,0.2,1.0,1.0,0,670712.0,73.0,true,true,Value Realized,Blake and Sons,Mid-Market,EMEA,Prisma Access Browser SKU-0330,sase
C0007,P0330,2025-08-01,1.414,0.8,0.8,1.0,1.0,1,670712.0,88.0,false,true,Value Realized,Blake and Sons,Mid-Market,EMEA,Prisma Access Browser SKU-0330,sase
C0007,P0330,2025-09-01,1.275,0.8,0.8,1.0,1.0,1,670712.0,88.0,false,true,Value Realized,Blake and Sons,Mid-Market,EMEA,Prisma Access Browser SKU-0330,sase
C0007,P0330,2025-10-01,1.396,0.8,0.8,1.0,1.0,1,670712.0,88.0,false,true,Value Realized,Blake and Sons,Mid-Market,EMEA,Prisma Access Browser SKU-0330,sase
C0007,P0330,2025-11-01,1.536,0.8,0.8,1.0,1.0,1,670712.0,88.0,false,true,Value Realized,Blake and Sons,Mid-Market,EMEA,Prisma Access Browser SKU-0330,sase
C0007,P0330,2025-12-01,1.441,0.8,0.8,1.0,1.0,1,670712.0,88.0,false,true,Value Realized,Blake and Sons,Mid-Market,EMEA,Prisma Access Browser SKU-0330,sase
C0007,P0330,2026-01-01,1.278,0.8,0.8,1.0,1.0,1,670712.0,88.0,false,true,Value Realized,Blake and Sons,Mid-Market,EMEA,Prisma Access Browser SKU-0330,sase
C0007,P0330,2026-02-01,1.183,1.0,0.8,1.0,1.0,1,670712.0,95.0,false,false,Value Realized,Blake and Sons,Mid-Market,EMEA,Prisma Access Browser SKU-0330,sase
C0007,P0330,2026-03-01,1.393,0.8,0.8,1.0,1.0,1,670712.0,88.0,false,true,Value Realized,Blake and Sons,Mid-Market,EMEA,Prisma Access Browser SKU-0330,sase
C0007,P0330,2026-04-01,1.61,0.8,0.8,1.0,1.0,1,670712.0,88.0,false,true,Value Realized,Blake and Sons,Mid-Market,EMEA,Prisma Access Browser SKU-0330,sase
C0007,P0330,2026-05-01,1.417,0.8,0.8,1.0,1.0,1,670712.0,88.0,false,true,Value Realized,Blake and Sons,Mid-Market,EMEA,Prisma Access Browser SKU-0330,sase
C0007,P0330,2026-06-01,1.33,0.8,0.8,1.0,1.0,1,670712.0,88.0,false,true,Value Realized,Blake and Sons,Mid-Market,EMEA,Prisma Access Browser SKU-0330,sase
C0007,P0446,2025-07-01,1.374,0.8,0.5,1.0,1.0,0,53910.89,80.5,false,true,Value Realized,Blake and Sons,Mid-Market,EMEA,VM-100 SKU-0446,software_ngfw
C0007,P0446,2025-08-01,1.254,0.8,0.833,1.0,1.0,1,53910.89,88.8,false,true,Value Realized,Blake and Sons,Mid-Market,EMEA,VM-100 SKU-0446,software_ngfw
C0007,P0446,2025-09-01,1.605,0.8,0.833,1.0,1.0,1,53910.89,88.8,false,true,Value Realized,Blake and Sons,Mid-Market,EMEA,VM-100 SKU-0446,software_ngfw
C0007,P0446,2025-10-01,1.117,1.0,0.833,1.0,1.0,1,53910.89,95.8,false,false,Value Realized,Blake and Sons,Mid-Market,EMEA,VM-100 SKU-0446,software_ngfw
C0007,P0446,2025-11-01,1.334,0.8,0.833,1.0,1.0,1,53910.89,88.8,false,true,Value Realized,Blake and Sons,Mid-Market,EMEA,VM-100 SKU-0446,software_ngfw
C0007,P0446,2025-12-01,1.607,0.8,0.833,1.0,1.0,1,53910.89,88.8,false,true,Value Realized,Blake and Sons,Mid-Market,EMEA,VM-100 SKU-0446,software_ngfw
C0007,P0446,2026-01-01,1.414,0.8,0.833,1.0,1.0,1,53910.89,88.8,false,true,Value Realized,Blake and Sons,Mid-Market,EMEA,VM-100 SKU-0446,software_ngfw
C0007,P0446,2026-02-01,1.41,0.8,0.833,1.0,1.0,1,53910.89,88.8,false,true,Value Realized,Blake and Sons,Mid-Market,EMEA,VM-100 SKU-0446,software_ngfw
C0007,P0446,2026-03-01,1.499,0.8,0.833,1.0,1.0,1,53910.89,88.8,false,true,Value Realized,Blake and Sons,Mid-Market,EMEA,VM-100 SKU-0446,software_ngfw
C0007,P0446,2026-04-01,1.395,0.8,0.833,1.0,1.0,1,53910.89,88.8,false,true,Value Realized,Blake and Sons,Mid-Market,EMEA,VM-100 SKU-0446,software_ngfw
C0007,P0446,2026-05-01,1.298,0.8,0.833,1.0,1.0,1,53910.89,88.8,false,true,Value Realized,Blake and Sons,Mid-Market,EMEA,VM-100 SKU-0446,software_ngfw
C0007,P0446,2026-06-01,1.362,0.8,0.833,1.0,1.0,1,53910.89,88.8,false,true,Value Realized,Blake and Sons,Mid-Market,EMEA,VM-100 SKU-0446,software_ngfw
C0010,P0088,2025-07-01,0.0,0.0,0.0,0.0,,0,61404.16,0.0,false,false,Grace Period,Abbott-Munoz,Mid-Market,APAC,Cloud NGFW for Azure SKU-0088,cloud_ngfw
C0010,P0088,2025-08-01,0.0,0.0,0.0,0.0,0.0,0,61404.16,0.0,false,false,Shelfware Risk,Abbott-Munoz,Mid-Market,APAC,Cloud NGFW for Azure SKU-0088,cloud_ngfw
C0010,P0088,2025-09-01,0.0,0.0,0.0,0.0,0.0,0,61404.16,0.0,false,false,Shelfware Risk,Abbott-Munoz,Mid-Market,APAC,Cloud NGFW for Azure SKU-0088,cloud_ngfw
C0010,P0088,2025-10-01,0.0,0.0,0.0,0.0,0.0,0,61404.16,0.0,false,false,Shelfware Risk,Abbott-Munoz,Mid-Market,APAC,Cloud NGFW for Azure SKU-0088,cloud_ngfw
C0010,P0088,2025-11-01,0.0,0.0,0.0,0.0,0.0,0,61404.16,0.0,false,false,Shelfware Risk,Abbott-Munoz,Mid-Market,APAC,Cloud NGFW for Azure SKU-0088,cloud_ngfw
C0010,P0088,2025-12-01,0.0,0.0,0.0,0.0,0.0,0,61404.16,0.0,false,false,Shelfware Risk,Abbott-Munoz,Mid-Market,APAC,Cloud NGFW for Azure SKU-0088,cloud_ngfw
C0010,P0088,2026-01-01,0.0,0.0,0.0,0.0,0.0,0,61404.16,0.0,false,false,Shelfware Risk,Abbott-Munoz,Mid-Market,APAC,Cloud NGFW for Azure SKU-0088,cloud_ngfw
C0010,P0088,2026-02-01,0.0,0.0,0.0,0.0,0.0,0,61404.16,0.0,false,false,Shelfware Risk,Abbott-Munoz,Mid-Market,APAC,Cloud NGFW for Azure SKU-0088,cloud_ngfw
C0010,P0088,2026-03-01,0.0,0.0,0.0,0.0,0.0,0,61404.16,0.0,false,false,Shelfware Risk,Abbott-Munoz,Mid-Market,APAC,Cloud NGFW for Azure SKU-0088,cloud_ngfw
C0010,P0088,2026-04-01,0.0,0.0,0.0,0.0,0.0,0,61404.16,0.0,false,false,Shelfware Risk,Abbott-Munoz,Mid-Market,APAC,Cloud NGFW for Azure SKU-0088,cloud_ngfw
C0010,P0088,2026-05-01,0.0,0.0,0.0,0.0,0.0,0,61404.16,0.0,false,false,Shelfware Risk,Abbott-Munoz,Mid-Market,APAC,Cloud NGFW for Azure SKU-0088,cloud_ngfw
C0010,P0088,2026-06-01,0.0,0.0,0.0,0.0,0.0,0,61404.16,0.0,false,false,Shelfware Risk,Abbott-Munoz,Mid-Market,APAC,Cloud NGFW for Azure SKU-0088,cloud_ngfw
C0012,P0214,2025-07-01,0.609,0.902,0.117,1.0,1.0,0,3924274.71,74.5,false,false,Value Realized,Dudley Group,Mid-Market,AMER,PA-7500 SKU-0214,hardware_ngfw
C0012,P0214,2025-08-01,0.786,0.946,0.283,1.0,1.0,1,3924274.71,80.2,false,false,Value Realized,Dudley Group,Mid-Market,AMER,PA-7500 SKU-0214,hardware_ngfw
C0012,P0214,2025-09-01,0.749,0.937,0.283,1.0,1.0,1,3924274.71,79.9,false,false,Value Realized,Dudley Group,Mid-Market,AMER,PA-7500 SKU-0214,hardware_ngfw
C0012,P0214,2025-10-01,0.734,0.934,0.283,1.0,1.0,1,3924274.71,79.8,false,false,Value Realized,Dudley Group,Mid-Market,AMER,PA-7500 SKU-0214,hardware_ngfw
C0012,P0214,2025-11-01,0.761,0.94,0.35,1.0,1.0,1,3924274.71,81.7,false,false,Value Realized,Dudley Group,Mid-Market,AMER,PA-7500 SKU-0214,hardware_ngfw
C0012,P0214,2025-12-01,0.808,0.952,0.35,1.0,1.0,1,3924274.71,82.1,false,false,Value Realized,Dudley Group,Mid-Market,AMER,PA-7500 SKU-0214,hardware_ngfw
C0012,P0214,2026-01-01,0.948,0.987,0.617,1.0,1.0,1,3924274.71,90.0,false,false,Value Realized,Dudley Group,Mid-Market,AMER,PA-7500 SKU-0214,hardware_ngfw
C0012,P0214,2026-02-01,0.371,0.625,0.517,1.0,1.0,1,3924274.71,74.8,false,false,Value Realized,Dudley Group,Mid-Market,AMER,PA-7500 SKU-0214,hardware_ngfw
C0012,P0214,2026-03-01,0.465,0.738,0.567,1.0,1.0,1,3924274.71,80.0,false,false,Value Realized,Dudley Group,Mid-Market,AMER,PA-7500 SKU-0214,hardware_ngfw
C0012,P0214,2026-04-01,0.373,0.628,0.517,1.0,1.0,1,3924274.71,74.9,false,false,Value Realized,Dudley Group,Mid-Market,AMER,PA-7500 SKU-0214,hardware_ngfw
C0012,P0214,2026-05-01,0.565,0.858,0.9,1.0,1.0,1,3924274.71,92.5,false,false,Value Realized,Dudley Group,Mid-Market,AMER,PA-7500 SKU-0214,hardware_ngfw
C0012,P0214,2026-06-01,0.69,0.922,0.8,1.0,1.0,1,3924274.71,92.3,false,false,Value Realized,Dudley Group,Mid-Market,AMER,PA-7500 SKU-0214,hardware_ngfw
C0013,P0140,2025-09-01,0.726,0.932,0.175,1.0,1.0,0,17697.93,77.0,false,false,Value Realized,Arnold Ltd,Enterprise,AMER,CN-Series SKU-0140,software_ngfw
C0013,P0140,2025-10-01,0.706,0.926,0.175,1.0,1.0,1,17697.93,76.8,false,false,Value Realized,Arnold Ltd,Enterprise,AMER,CN-Series SKU-0140,software_ngfw
C0013,P0140,2025-11-01,0.719,0.93,0.5,1.0,1.0,1,17697.93,85.0,false,false,Value Realized,Arnold Ltd,Enterprise,AMER,CN-Series SKU-0140,software_ngfw
C0013,P0140,2025-12-01,0.698,0.925,0.425,1.0,1.0,1,17697.93,83.0,false,false,Value Realized,Arnold Ltd,Enterprise,AMER,CN-Series SKU-0140,software_ngfw
C0013,P0140,2026-01-01,0.707,0.927,0.35,1.0,1.0,1,17697.93,81.2,false,false,Value Realized,Arnold Ltd,Enterprise,AMER,CN-Series SKU-0140,software_ngfw
C0013,P0140,2026-02-01,0.71,0.927,0.525,1.0,1.0,1,17697.93,85.6,false,false,Value Realized,Arnold Ltd,Enterprise,AMER,CN-Series SKU-0140,software_ngfw
C0013,P0140,2026-03-01,0.556,0.847,0.525,1.0,1.0,1,17697.93,82.8,false,false,Value Realized,Arnold Ltd,Enterprise,AMER,CN-Series SKU-0140,software_ngfw
C0013,P0140,2026-04-01,0.633,0.908,0.6,1.0,1.0,1,17697.93,86.8,false,false,Value Realized,Arnold Ltd,Enterprise,AMER,CN-Series SKU-0140,software_ngfw
C0013,P0140,2026-05-01,0.718,0.929,0.6,1.0,1.0,1,17697.93,87.5,false,false,Value Realized,Arnold Ltd,Enterprise,AMER,CN-Series SKU-0140,software_ngfw
C0013,P0140,2026-06-01,0.941,0.985,0.6,1.0,1.0,1,17697.93,89.5,false,false,Value Realized,Arnold Ltd,Enterprise,AMER,CN-Series SKU-0140,software_ngfw
C0032,P0329,2025-07-01,0.556,0.847,0.117,1.0,1.0,0,1449472.08,72.6,false,false,Value Realized,Carlson-Cruz,Mid-Market,AMER,Prisma Access Remote Networks SKU-0329,sase
C0032,P0329,2025-08-01,0.541,0.83,0.117,1.0,1.0,1,1449472.08,72.0,false,false,Value Realized,Carlson-Cruz,Mid-Market,AMER,Prisma Access Remote Networks SKU-0329,sase
C0032,P0329,2025-09-01,0.765,0.941,0.167,1.0,1.0,1,1449472.08,77.1,false,false,Value Realized,Carlson-Cruz,Mid-Market,AMER,Prisma Access Remote Networks SKU-0329,sase
C0032,P0329,2025-10-01,0.879,0.97,0.167,1.0,1.0,1,1449472.08,78.1,false,false,Value Realized,Carlson-Cruz,Mid-Market,AMER,Prisma Access Remote Networks SKU-0329,sase
C0032,P0329,2025-11-01,0.595,0.894,0.117,1.0,1.0,1,1449472.08,74.2,false,false,Value Realized,Carlson-Cruz,Mid-Market,AMER,Prisma Access Remote Networks SKU-0329,sase
C0032,P0329,2025-12-01,0.637,0.909,0.117,1.0,1.0,1,1449472.08,74.7,false,false,Value Realized,Carlson-Cruz,Mid-Market,AMER,Prisma Access Remote Networks SKU-0329,sase
C0032,P0329,2026-01-01,1.045,1.0,0.167,1.0,1.0,1,1449472.08,79.2,true,false,Value Realized,Carlson-Cruz,Mid-Market,AMER,Prisma Access Remote Networks SKU-0329,sase
C0032,P0329,2026-02-01,0.72,0.93,0.233,1.0,1.0,1,1449472.08,78.4,false,false,Value Realized,Carlson-Cruz,Mid-Market,AMER,Prisma Access Remote Networks SKU-0329,sase
C0032,P0329,2026-03-01,0.503,0.783,0.4,1.0,1.0,1,1449472.08,77.4,false,false,Value Realized,Carlson-Cruz,Mid-Market,AMER,Prisma Access Remote Networks SKU-0329,sase
C0032,P0329,2026-04-01,0.709,0.927,0.4,1.0,1.0,1,1449472.08,82.4,false,false,Value Realized,Carlson-Cruz,Mid-Market,AMER,Prisma Access Remote Networks SKU-0329,sase
C0032,P0329,2026-05-01,0.631,0.908,0.567,1.0,1.0,1,1449472.08,85.9,false,false,Value Realized,Carlson-Cruz,Mid-Market,AMER,Prisma Access Remote Networks SKU-0329,sase
C0032,P0329,2026-06-01,0.655,0.914,0.517,1.0,1.0,1,1449472.08,84.9,false,false,Value Realized,Carlson-Cruz,Mid-Market,AMER,Prisma Access Remote Networks SKU-0329,sase
C0035,P0441,2025-07-01,0.738,0.934,0.0,1.0,1.0,0,516272.4,72.7,false,false,Value Realized,"Dyer, Potter and Mack",Mid-Market,EMEA,Prisma Access Browser SKU-0441,sase
C0035,P0441,2025-08-01,0.551,0.841,0.0,1.0,1.0,1,516272.4,69.4,false,false,Developing,"Dyer, Potter and Mack",Mid-Market,EMEA,Prisma Access Browser SKU-0441,sase
C0035,P0441,2025-09-01,0.522,0.807,0.0,1.0,1.0,1,516272.4,68.2,false,false,Developing,"Dyer, Potter and Mack",Mid-Market,EMEA,Prisma Access Browser SKU-0441,sase
C0035,P0441,2025-10-01,0.764,0.941,0.233,1.0,1.0,1,516272.4,78.8,false,false,Value Realized,"Dyer, Potter and Mack",Mid-Market,EMEA,Prisma Access Browser SKU-0441,sase
C0035,P0441,2025-11-01,0.901,0.975,0.35,1.0,1.0,1,516272.4,82.9,false,false,Value Realized,"Dyer, Potter and Mack",Mid-Market,EMEA,Prisma Access Browser SKU-0441,sase
C0035,P0441,2025-12-01,0.664,0.916,0.683,1.0,1.0,1,516272.4,89.1,false,false,Value Realized,"Dyer, Potter and Mack",Mid-Market,EMEA,Prisma Access Browser SKU-0441,sase
C0035,P0441,2026-01-01,0.707,0.927,0.75,1.0,1.0,1,516272.4,91.2,false,false,Value Realized,"Dyer, Potter and Mack",Mid-Market,EMEA,Prisma Access Browser SKU-0441,sase
C0035,P0441,2026-02-01,0.457,0.729,0.85,1.0,1.0,1,516272.4,86.8,false,false,Value Realized,"Dyer, Potter and Mack",Mid-Market,EMEA,Prisma Access Browser SKU-0441,sase
C0035,P0441,2026-03-01,0.825,0.956,0.9,1.0,1.0,1,516272.4,96.0,false,false,Value Realized,"Dyer, Potter and Mack",Mid-Market,EMEA,Prisma Access Browser SKU-0441,sase
C0035,P0441,2026-04-01,0.674,0.918,0.8,1.0,1.0,1,516272.4,92.1,false,false,Value Realized,"Dyer, Potter and Mack",Mid-Market,EMEA,Prisma Access Browser SKU-0441,sase
C0035,P0441,2026-05-01,0.681,0.92,0.8,1.0,1.0,1,516272.4,92.2,false,false,Value Realized,"Dyer, Potter and Mack",Mid-Market,EMEA,Prisma Access Browser SKU-0441,sase
C0035,P0441,2026-06-01,0.741,0.935,0.85,1.0,1.0,1,516272.4,94.0,false,false,Value Realized,"Dyer, Potter and Mack",Mid-Market,EMEA,Prisma Access Browser SKU-0441,sase
C0036,P0125,2025-07-01,0.0,0.0,0.0,0.0,,0,57175.76,0.0,false,false,Grace Period,Rodriguez-Graham,Mid-Market,AMER,Cloud NGFW for Azure SKU-0125,cloud_ngfw
C0036,P0125,2025-08-01,0.0,0.0,0.0,0.0,0.0,0,57175.76,0.0,false,false,Shelfware Risk,Rodriguez-Graham,Mid-Market,AMER,Cloud NGFW for Azure SKU-0125,cloud_ngfw
C0036,P0125,2025-09-01,0.0,0.0,0.0,0.0,0.0,0,57175.76,0.0,false,false,Shelfware Risk,Rodriguez-Graham,Mid-Market,AMER,Cloud NGFW for Azure SKU-0125,cloud_ngfw
C0036,P0125,2025-10-01,0.0,0.0,0.0,0.0,0.0,0,57175.76,0.0,false,false,Shelfware Risk,Rodriguez-Graham,Mid-Market,AMER,Cloud NGFW for Azure SKU-0125,cloud_ngfw
C0036,P0125,2025-11-01,0.0,0.0,0.0,0.0,0.0,0,57175.76,0.0,false,false,Shelfware Risk,Rodriguez-Graham,Mid-Market,AMER,Cloud NGFW for Azure SKU-0125,cloud_ngfw
C0036,P0125,2025-12-01,0.0,0.0,0.0,0.0,0.0,0,57175.76,0.0,false,false,Shelfware Risk,Rodriguez-Graham,Mid-Market,AMER,Cloud NGFW for Azure SKU-0125,cloud_ngfw
C0036,P0125,2026-01-01,0.0,0.0,0.0,0.0,0.0,0,57175.76,0.0,false,false,Shelfware Risk,Rodriguez-Graham,Mid-Market,AMER,Cloud NGFW for Azure SKU-0125,cloud_ngfw
C0036,P0125,2026-02-01,0.0,0.0,0.0,0.0,0.0,0,57175.76,0.0,false,false,Shelfware Risk,Rodriguez-Graham,Mid-Market,AMER,Cloud NGFW for Azure SKU-0125,cloud_ngfw
C0036,P0125,2026-03-01,0.0,0.0,0.0,0.0,0.0,0,57175.76,0.0,false,false,Shelfware Risk,Rodriguez-Graham,Mid-Market,AMER,Cloud NGFW for Azure SKU-0125,cloud_ngfw
C0036,P0125,2026-04-01,0.0,0.0,0.0,0.0,0.0,0,57175.76,0.0,false,false,Shelfware Risk,Rodriguez-Graham,Mid-Market,AMER,Cloud NGFW for Azure SKU-0125,cloud_ngfw
C0036,P0125,2026-05-01,0.0,0.0,0.0,0.0,0.0,0,57175.76,0.0,false,false,Shelfware Risk,Rodriguez-Graham,Mid-Market,AMER,Cloud NGFW for Azure SKU-0125,cloud_ngfw
C0036,P0125,2026-06-01,0.0,0.0,0.0,0.0,0.0,0,57175.76,0.0,false,false,Shelfware Risk,Rodriguez-Graham,Mid-Market,AMER,Cloud NGFW for Azure SKU-0125,cloud_ngfw
C0040,P0289,2025-07-01,1.234,0.8,0.75,1.0,1.0,0,46922.48,86.8,false,true,Value Realized,"Romero, Gonzalez and Brooks",Enterprise,EMEA,CN-Series SKU-0289,software_ngfw
C0040,P0289,2025-08-01,1.44,0.8,0.75,1.0,1.0,1,46922.48,86.8,false,true,Value Realized,"Romero, Gonzalez and Brooks",Enterprise,EMEA,CN-Series SKU-0289,software_ngfw
C0040,P0289,2025-09-01,1.584,0.8,0.75,1.0,1.0,1,46922.48,86.8,false,true,Value Realized,"Romero, Gonzalez and Brooks",Enterprise,EMEA,CN-Series SKU-0289,software_ngfw
C0040,P0289,2025-10-01,1.18,1.0,0.75,1.0,1.0,1,46922.48,93.8,false,false,Value Realized,"Romero, Gonzalez and Brooks",Enterprise,EMEA,CN-Series SKU-0289,software_ngfw
C0040,P0289,2025-11-01,1.236,0.8,0.75,1.0,1.0,1,46922.48,86.8,false,true,Value Realized,"Romero, Gonzalez and Brooks",Enterprise,EMEA,CN-Series SKU-0289,software_ngfw
C0040,P0289,2025-12-01,1.233,0.8,0.75,1.0,1.0,1,46922.48,86.8,false,true,Value Realized,"Romero, Gonzalez and Brooks",Enterprise,EMEA,CN-Series SKU-0289,software_ngfw
C0040,P0289,2026-01-01,1.312,0.8,0.75,1.0,1.0,1,46922.48,86.8,false,true,Value Realized,"Romero, Gonzalez and Brooks",Enterprise,EMEA,CN-Series SKU-0289,software_ngfw
C0040,P0289,2026-02-01,1.327,0.8,0.75,1.0,1.0,1,46922.48,86.8,false,true,Value Realized,"Romero, Gonzalez and Brooks",Enterprise,EMEA,CN-Series SKU-0289,software_ngfw
C0040,P0289,2026-03-01,1.584,0.8,0.75,1.0,1.0,1,46922.48,86.8,false,true,Value Realized,"Romero, Gonzalez and Brooks",Enterprise,EMEA,CN-Series SKU-0289,software_ngfw
C0040,P0289,2026-04-01,1.234,0.8,0.75,1.0,1.0,1,46922.48,86.8,false,true,Value Realized,"Romero, Gonzalez and Brooks",Enterprise,EMEA,CN-Series SKU-0289,software_ngfw
C0040,P0289,2026-05-01,1.474,0.8,0.75,1.0,1.0,1,46922.48,86.8,false,true,Value Realized,"Romero, Gonzalez and Brooks",Enterprise,EMEA,CN-Series SKU-0289,software_ngfw
C0040,P0289,2026-06-01,1.399,0.8,0.75,1.0,1.0,1,46922.48,86.8,false,true,Value Realized,"Romero, Gonzalez and Brooks",Enterprise,EMEA,CN-Series SKU-0289,software_ngfw
C0052,P0028,2025-10-01,0.0,0.0,0.0,0.0,,0,1355417.49,0.0,false,false,Grace Period,Walker LLC,Enterprise,LATAM,Prisma Access Mobile Users SKU-0028,sase
C0052,P0028,2025-11-01,0.0,0.0,0.0,0.0,0.0,0,1355417.49,0.0,false,false,Shelfware Risk,Walker LLC,Enterprise,LATAM,Prisma Access Mobile Users SKU-0028,sase
C0052,P0028,2025-12-01,0.0,0.0,0.0,0.0,0.0,0,1355417.49,0.0,false,false,Shelfware Risk,Walker LLC,Enterprise,LATAM,Prisma Access Mobile Users SKU-0028,sase
C0052,P0028,2026-01-01,0.0,0.0,0.0,0.0,0.0,0,1355417.49,0.0,false,false,Shelfware Risk,Walker LLC,Enterprise,LATAM,Prisma Access Mobile Users SKU-0028,sase
C0052,P0028,2026-02-01,0.0,0.0,0.0,0.0,0.0,0,1355417.49,0.0,false,false,Shelfware Risk,Walker LLC,Enterprise,LATAM,Prisma Access Mobile Users SKU-0028,sase
C0052,P0028,2026-03-01,0.0,0.0,0.0,0.0,0.0,0,1355417.49,0.0,false,false,Shelfware Risk,Walker LLC,Enterprise,LATAM,Prisma Access Mobile Users SKU-0028,sase
C0052,P0028,2026-04-01,0.0,0.0,0.0,0.0,0.0,0,1355417.49,0.0,false,false,Shelfware Risk,Walker LLC,Enterprise,LATAM,Prisma Access Mobile Users SKU-0028,sase
C0052,P0028,2026-05-01,0.0,0.0,0.0,0.0,0.0,0,1355417.49,0.0,false,false,Shelfware Risk,Walker LLC,Enterprise,LATAM,Prisma Access Mobile Users SKU-0028,sase
C0052,P0028,2026-06-01,0.0,0.0,0.0,0.0,0.0,0,1355417.49,0.0,false,false,Shelfware Risk,Walker LLC,Enterprise,LATAM,Prisma Access Mobile Users SKU-0028,sase
C0053,P0199,2025-07-01,1.19,1.0,0.333,1.0,1.0,0,455581.01,83.3,false,false,Value Realized,Chapman and Sons,Mid-Market,EMEA,PA-410 SKU-0199,hardware_ngfw
C0053,P0199,2025-08-01,1.406,0.8,1.0,1.0,1.0,1,455581.01,93.0,false,true,Value Realized,Chapman and Sons,Mid-Market,EMEA,PA-410 SKU-0199,hardware_ngfw
C0053,P0199,2025-09-01,1.3,0.8,1.0,1.0,1.0,1,455581.01,93.0,false,true,Value Realized,Chapman and Sons,Mid-Market,EMEA,PA-410 SKU-0199,hardware_ngfw
C0053,P0199,2025-10-01,1.169,1.0,1.0,1.0,1.0,1,455581.01,100.0,false,false,Value Realized,Chapman and Sons,Mid-Market,EMEA,PA-410 SKU-0199,hardware_ngfw
C0053,P0199,2025-11-01,1.223,0.8,1.0,1.0,1.0,1,455581.01,93.0,false,true,Value Realized,Chapman and Sons,Mid-Market,EMEA,PA-410 SKU-0199,hardware_ngfw
C0053,P0199,2025-12-01,1.28,0.8,1.0,1.0,1.0,1,455581.01,93.0,false,true,Value Realized,Chapman and Sons,Mid-Market,EMEA,PA-410 SKU-0199,hardware_ngfw
C0053,P0199,2026-01-01,1.723,0.8,1.0,1.0,1.0,1,455581.01,93.0,false,true,Value Realized,Chapman and Sons,Mid-Market,EMEA,PA-410 SKU-0199,hardware_ngfw
C0053,P0199,2026-02-01,1.258,0.8,1.0,1.0,1.0,1,455581.01,93.0,false,true,Value Realized,Chapman and Sons,Mid-Market,EMEA,PA-410 SKU-0199,hardware_ngfw
C0053,P0199,2026-03-01,1.342,0.8,1.0,1.0,1.0,1,455581.01,93.0,false,true,Value Realized,Chapman and Sons,Mid-Market,EMEA,PA-410 SKU-0199,hardware_ngfw
C0053,P0199,2026-04-01,1.467,0.8,1.0,1.0,1.0,1,455581.01,93.0,false,true,Value Realized,Chapman and Sons,Mid-Market,EMEA,PA-410 SKU-0199,hardware_ngfw
C0053,P0199,2026-05-01,1.687,0.8,1.0,1.0,1.0,1,455581.01,93.0,false,true,Value Realized,Chapman and Sons,Mid-Market,EMEA,PA-410 SKU-0199,hardware_ngfw
C0053,P0199,2026-06-01,1.615,0.8,1.0,1.0,1.0,1,455581.01,93.0,false,true,Value Realized,Chapman and Sons,Mid-Market,EMEA,PA-410 SKU-0199,hardware_ngfw
C0054,P0254,2025-07-01,0.565,0.858,0.0,1.0,1.0,0,507272.85,70.0,false,false,Value Realized,"Robinson, Jones and Welch",Mid-Market,EMEA,PA-7500 SKU-0254,hardware_ngfw
C0054,P0254,2025-08-01,0.829,0.957,0.175,1.0,1.0,1,507272.85,77.9,false,false,Value Realized,"Robinson, Jones and Welch",Mid-Market,EMEA,PA-7500 SKU-0254,hardware_ngfw
C0054,P0254,2025-09-01,0.646,0.911,0.25,1.0,1.0,1,507272.85,78.1,false,false,Value Realized,"Robinson, Jones and Welch",Mid-Market,EMEA,PA-7500 SKU-0254,hardware_ngfw
C0054,P0254,2025-10-01,0.792,0.948,0.175,1.0,1.0,1,507272.85,77.6,false,false,Value Realized,"Robinson, Jones and Welch",Mid-Market,EMEA,PA-7500 SKU-0254,hardware_ngfw
C0054,P0254,2025-11-01,0.725,0.931,0.425,1.0,1.0,1,507272.85,83.2,false,false,Value Realized,"Robinson, Jones and Welch",Mid-Market,EMEA,PA-7500 SKU-0254,hardware_ngfw
C0054,P0254,2025-12-01,0.453,0.723,0.5,1.0,1.0,1,507272.85,77.8,false,false,Value Realized,"Robinson, Jones and Welch",Mid-Market,EMEA,PA-7500 SKU-0254,hardware_ngfw
C0054,P0254,2026-01-01,0.589,0.886,0.425,1.0,1.0,1,507272.85,81.6,false,false,Value Realized,"Robinson, Jones and Welch",Mid-Market,EMEA,PA-7500 SKU-0254,hardware_ngfw
C0054,P0254,2026-02-01,0.662,0.915,0.425,1.0,1.0,1,507272.85,82.7,false,false,Value Realized,"Robinson, Jones and Welch",Mid-Market,EMEA,PA-7500 SKU-0254,hardware_ngfw
C0054,P0254,2026-03-01,0.582,0.878,0.35,1.0,1.0,1,507272.85,79.5,false,false,Value Realized,"Robinson, Jones and Welch",Mid-Market,EMEA,PA-7500 SKU-0254,hardware_ngfw
C0054,P0254,2026-04-01,0.58,0.875,0.425,1.0,1.0,1,507272.85,81.3,false,false,Value Realized,"Robinson, Jones and Welch",Mid-Market,EMEA,PA-7500 SKU-0254,hardware_ngfw
C0054,P0254,2026-05-01,0.667,0.917,0.5,1.0,1.0,1,507272.85,84.6,false,false,Value Realized,"Robinson, Jones and Welch",Mid-Market,EMEA,PA-7500 SKU-0254,hardware_ngfw
C0054,P0254,2026-06-01,0.657,0.914,0.425,1.0,1.0,1,507272.85,82.6,false,false,Value Realized,"Robinson, Jones and Welch",Mid-Market,EMEA,PA-7500 SKU-0254,hardware_ngfw
C0055,P0473,2025-10-01,0.0,0.0,0.0,0.0,,0,39461.38,0.0,false,false,Grace Period,Jones Inc,Enterprise,AMER,PA-1410 SKU-0473,hardware_ngfw
C0055,P0473,2025-11-01,0.0,0.0,0.0,0.0,0.0,0,39461.38,0.0,false,false,Shelfware Risk,Jones Inc,Enterprise,AMER,PA-1410 SKU-0473,hardware_ngfw
C0055,P0473,2025-12-01,0.0,0.0,0.0,0.0,0.0,0,39461.38,0.0,false,false,Shelfware Risk,Jones Inc,Enterprise,AMER,PA-1410 SKU-0473,hardware_ngfw
C0055,P0473,2026-01-01,0.0,0.0,0.0,0.0,0.0,0,39461.38,0.0,false,false,Shelfware Risk,Jones Inc,Enterprise,AMER,PA-1410 SKU-0473,hardware_ngfw
C0055,P0473,2026-02-01,0.0,0.0,0.0,0.0,0.0,0,39461.38,0.0,false,false,Shelfware Risk,Jones Inc,Enterprise,AMER,PA-1410 SKU-0473,hardware_ngfw
C0055,P0473,2026-03-01,0.0,0.0,0.0,0.0,0.0,0,39461.38,0.0,false,false,Shelfware Risk,Jones Inc,Enterprise,AMER,PA-1410 SKU-0473,hardware_ngfw
C0055,P0473,2026-04-01,0.0,0.0,0.0,0.0,0.0,0,39461.38,0.0,false,false,Shelfware Risk,Jones Inc,Enterprise,AMER,PA-1410 SKU-0473,hardware_ngfw
C0055,P0473,2026-05-01,0.0,0.0,0.0,0.0,0.0,0,39461.38,0.0,false,false,Shelfware Risk,Jones Inc,Enterprise,AMER,PA-1410 SKU-0473,hardware_ngfw
C0055,P0473,2026-06-01,0.0,0.0,0.0,0.0,0.0,0,39461.38,0.0,false,false,Shelfware Risk,Jones Inc,Enterprise,AMER,PA-1410 SKU-0473,hardware_ngfw
C0060,P0289,2025-09-01,0.592,0.89,0.0,1.0,1.0,0,40470.08,71.1,false,false,Value Realized,Gomez-Jenkins,Mid-Market,EMEA,CN-Series SKU-0289,software_ngfw
C0060,P0289,2025-10-01,0.82,0.955,0.25,1.0,1.0,1,40470.08,79.7,false,false,Value Realized,Gomez-Jenkins,Mid-Market,EMEA,CN-Series SKU-0289,software_ngfw
C0060,P0289,2025-11-01,0.675,0.919,0.25,1.0,1.0,1,40470.08,78.4,false,false,Value Realized,Gomez-Jenkins,Mid-Market,EMEA,CN-Series SKU-0289,software_ngfw
C0060,P0289,2025-12-01,0.704,0.926,0.35,1.0,1.0,1,40470.08,81.2,false,false,Value Realized,Gomez-Jenkins,Mid-Market,EMEA,CN-Series SKU-0289,software_ngfw
C0060,P0289,2026-01-01,0.682,0.92,0.35,1.0,1.0,1,40470.08,81.0,false,false,Value Realized,Gomez-Jenkins,Mid-Market,EMEA,CN-Series SKU-0289,software_ngfw
C0060,P0289,2026-02-01,0.74,0.935,0.425,1.0,1.0,1,40470.08,83.4,false,false,Value Realized,Gomez-Jenkins,Mid-Market,EMEA,CN-Series SKU-0289,software_ngfw
C0060,P0289,2026-03-01,0.883,0.971,0.425,1.0,1.0,1,40470.08,84.6,false,false,Value Realized,Gomez-Jenkins,Mid-Market,EMEA,CN-Series SKU-0289,software_ngfw
C0060,P0289,2026-04-01,0.958,0.989,0.35,1.0,1.0,1,40470.08,83.4,false,false,Value Realized,Gomez-Jenkins,Mid-Market,EMEA,CN-Series SKU-0289,software_ngfw
C0060,P0289,2026-05-01,0.755,0.939,0.425,1.0,1.0,1,40470.08,83.5,false,false,Value Realized,Gomez-Jenkins,Mid-Market,EMEA,CN-Series SKU-0289,software_ngfw
C0060,P0289,2026-06-01,0.696,0.924,0.5,1.0,1.0,1,40470.08,84.8,false,false,Value Realized,Gomez-Jenkins,Mid-Market,EMEA,CN-Series SKU-0289,software_ngfw
C0066,P0049,2025-07-01,0.874,0.968,0.0,1.0,1.0,0,42411.18,73.9,false,false,Value Realized,Morton-Chase,Mid-Market,EMEA,VM-300 SKU-0049,software_ngfw
C0066,P0049,2025-08-01,0.735,0.934,0.0,1.0,1.0,1,42411.18,72.7,false,false,Value Realized,Morton-Chase,Mid-Market,EMEA,VM-300 SKU-0049,software_ngfw
C0066,P0049,2025-09-01,1.089,1.0,0.0,1.0,1.0,1,42411.18,75.0,true,false,Value Realized,Morton-Chase,Mid-Market,EMEA,VM-300 SKU-0049,software_ngfw
C0066,P0049,2025-10-01,1.01,1.0,0.0,1.0,1.0,1,42411.18,75.0,true,false,Value Realized,Morton-Chase,Mid-Market,EMEA,VM-300 SKU-0049,software_ngfw
C0066,P0049,2025-11-01,0.573,0.868,0.0,1.0,1.0,1,42411.18,70.4,false,false,Value Realized,Morton-Chase,Mid-Market,EMEA,VM-300 SKU-0049,software_ngfw
C0066,P0049,2025-12-01,0.876,0.969,0.14,1.0,1.0,1,42411.18,77.4,false,false,Value Realized,Morton-Chase,Mid-Market,EMEA,VM-300 SKU-0049,software_ngfw
C0066,P0049,2026-01-01,0.744,0.936,0.2,1.0,1.0,1,42411.18,77.8,false,false,Value Realized,Morton-Chase,Mid-Market,EMEA,VM-300 SKU-0049,software_ngfw
C0066,P0049,2026-02-01,0.804,0.951,0.14,1.0,1.0,1,42411.18,76.8,false,false,Value Realized,Morton-Chase,Mid-Market,EMEA,VM-300 SKU-0049,software_ngfw
C0066,P0049,2026-03-01,0.713,0.928,0.28,1.0,1.0,1,42411.18,79.5,false,false,Value Realized,Morton-Chase,Mid-Market,EMEA,VM-300 SKU-0049,software_ngfw
C0066,P0049,2026-04-01,0.442,0.711,0.34,1.0,1.0,1,42411.18,73.4,false,false,Value Realized,Morton-Chase,Mid-Market,EMEA,VM-300 SKU-0049,software_ngfw
C0066,P0049,2026-05-01,0.879,0.97,0.28,1.0,1.0,1,42411.18,80.9,false,false,Value Realized,Morton-Chase,Mid-Market,EMEA,VM-300 SKU-0049,software_ngfw
C0066,P0049,2026-06-01,0.538,0.825,0.34,1.0,1.0,1,42411.18,77.4,false,false,Value Realized,Morton-Chase,Mid-Market,EMEA,VM-300 SKU-0049,software_ngfw
C0072,P0019,2025-07-01,0.902,0.975,0.233,1.0,1.0,0,28243.0,80.0,true,false,Value Realized,House-Glover,Enterprise,EMEA,Cloud NGFW for Azure SKU-0019,cloud_ngfw
C0072,P0019,2025-08-01,0.637,0.909,0.233,1.0,1.0,1,28243.0,77.7,false,false,Value Realized,House-Glover,Enterprise,EMEA,Cloud NGFW for Azure SKU-0019,cloud_ngfw
C0072,P0019,2025-09-01,0.69,0.922,0.233,1.0,1.0,1,28243.0,78.1,false,false,Value Realized,House-Glover,Enterprise,EMEA,Cloud NGFW for Azure SKU-0019,cloud_ngfw
C0072,P0019,2025-10-01,0.746,0.936,0.567,1.0,1.0,1,28243.0,86.9,false,false,Value Realized,House-Glover,Enterprise,EMEA,Cloud NGFW for Azure SKU-0019,cloud_ngfw
C0072,P0019,2025-11-01,0.83,0.957,0.567,1.0,1.0,1,28243.0,87.7,false,false,Value Realized,House-Glover,Enterprise,EMEA,Cloud NGFW for Azure SKU-0019,cloud_ngfw
C0072,P0019,2025-12-01,0.832,0.958,0.567,1.0,1.0,1,28243.0,87.7,false,false,Value Realized,House-Glover,Enterprise,EMEA,Cloud NGFW for Azure SKU-0019,cloud_ngfw
C0072,P0019,2026-01-01,0.834,0.959,0.667,1.0,1.0,1,28243.0,90.2,false,false,Value Realized,House-Glover,Enterprise,EMEA,Cloud NGFW for Azure SKU-0019,cloud_ngfw
C0072,P0019,2026-02-01,0.795,0.949,0.567,1.0,1.0,1,28243.0,87.4,false,false,Value Realized,House-Glover,Enterprise,EMEA,Cloud NGFW for Azure SKU-0019,cloud_ngfw
C0072,P0019,2026-03-01,0.679,0.92,0.467,1.0,1.0,1,28243.0,83.9,false,false,Value Realized,House-Glover,Enterprise,EMEA,Cloud NGFW for Azure SKU-0019,cloud_ngfw
C0072,P0019,2026-04-01,0.906,0.976,0.8,1.0,1.0,1,28243.0,94.2,false,false,Value Realized,House-Glover,Enterprise,EMEA,Cloud NGFW for Azure SKU-0019,cloud_ngfw
C0072,P0019,2026-05-01,0.718,0.929,0.8,1.0,1.0,1,28243.0,92.5,false,false,Value Realized,House-Glover,Enterprise,EMEA,Cloud NGFW for Azure SKU-0019,cloud_ngfw
C0072,P0019,2026-06-01,0.688,0.922,0.9,1.0,1.0,1,28243.0,94.8,false,false,Value Realized,House-Glover,Enterprise,EMEA,Cloud NGFW for Azure SKU-0019,cloud_ngfw
C0075,P0302,2025-07-01,0.676,0.919,0.233,1.0,1.0,0,48880.38,78.0,false,false,Value Realized,Novak PLC,Enterprise,EMEA,Cloud NGFW for Azure SKU-0302,cloud_ngfw
C0075,P0302,2025-08-01,0.648,0.912,0.233,1.0,1.0,1,48880.38,77.8,false,false,Value Realized,Novak PLC,Enterprise,EMEA,Cloud NGFW for Azure SKU-0302,cloud_ngfw
C0075,P0302,2025-09-01,1.001,1.0,0.233,1.0,1.0,1,48880.38,80.8,true,false,Value Realized,Novak PLC,Enterprise,EMEA,Cloud NGFW for Azure SKU-0302,cloud_ngfw
C0075,P0302,2025-10-01,0.75,0.937,0.233,1.0,1.0,1,48880.38,78.6,false,false,Value Realized,Novak PLC,Enterprise,EMEA,Cloud NGFW for Azure SKU-0302,cloud_ngfw
C0075,P0302,2025-11-01,0.87,0.968,0.333,1.0,1.0,1,48880.38,82.2,false,false,Value Realized,Novak PLC,Enterprise,EMEA,Cloud NGFW for Azure SKU-0302,cloud_ngfw
C0075,P0302,2025-12-01,0.846,0.961,0.233,1.0,1.0,1,48880.38,79.5,false,false,Value Realized,Novak PLC,Enterprise,EMEA,Cloud NGFW for Azure SKU-0302,cloud_ngfw
C0075,P0302,2026-01-01,0.668,0.917,0.567,1.0,1.0,1,48880.38,86.3,false,false,Value Realized,Novak PLC,Enterprise,EMEA,Cloud NGFW for Azure SKU-0302,cloud_ngfw
C0075,P0302,2026-02-01,0.838,0.959,0.567,1.0,1.0,1,48880.38,87.7,false,false,Value Realized,Novak PLC,Enterprise,EMEA,Cloud NGFW for Azure SKU-0302,cloud_ngfw
C0075,P0302,2026-03-01,0.689,0.922,0.467,1.0,1.0,1,48880.38,83.9,false,false,Value Realized,Novak PLC,Enterprise,EMEA,Cloud NGFW for Azure SKU-0302,cloud_ngfw
C0075,P0302,2026-04-01,0.532,0.818,0.467,1.0,1.0,1,48880.38,80.3,false,false,Value Realized,Novak PLC,Enterprise,EMEA,Cloud NGFW for Azure SKU-0302,cloud_ngfw
C0075,P0302,2026-05-01,0.474,0.749,0.567,1.0,1.0,1,48880.38,80.4,false,false,Value Realized,Novak PLC,Enterprise,EMEA,Cloud NGFW for Azure SKU-0302,cloud_ngfw
C0075,P0302,2026-06-01,0.846,0.962,0.467,1.0,1.0,1,48880.38,85.3,false,false,Value Realized,Novak PLC,Enterprise,EMEA,Cloud NGFW for Azure SKU-0302,cloud_ngfw
C0077,P0086,2025-07-01,0.74,0.935,0.0,1.0,1.0,0,335142.36,72.7,false,false,Value Realized,"Woods, Calhoun and Schmidt",Mid-Market,EMEA,Prisma Access Browser SKU-0086,sase
C0077,P0086,2025-08-01,0.634,0.908,0.0,1.0,1.0,1,335142.36,71.8,false,false,Value Realized,"Woods, Calhoun and Schmidt",Mid-Market,EMEA,Prisma Access Browser SKU-0086,sase
C0077,P0086,2025-09-01,0.573,0.868,0.0,1.0,1.0,1,335142.36,70.4,false,false,Value Realized,"Woods, Calhoun and Schmidt",Mid-Market,EMEA,Prisma Access Browser SKU-0086,sase
C0077,P0086,2025-10-01,0.809,0.952,0.2,1.0,1.0,1,335142.36,78.3,false,false,Value Realized,"Woods, Calhoun and Schmidt",Mid-Market,EMEA,Prisma Access Browser SKU-0086,sase
C0077,P0086,2025-11-01,0.644,0.911,0.14,1.0,1.0,1,335142.36,75.4,false,false,Value Realized,"Woods, Calhoun and Schmidt",Mid-Market,EMEA,Prisma Access Browser SKU-0086,sase
C0077,P0086,2025-12-01,0.618,0.904,0.14,1.0,1.0,1,335142.36,75.2,false,false,Value Realized,"Woods, Calhoun and Schmidt",Mid-Market,EMEA,Prisma Access Browser SKU-0086,sase
C0077,P0086,2026-01-01,0.818,0.954,0.14,1.0,1.0,1,335142.36,76.9,false,false,Value Realized,"Woods, Calhoun and Schmidt",Mid-Market,EMEA,Prisma Access Browser SKU-0086,sase
C0077,P0086,2026-02-01,0.763,0.941,0.28,1.0,1.0,1,335142.36,79.9,false,false,Value Realized,"Woods, Calhoun and Schmidt",Mid-Market,EMEA,Prisma Access Browser SKU-0086,sase
C0077,P0086,2026-03-01,0.686,0.921,0.34,1.0,1.0,1,335142.36,80.8,false,false,Value Realized,"Woods, Calhoun and Schmidt",Mid-Market,EMEA,Prisma Access Browser SKU-0086,sase
C0077,P0086,2026-04-01,0.83,0.958,0.34,1.0,1.0,1,335142.36,82.0,false,false,Value Realized,"Woods, Calhoun and Schmidt",Mid-Market,EMEA,Prisma Access Browser SKU-0086,sase
C0077,P0086,2026-05-01,0.931,0.983,0.34,1.0,1.0,1,335142.36,82.9,false,false,Value Realized,"Woods, Calhoun and Schmidt",Mid-Market,EMEA,Prisma Access Browser SKU-0086,sase
C0077,P0086,2026-06-01,0.84,0.96,0.34,1.0,1.0,1,335142.36,82.1,false,false,Value Realized,"Woods, Calhoun and Schmidt",Mid-Market,EMEA,Prisma Access Browser SKU-0086,sase
C0081,P0150,2025-07-01,0.543,0.832,0.0,1.0,1.0,0,54466.29,69.1,false,false,Developing,"Sanchez, Wheeler and Harvey",Enterprise,APAC,Cloud NGFW for AWS SKU-0150,cloud_ngfw
C0081,P0150,2025-08-01,0.577,0.872,0.233,1.0,1.0,1,54466.29,76.4,false,false,Value Realized,"Sanchez, Wheeler and Harvey",Enterprise,APAC,Cloud NGFW for AWS SKU-0150,cloud_ngfw
C0081,P0150,2025-09-01,0.666,0.917,0.333,1.0,1.0,1,54466.29,80.4,false,false,Value Realized,"Sanchez, Wheeler and Harvey",Enterprise,APAC,Cloud NGFW for AWS SKU-0150,cloud_ngfw
C0081,P0150,2025-10-01,0.754,0.939,0.333,1.0,1.0,1,54466.29,81.2,false,false,Value Realized,"Sanchez, Wheeler and Harvey",Enterprise,APAC,Cloud NGFW for AWS SKU-0150,cloud_ngfw
C0081,P0150,2025-11-01,0.901,0.975,0.333,1.0,1.0,1,54466.29,82.5,false,false,Value Realized,"Sanchez, Wheeler and Harvey",Enterprise,APAC,Cloud NGFW for AWS SKU-0150,cloud_ngfw
C0081,P0150,2025-12-01,0.59,0.888,0.233,1.0,1.0,1,54466.29,76.9,false,false,Value Realized,"Sanchez, Wheeler and Harvey",Enterprise,APAC,Cloud NGFW for AWS SKU-0150,cloud_ngfw
C0081,P0150,2026-01-01,0.658,0.914,0.233,1.0,1.0,1,54466.29,77.8,false,false,Value Realized,"Sanchez, Wheeler and Harvey",Enterprise,APAC,Cloud NGFW for AWS SKU-0150,cloud_ngfw
C0081,P0150,2026-02-01,0.807,0.952,0.333,1.0,1.0,1,54466.29,81.6,false,false,Value Realized,"Sanchez, Wheeler and Harvey",Enterprise,APAC,Cloud NGFW for AWS SKU-0150,cloud_ngfw
C0081,P0150,2026-03-01,0.713,0.928,0.233,1.0,1.0,1,54466.29,78.3,false,false,Value Realized,"Sanchez, Wheeler and Harvey",Enterprise,APAC,Cloud NGFW for AWS SKU-0150,cloud_ngfw
C0081,P0150,2026-04-01,0.608,0.902,0.233,1.0,1.0,1,54466.29,77.4,false,false,Value Realized,"Sanchez, Wheeler and Harvey",Enterprise,APAC,Cloud NGFW for AWS SKU-0150,cloud_ngfw
C0081,P0150,2026-05-01,0.851,0.963,0.467,1.0,1.0,1,54466.29,85.4,false,false,Value Realized,"Sanchez, Wheeler and Harvey",Enterprise,APAC,Cloud NGFW for AWS SKU-0150,cloud_ngfw
C0081,P0150,2026-06-01,0.785,0.946,0.467,1.0,1.0,1,54466.29,84.8,false,false,Value Realized,"Sanchez, Wheeler and Harvey",Enterprise,APAC,Cloud NGFW for AWS SKU-0150,cloud_ngfw
C0081,P0483,2025-09-01,0.731,0.933,0.0,1.0,1.0,0,51507.61,72.7,false,false,Value Realized,"Sanchez, Wheeler and Harvey",Enterprise,APAC,Cloud NGFW for AWS SKU-0483,cloud_ngfw
C0081,P0483,2025-10-01,0.823,0.956,0.0,1.0,1.0,1,51507.61,73.4,false,false,Value Realized,"Sanchez, Wheeler and Harvey",Enterprise,APAC,Cloud NGFW for AWS SKU-0483,cloud_ngfw
C0081,P0483,2025-11-01,0.708,0.927,0.14,1.0,1.0,1,51507.61,75.9,false,false,Value Realized,"Sanchez, Wheeler and Harvey",Enterprise,APAC,Cloud NGFW for AWS SKU-0483,cloud_ngfw
C0081,P0483,2025-12-01,0.659,0.915,0.34,1.0,1.0,1,51507.61,80.5,false,false,Value Realized,"Sanchez, Wheeler and Harvey",Enterprise,APAC,Cloud NGFW for AWS SKU-0483,cloud_ngfw
C0081,P0483,2026-01-01,0.866,0.966,0.28,1.0,1.0,1,51507.61,80.8,false,false,Value Realized,"Sanchez, Wheeler and Harvey",Enterprise,APAC,Cloud NGFW for AWS SKU-0483,cloud_ngfw
C0081,P0483,2026-02-01,0.772,0.943,0.48,1.0,1.0,1,51507.61,85.0,false,false,Value Realized,"Sanchez, Wheeler and Harvey",Enterprise,APAC,Cloud NGFW for AWS SKU-0483,cloud_ngfw
C0081,P0483,2026-03-01,0.755,0.939,0.54,1.0,1.0,1,51507.61,86.4,false,false,Value Realized,"Sanchez, Wheeler and Harvey",Enterprise,APAC,Cloud NGFW for AWS SKU-0483,cloud_ngfw
C0081,P0483,2026-04-01,0.783,0.946,0.6,1.0,1.0,1,51507.61,88.1,false,false,Value Realized,"Sanchez, Wheeler and Harvey",Enterprise,APAC,Cloud NGFW for AWS SKU-0483,cloud_ngfw
C0081,P0483,2026-05-01,0.624,0.906,0.68,1.0,1.0,1,51507.61,88.7,false,false,Value Realized,"Sanchez, Wheeler and Harvey",Enterprise,APAC,Cloud NGFW for AWS SKU-0483,cloud_ngfw
C0081,P0483,2026-06-01,0.767,0.942,0.68,1.0,1.0,1,51507.61,90.0,false,false,Value Realized,"Sanchez, Wheeler and Harvey",Enterprise,APAC,Cloud NGFW for AWS SKU-0483,cloud_ngfw
C0088,P0439,2025-07-01,0.0,0.0,0.0,0.0,,0,814851.38,0.0,false,false,Grace Period,Anderson-Bailey,Mid-Market,EMEA,Prisma Access Remote Networks SKU-0439,sase
C0088,P0439,2025-08-01,0.0,0.0,0.0,0.0,0.0,0,814851.38,0.0,false,false,Shelfware Risk,Anderson-Bailey,Mid-Market,EMEA,Prisma Access Remote Networks SKU-0439,sase
C0088,P0439,2025-09-01,0.0,0.0,0.0,0.0,0.0,0,814851.38,0.0,false,false,Shelfware Risk,Anderson-Bailey,Mid-Market,EMEA,Prisma Access Remote Networks SKU-0439,sase
C0088,P0439,2025-10-01,0.0,0.0,0.0,0.0,0.0,0,814851.38,0.0,false,false,Shelfware Risk,Anderson-Bailey,Mid-Market,EMEA,Prisma Access Remote Networks SKU-0439,sase
C0088,P0439,2025-11-01,0.0,0.0,0.0,0.0,0.0,0,814851.38,0.0,false,false,Shelfware Risk,Anderson-Bailey,Mid-Market,EMEA,Prisma Access Remote Networks SKU-0439,sase
C0088,P0439,2025-12-01,0.0,0.0,0.0,0.0,0.0,0,814851.38,0.0,false,false,Shelfware Risk,Anderson-Bailey,Mid-Market,EMEA,Prisma Access Remote Networks SKU-0439,sase
C0088,P0439,2026-01-01,0.0,0.0,0.0,0.0,0.0,0,814851.38,0.0,false,false,Shelfware Risk,Anderson-Bailey,Mid-Market,EMEA,Prisma Access Remote Networks SKU-0439,sase
C0088,P0439,2026-02-01,0.0,0.0,0.0,0.0,0.0,0,814851.38,0.0,false,false,Shelfware Risk,Anderson-Bailey,Mid-Market,EMEA,Prisma Access Remote Networks SKU-0439,sase
C0088,P0439,2026-03-01,0.0,0.0,0.0,0.0,0.0,0,814851.38,0.0,false,false,Shelfware Risk,Anderson-Bailey,Mid-Market,EMEA,Prisma Access Remote Networks SKU-0439,sase
C0088,P0439,2026-04-01,0.0,0.0,0.0,0.0,0.0,0,814851.38,0.0,false,false,Shelfware Risk,Anderson-Bailey,Mid-Market,EMEA,Prisma Access Remote Networks SKU-0439,sase
C0088,P0439,2026-05-01,0.0,0.0,0.0,0.0,0.0,0,814851.38,0.0,false,false,Shelfware Risk,Anderson-Bailey,Mid-Market,EMEA,Prisma Access Remote Networks SKU-0439,sase
C0088,P0439,2026-06-01,0.0,0.0,0.0,0.0,0.0,0,814851.38,0.0,false,false,Shelfware Risk,Anderson-Bailey,Mid-Market,EMEA,Prisma Access Remote Networks SKU-0439,sase
C0088,P0477,2025-07-01,0.0,0.0,0.0,0.0,,0,8050.72,0.0,false,false,Grace Period,Anderson-Bailey,Mid-Market,EMEA,VM-300 SKU-0477,software_ngfw
C0088,P0477,2025-08-01,0.0,0.0,0.0,0.0,0.0,0,8050.72,0.0,false,false,Shelfware Risk,Anderson-Bailey,Mid-Market,EMEA,VM-300 SKU-0477,software_ngfw
C0088,P0477,2025-09-01,0.0,0.0,0.0,0.0,0.0,0,8050.72,0.0,false,false,Shelfware Risk,Anderson-Bailey,Mid-Market,EMEA,VM-300 SKU-0477,software_ngfw
C0088,P0477,2025-10-01,0.0,0.0,0.0,0.0,0.0,0,8050.72,0.0,false,false,Shelfware Risk,Anderson-Bailey,Mid-Market,EMEA,VM-300 SKU-0477,software_ngfw
C0088,P0477,2025-11-01,0.0,0.0,0.0,0.0,0.0,0,8050.72,0.0,false,false,Shelfware Risk,Anderson-Bailey,Mid-Market,EMEA,VM-300 SKU-0477,software_ngfw
C0088,P0477,2025-12-01,0.0,0.0,0.0,0.0,0.0,0,8050.72,0.0,false,false,Shelfware Risk,Anderson-Bailey,Mid-Market,EMEA,VM-300 SKU-0477,software_ngfw
C0088,P0477,2026-01-01,0.0,0.0,0.0,0.0,0.0,0,8050.72,0.0,false,false,Shelfware Risk,Anderson-Bailey,Mid-Market,EMEA,VM-300 SKU-0477,software_ngfw
C0088,P0477,2026-02-01,0.0,0.0,0.0,0.0,0.0,0,8050.72,0.0,false,false,Shelfware Risk,Anderson-Bailey,Mid-Market,EMEA,VM-300 SKU-0477,software_ngfw
C0088,P0477,2026-03-01,0.0,0.0,0.0,0.0,0.0,0,8050.72,0.0,false,false,Shelfware Risk,Anderson-Bailey,Mid-Market,EMEA,VM-300 SKU-0477,software_ngfw
C0088,P0477,2026-04-01,0.0,0.0,0.0,0.0,0.0,0,8050.72,0.0,false,false,Shelfware Risk,Anderson-Bailey,Mid-Market,EMEA,VM-300 SKU-0477,software_ngfw
C0088,P0477,2026-05-01,0.0,0.0,0.0,0.0,0.0,0,8050.72,0.0,false,false,Shelfware Risk,Anderson-Bailey,Mid-Market,EMEA,VM-300 SKU-0477,software_ngfw
C0088,P0477,2026-06-01,0.0,0.0,0.0,0.0,0.0,0,8050.72,0.0,false,false,Shelfware Risk,Anderson-Bailey,Mid-Market,EMEA,VM-300 SKU-0477,software_ngfw
C0089,P0440,2025-07-01,1.211,0.8,0.667,1.0,1.0,0,40613.8,84.7,false,true,Value Realized,Suarez LLC,Enterprise,AMER,VM-100 SKU-0440,software_ngfw
C0089,P0440,2025-08-01,1.312,0.8,1.0,1.0,1.0,1,40613.8,93.0,false,true,Value Realized,Suarez LLC,Enterprise,AMER,VM-100 SKU-0440,software_ngfw
C0089,P0440,2025-09-01,1.409,0.8,1.0,1.0,1.0,1,40613.8,93.0,false,true,Value Realized,Suarez LLC,Enterprise,AMER,VM-100 SKU-0440,software_ngfw
C0089,P0440,2025-10-01,1.568,0.8,1.0,1.0,1.0,1,40613.8,93.0,false,true,Value Realized,Suarez LLC,Enterprise,AMER,VM-100 SKU-0440,software_ngfw
C0089,P0440,2025-11-01,1.676,0.8,1.0,1.0,1.0,1,40613.8,93.0,false,true,Value Realized,Suarez LLC,Enterprise,AMER,VM-100 SKU-0440,software_ngfw
C0089,P0440,2025-12-01,1.257,0.8,1.0,1.0,1.0,1,40613.8,93.0,false,true,Value Realized,Suarez LLC,Enterprise,AMER,VM-100 SKU-0440,software_ngfw
C0089,P0440,2026-01-01,1.42,0.8,1.0,1.0,1.0,1,40613.8,93.0,false,true,Value Realized,Suarez LLC,Enterprise,AMER,VM-100 SKU-0440,software_ngfw
C0089,P0440,2026-02-01,1.186,1.0,1.0,1.0,1.0,1,40613.8,100.0,false,false,Value Realized,Suarez LLC,Enterprise,AMER,VM-100 SKU-0440,software_ngfw
C0089,P0440,2026-03-01,1.416,0.8,1.0,1.0,1.0,1,40613.8,93.0,false,true,Value Realized,Suarez LLC,Enterprise,AMER,VM-100 SKU-0440,software_ngfw
C0089,P0440,2026-04-01,1.53,0.8,1.0,1.0,1.0,1,40613.8,93.0,false,true,Value Realized,Suarez LLC,Enterprise,AMER,VM-100 SKU-0440,software_ngfw
C0089,P0440,2026-05-01,1.337,0.8,1.0,1.0,1.0,1,40613.8,93.0,false,true,Value Realized,Suarez LLC,Enterprise,AMER,VM-100 SKU-0440,software_ngfw
C0089,P0440,2026-06-01,1.55,0.8,1.0,1.0,1.0,1,40613.8,93.0,false,true,Value Realized,Suarez LLC,Enterprise,AMER,VM-100 SKU-0440,software_ngfw
C0093,P0137,2025-07-01,0.671,0.918,0.0,1.0,1.0,0,28701.78,72.1,false,false,Value Realized,"Garcia, Humphrey and Baker",Enterprise,LATAM,CN-Series SKU-0137,software_ngfw
C0093,P0137,2025-08-01,0.738,0.935,0.0,1.0,1.0,1,28701.78,72.7,false,false,Value Realized,"Garcia, Humphrey and Baker",Enterprise,LATAM,CN-Series SKU-0137,software_ngfw
C0093,P0137,2025-09-01,0.688,0.922,0.117,1.0,1.0,1,28701.78,75.2,false,false,Value Realized,"Garcia, Humphrey and Baker",Enterprise,LATAM,CN-Series SKU-0137,software_ngfw
C0093,P0137,2025-10-01,0.685,0.921,0.117,1.0,1.0,1,28701.78,75.2,false,false,Value Realized,"Garcia, Humphrey and Baker",Enterprise,LATAM,CN-Series SKU-0137,software_ngfw
C0093,P0137,2025-11-01,1.037,1.0,0.167,1.0,1.0,1,28701.78,79.2,true,false,Value Realized,"Garcia, Humphrey and Baker",Enterprise,LATAM,CN-Series SKU-0137,software_ngfw
C0093,P0137,2025-12-01,0.771,0.943,0.283,1.0,1.0,1,28701.78,80.1,false,false,Value Realized,"Garcia, Humphrey and Baker",Enterprise,LATAM,CN-Series SKU-0137,software_ngfw
C0093,P0137,2026-01-01,0.88,0.97,0.283,1.0,1.0,1,28701.78,81.0,false,false,Value Realized,"Garcia, Humphrey and Baker",Enterprise,LATAM,CN-Series SKU-0137,software_ngfw
C0093,P0137,2026-02-01,0.801,0.95,0.4,1.0,1.0,1,28701.78,83.3,false,false,Value Realized,"Garcia, Humphrey and Baker",Enterprise,LATAM,CN-Series SKU-0137,software_ngfw
C0093,P0137,2026-03-01,0.804,0.951,0.567,1.0,1.0,1,28701.78,87.5,false,false,Value Realized,"Garcia, Humphrey and Baker",Enterprise,LATAM,CN-Series SKU-0137,software_ngfw
C0093,P0137,2026-04-01,0.575,0.87,0.517,1.0,1.0,1,28701.78,83.4,false,false,Value Realized,"Garcia, Humphrey and Baker",Enterprise,LATAM,CN-Series SKU-0137,software_ngfw
C0093,P0137,2026-05-01,0.394,0.653,0.617,1.0,1.0,1,28701.78,78.3,false,false,Value Realized,"Garcia, Humphrey and Baker",Enterprise,LATAM,CN-Series SKU-0137,software_ngfw
C0093,P0137,2026-06-01,0.669,0.917,0.517,1.0,1.0,1,28701.78,85.0,false,false,Value Realized,"Garcia, Humphrey and Baker",Enterprise,LATAM,CN-Series SKU-0137,software_ngfw
C0098,P0138,2025-07-01,1.359,0.8,0.75,1.0,1.0,0,381679.68,86.8,false,true,Value Realized,Davis Group,Mid-Market,EMEA,Prisma Access Remote Networks SKU-0138,sase
C0098,P0138,2025-08-01,1.496,0.8,1.0,1.0,1.0,1,381679.68,93.0,false,true,Value Realized,Davis Group,Mid-Market,EMEA,Prisma Access Remote Networks SKU-0138,sase
C0098,P0138,2025-09-01,1.568,0.8,1.0,1.0,1.0,1,381679.68,93.0,false,true,Value Realized,Davis Group,Mid-Market,EMEA,Prisma Access Remote Networks SKU-0138,sase
C0098,P0138,2025-10-01,1.589,0.8,1.0,1.0,1.0,1,381679.68,93.0,false,true,Value Realized,Davis Group,Mid-Market,EMEA,Prisma Access Remote Networks SKU-0138,sase
C0098,P0138,2025-11-01,1.288,0.8,1.0,1.0,1.0,1,381679.68,93.0,false,true,Value Realized,Davis Group,Mid-Market,EMEA,Prisma Access Remote Networks SKU-0138,sase
C0098,P0138,2025-12-01,1.352,0.8,1.0,1.0,1.0,1,381679.68,93.0,false,true,Value Realized,Davis Group,Mid-Market,EMEA,Prisma Access Remote Networks SKU-0138,sase
C0098,P0138,2026-01-01,1.399,0.8,1.0,1.0,1.0,1,381679.68,93.0,false,true,Value Realized,Davis Group,Mid-Market,EMEA,Prisma Access Remote Networks SKU-0138,sase
C0098,P0138,2026-02-01,1.466,0.8,1.0,1.0,1.0,1,381679.68,93.0,false,true,Value Realized,Davis Group,Mid-Market,EMEA,Prisma Access Remote Networks SKU-0138,sase
C0098,P0138,2026-03-01,1.146,1.0,1.0,1.0,1.0,1,381679.68,100.0,false,false,Value Realized,Davis Group,Mid-Market,EMEA,Prisma Access Remote Networks SKU-0138,sase
C0098,P0138,2026-04-01,1.483,0.8,1.0,1.0,1.0,1,381679.68,93.0,false,true,Value Realized,Davis Group,Mid-Market,EMEA,Prisma Access Remote Networks SKU-0138,sase
C0098,P0138,2026-05-01,1.507,0.8,1.0,1.0,1.0,1,381679.68,93.0,false,true,Value Realized,Davis Group,Mid-Market,EMEA,Prisma Access Remote Networks SKU-0138,sase
C0098,P0138,2026-06-01,1.482,0.8,1.0,1.0,1.0,1,381679.68,93.0,false,true,Value Realized,Davis Group,Mid-Market,EMEA,Prisma Access Remote Networks SKU-0138,sase
C0005,P0039,2025-07-01,0.587,0.884,0.0,1.0,1.0,0,44708.94,70.9,false,false,Value Realized,"Guzman, Hoffman and Baldwin",Enterprise,AMER,VM-100 SKU-0039,software_ngfw
C0005,P0039,2025-08-01,0.725,0.931,0.0,1.0,1.0,1,44708.94,72.6,false,false,Value Realized,"Guzman, Hoffman and Baldwin",Enterprise,AMER,VM-100 SKU-0039,software_ngfw
C0005,P0039,2025-09-01,0.714,0.929,0.0,1.0,1.0,1,44708.94,72.5,false,false,Value Realized,"Guzman, Hoffman and Baldwin",Enterprise,AMER,VM-100 SKU-0039,software_ngfw
C0005,P0039,2025-10-01,0.692,0.923,0.333,1.0,1.0,1,44708.94,80.6,false,false,Value Realized,"Guzman, Hoffman and Baldwin",Enterprise,AMER,VM-100 SKU-0039,software_ngfw
C0005,P0039,2025-11-01,0.75,0.938,0.333,1.0,1.0,1,44708.94,81.1,false,false,Value Realized,"Guzman, Hoffman and Baldwin",Enterprise,AMER,VM-100 SKU-0039,software_ngfw
C0005,P0039,2025-12-01,0.752,0.938,0.333,1.0,1.0,1,44708.94,81.2,false,false,Value Realized,"Guzman, Hoffman and Baldwin",Enterprise,AMER,VM-100 SKU-0039,software_ngfw
C0005,P0039,2026-01-01,0.764,0.941,0.333,1.0,1.0,1,44708.94,81.3,false,false,Value Realized,"Guzman, Hoffman and Baldwin",Enterprise,AMER,VM-100 SKU-0039,software_ngfw
C0005,P0039,2026-02-01,0.946,0.986,0.233,1.0,1.0,1,44708.94,80.4,true,false,Value Realized,"Guzman, Hoffman and Baldwin",Enterprise,AMER,VM-100 SKU-0039,software_ngfw
C0005,P0039,2026-03-01,0.47,0.744,0.233,1.0,1.0,1,44708.94,71.9,false,false,Value Realized,"Guzman, Hoffman and Baldwin",Enterprise,AMER,VM-100 SKU-0039,software_ngfw
C0005,P0039,2026-04-01,0.679,0.92,0.333,1.0,1.0,1,44708.94,80.5,false,false,Value Realized,"Guzman, Hoffman and Baldwin",Enterprise,AMER,VM-100 SKU-0039,software_ngfw
C0005,P0039,2026-05-01,0.698,0.924,0.233,1.0,1.0,1,44708.94,78.2,false,false,Value Realized,"Guzman, Hoffman and Baldwin",Enterprise,AMER,VM-100 SKU-0039,software_ngfw
C0005,P0039,2026-06-01,0.491,0.77,0.233,1.0,1.0,1,44708.94,72.8,false,false,Value Realized,"Guzman, Hoffman and Baldwin",Enterprise,AMER,VM-100 SKU-0039,software_ngfw
C0006,P0148,2025-07-01,0.944,0.986,0.0,1.0,1.0,0,14786.88,74.5,true,false,Value Realized,"Gardner, Robinson and Lawrence",Mid-Market,AMER,VM-100 SKU-0148,software_ngfw
C0006,P0148,2025-08-01,0.68,0.92,0.233,1.0,1.0,1,14786.88,78.0,false,false,Value Realized,"Gardner, Robinson and Lawrence",Mid-Market,AMER,VM-100 SKU-0148,software_ngfw
C0006,P0148,2025-09-01,0.681,0.92,0.233,1.0,1.0,1,14786.88,78.0,false,false,Value Realized,"Gardner, Robinson and Lawrence",Mid-Market,AMER,VM-100 SKU-0148,software_ngfw
C0006,P0148,2025-10-01,0.8,0.95,0.333,1.0,1.0,1,14786.88,81.6,false,false,Value Realized,"Gardner, Robinson and Lawrence",Mid-Market,AMER,VM-100 SKU-0148,software_ngfw
C0006,P0148,2025-11-01,0.92,0.98,0.233,1.0,1.0,1,14786.88,80.1,true,false,Value Realized,"Gardner, Robinson and Lawrence",Mid-Market,AMER,VM-100 SKU-0148,software_ngfw
C0006,P0148,2025-12-01,0.773,0.943,0.233,1.0,1.0,1,14786.88,78.9,false,false,Value Realized,"Gardner, Robinson and Lawrence",Mid-Market,AMER,VM-100 SKU-0148,software_ngfw
C0006,P0148,2026-01-01,0.645,0.911,0.667,1.0,1.0,1,14786.88,88.6,false,false,Value Realized,"Gardner, Robinson and Lawrence",Mid-Market,AMER,VM-100 SKU-0148,software_ngfw
C0006,P0148,2026-02-01,0.561,0.853,0.567,1.0,1.0,1,14786.88,84.0,false,false,Value Realized,"Gardner, Robinson and Lawrence",Mid-Market,AMER,VM-100 SKU-0148,software_ngfw
C0006,P0148,2026-03-01,0.947,0.987,0.567,1.0,1.0,1,14786.88,88.7,false,false,Value Realized,"Gardner, Robinson and Lawrence",Mid-Market,AMER,VM-100 SKU-0148,software_ngfw
C0006,P0148,2026-04-01,0.645,0.911,0.7,1.0,1.0,1,14786.88,89.4,false,false,Value Realized,"Gardner, Robinson and Lawrence",Mid-Market,AMER,VM-100 SKU-0148,software_ngfw
C0006,P0148,2026-05-01,0.743,0.936,0.7,1.0,1.0,1,14786.88,90.3,false,false,Value Realized,"Gardner, Robinson and Lawrence",Mid-Market,AMER,VM-100 SKU-0148,software_ngfw
C0006,P0148,2026-06-01,0.757,0.939,0.9,1.0,1.0,1,14786.88,95.4,false,false,Value Realized,"Gardner, Robinson and Lawrence",Mid-Market,AMER,VM-100 SKU-0148,software_ngfw
C0006,P0371,2025-07-01,0.491,0.769,0.0,1.0,1.0,0,13061.23,66.9,false,false,Developing,"Gardner, Robinson and Lawrence",Mid-Market,AMER,VM-700 SKU-0371,software_ngfw
C0006,P0371,2025-08-01,0.522,0.806,0.0,1.0,1.0,1,13061.23,68.2,false,false,Developing,"Gardner, Robinson and Lawrence",Mid-Market,AMER,VM-700 SKU-0371,software_ngfw
C0006,P0371,2025-09-01,0.635,0.909,0.0,1.0,1.0,1,13061.23,71.8,false,false,Value Realized,"Gardner, Robinson and Lawrence",Mid-Market,AMER,VM-700 SKU-0371,software_ngfw
C0006,P0371,2025-10-01,0.701,0.925,0.333,1.0,1.0,1,13061.23,80.7,false,false,Value Realized,"Gardner, Robinson and Lawrence",Mid-Market,AMER,VM-700 SKU-0371,software_ngfw
C0006,P0371,2025-11-01,0.551,0.841,0.467,1.0,1.0,1,13061.23,81.1,false,false,Value Realized,"Gardner, Robinson and Lawrence",Mid-Market,AMER,VM-700 SKU-0371,software_ngfw
C0006,P0371,2025-12-01,0.63,0.908,0.667,1.0,1.0,1,13061.23,88.4,false,false,Value Realized,"Gardner, Robinson and Lawrence",Mid-Market,AMER,VM-700 SKU-0371,software_ngfw
C0006,P0371,2026-01-01,0.687,0.922,0.567,1.0,1.0,1,13061.23,86.4,false,false,Value Realized,"Gardner, Robinson and Lawrence",Mid-Market,AMER,VM-700 SKU-0371,software_ngfw
C0006,P0371,2026-02-01,0.61,0.903,0.467,1.0,1.0,1,13061.23,83.3,false,false,Value Realized,"Gardner, Robinson and Lawrence",Mid-Market,AMER,VM-700 SKU-0371,software_ngfw
C0006,P0371,2026-03-01,0.633,0.908,0.567,1.0,1.0,1,13061.23,86.0,false,false,Value Realized,"Gardner, Robinson and Lawrence",Mid-Market,AMER,VM-700 SKU-0371,software_ngfw
C0006,P0371,2026-04-01,0.766,0.941,0.567,1.0,1.0,1,13061.23,87.1,false,false,Value Realized,"Gardner, Robinson and Lawrence",Mid-Market,AMER,VM-700 SKU-0371,software_ngfw
C0006,P0371,2026-05-01,0.757,0.939,0.667,1.0,1.0,1,13061.23,89.5,false,false,Value Realized,"Gardner, Robinson and Lawrence",Mid-Market,AMER,VM-700 SKU-0371,software_ngfw
C0006,P0371,2026-06-01,0.824,0.956,0.667,1.0,1.0,1,13061.23,90.1,false,false,Value Realized,"Gardner, Robinson and Lawrence",Mid-Market,AMER,VM-700 SKU-0371,software_ngfw
C0008,P0366,2025-07-01,0.0,0.0,0.0,0.0,,0,767857.68,0.0,false,false,Grace Period,"Henderson, Ramirez and Lewis",Mid-Market,AMER,Prisma Access Browser SKU-0366,sase
C0008,P0366,2025-08-01,0.0,0.0,0.0,0.0,0.467,0,767857.68,7.0,false,false,Shelfware Risk,"Henderson, Ramirez and Lewis",Mid-Market,AMER,Prisma Access Browser SKU-0366,sase
C0008,P0366,2025-09-01,0.22,0.444,0.0,0.5,0.467,0,767857.68,35.0,false,false,Onboarding Stall,"Henderson, Ramirez and Lewis",Mid-Market,AMER,Prisma Access Browser SKU-0366,sase
C0008,P0366,2025-10-01,0.48,0.756,0.233,0.8,0.467,1,767857.68,59.3,false,false,Onboarding Stall,"Henderson, Ramirez and Lewis",Mid-Market,AMER,Prisma Access Browser SKU-0366,sase
C0008,P0366,2025-11-01,1.018,1.0,0.333,1.0,0.467,1,767857.68,75.3,false,false,Value Realized,"Henderson, Ramirez and Lewis",Mid-Market,AMER,Prisma Access Browser SKU-0366,sase
C0008,P0366,2025-12-01,0.604,0.901,0.233,1.0,0.467,1,767857.68,69.4,false,false,Onboarding Stall,"Henderson, Ramirez and Lewis",Mid-Market,AMER,Prisma Access Browser SKU-0366,sase
C0008,P0366,2026-01-01,0.644,0.911,0.233,1.0,0.467,1,767857.68,69.7,false,false,Onboarding Stall,"Henderson, Ramirez and Lewis",Mid-Market,AMER,Prisma Access Browser SKU-0366,sase
C0008,P0366,2026-02-01,0.743,0.936,0.467,1.0,0.467,1,767857.68,76.4,false,false,Value Realized,"Henderson, Ramirez and Lewis",Mid-Market,AMER,Prisma Access Browser SKU-0366,sase
C0008,P0366,2026-03-01,0.836,0.959,0.467,1.0,0.467,1,767857.68,77.2,false,false,Value Realized,"Henderson, Ramirez and Lewis",Mid-Market,AMER,Prisma Access Browser SKU-0366,sase
C0008,P0366,2026-04-01,0.474,0.749,0.567,1.0,0.467,1,767857.68,72.4,false,false,Value Realized,"Henderson, Ramirez and Lewis",Mid-Market,AMER,Prisma Access Browser SKU-0366,sase
C0008,P0366,2026-05-01,0.927,0.982,0.567,1.0,0.467,1,767857.68,80.5,false,false,Value Realized,"Henderson, Ramirez and Lewis",Mid-Market,AMER,Prisma Access Browser SKU-0366,sase
C0008,P0366,2026-06-01,0.712,0.928,0.467,1.0,0.467,1,767857.68,76.1,false,false,Value Realized,"Henderson, Ramirez and Lewis",Mid-Market,AMER,Prisma Access Browser SKU-0366,sase
C0008,P0483,2025-07-01,0.0,0.0,0.0,0.0,,0,53037.12,0.0,false,false,Grace Period,"Henderson, Ramirez and Lewis",Mid-Market,AMER,Cloud NGFW for AWS SKU-0483,cloud_ngfw
C0008,P0483,2025-08-01,0.0,0.0,0.0,0.0,0.467,0,53037.12,7.0,false,false,Shelfware Risk,"Henderson, Ramirez and Lewis",Mid-Market,AMER,Cloud NGFW for AWS SKU-0483,cloud_ngfw
C0008,P0483,2025-09-01,0.22,0.444,0.0,0.5,0.467,0,53037.12,35.0,false,false,Onboarding Stall,"Henderson, Ramirez and Lewis",Mid-Market,AMER,Cloud NGFW for AWS SKU-0483,cloud_ngfw
C0008,P0483,2025-10-01,0.48,0.756,0.34,0.8,0.467,1,53037.12,62.0,false,false,Developing,"Henderson, Ramirez and Lewis",Mid-Market,AMER,Cloud NGFW for AWS SKU-0483,cloud_ngfw
C0008,P0483,2025-11-01,0.727,0.932,0.42,1.0,0.467,1,53037.12,75.1,false,false,Value Realized,"Henderson, Ramirez and Lewis",Mid-Market,AMER,Cloud NGFW for AWS SKU-0483,cloud_ngfw
C0008,P0483,2025-12-01,0.862,0.966,0.62,1.0,0.467,1,53037.12,81.3,false,false,Value Realized,"Henderson, Ramirez and Lewis",Mid-Market,AMER,Cloud NGFW for AWS SKU-0483,cloud_ngfw
C0008,P0483,2026-01-01,0.739,0.935,0.88,1.0,0.467,1,53037.12,86.7,false,false,Value Realized,"Henderson, Ramirez and Lewis",Mid-Market,AMER,Cloud NGFW for AWS SKU-0483,cloud_ngfw
C0008,P0483,2026-02-01,0.536,0.823,0.88,1.0,0.467,1,53037.12,82.8,false,false,Value Realized,"Henderson, Ramirez and Lewis",Mid-Market,AMER,Cloud NGFW for AWS SKU-0483,cloud_ngfw
C0008,P0483,2026-03-01,0.643,0.911,0.82,1.0,0.467,1,53037.12,84.4,false,false,Value Realized,"Henderson, Ramirez and Lewis",Mid-Market,AMER,Cloud NGFW for AWS SKU-0483,cloud_ngfw
C0008,P0483,2026-04-01,0.616,0.904,0.76,1.0,0.467,1,53037.12,82.6,false,false,Value Realized,"Henderson, Ramirez and Lewis",Mid-Market,AMER,Cloud NGFW for AWS SKU-0483,cloud_ngfw
C0008,P0483,2026-05-01,0.538,0.825,0.82,1.0,0.467,1,53037.12,81.4,false,false,Value Realized,"Henderson, Ramirez and Lewis",Mid-Market,AMER,Cloud NGFW for AWS SKU-0483,cloud_ngfw
C0008,P0483,2026-06-01,0.79,0.947,0.76,1.0,0.467,1,53037.12,84.2,false,false,Value Realized,"Henderson, Ramirez and Lewis",Mid-Market,AMER,Cloud NGFW for AWS SKU-0483,cloud_ngfw
C0009,P0197,2025-07-01,1.598,0.8,0.25,1.0,1.0,0,120198.08,74.3,false,true,Value Realized,Garcia-James,Mid-Market,AMER,Prisma Access Mobile Users SKU-0197,sase
C0009,P0197,2025-08-01,1.277,0.8,1.0,1.0,1.0,1,120198.08,93.0,false,true,Value Realized,Garcia-James,Mid-Market,AMER,Prisma Access Mobile Users SKU-0197,sase
C0009,P0197,2025-09-01,1.468,0.8,1.0,1.0,1.0,1,120198.08,93.0,false,true,Value Realized,Garcia-James,Mid-Market,AMER,Prisma Access Mobile Users SKU-0197,sase
C0009,P0197,2025-10-01,1.245,0.8,1.0,1.0,1.0,1,120198.08,93.0,false,true,Value Realized,Garcia-James,Mid-Market,AMER,Prisma Access Mobile Users SKU-0197,sase
C0009,P0197,2025-11-01,1.506,0.8,1.0,1.0,1.0,1,120198.08,93.0,false,true,Value Realized,Garcia-James,Mid-Market,AMER,Prisma Access Mobile Users SKU-0197,sase
C0009,P0197,2025-12-01,1.478,0.8,1.0,1.0,1.0,1,120198.08,93.0,false,true,Value Realized,Garcia-James,Mid-Market,AMER,Prisma Access Mobile Users SKU-0197,sase
C0009,P0197,2026-01-01,1.359,0.8,1.0,1.0,1.0,1,120198.08,93.0,false,true,Value Realized,Garcia-James,Mid-Market,AMER,Prisma Access Mobile Users SKU-0197,sase
C0009,P0197,2026-02-01,1.495,0.8,1.0,1.0,1.0,1,120198.08,93.0,false,true,Value Realized,Garcia-James,Mid-Market,AMER,Prisma Access Mobile Users SKU-0197,sase
C0009,P0197,2026-03-01,1.359,0.8,1.0,1.0,1.0,1,120198.08,93.0,false,true,Value Realized,Garcia-James,Mid-Market,AMER,Prisma Access Mobile Users SKU-0197,sase
C0009,P0197,2026-04-01,1.613,0.8,1.0,1.0,1.0,1,120198.08,93.0,false,true,Value Realized,Garcia-James,Mid-Market,AMER,Prisma Access Mobile Users SKU-0197,sase
C0009,P0197,2026-05-01,1.318,0.8,1.0,1.0,1.0,1,120198.08,93.0,false,true,Value Realized,Garcia-James,Mid-Market,AMER,Prisma Access Mobile Users SKU-0197,sase
C0009,P0197,2026-06-01,1.511,0.8,1.0,1.0,1.0,1,120198.08,93.0,false,true,Value Realized,Garcia-James,Mid-Market,AMER,Prisma Access Mobile Users SKU-0197,sase
C0012,P0282,2025-07-01,0.575,0.87,0.0,1.0,1.0,0,292182.3,70.5,false,false,Value Realized,Dudley Group,Mid-Market,AMER,PA-5410 SKU-0282,hardware_ngfw
C0012,P0282,2025-08-01,0.653,0.913,0.117,1.0,1.0,1,292182.3,74.9,false,false,Value Realized,Dudley Group,Mid-Market,AMER,PA-5410 SKU-0282,hardware_ngfw
C0012,P0282,2025-09-01,0.774,0.944,0.167,1.0,1.0,1,292182.3,77.2,false,false,Value Realized,Dudley Group,Mid-Market,AMER,PA-5410 SKU-0282,hardware_ngfw
C0012,P0282,2025-10-01,0.675,0.919,0.117,1.0,1.0,1,292182.3,75.1,false,false,Value Realized,Dudley Group,Mid-Market,AMER,PA-5410 SKU-0282,hardware_ngfw
C0012,P0282,2025-11-01,0.546,0.835,0.117,1.0,1.0,1,292182.3,72.1,false,false,Value Realized,Dudley Group,Mid-Market,AMER,PA-5410 SKU-0282,hardware_ngfw
C0012,P0282,2025-12-01,0.626,0.907,0.167,1.0,1.0,1,292182.3,75.9,false,false,Value Realized,Dudley Group,Mid-Market,AMER,PA-5410 SKU-0282,hardware_ngfw
C0012,P0282,2026-01-01,0.745,0.936,0.333,1.0,1.0,1,292182.3,81.1,false,false,Value Realized,Dudley Group,Mid-Market,AMER,PA-5410 SKU-0282,hardware_ngfw
C0012,P0282,2026-02-01,0.87,0.968,0.4,1.0,1.0,1,292182.3,83.9,false,false,Value Realized,Dudley Group,Mid-Market,AMER,PA-5410 SKU-0282,hardware_ngfw
C0012,P0282,2026-03-01,0.946,0.987,0.35,1.0,1.0,1,292182.3,83.3,false,false,Value Realized,Dudley Group,Mid-Market,AMER,PA-5410 SKU-0282,hardware_ngfw
C0012,P0282,2026-04-01,0.693,0.923,0.45,1.0,1.0,1,292182.3,83.6,false,false,Value Realized,Dudley Group,Mid-Market,AMER,PA-5410 SKU-0282,hardware_ngfw
C0012,P0282,2026-05-01,0.719,0.93,0.467,1.0,1.0,1,292182.3,84.2,false,false,Value Realized,Dudley Group,Mid-Market,AMER,PA-5410 SKU-0282,hardware_ngfw
C0012,P0282,2026-06-01,0.817,0.954,0.467,1.0,1.0,1,292182.3,85.1,false,false,Value Realized,Dudley Group,Mid-Market,AMER,PA-5410 SKU-0282,hardware_ngfw
C0014,P0285,2025-07-01,0.0,0.0,0.0,0.0,,0,1957.72,0.0,false,false,Grace Period,"Mcclure, Ward and Lee",Mid-Market,AMER,VM-300 SKU-0285,software_ngfw
C0014,P0285,2025-08-01,0.0,0.0,0.0,0.0,0.467,0,1957.72,7.0,false,false,Shelfware Risk,"Mcclure, Ward and Lee",Mid-Market,AMER,VM-300 SKU-0285,software_ngfw
C0014,P0285,2025-09-01,0.22,0.444,0.0,0.5,0.467,0,1957.72,35.0,false,false,Onboarding Stall,"Mcclure, Ward and Lee",Mid-Market,AMER,VM-300 SKU-0285,software_ngfw
C0014,P0285,2025-10-01,0.48,0.756,0.233,0.8,0.467,1,1957.72,59.3,false,false,Onboarding Stall,"Mcclure, Ward and Lee",Mid-Market,AMER,VM-300 SKU-0285,software_ngfw
C0014,P0285,2025-11-01,0.668,0.917,0.4,1.0,0.467,1,1957.72,74.1,false,false,Value Realized,"Mcclure, Ward and Lee",Mid-Market,AMER,VM-300 SKU-0285,software_ngfw
C0014,P0285,2025-12-01,0.69,0.923,0.35,1.0,0.467,1,1957.72,73.0,false,false,Value Realized,"Mcclure, Ward and Lee",Mid-Market,AMER,VM-300 SKU-0285,software_ngfw
C0014,P0285,2026-01-01,0.692,0.923,0.567,1.0,0.467,1,1957.72,78.5,false,false,Value Realized,"Mcclure, Ward and Lee",Mid-Market,AMER,VM-300 SKU-0285,software_ngfw
C0014,P0285,2026-02-01,0.707,0.927,0.517,1.0,0.467,1,1957.72,77.3,false,false,Value Realized,"Mcclure, Ward and Lee",Mid-Market,AMER,VM-300 SKU-0285,software_ngfw
C0014,P0285,2026-03-01,0.669,0.917,0.567,1.0,0.467,1,1957.72,78.3,false,false,Value Realized,"Mcclure, Ward and Lee",Mid-Market,AMER,VM-300 SKU-0285,software_ngfw
C0014,P0285,2026-04-01,0.615,0.904,0.683,1.0,0.467,1,1957.72,80.7,false,false,Value Realized,"Mcclure, Ward and Lee",Mid-Market,AMER,VM-300 SKU-0285,software_ngfw
C0014,P0285,2026-05-01,0.833,0.958,0.85,1.0,0.467,1,1957.72,86.8,false,false,Value Realized,"Mcclure, Ward and Lee",Mid-Market,AMER,VM-300 SKU-0285,software_ngfw
C0014,P0285,2026-06-01,0.641,0.91,0.7,1.0,0.467,1,1957.72,81.4,false,false,Value Realized,"Mcclure, Ward and Lee",Mid-Market,AMER,VM-300 SKU-0285,software_ngfw
C0014,P0332,2025-07-01,0.0,0.0,0.0,0.0,,0,1232632.1,0.0,false,false,Grace Period,"Mcclure, Ward and Lee",Mid-Market,AMER,PA-3440 SKU-0332,hardware_ngfw
C0014,P0332,2025-08-01,0.0,0.0,0.0,0.0,0.467,0,1232632.1,7.0,false,false,Shelfware Risk,"Mcclure, Ward and Lee",Mid-Market,AMER,PA-3440 SKU-0332,hardware_ngfw
C0014,P0332,2025-09-01,0.22,0.444,0.0,0.5,0.467,0,1232632.1,35.0,false,false,Onboarding Stall,"Mcclure, Ward and Lee",Mid-Market,AMER,PA-3440 SKU-0332,hardware_ngfw
C0014,P0332,2025-10-01,0.48,0.756,0.28,0.8,0.467,1,1232632.1,60.5,false,false,Onboarding Stall,"Mcclure, Ward and Lee",Mid-Market,AMER,PA-3440 SKU-0332,hardware_ngfw
C0014,P0332,2025-11-01,0.497,0.777,0.42,1.0,0.467,1,1232632.1,69.7,false,false,Developing,"Mcclure, Ward and Lee",Mid-Market,AMER,PA-3440 SKU-0332,hardware_ngfw
C0014,P0332,2025-12-01,0.777,0.944,0.48,1.0,0.467,1,1232632.1,77.1,false,false,Value Realized,"Mcclure, Ward and Lee",Mid-Market,AMER,PA-3440 SKU-0332,hardware_ngfw
C0014,P0332,2026-01-01,0.792,0.948,0.48,1.0,0.467,1,1232632.1,77.2,false,false,Value Realized,"Mcclure, Ward and Lee",Mid-Market,AMER,PA-3440 SKU-0332,hardware_ngfw
C0014,P0332,2026-02-01,0.523,0.807,0.42,1.0,0.467,1,1232632.1,70.7,false,false,Value Realized,"Mcclure, Ward and Lee",Mid-Market,AMER,PA-3440 SKU-0332,hardware_ngfw
C0014,P0332,2026-03-01,0.694,0.924,0.42,1.0,0.467,1,1232632.1,74.8,false,false,Value Realized,"Mcclure, Ward and Lee",Mid-Market,AMER,PA-3440 SKU-0332,hardware_ngfw
C0014,P0332,2026-04-01,0.762,0.94,0.62,1.0,0.467,1,1232632.1,80.4,false,false,Value Realized,"Mcclure, Ward and Lee",Mid-Market,AMER,PA-3440 SKU-0332,hardware_ngfw
C0014,P0332,2026-05-01,0.628,0.907,0.56,1.0,0.467,1,1232632.1,77.7,false,false,Value Realized,"Mcclure, Ward and Lee",Mid-Market,AMER,PA-3440 SKU-0332,hardware_ngfw
C0014,P0332,2026-06-01,0.665,0.916,0.62,1.0,0.467,1,1232632.1,79.6,false,false,Value Realized,"Mcclure, Ward and Lee",Mid-Market,AMER,PA-3440 SKU-0332,hardware_ngfw
C0016,P0423,2025-07-01,0.0,0.0,0.0,0.0,,0,10889.52,0.0,false,false,Grace Period,Galloway-Wyatt,Enterprise,EMEA,VM-700 SKU-0423,software_ngfw
C0016,P0423,2025-08-01,0.0,0.0,0.0,0.0,0.0,0,10889.52,0.0,false,false,Shelfware Risk,Galloway-Wyatt,Enterprise,EMEA,VM-700 SKU-0423,software_ngfw
C0016,P0423,2025-09-01,0.0,0.0,0.0,0.0,0.0,0,10889.52,0.0,false,false,Shelfware Risk,Galloway-Wyatt,Enterprise,EMEA,VM-700 SKU-0423,software_ngfw
C0016,P0423,2025-10-01,0.0,0.0,0.0,0.0,0.0,0,10889.52,0.0,false,false,Shelfware Risk,Galloway-Wyatt,Enterprise,EMEA,VM-700 SKU-0423,software_ngfw
C0016,P0423,2025-11-01,0.0,0.0,0.0,0.0,0.0,0,10889.52,0.0,false,false,Shelfware Risk,Galloway-Wyatt,Enterprise,EMEA,VM-700 SKU-0423,software_ngfw
C0016,P0423,2025-12-01,0.0,0.0,0.0,0.0,0.0,0,10889.52,0.0,false,false,Shelfware Risk,Galloway-Wyatt,Enterprise,EMEA,VM-700 SKU-0423,software_ngfw
C0016,P0423,2026-01-01,0.0,0.0,0.0,0.0,0.0,0,10889.52,0.0,false,false,Shelfware Risk,Galloway-Wyatt,Enterprise,EMEA,VM-700 SKU-0423,software_ngfw
C0016,P0423,2026-02-01,0.0,0.0,0.0,0.0,0.0,0,10889.52,0.0,false,false,Shelfware Risk,Galloway-Wyatt,Enterprise,EMEA,VM-700 SKU-0423,software_ngfw
C0016,P0423,2026-03-01,0.0,0.0,0.0,0.0,0.0,0,10889.52,0.0,false,false,Shelfware Risk,Galloway-Wyatt,Enterprise,EMEA,VM-700 SKU-0423,software_ngfw
C0016,P0423,2026-04-01,0.0,0.0,0.0,0.0,0.0,0,10889.52,0.0,false,false,Shelfware Risk,Galloway-Wyatt,Enterprise,EMEA,VM-700 SKU-0423,software_ngfw
C0016,P0423,2026-05-01,0.0,0.0,0.0,0.0,0.0,0,10889.52,0.0,false,false,Shelfware Risk,Galloway-Wyatt,Enterprise,EMEA,VM-700 SKU-0423,software_ngfw
C0016,P0423,2026-06-01,0.0,0.0,0.0,0.0,0.0,0,10889.52,0.0,false,false,Shelfware Risk,Galloway-Wyatt,Enterprise,EMEA,VM-700 SKU-0423,software_ngfw
C0028,P0367,2025-07-01,0.755,0.939,0.14,1.0,1.0,0,257805.66,76.4,false,false,Value Realized,"Hoffman, Baker and Richards",Enterprise,AMER,PA-440 SKU-0367,hardware_ngfw
C0028,P0367,2025-08-01,0.842,0.96,0.2,1.0,1.0,1,257805.66,78.6,false,false,Value Realized,"Hoffman, Baker and Richards",Enterprise,AMER,PA-440 SKU-0367,hardware_ngfw
C0028,P0367,2025-09-01,0.713,0.928,0.14,1.0,1.0,1,257805.66,76.0,false,false,Value Realized,"Hoffman, Baker and Richards",Enterprise,AMER,PA-440 SKU-0367,hardware_ngfw
C0028,P0367,2025-10-01,0.708,0.927,0.14,1.0,1.0,1,257805.66,75.9,false,false,Value Realized,"Hoffman, Baker and Richards",Enterprise,AMER,PA-440 SKU-0367,hardware_ngfw
C0028,P0367,2025-11-01,0.712,0.928,0.34,1.0,1.0,1,257805.66,81.0,false,false,Value Realized,"Hoffman, Baker and Richards",Enterprise,AMER,PA-440 SKU-0367,hardware_ngfw
C0028,P0367,2025-12-01,0.627,0.907,0.28,1.0,1.0,1,257805.66,78.7,false,false,Value Realized,"Hoffman, Baker and Richards",Enterprise,AMER,PA-440 SKU-0367,hardware_ngfw
C0028,P0367,2026-01-01,0.672,0.918,0.4,1.0,1.0,1,257805.66,82.1,false,false,Value Realized,"Hoffman, Baker and Richards",Enterprise,AMER,PA-440 SKU-0367,hardware_ngfw
C0028,P0367,2026-02-01,0.492,0.77,0.4,1.0,1.0,1,257805.66,77.0,false,false,Value Realized,"Hoffman, Baker and Richards",Enterprise,AMER,PA-440 SKU-0367,hardware_ngfw
C0028,P0367,2026-03-01,0.703,0.926,0.34,1.0,1.0,1,257805.66,80.9,false,false,Value Realized,"Hoffman, Baker and Richards",Enterprise,AMER,PA-440 SKU-0367,hardware_ngfw
C0028,P0367,2026-04-01,0.582,0.878,0.34,1.0,1.0,1,257805.66,79.2,false,false,Value Realized,"Hoffman, Baker and Richards",Enterprise,AMER,PA-440 SKU-0367,hardware_ngfw
C0028,P0367,2026-05-01,0.77,0.943,0.48,1.0,1.0,1,257805.66,85.0,false,false,Value Realized,"Hoffman, Baker and Richards",Enterprise,AMER,PA-440 SKU-0367,hardware_ngfw
C0028,P0367,2026-06-01,0.73,0.933,0.42,1.0,1.0,1,257805.66,83.1,false,false,Value Realized,"Hoffman, Baker and Richards",Enterprise,AMER,PA-440 SKU-0367,hardware_ngfw
C0029,P0362,2025-07-01,0.0,0.0,0.0,0.0,,0,366817.8,0.0,false,false,Grace Period,"Ross, Robinson and Bright",Enterprise,EMEA,PA-460 SKU-0362,hardware_ngfw
C0029,P0362,2025-08-01,0.0,0.0,0.0,0.0,0.0,0,366817.8,0.0,false,false,Shelfware Risk,"Ross, Robinson and Bright",Enterprise,EMEA,PA-460 SKU-0362,hardware_ngfw
C0029,P0362,2025-09-01,0.0,0.0,0.0,0.0,0.0,0,366817.8,0.0,false,false,Shelfware Risk,"Ross, Robinson and Bright",Enterprise,EMEA,PA-460 SKU-0362,hardware_ngfw
C0029,P0362,2025-10-01,0.0,0.0,0.0,0.0,0.0,0,366817.8,0.0,false,false,Shelfware Risk,"Ross, Robinson and Bright",Enterprise,EMEA,PA-460 SKU-0362,hardware_ngfw
C0029,P0362,2025-11-01,0.0,0.0,0.0,0.0,0.0,0,366817.8,0.0,false,false,Shelfware Risk,"Ross, Robinson and Bright",Enterprise,EMEA,PA-460 SKU-0362,hardware_ngfw
C0029,P0362,2025-12-01,0.0,0.0,0.0,0.0,0.0,0,366817.8,0.0,false,false,Shelfware Risk,"Ross, Robinson and Bright",Enterprise,EMEA,PA-460 SKU-0362,hardware_ngfw
C0029,P0362,2026-01-01,0.0,0.0,0.0,0.0,0.0,0,366817.8,0.0,false,false,Shelfware Risk,"Ross, Robinson and Bright",Enterprise,EMEA,PA-460 SKU-0362,hardware_ngfw
C0029,P0362,2026-02-01,0.0,0.0,0.0,0.0,0.0,0,366817.8,0.0,false,false,Shelfware Risk,"Ross, Robinson and Bright",Enterprise,EMEA,PA-460 SKU-0362,hardware_ngfw
C0029,P0362,2026-03-01,0.0,0.0,0.0,0.0,0.0,0,366817.8,0.0,false,false,Shelfware Risk,"Ross, Robinson and Bright",Enterprise,EMEA,PA-460 SKU-0362,hardware_ngfw
C0029,P0362,2026-04-01,0.0,0.0,0.0,0.0,0.0,0,366817.8,0.0,false,false,Shelfware Risk,"Ross, Robinson and Bright",Enterprise,EMEA,PA-460 SKU-0362,hardware_ngfw
C0029,P0362,2026-05-01,0.0,0.0,0.0,0.0,0.0,0,366817.8,0.0,false,false,Shelfware Risk,"Ross, Robinson and Bright",Enterprise,EMEA,PA-460 SKU-0362,hardware_ngfw
C0029,P0362,2026-06-01,0.0,0.0,0.0,0.0,0.0,0,366817.8,0.0,false,false,Shelfware Risk,"Ross, Robinson and Bright",Enterprise,EMEA,PA-460 SKU-0362,hardware_ngfw
C0030,P0132,2025-07-01,0.752,0.938,0.0,1.0,1.0,0,33361.92,72.8,false,false,Value Realized,"Snyder, Campos and Callahan",Enterprise,EMEA,VM-100 SKU-0132,software_ngfw
C0030,P0132,2025-08-01,0.778,0.944,0.0,1.0,1.0,1,33361.92,73.1,false,false,Value Realized,"Snyder, Campos and Callahan",Enterprise,EMEA,VM-100 SKU-0132,software_ngfw
C0030,P0132,2025-09-01,0.915,0.979,0.2,1.0,1.0,1,33361.92,79.3,true,false,Value Realized,"Snyder, Campos and Callahan",Enterprise,EMEA,VM-100 SKU-0132,software_ngfw
C0030,P0132,2025-10-01,0.694,0.923,0.14,1.0,1.0,1,33361.92,75.8,false,false,Value Realized,"Snyder, Campos and Callahan",Enterprise,EMEA,VM-100 SKU-0132,software_ngfw
C0030,P0132,2025-11-01,0.729,0.932,0.14,1.0,1.0,1,33361.92,76.1,false,false,Value Realized,"Snyder, Campos and Callahan",Enterprise,EMEA,VM-100 SKU-0132,software_ngfw
C0030,P0132,2025-12-01,0.628,0.907,0.14,1.0,1.0,1,33361.92,75.2,false,false,Value Realized,"Snyder, Campos and Callahan",Enterprise,EMEA,VM-100 SKU-0132,software_ngfw
C0030,P0132,2026-01-01,0.539,0.826,0.14,1.0,1.0,1,33361.92,72.4,false,false,Value Realized,"Snyder, Campos and Callahan",Enterprise,EMEA,VM-100 SKU-0132,software_ngfw
C0030,P0132,2026-02-01,0.817,0.954,0.14,1.0,1.0,1,33361.92,76.9,false,false,Value Realized,"Snyder, Campos and Callahan",Enterprise,EMEA,VM-100 SKU-0132,software_ngfw
C0030,P0132,2026-03-01,0.907,0.977,0.2,1.0,1.0,1,33361.92,79.2,true,false,Value Realized,"Snyder, Campos and Callahan",Enterprise,EMEA,VM-100 SKU-0132,software_ngfw
C0030,P0132,2026-04-01,0.664,0.916,0.28,1.0,1.0,1,33361.92,79.1,false,false,Value Realized,"Snyder, Campos and Callahan",Enterprise,EMEA,VM-100 SKU-0132,software_ngfw
C0030,P0132,2026-05-01,0.815,0.954,0.28,1.0,1.0,1,33361.92,80.4,false,false,Value Realized,"Snyder, Campos and Callahan",Enterprise,EMEA,VM-100 SKU-0132,software_ngfw
C0030,P0132,2026-06-01,0.589,0.887,0.34,1.0,1.0,1,33361.92,79.5,false,false,Value Realized,"Snyder, Campos and Callahan",Enterprise,EMEA,VM-100 SKU-0132,software_ngfw
C0034,P0220,2025-10-01,3.712,0.8,0.233,1.0,1.0,0,30087.9,73.8,true,true,Value Realized,Frazier Inc,Enterprise,AMER,VM-100 SKU-0220,software_ngfw
C0034,P0220,2025-11-01,3.095,0.8,0.233,1.0,1.0,1,30087.9,73.8,true,true,Value Realized,Frazier Inc,Enterprise,AMER,VM-100 SKU-0220,software_ngfw
C0034,P0220,2025-12-01,3.285,0.8,0.233,1.0,1.0,1,30087.9,73.8,true,true,Value Realized,Frazier Inc,Enterprise,AMER,VM-100 SKU-0220,software_ngfw
C0034,P0220,2026-01-01,0.0,0.0,0.0,0.5,1.0,1,30087.9,27.5,false,false,Lapsed,Frazier Inc,Enterprise,AMER,VM-100 SKU-0220,software_ngfw
C0034,P0220,2026-02-01,0.0,0.0,0.0,0.2,1.0,1,30087.9,20.0,false,false,Churn Signal,Frazier Inc,Enterprise,AMER,VM-100 SKU-0220,software_ngfw
C0034,P0220,2026-03-01,0.0,0.0,0.0,0.0,1.0,1,30087.9,15.0,false,false,Churn Signal,Frazier Inc,Enterprise,AMER,VM-100 SKU-0220,software_ngfw
C0034,P0220,2026-04-01,0.0,0.0,0.0,0.0,1.0,1,30087.9,15.0,false,false,Lapsed,Frazier Inc,Enterprise,AMER,VM-100 SKU-0220,software_ngfw
C0034,P0220,2026-05-01,0.0,0.0,0.0,0.0,1.0,1,30087.9,15.0,false,false,Lapsed,Frazier Inc,Enterprise,AMER,VM-100 SKU-0220,software_ngfw
C0034,P0220,2026-06-01,0.0,0.0,0.0,0.0,1.0,1,30087.9,15.0,false,false,Lapsed,Frazier Inc,Enterprise,AMER,VM-100 SKU-0220,software_ngfw
C0035,P0299,2025-09-01,0.786,0.947,0.333,1.0,1.0,0,102518.24,81.5,false,false,Value Realized,"Dyer, Potter and Mack",Mid-Market,EMEA,PA-5445 SKU-0299,hardware_ngfw
C0035,P0299,2025-10-01,0.74,0.935,0.333,1.0,1.0,1,102518.24,81.1,false,false,Value Realized,"Dyer, Potter and Mack",Mid-Market,EMEA,PA-5445 SKU-0299,hardware_ngfw
C0035,P0299,2025-11-01,0.596,0.896,0.283,1.0,1.0,1,102518.24,78.4,false,false,Value Realized,"Dyer, Potter and Mack",Mid-Market,EMEA,PA-5445 SKU-0299,hardware_ngfw
C0035,P0299,2025-12-01,0.779,0.945,0.45,1.0,1.0,1,102518.24,84.3,false,false,Value Realized,"Dyer, Potter and Mack",Mid-Market,EMEA,PA-5445 SKU-0299,hardware_ngfw
C0035,P0299,2026-01-01,0.795,0.949,0.683,1.0,1.0,1,102518.24,90.3,false,false,Value Realized,"Dyer, Potter and Mack",Mid-Market,EMEA,PA-5445 SKU-0299,hardware_ngfw
C0035,P0299,2026-02-01,0.683,0.921,0.733,1.0,1.0,1,102518.24,90.6,false,false,Value Realized,"Dyer, Potter and Mack",Mid-Market,EMEA,PA-5445 SKU-0299,hardware_ngfw
C0035,P0299,2026-03-01,0.568,0.861,0.683,1.0,1.0,1,102518.24,87.2,false,false,Value Realized,"Dyer, Potter and Mack",Mid-Market,EMEA,PA-5445 SKU-0299,hardware_ngfw
C0035,P0299,2026-04-01,0.509,0.791,0.583,1.0,1.0,1,102518.24,82.3,false,false,Value Realized,"Dyer, Potter and Mack",Mid-Market,EMEA,PA-5445 SKU-0299,hardware_ngfw
C0035,P0299,2026-05-01,0.575,0.87,0.633,1.0,1.0,1,102518.24,86.3,false,false,Value Realized,"Dyer, Potter and Mack",Mid-Market,EMEA,PA-5445 SKU-0299,hardware_ngfw
C0035,P0299,2026-06-01,0.911,0.978,0.683,1.0,1.0,1,102518.24,91.3,false,false,Value Realized,"Dyer, Potter and Mack",Mid-Market,EMEA,PA-5445 SKU-0299,hardware_ngfw
C0046,P0010,2025-07-01,1.633,0.8,0.167,1.0,1.0,0,241789.6,72.2,true,true,Value Realized,Spence PLC,Mid-Market,APAC,Prisma Access Remote Networks SKU-0010,sase
C0046,P0010,2025-08-01,1.606,0.8,1.0,1.0,1.0,1,241789.6,93.0,false,true,Value Realized,Spence PLC,Mid-Market,APAC,Prisma Access Remote Networks SKU-0010,sase
C0046,P0010,2025-09-01,1.373,0.8,1.0,1.0,1.0,1,241789.6,93.0,false,true,Value Realized,Spence PLC,Mid-Market,APAC,Prisma Access Remote Networks SKU-0010,sase
C0046,P0010,2025-10-01,1.506,0.8,1.0,1.0,1.0,1,241789.6,93.0,false,true,Value Realized,Spence PLC,Mid-Market,APAC,Prisma Access Remote Networks SKU-0010,sase
C0046,P0010,2025-11-01,1.513,0.8,1.0,1.0,1.0,1,241789.6,93.0,false,true,Value Realized,Spence PLC,Mid-Market,APAC,Prisma Access Remote Networks SKU-0010,sase
C0046,P0010,2025-12-01,1.384,0.8,1.0,1.0,1.0,1,241789.6,93.0,false,true,Value Realized,Spence PLC,Mid-Market,APAC,Prisma Access Remote Networks SKU-0010,sase
C0046,P0010,2026-01-01,1.307,0.8,1.0,1.0,1.0,1,241789.6,93.0,false,true,Value Realized,Spence PLC,Mid-Market,APAC,Prisma Access Remote Networks SKU-0010,sase
C0046,P0010,2026-02-01,1.575,0.8,1.0,1.0,1.0,1,241789.6,93.0,false,true,Value Realized,Spence PLC,Mid-Market,APAC,Prisma Access Remote Networks SKU-0010,sase
C0046,P0010,2026-03-01,1.184,1.0,1.0,1.0,1.0,1,241789.6,100.0,false,false,Value Realized,Spence PLC,Mid-Market,APAC,Prisma Access Remote Networks SKU-0010,sase
C0046,P0010,2026-04-01,1.098,1.0,1.0,1.0,1.0,1,241789.6,100.0,false,false,Value Realized,Spence PLC,Mid-Market,APAC,Prisma Access Remote Networks SKU-0010,sase
C0046,P0010,2026-05-01,1.26,0.8,1.0,1.0,1.0,1,241789.6,93.0,false,true,Value Realized,Spence PLC,Mid-Market,APAC,Prisma Access Remote Networks SKU-0010,sase
C0046,P0010,2026-06-01,1.358,0.8,1.0,1.0,1.0,1,241789.6,93.0,false,true,Value Realized,Spence PLC,Mid-Market,APAC,Prisma Access Remote Networks SKU-0010,sase
C0054,P0456,2025-07-01,0.809,0.952,0.0,1.0,1.0,0,1727322.3,73.3,false,false,Value Realized,"Robinson, Jones and Welch",Mid-Market,EMEA,PA-410 SKU-0456,hardware_ngfw
C0054,P0456,2025-08-01,0.934,0.983,0.0,1.0,1.0,1,1727322.3,74.4,true,false,Value Realized,"Robinson, Jones and Welch",Mid-Market,EMEA,PA-410 SKU-0456,hardware_ngfw
C0054,P0456,2025-09-01,0.517,0.8,0.0,1.0,1.0,1,1727322.3,68.0,false,false,Developing,"Robinson, Jones and Welch",Mid-Market,EMEA,PA-410 SKU-0456,hardware_ngfw
C0054,P0456,2025-10-01,0.875,0.969,0.0,1.0,1.0,1,1727322.3,73.9,false,false,Value Realized,"Robinson, Jones and Welch",Mid-Market,EMEA,PA-410 SKU-0456,hardware_ngfw
C0054,P0456,2025-11-01,0.744,0.936,0.14,1.0,1.0,1,1727322.3,76.3,false,false,Value Realized,"Robinson, Jones and Welch",Mid-Market,EMEA,PA-410 SKU-0456,hardware_ngfw
C0054,P0456,2025-12-01,0.738,0.935,0.2,1.0,1.0,1,1727322.3,77.7,false,false,Value Realized,"Robinson, Jones and Welch",Mid-Market,EMEA,PA-410 SKU-0456,hardware_ngfw
C0054,P0456,2026-01-01,0.371,0.626,0.74,1.0,1.0,1,1727322.3,80.4,false,false,Value Realized,"Robinson, Jones and Welch",Mid-Market,EMEA,PA-410 SKU-0456,hardware_ngfw
C0054,P0456,2026-02-01,0.569,0.862,0.68,1.0,1.0,1,1727322.3,87.2,false,false,Value Realized,"Robinson, Jones and Welch",Mid-Market,EMEA,PA-410 SKU-0456,hardware_ngfw
C0054,P0456,2026-03-01,0.598,0.898,0.74,1.0,1.0,1,1727322.3,89.9,false,false,Value Realized,"Robinson, Jones and Welch",Mid-Market,EMEA,PA-410 SKU-0456,hardware_ngfw
C0054,P0456,2026-04-01,0.57,0.864,0.8,1.0,1.0,1,1727322.3,90.3,false,false,Value Realized,"Robinson, Jones and Welch",Mid-Market,EMEA,PA-410 SKU-0456,hardware_ngfw
C0054,P0456,2026-05-01,0.641,0.91,0.8,1.0,1.0,1,1727322.3,91.9,false,false,Value Realized,"Robinson, Jones and Welch",Mid-Market,EMEA,PA-410 SKU-0456,hardware_ngfw
C0054,P0456,2026-06-01,0.774,0.944,0.8,1.0,1.0,1,1727322.3,93.0,false,false,Value Realized,"Robinson, Jones and Welch",Mid-Market,EMEA,PA-410 SKU-0456,hardware_ngfw
C0061,P0225,2025-07-01,0.847,0.962,0.0,1.0,1.0,0,47192.25,73.7,false,false,Value Realized,"Brown, Valdez and Lucas",Enterprise,AMER,Cloud NGFW for AWS SKU-0225,cloud_ngfw
C0061,P0225,2025-08-01,1.002,1.0,0.0,1.0,1.0,1,47192.25,75.0,true,false,Value Realized,"Brown, Valdez and Lucas",Enterprise,AMER,Cloud NGFW for AWS SKU-0225,cloud_ngfw
C0061,P0225,2025-09-01,0.775,0.944,0.0,1.0,1.0,1,47192.25,73.0,false,false,Value Realized,"Brown, Valdez and Lucas",Enterprise,AMER,Cloud NGFW for AWS SKU-0225,cloud_ngfw
C0061,P0225,2025-10-01,0.679,0.92,0.0,1.0,1.0,1,47192.25,72.2,false,false,Value Realized,"Brown, Valdez and Lucas",Enterprise,AMER,Cloud NGFW for AWS SKU-0225,cloud_ngfw
C0061,P0225,2025-11-01,0.59,0.888,0.0,1.0,1.0,1,47192.25,71.1,false,false,Value Realized,"Brown, Valdez and Lucas",Enterprise,AMER,Cloud NGFW for AWS SKU-0225,cloud_ngfw
C0061,P0225,2025-12-01,0.766,0.941,0.0,1.0,1.0,1,47192.25,73.0,false,false,Value Realized,"Brown, Valdez and Lucas",Enterprise,AMER,Cloud NGFW for AWS SKU-0225,cloud_ngfw
C0061,P0225,2026-01-01,0.806,0.951,0.0,1.0,1.0,1,47192.25,73.3,false,false,Value Realized,"Brown, Valdez and Lucas",Enterprise,AMER,Cloud NGFW for AWS SKU-0225,cloud_ngfw
C0061,P0225,2026-02-01,0.664,0.916,0.0,1.0,1.0,1,47192.25,72.1,false,false,Value Realized,"Brown, Valdez and Lucas",Enterprise,AMER,Cloud NGFW for AWS SKU-0225,cloud_ngfw
C0061,P0225,2026-03-01,0.535,0.822,0.0,1.0,1.0,1,47192.25,68.8,false,false,Developing,"Brown, Valdez and Lucas",Enterprise,AMER,Cloud NGFW for AWS SKU-0225,cloud_ngfw
C0061,P0225,2026-04-01,0.814,0.953,0.0,1.0,1.0,1,47192.25,73.4,false,false,Value Realized,"Brown, Valdez and Lucas",Enterprise,AMER,Cloud NGFW for AWS SKU-0225,cloud_ngfw
C0061,P0225,2026-05-01,0.746,0.936,0.0,1.0,1.0,1,47192.25,72.8,false,false,Value Realized,"Brown, Valdez and Lucas",Enterprise,AMER,Cloud NGFW for AWS SKU-0225,cloud_ngfw
C0061,P0225,2026-06-01,0.821,0.955,0.0,1.0,1.0,1,47192.25,73.4,false,false,Value Realized,"Brown, Valdez and Lucas",Enterprise,AMER,Cloud NGFW for AWS SKU-0225,cloud_ngfw
C0062,P0296,2025-07-01,0.846,0.961,0.0,1.0,1.0,0,21951.51,73.6,false,false,Value Realized,Powell LLC,Mid-Market,EMEA,Cloud NGFW for Azure SKU-0296,cloud_ngfw
C0062,P0296,2025-08-01,0.797,0.949,0.117,1.0,1.0,1,21951.51,76.1,false,false,Value Realized,Powell LLC,Mid-Market,EMEA,Cloud NGFW for Azure SKU-0296,cloud_ngfw
C0062,P0296,2025-09-01,0.733,0.933,0.283,1.0,1.0,1,21951.51,79.7,false,false,Value Realized,Powell LLC,Mid-Market,EMEA,Cloud NGFW for Azure SKU-0296,cloud_ngfw
C0062,P0296,2025-10-01,0.622,0.906,0.4,1.0,1.0,1,21951.51,81.7,false,false,Value Realized,Powell LLC,Mid-Market,EMEA,Cloud NGFW for Azure SKU-0296,cloud_ngfw
C0062,P0296,2025-11-01,0.718,0.93,0.35,1.0,1.0,1,21951.51,81.3,false,false,Value Realized,Powell LLC,Mid-Market,EMEA,Cloud NGFW for Azure SKU-0296,cloud_ngfw
C0062,P0296,2025-12-01,0.773,0.943,0.4,1.0,1.0,1,21951.51,83.0,false,false,Value Realized,Powell LLC,Mid-Market,EMEA,Cloud NGFW for Azure SKU-0296,cloud_ngfw
C0062,P0296,2026-01-01,0.519,0.803,0.45,1.0,1.0,1,21951.51,79.4,false,false,Value Realized,Powell LLC,Mid-Market,EMEA,Cloud NGFW for Azure SKU-0296,cloud_ngfw
C0062,P0296,2026-02-01,0.745,0.936,0.4,1.0,1.0,1,21951.51,82.8,false,false,Value Realized,Powell LLC,Mid-Market,EMEA,Cloud NGFW for Azure SKU-0296,cloud_ngfw
C0062,P0296,2026-03-01,0.998,1.0,0.45,1.0,1.0,1,21951.51,86.2,false,false,Value Realized,Powell LLC,Mid-Market,EMEA,Cloud NGFW for Azure SKU-0296,cloud_ngfw
C0062,P0296,2026-04-01,0.78,0.945,0.517,1.0,1.0,1,21951.51,86.0,false,false,Value Realized,Powell LLC,Mid-Market,EMEA,Cloud NGFW for Azure SKU-0296,cloud_ngfw
C0062,P0296,2026-05-01,0.702,0.925,0.567,1.0,1.0,1,21951.51,86.6,false,false,Value Realized,Powell LLC,Mid-Market,EMEA,Cloud NGFW for Azure SKU-0296,cloud_ngfw
C0062,P0296,2026-06-01,0.642,0.911,0.467,1.0,1.0,1,21951.51,83.5,false,false,Value Realized,Powell LLC,Mid-Market,EMEA,Cloud NGFW for Azure SKU-0296,cloud_ngfw
C0065,P0485,2025-09-01,0.857,0.964,0.0,1.0,1.0,0,210759.66,73.7,false,false,Value Realized,Baxter Inc,Mid-Market,LATAM,PA-460 SKU-0485,hardware_ngfw
C0065,P0485,2025-10-01,0.761,0.94,0.0,1.0,1.0,1,210759.66,72.9,false,false,Value Realized,Baxter Inc,Mid-Market,LATAM,PA-460 SKU-0485,hardware_ngfw
C0065,P0485,2025-11-01,0.616,0.904,0.0,1.0,1.0,1,210759.66,71.6,false,false,Value Realized,Baxter Inc,Mid-Market,LATAM,PA-460 SKU-0485,hardware_ngfw
C0065,P0485,2025-12-01,0.759,0.94,0.0,1.0,1.0,1,210759.66,72.9,false,false,Value Realized,Baxter Inc,Mid-Market,LATAM,PA-460 SKU-0485,hardware_ngfw
C0065,P0485,2026-01-01,0.609,0.902,0.0,1.0,1.0,1,210759.66,71.6,false,false,Value Realized,Baxter Inc,Mid-Market,LATAM,PA-460 SKU-0485,hardware_ngfw
C0065,P0485,2026-02-01,0.662,0.916,0.0,1.0,1.0,1,210759.66,72.0,false,false,Value Realized,Baxter Inc,Mid-Market,LATAM,PA-460 SKU-0485,hardware_ngfw
C0065,P0485,2026-03-01,0.693,0.923,0.0,1.0,1.0,1,210759.66,72.3,false,false,Value Realized,Baxter Inc,Mid-Market,LATAM,PA-460 SKU-0485,hardware_ngfw
C0065,P0485,2026-04-01,0.696,0.924,0.0,1.0,1.0,1,210759.66,72.3,false,false,Value Realized,Baxter Inc,Mid-Market,LATAM,PA-460 SKU-0485,hardware_ngfw
C0065,P0485,2026-05-01,0.504,0.785,0.0,1.0,1.0,1,210759.66,67.5,false,false,Developing,Baxter Inc,Mid-Market,LATAM,PA-460 SKU-0485,hardware_ngfw
C0065,P0485,2026-06-01,0.839,0.96,0.0,1.0,1.0,1,210759.66,73.6,false,false,Value Realized,Baxter Inc,Mid-Market,LATAM,PA-460 SKU-0485,hardware_ngfw
C0068,P0074,2025-07-01,0.774,0.944,0.117,1.0,1.0,0,56295.6,75.9,false,false,Value Realized,Novak and Sons,Enterprise,LATAM,VM-700 SKU-0074,software_ngfw
C0068,P0074,2025-08-01,0.748,0.937,0.117,1.0,1.0,1,56295.6,75.7,false,false,Value Realized,Novak and Sons,Enterprise,LATAM,VM-700 SKU-0074,software_ngfw
C0068,P0074,2025-09-01,0.702,0.925,0.117,1.0,1.0,1,56295.6,75.3,false,false,Value Realized,Novak and Sons,Enterprise,LATAM,VM-700 SKU-0074,software_ngfw
C0068,P0074,2025-10-01,0.747,0.937,0.283,1.0,1.0,1,56295.6,79.9,false,false,Value Realized,Novak and Sons,Enterprise,LATAM,VM-700 SKU-0074,software_ngfw
C0068,P0074,2025-11-01,0.564,0.857,0.617,1.0,1.0,1,56295.6,85.4,false,false,Value Realized,Novak and Sons,Enterprise,LATAM,VM-700 SKU-0074,software_ngfw
C0068,P0074,2025-12-01,0.965,0.991,0.567,1.0,1.0,1,56295.6,88.9,false,false,Value Realized,Novak and Sons,Enterprise,LATAM,VM-700 SKU-0074,software_ngfw
C0068,P0074,2026-01-01,0.776,0.944,0.567,1.0,1.0,1,56295.6,87.2,false,false,Value Realized,Novak and Sons,Enterprise,LATAM,VM-700 SKU-0074,software_ngfw
C0068,P0074,2026-02-01,0.631,0.908,0.467,1.0,1.0,1,56295.6,83.4,false,false,Value Realized,Novak and Sons,Enterprise,LATAM,VM-700 SKU-0074,software_ngfw
C0068,P0074,2026-03-01,0.526,0.812,0.517,1.0,1.0,1,56295.6,81.3,false,false,Value Realized,Novak and Sons,Enterprise,LATAM,VM-700 SKU-0074,software_ngfw
C0068,P0074,2026-04-01,0.782,0.945,0.633,1.0,1.0,1,56295.6,88.9,false,false,Value Realized,Novak and Sons,Enterprise,LATAM,VM-700 SKU-0074,software_ngfw
C0068,P0074,2026-05-01,0.812,0.953,0.733,1.0,1.0,1,56295.6,91.7,false,false,Value Realized,Novak and Sons,Enterprise,LATAM,VM-700 SKU-0074,software_ngfw
C0068,P0074,2026-06-01,0.668,0.917,0.733,1.0,1.0,1,56295.6,90.4,false,false,Value Realized,Novak and Sons,Enterprise,LATAM,VM-700 SKU-0074,software_ngfw
C0071,P0007,2025-07-01,0.709,0.927,0.0,1.0,1.0,0,382314.24,72.5,false,false,Value Realized,Gray Group,Enterprise,AMER,PA-5410 SKU-0007,hardware_ngfw
C0071,P0007,2025-08-01,0.807,0.952,0.0,1.0,1.0,1,382314.24,73.3,false,false,Value Realized,Gray Group,Enterprise,AMER,PA-5410 SKU-0007,hardware_ngfw
C0071,P0007,2025-09-01,0.636,0.909,0.333,1.0,1.0,1,382314.24,80.1,false,false,Value Realized,Gray Group,Enterprise,AMER,PA-5410 SKU-0007,hardware_ngfw
C0071,P0007,2025-10-01,0.789,0.947,0.233,1.0,1.0,1,382314.24,79.0,false,false,Value Realized,Gray Group,Enterprise,AMER,PA-5410 SKU-0007,hardware_ngfw
C0071,P0007,2025-11-01,0.645,0.911,0.333,1.0,1.0,1,382314.24,80.2,false,false,Value Realized,Gray Group,Enterprise,AMER,PA-5410 SKU-0007,hardware_ngfw
C0071,P0007,2025-12-01,0.589,0.886,0.233,1.0,1.0,1,382314.24,76.9,false,false,Value Realized,Gray Group,Enterprise,AMER,PA-5410 SKU-0007,hardware_ngfw
C0071,P0007,2026-01-01,0.589,0.887,0.567,1.0,1.0,1,382314.24,85.2,false,false,Value Realized,Gray Group,Enterprise,AMER,PA-5410 SKU-0007,hardware_ngfw
C0071,P0007,2026-02-01,0.807,0.952,0.8,1.0,1.0,1,382314.24,93.3,false,false,Value Realized,Gray Group,Enterprise,AMER,PA-5410 SKU-0007,hardware_ngfw
C0071,P0007,2026-03-01,0.919,0.98,0.9,1.0,1.0,1,382314.24,96.8,false,false,Value Realized,Gray Group,Enterprise,AMER,PA-5410 SKU-0007,hardware_ngfw
C0071,P0007,2026-04-01,0.765,0.941,0.8,1.0,1.0,1,382314.24,92.9,false,false,Value Realized,Gray Group,Enterprise,AMER,PA-5410 SKU-0007,hardware_ngfw
C0071,P0007,2026-05-01,0.689,0.922,0.8,1.0,1.0,1,382314.24,92.3,false,false,Value Realized,Gray Group,Enterprise,AMER,PA-5410 SKU-0007,hardware_ngfw
C0071,P0007,2026-06-01,0.739,0.935,0.9,1.0,1.0,1,382314.24,95.2,false,false,Value Realized,Gray Group,Enterprise,AMER,PA-5410 SKU-0007,hardware_ngfw
C0072,P0096,2025-07-01,0.702,0.926,0.0,1.0,1.0,0,940018.5,72.4,false,false,Value Realized,House-Glover,Enterprise,EMEA,Prisma Access Mobile Users SKU-0096,sase
C0072,P0096,2025-08-01,0.705,0.926,0.0,1.0,1.0,1,940018.5,72.4,false,false,Value Realized,House-Glover,Enterprise,EMEA,Prisma Access Mobile Users SKU-0096,sase
C0072,P0096,2025-09-01,0.895,0.974,0.0,1.0,1.0,1,940018.5,74.1,false,false,Value Realized,House-Glover,Enterprise,EMEA,Prisma Access Mobile Users SKU-0096,sase
C0072,P0096,2025-10-01,0.669,0.917,0.0,1.0,1.0,1,940018.5,72.1,false,false,Value Realized,House-Glover,Enterprise,EMEA,Prisma Access Mobile Users SKU-0096,sase
C0072,P0096,2025-11-01,0.849,0.962,0.0,1.0,1.0,1,940018.5,73.7,false,false,Value Realized,House-Glover,Enterprise,EMEA,Prisma Access Mobile Users SKU-0096,sase
C0072,P0096,2025-12-01,0.648,0.912,0.233,1.0,1.0,1,940018.5,77.7,false,false,Value Realized,House-Glover,Enterprise,EMEA,Prisma Access Mobile Users SKU-0096,sase
C0072,P0096,2026-01-01,0.732,0.933,0.233,1.0,1.0,1,940018.5,78.5,false,false,Value Realized,House-Glover,Enterprise,EMEA,Prisma Access Mobile Users SKU-0096,sase
C0072,P0096,2026-02-01,0.882,0.97,0.333,1.0,1.0,1,940018.5,82.3,false,false,Value Realized,House-Glover,Enterprise,EMEA,Prisma Access Mobile Users SKU-0096,sase
C0072,P0096,2026-03-01,0.819,0.955,0.333,1.0,1.0,1,940018.5,81.8,false,false,Value Realized,House-Glover,Enterprise,EMEA,Prisma Access Mobile Users SKU-0096,sase
C0072,P0096,2026-04-01,0.788,0.947,0.233,1.0,1.0,1,940018.5,79.0,false,false,Value Realized,House-Glover,Enterprise,EMEA,Prisma Access Mobile Users SKU-0096,sase
C0072,P0096,2026-05-01,0.831,0.958,0.233,1.0,1.0,1,940018.5,79.4,false,false,Value Realized,House-Glover,Enterprise,EMEA,Prisma Access Mobile Users SKU-0096,sase
C0072,P0096,2026-06-01,0.748,0.937,0.233,1.0,1.0,1,940018.5,78.6,false,false,Value Realized,House-Glover,Enterprise,EMEA,Prisma Access Mobile Users SKU-0096,sase
C0074,P0128,2025-07-01,0.678,0.919,0.0,1.0,1.0,0,118976.16,72.2,false,false,Value Realized,"Stanley, Tucker and Lee",Enterprise,EMEA,PA-5445 SKU-0128,hardware_ngfw
C0074,P0128,2025-08-01,0.92,0.98,0.0,1.0,1.0,1,118976.16,74.3,true,false,Value Realized,"Stanley, Tucker and Lee",Enterprise,EMEA,PA-5445 SKU-0128,hardware_ngfw
C0074,P0128,2025-09-01,0.695,0.924,0.0,1.0,1.0,1,118976.16,72.3,false,false,Value Realized,"Stanley, Tucker and Lee",Enterprise,EMEA,PA-5445 SKU-0128,hardware_ngfw
C0074,P0128,2025-10-01,0.858,0.964,0.175,1.0,1.0,1,118976.16,78.1,false,false,Value Realized,"Stanley, Tucker and Lee",Enterprise,EMEA,PA-5445 SKU-0128,hardware_ngfw
C0074,P0128,2025-11-01,0.86,0.965,0.25,1.0,1.0,1,118976.16,80.0,false,false,Value Realized,"Stanley, Tucker and Lee",Enterprise,EMEA,PA-5445 SKU-0128,hardware_ngfw
C0074,P0128,2025-12-01,0.66,0.915,0.25,1.0,1.0,1,118976.16,78.3,false,false,Value Realized,"Stanley, Tucker and Lee",Enterprise,EMEA,PA-5445 SKU-0128,hardware_ngfw
C0074,P0128,2026-01-01,0.793,0.948,0.175,1.0,1.0,1,118976.16,77.6,false,false,Value Realized,"Stanley, Tucker and Lee",Enterprise,EMEA,PA-5445 SKU-0128,hardware_ngfw
C0074,P0128,2026-02-01,0.778,0.944,0.25,1.0,1.0,1,118976.16,79.3,false,false,Value Realized,"Stanley, Tucker and Lee",Enterprise,EMEA,PA-5445 SKU-0128,hardware_ngfw
C0074,P0128,2026-03-01,0.853,0.963,0.25,1.0,1.0,1,118976.16,80.0,false,false,Value Realized,"Stanley, Tucker and Lee",Enterprise,EMEA,PA-5445 SKU-0128,hardware_ngfw
C0074,P0128,2026-04-01,0.69,0.923,0.25,1.0,1.0,1,118976.16,78.5,false,false,Value Realized,"Stanley, Tucker and Lee",Enterprise,EMEA,PA-5445 SKU-0128,hardware_ngfw
C0074,P0128,2026-05-01,0.765,0.941,0.25,1.0,1.0,1,118976.16,79.2,false,false,Value Realized,"Stanley, Tucker and Lee",Enterprise,EMEA,PA-5445 SKU-0128,hardware_ngfw
C0074,P0128,2026-06-01,0.77,0.943,0.175,1.0,1.0,1,118976.16,77.4,false,false,Value Realized,"Stanley, Tucker and Lee",Enterprise,EMEA,PA-5445 SKU-0128,hardware_ngfw
C0074,P0132,2025-07-01,0.791,0.948,0.0,1.0,1.0,0,3593.07,73.2,false,false,Value Realized,"Stanley, Tucker and Lee",Enterprise,EMEA,VM-100 SKU-0132,software_ngfw
C0074,P0132,2025-08-01,0.712,0.928,0.0,1.0,1.0,1,3593.07,72.5,false,false,Value Realized,"Stanley, Tucker and Lee",Enterprise,EMEA,VM-100 SKU-0132,software_ngfw
C0074,P0132,2025-09-01,0.647,0.912,0.0,1.0,1.0,1,3593.07,71.9,false,false,Value Realized,"Stanley, Tucker and Lee",Enterprise,EMEA,VM-100 SKU-0132,software_ngfw
C0074,P0132,2025-10-01,0.653,0.913,0.0,1.0,1.0,1,3593.07,72.0,false,false,Value Realized,"Stanley, Tucker and Lee",Enterprise,EMEA,VM-100 SKU-0132,software_ngfw
C0074,P0132,2025-11-01,0.737,0.934,0.0,1.0,1.0,1,3593.07,72.7,false,false,Value Realized,"Stanley, Tucker and Lee",Enterprise,EMEA,VM-100 SKU-0132,software_ngfw
C0074,P0132,2025-12-01,0.82,0.955,0.0,1.0,1.0,1,3593.07,73.4,false,false,Value Realized,"Stanley, Tucker and Lee",Enterprise,EMEA,VM-100 SKU-0132,software_ngfw
C0074,P0132,2026-01-01,0.717,0.929,0.0,1.0,1.0,1,3593.07,72.5,false,false,Value Realized,"Stanley, Tucker and Lee",Enterprise,EMEA,VM-100 SKU-0132,software_ngfw
C0074,P0132,2026-02-01,0.703,0.926,0.0,1.0,1.0,1,3593.07,72.4,false,false,Value Realized,"Stanley, Tucker and Lee",Enterprise,EMEA,VM-100 SKU-0132,software_ngfw
C0074,P0132,2026-03-01,0.737,0.934,0.4,1.0,1.0,1,3593.07,82.7,false,false,Value Realized,"Stanley, Tucker and Lee",Enterprise,EMEA,VM-100 SKU-0132,software_ngfw
C0074,P0132,2026-04-01,0.427,0.692,0.28,1.0,1.0,1,3593.07,71.2,false,false,Value Realized,"Stanley, Tucker and Lee",Enterprise,EMEA,VM-100 SKU-0132,software_ngfw
C0074,P0132,2026-05-01,0.868,0.967,0.34,1.0,1.0,1,3593.07,82.3,false,false,Value Realized,"Stanley, Tucker and Lee",Enterprise,EMEA,VM-100 SKU-0132,software_ngfw
C0074,P0132,2026-06-01,0.901,0.975,0.34,1.0,1.0,1,3593.07,82.6,false,false,Value Realized,"Stanley, Tucker and Lee",Enterprise,EMEA,VM-100 SKU-0132,software_ngfw
C0074,P0399,2025-07-01,0.621,0.905,0.0,1.0,1.0,0,169400.0,71.7,false,false,Value Realized,"Stanley, Tucker and Lee",Enterprise,EMEA,PA-1410 SKU-0399,hardware_ngfw
C0074,P0399,2025-08-01,0.949,0.987,0.0,1.0,1.0,1,169400.0,74.6,true,false,Value Realized,"Stanley, Tucker and Lee",Enterprise,EMEA,PA-1410 SKU-0399,hardware_ngfw
C0074,P0399,2025-09-01,0.809,0.952,0.0,1.0,1.0,1,169400.0,73.3,false,false,Value Realized,"Stanley, Tucker and Lee",Enterprise,EMEA,PA-1410 SKU-0399,hardware_ngfw
C0074,P0399,2025-10-01,0.856,0.964,0.0,1.0,1.0,1,169400.0,73.7,false,false,Value Realized,"Stanley, Tucker and Lee",Enterprise,EMEA,PA-1410 SKU-0399,hardware_ngfw
C0074,P0399,2025-11-01,0.968,0.992,0.14,1.0,1.0,1,169400.0,78.2,true,false,Value Realized,"Stanley, Tucker and Lee",Enterprise,EMEA,PA-1410 SKU-0399,hardware_ngfw
C0074,P0399,2025-12-01,0.596,0.896,0.2,1.0,1.0,1,169400.0,76.3,false,false,Value Realized,"Stanley, Tucker and Lee",Enterprise,EMEA,PA-1410 SKU-0399,hardware_ngfw
C0074,P0399,2026-01-01,0.663,0.916,0.14,1.0,1.0,1,169400.0,75.5,false,false,Value Realized,"Stanley, Tucker and Lee",Enterprise,EMEA,PA-1410 SKU-0399,hardware_ngfw
C0074,P0399,2026-02-01,0.811,0.953,0.34,1.0,1.0,1,169400.0,81.8,false,false,Value Realized,"Stanley, Tucker and Lee",Enterprise,EMEA,PA-1410 SKU-0399,hardware_ngfw
C0074,P0399,2026-03-01,0.699,0.925,0.28,1.0,1.0,1,169400.0,79.4,false,false,Value Realized,"Stanley, Tucker and Lee",Enterprise,EMEA,PA-1410 SKU-0399,hardware_ngfw
C0074,P0399,2026-04-01,1.03,1.0,0.48,1.0,1.0,1,169400.0,87.0,false,false,Value Realized,"Stanley, Tucker and Lee",Enterprise,EMEA,PA-1410 SKU-0399,hardware_ngfw
C0074,P0399,2026-05-01,0.584,0.881,0.42,1.0,1.0,1,169400.0,81.3,false,false,Value Realized,"Stanley, Tucker and Lee",Enterprise,EMEA,PA-1410 SKU-0399,hardware_ngfw
C0074,P0399,2026-06-01,0.581,0.878,0.48,1.0,1.0,1,169400.0,82.7,false,false,Value Realized,"Stanley, Tucker and Lee",Enterprise,EMEA,PA-1410 SKU-0399,hardware_ngfw
C0078,P0425,2025-09-01,0.561,0.853,0.0,1.0,1.0,0,88594.8,69.9,false,false,Developing,Yu Inc,Mid-Market,EMEA,Prisma Access Mobile Users SKU-0425,sase
C0078,P0425,2025-10-01,0.842,0.961,0.0,1.0,1.0,1,88594.8,73.6,false,false,Value Realized,Yu Inc,Mid-Market,EMEA,Prisma Access Mobile Users SKU-0425,sase
C0078,P0425,2025-11-01,0.466,0.739,0.14,1.0,1.0,1,88594.8,69.4,false,false,Developing,Yu Inc,Mid-Market,EMEA,Prisma Access Mobile Users SKU-0425,sase
C0078,P0425,2025-12-01,0.925,0.981,0.28,1.0,1.0,1,88594.8,81.3,false,false,Value Realized,Yu Inc,Mid-Market,EMEA,Prisma Access Mobile Users SKU-0425,sase
C0078,P0425,2026-01-01,0.534,0.821,0.28,1.0,1.0,1,88594.8,75.7,false,false,Value Realized,Yu Inc,Mid-Market,EMEA,Prisma Access Mobile Users SKU-0425,sase
C0078,P0425,2026-02-01,0.622,0.905,0.28,1.0,1.0,1,88594.8,78.7,false,false,Value Realized,Yu Inc,Mid-Market,EMEA,Prisma Access Mobile Users SKU-0425,sase
C0078,P0425,2026-03-01,0.793,0.948,0.34,1.0,1.0,1,88594.8,81.7,false,false,Value Realized,Yu Inc,Mid-Market,EMEA,Prisma Access Mobile Users SKU-0425,sase
C0078,P0425,2026-04-01,0.663,0.916,0.28,1.0,1.0,1,88594.8,79.0,false,false,Value Realized,Yu Inc,Mid-Market,EMEA,Prisma Access Mobile Users SKU-0425,sase
C0078,P0425,2026-05-01,0.585,0.882,0.4,1.0,1.0,1,88594.8,80.9,false,false,Value Realized,Yu Inc,Mid-Market,EMEA,Prisma Access Mobile Users SKU-0425,sase
C0078,P0425,2026-06-01,0.717,0.929,0.28,1.0,1.0,1,88594.8,79.5,false,false,Value Realized,Yu Inc,Mid-Market,EMEA,Prisma Access Mobile Users SKU-0425,sase
C0080,P0413,2025-07-01,0.843,0.961,0.0,1.0,1.0,0,154644.84,73.6,false,false,Value Realized,"Hensley, Powell and David",Mid-Market,EMEA,PA-7500 SKU-0413,hardware_ngfw
C0080,P0413,2025-08-01,0.847,0.962,0.0,1.0,1.0,1,154644.84,73.7,false,false,Value Realized,"Hensley, Powell and David",Mid-Market,EMEA,PA-7500 SKU-0413,hardware_ngfw
C0080,P0413,2025-09-01,0.771,0.943,0.0,1.0,1.0,1,154644.84,73.0,false,false,Value Realized,"Hensley, Powell and David",Mid-Market,EMEA,PA-7500 SKU-0413,hardware_ngfw
C0080,P0413,2025-10-01,0.544,0.833,0.0,1.0,1.0,1,154644.84,69.2,false,false,Developing,"Hensley, Powell and David",Mid-Market,EMEA,PA-7500 SKU-0413,hardware_ngfw
C0080,P0413,2025-11-01,0.762,0.94,0.333,1.0,1.0,1,154644.84,81.2,false,false,Value Realized,"Hensley, Powell and David",Mid-Market,EMEA,PA-7500 SKU-0413,hardware_ngfw
C0080,P0413,2025-12-01,0.501,0.781,0.467,1.0,1.0,1,154644.84,79.0,false,false,Value Realized,"Hensley, Powell and David",Mid-Market,EMEA,PA-7500 SKU-0413,hardware_ngfw
C0080,P0413,2026-01-01,0.669,0.917,0.467,1.0,1.0,1,154644.84,83.8,false,false,Value Realized,"Hensley, Powell and David",Mid-Market,EMEA,PA-7500 SKU-0413,hardware_ngfw
C0080,P0413,2026-02-01,0.838,0.96,0.467,1.0,1.0,1,154644.84,85.3,false,false,Value Realized,"Hensley, Powell and David",Mid-Market,EMEA,PA-7500 SKU-0413,hardware_ngfw
C0080,P0413,2026-03-01,0.661,0.915,0.567,1.0,1.0,1,154644.84,86.2,false,false,Value Realized,"Hensley, Powell and David",Mid-Market,EMEA,PA-7500 SKU-0413,hardware_ngfw
C0080,P0413,2026-04-01,0.914,0.978,0.467,1.0,1.0,1,154644.84,85.9,false,false,Value Realized,"Hensley, Powell and David",Mid-Market,EMEA,PA-7500 SKU-0413,hardware_ngfw
C0080,P0413,2026-05-01,0.603,0.901,0.467,1.0,1.0,1,154644.84,83.2,false,false,Value Realized,"Hensley, Powell and David",Mid-Market,EMEA,PA-7500 SKU-0413,hardware_ngfw
C0080,P0413,2026-06-01,0.812,0.953,0.467,1.0,1.0,1,154644.84,85.0,false,false,Value Realized,"Hensley, Powell and David",Mid-Market,EMEA,PA-7500 SKU-0413,hardware_ngfw
C0092,P0188,2025-07-01,0.879,0.97,0.2,1.0,1.0,0,1190659.14,78.9,false,false,Value Realized,"Smith, Montoya and Evans",Mid-Market,AMER,Prisma Access Browser SKU-0188,sase
C0092,P0188,2025-08-01,1.01,1.0,0.14,1.0,1.0,1,1190659.14,78.5,true,false,Value Realized,"Smith, Montoya and Evans",Mid-Market,AMER,Prisma Access Browser SKU-0188,sase
C0092,P0188,2025-09-01,0.815,0.954,0.14,1.0,1.0,1,1190659.14,76.9,false,false,Value Realized,"Smith, Montoya and Evans",Mid-Market,AMER,Prisma Access Browser SKU-0188,sase
C0092,P0188,2025-10-01,0.837,0.959,0.14,1.0,1.0,1,1190659.14,77.1,false,false,Value Realized,"Smith, Montoya and Evans",Mid-Market,AMER,Prisma Access Browser SKU-0188,sase
C0092,P0188,2025-11-01,0.66,0.915,0.2,1.0,1.0,1,1190659.14,77.0,false,false,Value Realized,"Smith, Montoya and Evans",Mid-Market,AMER,Prisma Access Browser SKU-0188,sase
C0092,P0188,2025-12-01,0.647,0.912,0.14,1.0,1.0,1,1190659.14,75.4,false,false,Value Realized,"Smith, Montoya and Evans",Mid-Market,AMER,Prisma Access Browser SKU-0188,sase
C0092,P0188,2026-01-01,0.767,0.942,0.14,1.0,1.0,1,1190659.14,76.5,false,false,Value Realized,"Smith, Montoya and Evans",Mid-Market,AMER,Prisma Access Browser SKU-0188,sase
C0092,P0188,2026-02-01,0.773,0.943,0.34,1.0,1.0,1,1190659.14,81.5,false,false,Value Realized,"Smith, Montoya and Evans",Mid-Market,AMER,Prisma Access Browser SKU-0188,sase
C0092,P0188,2026-03-01,0.661,0.915,0.34,1.0,1.0,1,1190659.14,80.5,false,false,Value Realized,"Smith, Montoya and Evans",Mid-Market,AMER,Prisma Access Browser SKU-0188,sase
C0092,P0188,2026-04-01,0.921,0.98,0.34,1.0,1.0,1,1190659.14,82.8,false,false,Value Realized,"Smith, Montoya and Evans",Mid-Market,AMER,Prisma Access Browser SKU-0188,sase
C0092,P0188,2026-05-01,0.635,0.909,0.34,1.0,1.0,1,1190659.14,80.3,false,false,Value Realized,"Smith, Montoya and Evans",Mid-Market,AMER,Prisma Access Browser SKU-0188,sase
C0092,P0188,2026-06-01,1.039,1.0,0.4,1.0,1.0,1,1190659.14,85.0,false,false,Value Realized,"Smith, Montoya and Evans",Mid-Market,AMER,Prisma Access Browser SKU-0188,sase
C0099,P0428,2025-09-01,0.715,0.929,0.0,1.0,1.0,0,73762.6,72.5,false,false,Value Realized,Williams-Cook,Enterprise,AMER,Cloud NGFW for Azure SKU-0428,cloud_ngfw
C0099,P0428,2025-10-01,0.656,0.914,0.0,1.0,1.0,1,73762.6,72.0,false,false,Value Realized,Williams-Cook,Enterprise,AMER,Cloud NGFW for Azure SKU-0428,cloud_ngfw
C0099,P0428,2025-11-01,0.818,0.954,0.0,1.0,1.0,1,73762.6,73.4,false,false,Value Realized,Williams-Cook,Enterprise,AMER,Cloud NGFW for Azure SKU-0428,cloud_ngfw
C0099,P0428,2025-12-01,0.714,0.928,0.14,1.0,1.0,1,73762.6,76.0,false,false,Value Realized,Williams-Cook,Enterprise,AMER,Cloud NGFW for Azure SKU-0428,cloud_ngfw
C0099,P0428,2026-01-01,0.568,0.861,0.14,1.0,1.0,1,73762.6,73.7,false,false,Value Realized,Williams-Cook,Enterprise,AMER,Cloud NGFW for Azure SKU-0428,cloud_ngfw
C0099,P0428,2026-02-01,0.876,0.969,0.14,1.0,1.0,1,73762.6,77.4,false,false,Value Realized,Williams-Cook,Enterprise,AMER,Cloud NGFW for Azure SKU-0428,cloud_ngfw
C0099,P0428,2026-03-01,0.808,0.952,0.34,1.0,1.0,1,73762.6,81.8,false,false,Value Realized,Williams-Cook,Enterprise,AMER,Cloud NGFW for Azure SKU-0428,cloud_ngfw
C0099,P0428,2026-04-01,0.587,0.885,0.34,1.0,1.0,1,73762.6,79.5,false,false,Value Realized,Williams-Cook,Enterprise,AMER,Cloud NGFW for Azure SKU-0428,cloud_ngfw
C0099,P0428,2026-05-01,0.727,0.932,0.34,1.0,1.0,1,73762.6,81.1,false,false,Value Realized,Williams-Cook,Enterprise,AMER,Cloud NGFW for Azure SKU-0428,cloud_ngfw
C0099,P0428,2026-06-01,0.553,0.844,0.4,1.0,1.0,1,73762.6,79.5,false,false,Value Realized,Williams-Cook,Enterprise,AMER,Cloud NGFW for Azure SKU-0428,cloud_ngfw
C0013,P0053,2025-07-01,0.613,0.903,0.0,1.0,1.0,0,478441.04,71.6,false,false,Value Realized,Arnold Ltd,Enterprise,AMER,Prisma Access Remote Networks SKU-0053,sase
C0013,P0053,2025-08-01,0.645,0.911,0.0,1.0,1.0,1,478441.04,71.9,false,false,Value Realized,Arnold Ltd,Enterprise,AMER,Prisma Access Remote Networks SKU-0053,sase
C0013,P0053,2025-09-01,0.703,0.926,0.0,1.0,1.0,1,478441.04,72.4,false,false,Value Realized,Arnold Ltd,Enterprise,AMER,Prisma Access Remote Networks SKU-0053,sase
C0013,P0053,2025-10-01,0.747,0.937,0.0,1.0,1.0,1,478441.04,72.8,false,false,Value Realized,Arnold Ltd,Enterprise,AMER,Prisma Access Remote Networks SKU-0053,sase
C0013,P0053,2025-11-01,0.828,0.957,0.233,1.0,1.0,1,478441.04,79.3,false,false,Value Realized,Arnold Ltd,Enterprise,AMER,Prisma Access Remote Networks SKU-0053,sase
C0013,P0053,2025-12-01,0.483,0.76,0.333,1.0,1.0,1,478441.04,74.9,false,false,Value Realized,Arnold Ltd,Enterprise,AMER,Prisma Access Remote Networks SKU-0053,sase
C0013,P0053,2026-01-01,0.828,0.957,0.233,1.0,1.0,1,478441.04,79.3,false,false,Value Realized,Arnold Ltd,Enterprise,AMER,Prisma Access Remote Networks SKU-0053,sase
C0013,P0053,2026-02-01,0.782,0.946,0.233,1.0,1.0,1,478441.04,78.9,false,false,Value Realized,Arnold Ltd,Enterprise,AMER,Prisma Access Remote Networks SKU-0053,sase
C0013,P0053,2026-03-01,0.662,0.915,0.233,1.0,1.0,1,478441.04,77.9,false,false,Value Realized,Arnold Ltd,Enterprise,AMER,Prisma Access Remote Networks SKU-0053,sase
C0013,P0053,2026-04-01,0.755,0.939,0.333,1.0,1.0,1,478441.04,81.2,false,false,Value Realized,Arnold Ltd,Enterprise,AMER,Prisma Access Remote Networks SKU-0053,sase
C0013,P0053,2026-05-01,0.684,0.921,0.233,1.0,1.0,1,478441.04,78.1,false,false,Value Realized,Arnold Ltd,Enterprise,AMER,Prisma Access Remote Networks SKU-0053,sase
C0013,P0053,2026-06-01,0.766,0.942,0.233,1.0,1.0,1,478441.04,78.8,false,false,Value Realized,Arnold Ltd,Enterprise,AMER,Prisma Access Remote Networks SKU-0053,sase
C0014,P0321,2025-07-01,0.0,0.0,0.0,0.0,,0,34958.8,0.0,false,false,Grace Period,"Mcclure, Ward and Lee",Mid-Market,AMER,Cloud NGFW for AWS SKU-0321,cloud_ngfw
C0014,P0321,2025-08-01,0.0,0.0,0.0,0.0,0.467,0,34958.8,7.0,false,false,Shelfware Risk,"Mcclure, Ward and Lee",Mid-Market,AMER,Cloud NGFW for AWS SKU-0321,cloud_ngfw
C0014,P0321,2025-09-01,0.22,0.444,0.0,0.5,0.467,0,34958.8,35.0,false,false,Onboarding Stall,"Mcclure, Ward and Lee",Mid-Market,AMER,Cloud NGFW for AWS SKU-0321,cloud_ngfw
C0014,P0321,2025-10-01,0.48,0.756,0.0,0.8,0.467,1,34958.8,53.5,false,false,Onboarding Stall,"Mcclure, Ward and Lee",Mid-Market,AMER,Cloud NGFW for AWS SKU-0321,cloud_ngfw
C0014,P0321,2025-11-01,0.516,0.799,0.0,1.0,0.467,1,34958.8,60.0,false,false,Onboarding Stall,"Mcclure, Ward and Lee",Mid-Market,AMER,Cloud NGFW for AWS SKU-0321,cloud_ngfw
C0014,P0321,2025-12-01,0.883,0.971,0.0,1.0,0.467,1,34958.8,66.0,false,false,Onboarding Stall,"Mcclure, Ward and Lee",Mid-Market,AMER,Cloud NGFW for AWS SKU-0321,cloud_ngfw
C0014,P0321,2026-01-01,0.619,0.905,0.0,1.0,0.467,1,34958.8,63.7,false,false,Onboarding Stall,"Mcclure, Ward and Lee",Mid-Market,AMER,Cloud NGFW for AWS SKU-0321,cloud_ngfw
C0014,P0321,2026-02-01,0.649,0.912,0.425,1.0,0.467,1,34958.8,74.6,false,false,Value Realized,"Mcclure, Ward and Lee",Mid-Market,AMER,Cloud NGFW for AWS SKU-0321,cloud_ngfw
C0014,P0321,2026-03-01,0.875,0.969,0.675,1.0,0.467,1,34958.8,82.8,false,false,Value Realized,"Mcclure, Ward and Lee",Mid-Market,AMER,Cloud NGFW for AWS SKU-0321,cloud_ngfw
C0014,P0321,2026-04-01,0.529,0.815,0.75,1.0,0.467,1,34958.8,79.3,false,false,Value Realized,"Mcclure, Ward and Lee",Mid-Market,AMER,Cloud NGFW for AWS SKU-0321,cloud_ngfw
C0014,P0321,2026-05-01,0.625,0.906,0.6,1.0,0.467,1,34958.8,78.7,false,false,Value Realized,"Mcclure, Ward and Lee",Mid-Market,AMER,Cloud NGFW for AWS SKU-0321,cloud_ngfw
C0014,P0321,2026-06-01,0.79,0.948,0.675,1.0,0.467,1,34958.8,82.0,false,false,Value Realized,"Mcclure, Ward and Lee",Mid-Market,AMER,Cloud NGFW for AWS SKU-0321,cloud_ngfw
C0016,P0296,2025-08-01,0.0,0.0,0.0,0.0,,0,40994.02,0.0,false,false,Grace Period,Galloway-Wyatt,Enterprise,EMEA,Cloud NGFW for Azure SKU-0296,cloud_ngfw
C0016,P0296,2025-09-01,0.0,0.0,0.0,0.0,0.0,0,40994.02,0.0,false,false,Shelfware Risk,Galloway-Wyatt,Enterprise,EMEA,Cloud NGFW for Azure SKU-0296,cloud_ngfw
C0016,P0296,2025-10-01,0.0,0.0,0.0,0.0,0.0,0,40994.02,0.0,false,false,Shelfware Risk,Galloway-Wyatt,Enterprise,EMEA,Cloud NGFW for Azure SKU-0296,cloud_ngfw
C0016,P0296,2025-11-01,0.0,0.0,0.0,0.0,0.0,0,40994.02,0.0,false,false,Shelfware Risk,Galloway-Wyatt,Enterprise,EMEA,Cloud NGFW for Azure SKU-0296,cloud_ngfw
C0016,P0296,2025-12-01,0.0,0.0,0.0,0.0,0.0,0,40994.02,0.0,false,false,Shelfware Risk,Galloway-Wyatt,Enterprise,EMEA,Cloud NGFW for Azure SKU-0296,cloud_ngfw
C0016,P0296,2026-01-01,0.0,0.0,0.0,0.0,0.0,0,40994.02,0.0,false,false,Shelfware Risk,Galloway-Wyatt,Enterprise,EMEA,Cloud NGFW for Azure SKU-0296,cloud_ngfw
C0016,P0296,2026-02-01,0.0,0.0,0.0,0.0,0.0,0,40994.02,0.0,false,false,Shelfware Risk,Galloway-Wyatt,Enterprise,EMEA,Cloud NGFW for Azure SKU-0296,cloud_ngfw
C0016,P0296,2026-03-01,0.0,0.0,0.0,0.0,0.0,0,40994.02,0.0,false,false,Shelfware Risk,Galloway-Wyatt,Enterprise,EMEA,Cloud NGFW for Azure SKU-0296,cloud_ngfw
C0016,P0296,2026-04-01,0.0,0.0,0.0,0.0,0.0,0,40994.02,0.0,false,false,Shelfware Risk,Galloway-Wyatt,Enterprise,EMEA,Cloud NGFW for Azure SKU-0296,cloud_ngfw
C0016,P0296,2026-05-01,0.0,0.0,0.0,0.0,0.0,0,40994.02,0.0,false,false,Shelfware Risk,Galloway-Wyatt,Enterprise,EMEA,Cloud NGFW for Azure SKU-0296,cloud_ngfw
C0016,P0296,2026-06-01,0.0,0.0,0.0,0.0,0.0,0,40994.02,0.0,false,false,Shelfware Risk,Galloway-Wyatt,Enterprise,EMEA,Cloud NGFW for Azure SKU-0296,cloud_ngfw
C0016,P0326,2025-07-01,0.0,0.0,0.0,0.0,,0,35203.98,0.0,false,false,Grace Period,Galloway-Wyatt,Enterprise,EMEA,CN-Series SKU-0326,software_ngfw
C0016,P0326,2025-08-01,0.0,0.0,0.0,0.0,0.0,0,35203.98,0.0,false,false,Shelfware Risk,Galloway-Wyatt,Enterprise,EMEA,CN-Series SKU-0326,software_ngfw
C0016,P0326,2025-09-01,0.0,0.0,0.0,0.0,0.0,0,35203.98,0.0,false,false,Shelfware Risk,Galloway-Wyatt,Enterprise,EMEA,CN-Series SKU-0326,software_ngfw
C0016,P0326,2025-10-01,0.0,0.0,0.0,0.0,0.0,0,35203.98,0.0,false,false,Shelfware Risk,Galloway-Wyatt,Enterprise,EMEA,CN-Series SKU-0326,software_ngfw
C0016,P0326,2025-11-01,0.0,0.0,0.0,0.0,0.0,0,35203.98,0.0,false,false,Shelfware Risk,Galloway-Wyatt,Enterprise,EMEA,CN-Series SKU-0326,software_ngfw
C0016,P0326,2025-12-01,0.0,0.0,0.0,0.0,0.0,0,35203.98,0.0,false,false,Shelfware Risk,Galloway-Wyatt,Enterprise,EMEA,CN-Series SKU-0326,software_ngfw
C0016,P0326,2026-01-01,0.0,0.0,0.0,0.0,0.0,0,35203.98,0.0,false,false,Shelfware Risk,Galloway-Wyatt,Enterprise,EMEA,CN-Series SKU-0326,software_ngfw
C0016,P0326,2026-02-01,0.0,0.0,0.0,0.0,0.0,0,35203.98,0.0,false,false,Shelfware Risk,Galloway-Wyatt,Enterprise,EMEA,CN-Series SKU-0326,software_ngfw
C0016,P0326,2026-03-01,0.0,0.0,0.0,0.0,0.0,0,35203.98,0.0,false,false,Shelfware Risk,Galloway-Wyatt,Enterprise,EMEA,CN-Series SKU-0326,software_ngfw
C0016,P0326,2026-04-01,0.0,0.0,0.0,0.0,0.0,0,35203.98,0.0,false,false,Shelfware Risk,Galloway-Wyatt,Enterprise,EMEA,CN-Series SKU-0326,software_ngfw
C0016,P0326,2026-05-01,0.0,0.0,0.0,0.0,0.0,0,35203.98,0.0,false,false,Shelfware Risk,Galloway-Wyatt,Enterprise,EMEA,CN-Series SKU-0326,software_ngfw
C0016,P0326,2026-06-01,0.0,0.0,0.0,0.0,0.0,0,35203.98,0.0,false,false,Shelfware Risk,Galloway-Wyatt,Enterprise,EMEA,CN-Series SKU-0326,software_ngfw
C0022,P0398,2025-07-01,0.74,0.935,0.0,1.0,1.0,0,303474.0,72.7,false,false,Value Realized,"Watts, Robinson and Nguyen",Enterprise,EMEA,PA-410 SKU-0398,hardware_ngfw
C0022,P0398,2025-08-01,0.906,0.977,0.0,1.0,1.0,1,303474.0,74.2,true,false,Value Realized,"Watts, Robinson and Nguyen",Enterprise,EMEA,PA-410 SKU-0398,hardware_ngfw
C0022,P0398,2025-09-01,0.59,0.888,0.0,1.0,1.0,1,303474.0,71.1,false,false,Value Realized,"Watts, Robinson and Nguyen",Enterprise,EMEA,PA-410 SKU-0398,hardware_ngfw
C0022,P0398,2025-10-01,0.63,0.908,0.117,1.0,1.0,1,303474.0,74.7,false,false,Value Realized,"Watts, Robinson and Nguyen",Enterprise,EMEA,PA-410 SKU-0398,hardware_ngfw
C0022,P0398,2025-11-01,0.783,0.946,0.233,1.0,1.0,1,303474.0,78.9,false,false,Value Realized,"Watts, Robinson and Nguyen",Enterprise,EMEA,PA-410 SKU-0398,hardware_ngfw
C0022,P0398,2025-12-01,0.821,0.955,0.283,1.0,1.0,1,303474.0,80.5,false,false,Value Realized,"Watts, Robinson and Nguyen",Enterprise,EMEA,PA-410 SKU-0398,hardware_ngfw
C0022,P0398,2026-01-01,0.958,0.989,0.283,1.0,1.0,1,303474.0,81.7,false,false,Value Realized,"Watts, Robinson and Nguyen",Enterprise,EMEA,PA-410 SKU-0398,hardware_ngfw
C0022,P0398,2026-02-01,0.59,0.888,0.283,1.0,1.0,1,303474.0,78.2,false,false,Value Realized,"Watts, Robinson and Nguyen",Enterprise,EMEA,PA-410 SKU-0398,hardware_ngfw
C0022,P0398,2026-03-01,0.696,0.924,0.4,1.0,1.0,1,303474.0,82.3,false,false,Value Realized,"Watts, Robinson and Nguyen",Enterprise,EMEA,PA-410 SKU-0398,hardware_ngfw
C0022,P0398,2026-04-01,0.653,0.913,0.4,1.0,1.0,1,303474.0,82.0,false,false,Value Realized,"Watts, Robinson and Nguyen",Enterprise,EMEA,PA-410 SKU-0398,hardware_ngfw
C0022,P0398,2026-05-01,0.476,0.752,0.4,1.0,1.0,1,303474.0,76.3,false,false,Value Realized,"Watts, Robinson and Nguyen",Enterprise,EMEA,PA-410 SKU-0398,hardware_ngfw
C0022,P0398,2026-06-01,0.719,0.93,0.4,1.0,1.0,1,303474.0,82.5,false,false,Value Realized,"Watts, Robinson and Nguyen",Enterprise,EMEA,PA-410 SKU-0398,hardware_ngfw
C0025,P0034,2025-08-01,0.57,0.864,0.0,1.0,1.0,0,680050.61,70.2,false,false,Value Realized,"Walter, Edwards and Rios",Mid-Market,AMER,Prisma Access Mobile Users SKU-0034,sase
C0025,P0034,2025-09-01,0.778,0.944,0.0,1.0,1.0,1,680050.61,73.1,false,false,Value Realized,"Walter, Edwards and Rios",Mid-Market,AMER,Prisma Access Mobile Users SKU-0034,sase
C0025,P0034,2025-10-01,0.763,0.941,0.0,1.0,1.0,1,680050.61,72.9,false,false,Value Realized,"Walter, Edwards and Rios",Mid-Market,AMER,Prisma Access Mobile Users SKU-0034,sase
C0025,P0034,2025-11-01,0.891,0.973,0.0,1.0,1.0,1,680050.61,74.0,false,false,Value Realized,"Walter, Edwards and Rios",Mid-Market,AMER,Prisma Access Mobile Users SKU-0034,sase
C0025,P0034,2025-12-01,0.717,0.929,0.0,1.0,1.0,1,680050.61,72.5,false,false,Value Realized,"Walter, Edwards and Rios",Mid-Market,AMER,Prisma Access Mobile Users SKU-0034,sase
C0025,P0034,2026-01-01,0.903,0.976,0.0,1.0,1.0,1,680050.61,74.1,true,false,Value Realized,"Walter, Edwards and Rios",Mid-Market,AMER,Prisma Access Mobile Users SKU-0034,sase
C0025,P0034,2026-02-01,0.746,0.936,0.0,1.0,1.0,1,680050.61,72.8,false,false,Value Realized,"Walter, Edwards and Rios",Mid-Market,AMER,Prisma Access Mobile Users SKU-0034,sase
C0025,P0034,2026-03-01,0.84,0.96,0.0,1.0,1.0,1,680050.61,73.6,false,false,Value Realized,"Walter, Edwards and Rios",Mid-Market,AMER,Prisma Access Mobile Users SKU-0034,sase
C0025,P0034,2026-04-01,0.772,0.943,0.0,1.0,1.0,1,680050.61,73.0,false,false,Value Realized,"Walter, Edwards and Rios",Mid-Market,AMER,Prisma Access Mobile Users SKU-0034,sase
C0025,P0034,2026-05-01,0.527,0.813,0.175,1.0,1.0,1,680050.61,72.8,false,false,Value Realized,"Walter, Edwards and Rios",Mid-Market,AMER,Prisma Access Mobile Users SKU-0034,sase
C0025,P0034,2026-06-01,0.54,0.828,0.175,1.0,1.0,1,680050.61,73.3,false,false,Value Realized,"Walter, Edwards and Rios",Mid-Market,AMER,Prisma Access Mobile Users SKU-0034,sase
C0028,P0215,2025-07-01,0.685,0.921,0.0,1.0,1.0,0,29574.48,72.2,false,false,Value Realized,"Hoffman, Baker and Richards",Enterprise,AMER,Cloud NGFW for Azure SKU-0215,cloud_ngfw
C0028,P0215,2025-08-01,0.871,0.968,0.0,1.0,1.0,1,29574.48,73.9,false,false,Value Realized,"Hoffman, Baker and Richards",Enterprise,AMER,Cloud NGFW for Azure SKU-0215,cloud_ngfw
C0028,P0215,2025-09-01,0.646,0.912,0.0,1.0,1.0,1,29574.48,71.9,false,false,Value Realized,"Hoffman, Baker and Richards",Enterprise,AMER,Cloud NGFW for Azure SKU-0215,cloud_ngfw
C0028,P0215,2025-10-01,0.658,0.914,0.283,1.0,1.0,1,29574.48,79.1,false,false,Value Realized,"Hoffman, Baker and Richards",Enterprise,AMER,Cloud NGFW for Azure SKU-0215,cloud_ngfw
C0028,P0215,2025-11-01,0.708,0.927,0.283,1.0,1.0,1,29574.48,79.5,false,false,Value Realized,"Hoffman, Baker and Richards",Enterprise,AMER,Cloud NGFW for Azure SKU-0215,cloud_ngfw
C0028,P0215,2025-12-01,0.735,0.934,0.333,1.0,1.0,1,29574.48,81.0,false,false,Value Realized,"Hoffman, Baker and Richards",Enterprise,AMER,Cloud NGFW for Azure SKU-0215,cloud_ngfw
C0028,P0215,2026-01-01,0.81,0.953,0.283,1.0,1.0,1,29574.48,80.4,false,false,Value Realized,"Hoffman, Baker and Richards",Enterprise,AMER,Cloud NGFW for Azure SKU-0215,cloud_ngfw
C0028,P0215,2026-02-01,0.666,0.917,0.283,1.0,1.0,1,29574.48,79.2,false,false,Value Realized,"Hoffman, Baker and Richards",Enterprise,AMER,Cloud NGFW for Azure SKU-0215,cloud_ngfw
C0028,P0215,2026-03-01,0.789,0.947,0.333,1.0,1.0,1,29574.48,81.5,false,false,Value Realized,"Hoffman, Baker and Richards",Enterprise,AMER,Cloud NGFW for Azure SKU-0215,cloud_ngfw
C0028,P0215,2026-04-01,0.714,0.928,0.233,1.0,1.0,1,29574.48,78.3,false,false,Value Realized,"Hoffman, Baker and Richards",Enterprise,AMER,Cloud NGFW for Azure SKU-0215,cloud_ngfw
C0028,P0215,2026-05-01,0.653,0.913,0.333,1.0,1.0,1,29574.48,80.3,false,false,Value Realized,"Hoffman, Baker and Richards",Enterprise,AMER,Cloud NGFW for Azure SKU-0215,cloud_ngfw
C0028,P0215,2026-06-01,0.654,0.913,0.283,1.0,1.0,1,29574.48,79.1,false,false,Value Realized,"Hoffman, Baker and Richards",Enterprise,AMER,Cloud NGFW for Azure SKU-0215,cloud_ngfw
C0030,P0387,2025-07-01,0.723,0.931,0.0,1.0,1.0,0,280315.08,72.6,false,false,Value Realized,"Snyder, Campos and Callahan",Enterprise,EMEA,PA-410 SKU-0387,hardware_ngfw
C0030,P0387,2025-08-01,0.64,0.91,0.117,1.0,1.0,1,280315.08,74.8,false,false,Value Realized,"Snyder, Campos and Callahan",Enterprise,EMEA,PA-410 SKU-0387,hardware_ngfw
C0030,P0387,2025-09-01,0.801,0.95,0.117,1.0,1.0,1,280315.08,76.2,false,false,Value Realized,"Snyder, Campos and Callahan",Enterprise,EMEA,PA-410 SKU-0387,hardware_ngfw
C0030,P0387,2025-10-01,1.082,1.0,0.117,1.0,1.0,1,280315.08,77.9,true,false,Value Realized,"Snyder, Campos and Callahan",Enterprise,EMEA,PA-410 SKU-0387,hardware_ngfw
C0030,P0387,2025-11-01,0.76,0.94,0.117,1.0,1.0,1,280315.08,75.8,false,false,Value Realized,"Snyder, Campos and Callahan",Enterprise,EMEA,PA-410 SKU-0387,hardware_ngfw
C0030,P0387,2025-12-01,0.751,0.938,0.167,1.0,1.0,1,280315.08,77.0,false,false,Value Realized,"Snyder, Campos and Callahan",Enterprise,EMEA,PA-410 SKU-0387,hardware_ngfw
C0030,P0387,2026-01-01,0.827,0.957,0.167,1.0,1.0,1,280315.08,77.7,false,false,Value Realized,"Snyder, Campos and Callahan",Enterprise,EMEA,PA-410 SKU-0387,hardware_ngfw
C0030,P0387,2026-02-01,0.937,0.984,0.45,1.0,1.0,1,280315.08,85.7,false,false,Value Realized,"Snyder, Campos and Callahan",Enterprise,EMEA,PA-410 SKU-0387,hardware_ngfw
C0030,P0387,2026-03-01,0.59,0.888,0.45,1.0,1.0,1,280315.08,82.3,false,false,Value Realized,"Snyder, Campos and Callahan",Enterprise,EMEA,PA-410 SKU-0387,hardware_ngfw
C0030,P0387,2026-04-01,0.59,0.888,0.45,1.0,1.0,1,280315.08,82.3,false,false,Value Realized,"Snyder, Campos and Callahan",Enterprise,EMEA,PA-410 SKU-0387,hardware_ngfw
C0030,P0387,2026-05-01,0.663,0.916,0.517,1.0,1.0,1,280315.08,85.0,false,false,Value Realized,"Snyder, Campos and Callahan",Enterprise,EMEA,PA-410 SKU-0387,hardware_ngfw
C0030,P0387,2026-06-01,0.882,0.971,0.467,1.0,1.0,1,280315.08,85.6,false,false,Value Realized,"Snyder, Campos and Callahan",Enterprise,EMEA,PA-410 SKU-0387,hardware_ngfw
C0034,P0234,2025-07-01,3.775,0.8,0.333,1.0,1.0,0,37584.0,76.3,false,true,Value Realized,Frazier Inc,Enterprise,AMER,Cloud NGFW for Azure SKU-0234,cloud_ngfw
C0034,P0234,2025-08-01,3.675,0.8,0.233,1.0,1.0,1,37584.0,73.8,true,true,Value Realized,Frazier Inc,Enterprise,AMER,Cloud NGFW for Azure SKU-0234,cloud_ngfw
C0034,P0234,2025-09-01,3.012,0.8,0.333,1.0,1.0,1,37584.0,76.3,false,true,Value Realized,Frazier Inc,Enterprise,AMER,Cloud NGFW for Azure SKU-0234,cloud_ngfw
C0034,P0234,2025-10-01,0.0,0.0,0.0,0.5,1.0,1,37584.0,27.5,false,false,Lapsed,Frazier Inc,Enterprise,AMER,Cloud NGFW for Azure SKU-0234,cloud_ngfw
C0034,P0234,2025-11-01,0.0,0.0,0.0,0.2,1.0,1,37584.0,20.0,false,false,Churn Signal,Frazier Inc,Enterprise,AMER,Cloud NGFW for Azure SKU-0234,cloud_ngfw
C0034,P0234,2025-12-01,0.0,0.0,0.0,0.0,1.0,1,37584.0,15.0,false,false,Churn Signal,Frazier Inc,Enterprise,AMER,Cloud NGFW for Azure SKU-0234,cloud_ngfw
C0034,P0234,2026-01-01,0.0,0.0,0.0,0.0,1.0,1,37584.0,15.0,false,false,Lapsed,Frazier Inc,Enterprise,AMER,Cloud NGFW for Azure SKU-0234,cloud_ngfw
C0034,P0234,2026-02-01,0.0,0.0,0.0,0.0,1.0,1,37584.0,15.0,false,false,Lapsed,Frazier Inc,Enterprise,AMER,Cloud NGFW for Azure SKU-0234,cloud_ngfw
C0034,P0234,2026-03-01,0.0,0.0,0.0,0.0,1.0,1,37584.0,15.0,false,false,Lapsed,Frazier Inc,Enterprise,AMER,Cloud NGFW for Azure SKU-0234,cloud_ngfw
C0034,P0234,2026-04-01,0.0,0.0,0.0,0.0,1.0,1,37584.0,15.0,false,false,Lapsed,Frazier Inc,Enterprise,AMER,Cloud NGFW for Azure SKU-0234,cloud_ngfw
C0034,P0234,2026-05-01,0.0,0.0,0.0,0.0,1.0,1,37584.0,15.0,false,false,Lapsed,Frazier Inc,Enterprise,AMER,Cloud NGFW for Azure SKU-0234,cloud_ngfw
C0034,P0234,2026-06-01,0.0,0.0,0.0,0.0,1.0,1,37584.0,15.0,false,false,Lapsed,Frazier Inc,Enterprise,AMER,Cloud NGFW for Azure SKU-0234,cloud_ngfw
C0037,P0157,2025-07-01,0.556,0.847,0.0,1.0,1.0,0,33579.45,69.6,false,false,Developing,Smith-Bowen,Mid-Market,AMER,Cloud NGFW for AWS SKU-0157,cloud_ngfw
C0037,P0157,2025-08-01,0.572,0.867,0.0,1.0,1.0,1,33579.45,70.3,false,false,Value Realized,Smith-Bowen,Mid-Market,AMER,Cloud NGFW for AWS SKU-0157,cloud_ngfw
C0037,P0157,2025-09-01,0.907,0.977,0.25,1.0,1.0,1,33579.45,80.4,false,false,Value Realized,Smith-Bowen,Mid-Market,AMER,Cloud NGFW for AWS SKU-0157,cloud_ngfw
C0037,P0157,2025-10-01,0.654,0.913,0.175,1.0,1.0,1,33579.45,76.3,false,false,Value Realized,Smith-Bowen,Mid-Market,AMER,Cloud NGFW for AWS SKU-0157,cloud_ngfw
C0037,P0157,2025-11-01,0.838,0.96,0.175,1.0,1.0,1,33579.45,78.0,false,false,Value Realized,Smith-Bowen,Mid-Market,AMER,Cloud NGFW for AWS SKU-0157,cloud_ngfw
C0037,P0157,2025-12-01,0.622,0.906,0.175,1.0,1.0,1,33579.45,76.1,false,false,Value Realized,Smith-Bowen,Mid-Market,AMER,Cloud NGFW for AWS SKU-0157,cloud_ngfw
C0037,P0157,2026-01-01,0.548,0.838,0.25,1.0,1.0,1,33579.45,75.6,false,false,Value Realized,Smith-Bowen,Mid-Market,AMER,Cloud NGFW for AWS SKU-0157,cloud_ngfw
C0037,P0157,2026-02-01,0.57,0.864,0.175,1.0,1.0,1,33579.45,74.6,false,false,Value Realized,Smith-Bowen,Mid-Market,AMER,Cloud NGFW for AWS SKU-0157,cloud_ngfw
C0037,P0157,2026-03-01,0.679,0.92,0.425,1.0,1.0,1,33579.45,82.8,false,false,Value Realized,Smith-Bowen,Mid-Market,AMER,Cloud NGFW for AWS SKU-0157,cloud_ngfw
C0037,P0157,2026-04-01,0.74,0.935,0.525,1.0,1.0,1,33579.45,85.9,false,false,Value Realized,Smith-Bowen,Mid-Market,AMER,Cloud NGFW for AWS SKU-0157,cloud_ngfw
C0037,P0157,2026-05-01,0.978,0.995,0.6,1.0,1.0,1,33579.45,89.8,false,false,Value Realized,Smith-Bowen,Mid-Market,AMER,Cloud NGFW for AWS SKU-0157,cloud_ngfw
C0037,P0157,2026-06-01,0.811,0.953,0.525,1.0,1.0,1,33579.45,86.5,false,false,Value Realized,Smith-Bowen,Mid-Market,AMER,Cloud NGFW for AWS SKU-0157,cloud_ngfw
C0040,P0054,2025-07-01,1.47,0.8,0.333,1.0,1.0,0,53570.75,76.3,false,true,Value Realized,"Romero, Gonzalez and Brooks",Enterprise,EMEA,PA-440 SKU-0054,hardware_ngfw
C0040,P0054,2025-08-01,1.43,0.8,1.0,1.0,1.0,1,53570.75,93.0,false,true,Value Realized,"Romero, Gonzalez and Brooks",Enterprise,EMEA,PA-440 SKU-0054,hardware_ngfw
C0040,P0054,2025-09-01,1.19,1.0,1.0,1.0,1.0,1,53570.75,100.0,false,false,Value Realized,"Romero, Gonzalez and Brooks",Enterprise,EMEA,PA-440 SKU-0054,hardware_ngfw
C0040,P0054,2025-10-01,1.51,0.8,1.0,1.0,1.0,1,53570.75,93.0,false,true,Value Realized,"Romero, Gonzalez and Brooks",Enterprise,EMEA,PA-440 SKU-0054,hardware_ngfw
C0040,P0054,2025-11-01,1.45,0.8,1.0,1.0,1.0,1,53570.75,93.0,false,true,Value Realized,"Romero, Gonzalez and Brooks",Enterprise,EMEA,PA-440 SKU-0054,hardware_ngfw
C0040,P0054,2025-12-01,1.35,0.8,1.0,1.0,1.0,1,53570.75,93.0,false,true,Value Realized,"Romero, Gonzalez and Brooks",Enterprise,EMEA,PA-440 SKU-0054,hardware_ngfw
C0040,P0054,2026-01-01,1.76,0.8,1.0,1.0,1.0,1,53570.75,93.0,false,true,Value Realized,"Romero, Gonzalez and Brooks",Enterprise,EMEA,PA-440 SKU-0054,hardware_ngfw
C0040,P0054,2026-02-01,1.23,0.8,1.0,1.0,1.0,1,53570.75,93.0,false,true,Value Realized,"Romero, Gonzalez and Brooks",Enterprise,EMEA,PA-440 SKU-0054,hardware_ngfw
C0040,P0054,2026-03-01,1.62,0.8,1.0,1.0,1.0,1,53570.75,93.0,false,true,Value Realized,"Romero, Gonzalez and Brooks",Enterprise,EMEA,PA-440 SKU-0054,hardware_ngfw
C0040,P0054,2026-04-01,1.57,0.8,1.0,1.0,1.0,1,53570.75,93.0,false,true,Value Realized,"Romero, Gonzalez and Brooks",Enterprise,EMEA,PA-440 SKU-0054,hardware_ngfw
C0040,P0054,2026-05-01,1.26,0.8,1.0,1.0,1.0,1,53570.75,93.0,false,true,Value Realized,"Romero, Gonzalez and Brooks",Enterprise,EMEA,PA-440 SKU-0054,hardware_ngfw
C0040,P0054,2026-06-01,1.39,0.8,1.0,1.0,1.0,1,53570.75,93.0,false,true,Value Realized,"Romero, Gonzalez and Brooks",Enterprise,EMEA,PA-440 SKU-0054,hardware_ngfw
C0040,P0116,2025-07-01,1.645,0.8,0.2,1.0,1.0,0,41915.07,73.0,true,true,Value Realized,"Romero, Gonzalez and Brooks",Enterprise,EMEA,CN-Series SKU-0116,software_ngfw
C0040,P0116,2025-08-01,1.48,0.8,1.0,1.0,1.0,1,41915.07,93.0,false,true,Value Realized,"Romero, Gonzalez and Brooks",Enterprise,EMEA,CN-Series SKU-0116,software_ngfw
C0040,P0116,2025-09-01,1.329,0.8,1.0,1.0,1.0,1,41915.07,93.0,false,true,Value Realized,"Romero, Gonzalez and Brooks",Enterprise,EMEA,CN-Series SKU-0116,software_ngfw
C0040,P0116,2025-10-01,1.378,0.8,1.0,1.0,1.0,1,41915.07,93.0,false,true,Value Realized,"Romero, Gonzalez and Brooks",Enterprise,EMEA,CN-Series SKU-0116,software_ngfw
C0040,P0116,2025-11-01,1.331,0.8,1.0,1.0,1.0,1,41915.07,93.0,false,true,Value Realized,"Romero, Gonzalez and Brooks",Enterprise,EMEA,CN-Series SKU-0116,software_ngfw
C0040,P0116,2025-12-01,1.356,0.8,1.0,1.0,1.0,1,41915.07,93.0,false,true,Value Realized,"Romero, Gonzalez and Brooks",Enterprise,EMEA,CN-Series SKU-0116,software_ngfw
C0040,P0116,2026-01-01,1.147,1.0,1.0,1.0,1.0,1,41915.07,100.0,false,false,Value Realized,"Romero, Gonzalez and Brooks",Enterprise,EMEA,CN-Series SKU-0116,software_ngfw
C0040,P0116,2026-02-01,1.427,0.8,1.0,1.0,1.0,1,41915.07,93.0,false,true,Value Realized,"Romero, Gonzalez and Brooks",Enterprise,EMEA,CN-Series SKU-0116,software_ngfw
C0040,P0116,2026-03-01,1.369,0.8,1.0,1.0,1.0,1,41915.07,93.0,false,true,Value Realized,"Romero, Gonzalez and Brooks",Enterprise,EMEA,CN-Series SKU-0116,software_ngfw
C0040,P0116,2026-04-01,1.319,0.8,1.0,1.0,1.0,1,41915.07,93.0,false,true,Value Realized,"Romero, Gonzalez and Brooks",Enterprise,EMEA,CN-Series SKU-0116,software_ngfw
C0040,P0116,2026-05-01,1.445,0.8,1.0,1.0,1.0,1,41915.07,93.0,false,true,Value Realized,"Romero, Gonzalez and Brooks",Enterprise,EMEA,CN-Series SKU-0116,software_ngfw
C0040,P0116,2026-06-01,1.185,1.0,1.0,1.0,1.0,1,41915.07,100.0,false,false,Value Realized,"Romero, Gonzalez and Brooks",Enterprise,EMEA,CN-Series SKU-0116,software_ngfw
C0041,P0118,2025-07-01,0.89,0.973,0.0,1.0,1.0,0,650792.76,74.0,false,false,Value Realized,Ryan PLC,Mid-Market,AMER,PA-460 SKU-0118,hardware_ngfw
C0041,P0118,2025-08-01,0.419,0.683,0.14,1.0,1.0,1,650792.76,67.4,false,false,Developing,Ryan PLC,Mid-Market,AMER,PA-460 SKU-0118,hardware_ngfw
C0041,P0118,2025-09-01,0.748,0.937,0.4,1.0,1.0,1,650792.76,82.8,false,false,Value Realized,Ryan PLC,Mid-Market,AMER,PA-460 SKU-0118,hardware_ngfw
C0041,P0118,2025-10-01,0.515,0.798,0.28,1.0,1.0,1,650792.76,74.9,false,false,Value Realized,Ryan PLC,Mid-Market,AMER,PA-460 SKU-0118,hardware_ngfw
C0041,P0118,2025-11-01,0.766,0.941,0.34,1.0,1.0,1,650792.76,81.5,false,false,Value Realized,Ryan PLC,Mid-Market,AMER,PA-460 SKU-0118,hardware_ngfw
C0041,P0118,2025-12-01,0.817,0.954,0.28,1.0,1.0,1,650792.76,80.4,false,false,Value Realized,Ryan PLC,Mid-Market,AMER,PA-460 SKU-0118,hardware_ngfw
C0041,P0118,2026-01-01,0.885,0.971,0.34,1.0,1.0,1,650792.76,82.5,false,false,Value Realized,Ryan PLC,Mid-Market,AMER,PA-460 SKU-0118,hardware_ngfw
C0041,P0118,2026-02-01,0.735,0.934,0.48,1.0,1.0,1,650792.76,84.7,false,false,Value Realized,Ryan PLC,Mid-Market,AMER,PA-460 SKU-0118,hardware_ngfw
C0041,P0118,2026-03-01,0.818,0.955,0.42,1.0,1.0,1,650792.76,83.9,false,false,Value Realized,Ryan PLC,Mid-Market,AMER,PA-460 SKU-0118,hardware_ngfw
C0041,P0118,2026-04-01,0.756,0.939,0.42,1.0,1.0,1,650792.76,83.4,false,false,Value Realized,Ryan PLC,Mid-Market,AMER,PA-460 SKU-0118,hardware_ngfw
C0041,P0118,2026-05-01,0.648,0.912,0.68,1.0,1.0,1,650792.76,88.9,false,false,Value Realized,Ryan PLC,Mid-Market,AMER,PA-460 SKU-0118,hardware_ngfw
C0041,P0118,2026-06-01,0.722,0.93,0.68,1.0,1.0,1,650792.76,89.6,false,false,Value Realized,Ryan PLC,Mid-Market,AMER,PA-460 SKU-0118,hardware_ngfw
C0043,P0041,2025-07-01,0.0,0.0,0.0,0.0,,0,10855.27,0.0,false,false,Grace Period,Rodriguez LLC,Enterprise,AMER,VM-300 SKU-0041,software_ngfw
C0043,P0041,2025-08-01,0.0,0.0,0.0,0.0,0.0,0,10855.27,0.0,false,false,Shelfware Risk,Rodriguez LLC,Enterprise,AMER,VM-300 SKU-0041,software_ngfw
C0043,P0041,2025-09-01,0.0,0.0,0.0,0.0,0.0,0,10855.27,0.0,false,false,Shelfware Risk,Rodriguez LLC,Enterprise,AMER,VM-300 SKU-0041,software_ngfw
C0043,P0041,2025-10-01,0.0,0.0,0.0,0.0,0.0,0,10855.27,0.0,false,false,Shelfware Risk,Rodriguez LLC,Enterprise,AMER,VM-300 SKU-0041,software_ngfw
C0043,P0041,2025-11-01,0.0,0.0,0.0,0.0,0.0,0,10855.27,0.0,false,false,Shelfware Risk,Rodriguez LLC,Enterprise,AMER,VM-300 SKU-0041,software_ngfw
C0043,P0041,2025-12-01,0.0,0.0,0.0,0.0,0.0,0,10855.27,0.0,false,false,Shelfware Risk,Rodriguez LLC,Enterprise,AMER,VM-300 SKU-0041,software_ngfw
C0043,P0041,2026-01-01,0.0,0.0,0.0,0.0,0.0,0,10855.27,0.0,false,false,Shelfware Risk,Rodriguez LLC,Enterprise,AMER,VM-300 SKU-0041,software_ngfw
C0043,P0041,2026-02-01,0.0,0.0,0.0,0.0,0.0,0,10855.27,0.0,false,false,Shelfware Risk,Rodriguez LLC,Enterprise,AMER,VM-300 SKU-0041,software_ngfw
C0043,P0041,2026-03-01,0.0,0.0,0.0,0.0,0.0,0,10855.27,0.0,false,false,Shelfware Risk,Rodriguez LLC,Enterprise,AMER,VM-300 SKU-0041,software_ngfw
C0043,P0041,2026-04-01,0.0,0.0,0.0,0.0,0.0,0,10855.27,0.0,false,false,Shelfware Risk,Rodriguez LLC,Enterprise,AMER,VM-300 SKU-0041,software_ngfw
C0043,P0041,2026-05-01,0.0,0.0,0.0,0.0,0.0,0,10855.27,0.0,false,false,Shelfware Risk,Rodriguez LLC,Enterprise,AMER,VM-300 SKU-0041,software_ngfw
C0043,P0041,2026-06-01,0.0,0.0,0.0,0.0,0.0,0,10855.27,0.0,false,false,Shelfware Risk,Rodriguez LLC,Enterprise,AMER,VM-300 SKU-0041,software_ngfw
C0043,P0177,2025-07-01,0.0,0.0,0.0,0.0,,0,70709.35,0.0,false,false,Grace Period,Rodriguez LLC,Enterprise,AMER,Prisma Access Mobile Users SKU-0177,sase
C0043,P0177,2025-08-01,0.0,0.0,0.0,0.0,0.0,0,70709.35,0.0,false,false,Shelfware Risk,Rodriguez LLC,Enterprise,AMER,Prisma Access Mobile Users SKU-0177,sase
C0043,P0177,2025-09-01,0.0,0.0,0.0,0.0,0.0,0,70709.35,0.0,false,false,Shelfware Risk,Rodriguez LLC,Enterprise,AMER,Prisma Access Mobile Users SKU-0177,sase
C0043,P0177,2025-10-01,0.0,0.0,0.0,0.0,0.0,0,70709.35,0.0,false,false,Shelfware Risk,Rodriguez LLC,Enterprise,AMER,Prisma Access Mobile Users SKU-0177,sase
C0043,P0177,2025-11-01,0.0,0.0,0.0,0.0,0.0,0,70709.35,0.0,false,false,Shelfware Risk,Rodriguez LLC,Enterprise,AMER,Prisma Access Mobile Users SKU-0177,sase
C0043,P0177,2025-12-01,0.0,0.0,0.0,0.0,0.0,0,70709.35,0.0,false,false,Shelfware Risk,Rodriguez LLC,Enterprise,AMER,Prisma Access Mobile Users SKU-0177,sase
C0043,P0177,2026-01-01,0.0,0.0,0.0,0.0,0.0,0,70709.35,0.0,false,false,Shelfware Risk,Rodriguez LLC,Enterprise,AMER,Prisma Access Mobile Users SKU-0177,sase
C0043,P0177,2026-02-01,0.0,0.0,0.0,0.0,0.0,0,70709.35,0.0,false,false,Shelfware Risk,Rodriguez LLC,Enterprise,AMER,Prisma Access Mobile Users SKU-0177,sase
C0043,P0177,2026-03-01,0.0,0.0,0.0,0.0,0.0,0,70709.35,0.0,false,false,Shelfware Risk,Rodriguez LLC,Enterprise,AMER,Prisma Access Mobile Users SKU-0177,sase
C0043,P0177,2026-04-01,0.0,0.0,0.0,0.0,0.0,0,70709.35,0.0,false,false,Shelfware Risk,Rodriguez LLC,Enterprise,AMER,Prisma Access Mobile Users SKU-0177,sase
C0043,P0177,2026-05-01,0.0,0.0,0.0,0.0,0.0,0,70709.35,0.0,false,false,Shelfware Risk,Rodriguez LLC,Enterprise,AMER,Prisma Access Mobile Users SKU-0177,sase
C0043,P0177,2026-06-01,0.0,0.0,0.0,0.0,0.0,0,70709.35,0.0,false,false,Shelfware Risk,Rodriguez LLC,Enterprise,AMER,Prisma Access Mobile Users SKU-0177,sase
C0046,P0378,2025-07-01,1.49,0.8,0.0,1.0,1.0,0,146539.68,68.0,true,true,Developing,Spence PLC,Mid-Market,APAC,PA-5445 SKU-0378,hardware_ngfw
C0046,P0378,2025-08-01,1.523,0.8,0.5,1.0,1.0,1,146539.68,80.5,false,true,Value Realized,Spence PLC,Mid-Market,APAC,PA-5445 SKU-0378,hardware_ngfw
C0046,P0378,2025-09-01,1.527,0.8,0.5,1.0,1.0,1,146539.68,80.5,false,true,Value Realized,Spence PLC,Mid-Market,APAC,PA-5445 SKU-0378,hardware_ngfw
C0046,P0378,2025-10-01,1.26,0.8,0.5,1.0,1.0,1,146539.68,80.5,false,true,Value Realized,Spence PLC,Mid-Market,APAC,PA-5445 SKU-0378,hardware_ngfw
C0046,P0378,2025-11-01,1.253,0.8,0.5,1.0,1.0,1,146539.68,80.5,false,true,Value Realized,Spence PLC,Mid-Market,APAC,PA-5445 SKU-0378,hardware_ngfw
C0046,P0378,2025-12-01,1.403,0.8,0.5,1.0,1.0,1,146539.68,80.5,false,true,Value Realized,Spence PLC,Mid-Market,APAC,PA-5445 SKU-0378,hardware_ngfw
C0046,P0378,2026-01-01,1.357,0.8,0.5,1.0,1.0,1,146539.68,80.5,false,true,Value Realized,Spence PLC,Mid-Market,APAC,PA-5445 SKU-0378,hardware_ngfw
C0046,P0378,2026-02-01,1.34,0.8,0.5,1.0,1.0,1,146539.68,80.5,false,true,Value Realized,Spence PLC,Mid-Market,APAC,PA-5445 SKU-0378,hardware_ngfw
C0046,P0378,2026-03-01,1.507,0.8,0.5,1.0,1.0,1,146539.68,80.5,false,true,Value Realized,Spence PLC,Mid-Market,APAC,PA-5445 SKU-0378,hardware_ngfw
C0046,P0378,2026-04-01,1.213,0.8,0.5,1.0,1.0,1,146539.68,80.5,false,true,Value Realized,Spence PLC,Mid-Market,APAC,PA-5445 SKU-0378,hardware_ngfw
C0046,P0378,2026-05-01,1.317,0.8,0.5,1.0,1.0,1,146539.68,80.5,false,true,Value Realized,Spence PLC,Mid-Market,APAC,PA-5445 SKU-0378,hardware_ngfw
C0046,P0378,2026-06-01,1.233,0.8,0.5,1.0,1.0,1,146539.68,80.5,false,true,Value Realized,Spence PLC,Mid-Market,APAC,PA-5445 SKU-0378,hardware_ngfw
C0046,P0495,2025-07-01,1.194,1.0,0.0,1.0,1.0,0,120436.25,75.0,true,false,Value Realized,Spence PLC,Mid-Market,APAC,PA-440 SKU-0495,hardware_ngfw
C0046,P0495,2025-08-01,1.448,0.8,1.0,1.0,1.0,1,120436.25,93.0,false,true,Value Realized,Spence PLC,Mid-Market,APAC,PA-440 SKU-0495,hardware_ngfw
C0046,P0495,2025-09-01,1.342,0.8,1.0,1.0,1.0,1,120436.25,93.0,false,true,Value Realized,Spence PLC,Mid-Market,APAC,PA-440 SKU-0495,hardware_ngfw
C0046,P0495,2025-10-01,1.422,0.8,1.0,1.0,1.0,1,120436.25,93.0,false,true,Value Realized,Spence PLC,Mid-Market,APAC,PA-440 SKU-0495,hardware_ngfw
C0046,P0495,2025-11-01,1.356,0.8,1.0,1.0,1.0,1,120436.25,93.0,false,true,Value Realized,Spence PLC,Mid-Market,APAC,PA-440 SKU-0495,hardware_ngfw
C0046,P0495,2025-12-01,1.496,0.8,1.0,1.0,1.0,1,120436.25,93.0,false,true,Value Realized,Spence PLC,Mid-Market,APAC,PA-440 SKU-0495,hardware_ngfw
C0046,P0495,2026-01-01,1.58,0.8,1.0,1.0,1.0,1,120436.25,93.0,false,true,Value Realized,Spence PLC,Mid-Market,APAC,PA-440 SKU-0495,hardware_ngfw
C0046,P0495,2026-02-01,1.334,0.8,1.0,1.0,1.0,1,120436.25,93.0,false,true,Value Realized,Spence PLC,Mid-Market,APAC,PA-440 SKU-0495,hardware_ngfw
C0046,P0495,2026-03-01,1.33,0.8,1.0,1.0,1.0,1,120436.25,93.0,false,true,Value Realized,Spence PLC,Mid-Market,APAC,PA-440 SKU-0495,hardware_ngfw
C0046,P0495,2026-04-01,1.28,0.8,1.0,1.0,1.0,1,120436.25,93.0,false,true,Value Realized,Spence PLC,Mid-Market,APAC,PA-440 SKU-0495,hardware_ngfw
C0046,P0495,2026-05-01,1.208,0.8,1.0,1.0,1.0,1,120436.25,93.0,false,true,Value Realized,Spence PLC,Mid-Market,APAC,PA-440 SKU-0495,hardware_ngfw
C0046,P0495,2026-06-01,1.63,0.8,1.0,1.0,1.0,1,120436.25,93.0,false,true,Value Realized,Spence PLC,Mid-Market,APAC,PA-440 SKU-0495,hardware_ngfw
C0049,P0465,2025-07-01,0.673,0.918,0.0,1.0,1.0,0,665696.54,72.1,false,false,Value Realized,Hickman Ltd,Enterprise,AMER,PA-410 SKU-0465,hardware_ngfw
C0049,P0465,2025-08-01,0.585,0.882,0.0,1.0,1.0,1,665696.54,70.9,false,false,Value Realized,Hickman Ltd,Enterprise,AMER,PA-410 SKU-0465,hardware_ngfw
C0049,P0465,2025-09-01,0.575,0.87,0.0,1.0,1.0,1,665696.54,70.5,false,false,Value Realized,Hickman Ltd,Enterprise,AMER,PA-410 SKU-0465,hardware_ngfw
C0049,P0465,2025-10-01,0.565,0.858,0.0,1.0,1.0,1,665696.54,70.0,false,false,Value Realized,Hickman Ltd,Enterprise,AMER,PA-410 SKU-0465,hardware_ngfw
C0049,P0465,2025-11-01,0.843,0.961,0.0,1.0,1.0,1,665696.54,73.6,false,false,Value Realized,Hickman Ltd,Enterprise,AMER,PA-410 SKU-0465,hardware_ngfw
C0049,P0465,2025-12-01,0.601,0.9,0.0,1.0,1.0,1,665696.54,71.5,false,false,Value Realized,Hickman Ltd,Enterprise,AMER,PA-410 SKU-0465,hardware_ngfw
C0049,P0465,2026-01-01,0.634,0.908,0.167,1.0,1.0,1,665696.54,76.0,false,false,Value Realized,Hickman Ltd,Enterprise,AMER,PA-410 SKU-0465,hardware_ngfw
C0049,P0465,2026-02-01,0.828,0.957,0.117,1.0,1.0,1,665696.54,76.4,false,false,Value Realized,Hickman Ltd,Enterprise,AMER,PA-410 SKU-0465,hardware_ngfw
C0049,P0465,2026-03-01,0.63,0.908,0.117,1.0,1.0,1,665696.54,74.7,false,false,Value Realized,Hickman Ltd,Enterprise,AMER,PA-410 SKU-0465,hardware_ngfw
C0049,P0465,2026-04-01,0.866,0.967,0.233,1.0,1.0,1,665696.54,79.7,false,false,Value Realized,Hickman Ltd,Enterprise,AMER,PA-410 SKU-0465,hardware_ngfw
C0049,P0465,2026-05-01,0.567,0.86,0.333,1.0,1.0,1,665696.54,78.4,false,false,Value Realized,Hickman Ltd,Enterprise,AMER,PA-410 SKU-0465,hardware_ngfw
C0049,P0465,2026-06-01,0.674,0.918,0.233,1.0,1.0,1,665696.54,78.0,false,false,Value Realized,Hickman Ltd,Enterprise,AMER,PA-410 SKU-0465,hardware_ngfw
C0053,P0434,2025-07-01,1.402,0.8,1.0,1.0,1.0,0,58810.98,93.0,false,true,Value Realized,Chapman and Sons,Mid-Market,EMEA,CN-Series SKU-0434,software_ngfw
C0053,P0434,2025-08-01,1.26,0.8,1.0,1.0,1.0,1,58810.98,93.0,false,true,Value Realized,Chapman and Sons,Mid-Market,EMEA,CN-Series SKU-0434,software_ngfw
C0053,P0434,2025-09-01,1.292,0.8,1.0,1.0,1.0,1,58810.98,93.0,false,true,Value Realized,Chapman and Sons,Mid-Market,EMEA,CN-Series SKU-0434,software_ngfw
C0053,P0434,2025-10-01,1.577,0.8,1.0,1.0,1.0,1,58810.98,93.0,false,true,Value Realized,Chapman and Sons,Mid-Market,EMEA,CN-Series SKU-0434,software_ngfw
C0053,P0434,2025-11-01,1.225,0.8,1.0,1.0,1.0,1,58810.98,93.0,false,true,Value Realized,Chapman and Sons,Mid-Market,EMEA,CN-Series SKU-0434,software_ngfw
C0053,P0434,2025-12-01,1.341,0.8,1.0,1.0,1.0,1,58810.98,93.0,false,true,Value Realized,Chapman and Sons,Mid-Market,EMEA,CN-Series SKU-0434,software_ngfw
C0053,P0434,2026-01-01,1.456,0.8,1.0,1.0,1.0,1,58810.98,93.0,false,true,Value Realized,Chapman and Sons,Mid-Market,EMEA,CN-Series SKU-0434,software_ngfw
C0053,P0434,2026-02-01,1.621,0.8,1.0,1.0,1.0,1,58810.98,93.0,false,true,Value Realized,Chapman and Sons,Mid-Market,EMEA,CN-Series SKU-0434,software_ngfw
C0053,P0434,2026-03-01,1.404,0.8,1.0,1.0,1.0,1,58810.98,93.0,false,true,Value Realized,Chapman and Sons,Mid-Market,EMEA,CN-Series SKU-0434,software_ngfw
C0053,P0434,2026-04-01,1.628,0.8,1.0,1.0,1.0,1,58810.98,93.0,false,true,Value Realized,Chapman and Sons,Mid-Market,EMEA,CN-Series SKU-0434,software_ngfw
C0053,P0434,2026-05-01,1.283,0.8,1.0,1.0,1.0,1,58810.98,93.0,false,true,Value Realized,Chapman and Sons,Mid-Market,EMEA,CN-Series SKU-0434,software_ngfw
C0053,P0434,2026-06-01,1.35,0.8,1.0,1.0,1.0,1,58810.98,93.0,false,true,Value Realized,Chapman and Sons,Mid-Market,EMEA,CN-Series SKU-0434,software_ngfw
C0056,P0162,2025-07-01,0.923,0.981,0.0,1.0,1.0,0,21245.44,74.3,true,false,Value Realized,Jones-Young,Enterprise,EMEA,VM-700 SKU-0162,software_ngfw
C0056,P0162,2025-08-01,0.775,0.944,0.0,1.0,1.0,1,21245.44,73.0,false,false,Value Realized,Jones-Young,Enterprise,EMEA,VM-700 SKU-0162,software_ngfw
C0056,P0162,2025-09-01,0.753,0.938,0.167,1.0,1.0,1,21245.44,77.0,false,false,Value Realized,Jones-Young,Enterprise,EMEA,VM-700 SKU-0162,software_ngfw
C0056,P0162,2025-10-01,0.684,0.921,0.117,1.0,1.0,1,21245.44,75.2,false,false,Value Realized,Jones-Young,Enterprise,EMEA,VM-700 SKU-0162,software_ngfw
C0056,P0162,2025-11-01,0.718,0.929,0.167,1.0,1.0,1,21245.44,76.7,false,false,Value Realized,Jones-Young,Enterprise,EMEA,VM-700 SKU-0162,software_ngfw
C0056,P0162,2025-12-01,0.759,0.94,0.283,1.0,1.0,1,21245.44,80.0,false,false,Value Realized,Jones-Young,Enterprise,EMEA,VM-700 SKU-0162,software_ngfw
C0056,P0162,2026-01-01,0.937,0.984,0.4,1.0,1.0,1,21245.44,84.4,false,false,Value Realized,Jones-Young,Enterprise,EMEA,VM-700 SKU-0162,software_ngfw
C0056,P0162,2026-02-01,0.533,0.82,0.35,1.0,1.0,1,21245.44,77.4,false,false,Value Realized,Jones-Young,Enterprise,EMEA,VM-700 SKU-0162,software_ngfw
C0056,P0162,2026-03-01,0.716,0.929,0.35,1.0,1.0,1,21245.44,81.3,false,false,Value Realized,Jones-Young,Enterprise,EMEA,VM-700 SKU-0162,software_ngfw
C0056,P0162,2026-04-01,0.785,0.946,0.4,1.0,1.0,1,21245.44,83.1,false,false,Value Realized,Jones-Young,Enterprise,EMEA,VM-700 SKU-0162,software_ngfw
C0056,P0162,2026-05-01,0.752,0.938,0.35,1.0,1.0,1,21245.44,81.6,false,false,Value Realized,Jones-Young,Enterprise,EMEA,VM-700 SKU-0162,software_ngfw
C0056,P0162,2026-06-01,0.821,0.955,0.4,1.0,1.0,1,21245.44,83.4,false,false,Value Realized,Jones-Young,Enterprise,EMEA,VM-700 SKU-0162,software_ngfw
C0057,P0239,2025-08-01,0.0,0.0,0.0,0.0,,0,31331.61,0.0,false,false,Grace Period,"Washington, Ryan and Cummings",Mid-Market,AMER,Cloud NGFW for AWS SKU-0239,cloud_ngfw
C0057,P0239,2025-09-01,0.0,0.0,0.0,0.0,0.0,0,31331.61,0.0,false,false,Shelfware Risk,"Washington, Ryan and Cummings",Mid-Market,AMER,Cloud NGFW for AWS SKU-0239,cloud_ngfw
C0057,P0239,2025-10-01,0.0,0.0,0.0,0.0,0.0,0,31331.61,0.0,false,false,Shelfware Risk,"Washington, Ryan and Cummings",Mid-Market,AMER,Cloud NGFW for AWS SKU-0239,cloud_ngfw
C0057,P0239,2025-11-01,0.0,0.0,0.0,0.0,0.0,0,31331.61,0.0,false,false,Shelfware Risk,"Washington, Ryan and Cummings",Mid-Market,AMER,Cloud NGFW for AWS SKU-0239,cloud_ngfw
C0057,P0239,2025-12-01,0.0,0.0,0.0,0.0,0.0,0,31331.61,0.0,false,false,Shelfware Risk,"Washington, Ryan and Cummings",Mid-Market,AMER,Cloud NGFW for AWS SKU-0239,cloud_ngfw
C0057,P0239,2026-01-01,0.0,0.0,0.0,0.0,0.0,0,31331.61,0.0,false,false,Shelfware Risk,"Washington, Ryan and Cummings",Mid-Market,AMER,Cloud NGFW for AWS SKU-0239,cloud_ngfw
C0057,P0239,2026-02-01,0.0,0.0,0.0,0.0,0.0,0,31331.61,0.0,false,false,Shelfware Risk,"Washington, Ryan and Cummings",Mid-Market,AMER,Cloud NGFW for AWS SKU-0239,cloud_ngfw
C0057,P0239,2026-03-01,0.0,0.0,0.0,0.0,0.0,0,31331.61,0.0,false,false,Shelfware Risk,"Washington, Ryan and Cummings",Mid-Market,AMER,Cloud NGFW for AWS SKU-0239,cloud_ngfw
C0057,P0239,2026-04-01,0.0,0.0,0.0,0.0,0.0,0,31331.61,0.0,false,false,Shelfware Risk,"Washington, Ryan and Cummings",Mid-Market,AMER,Cloud NGFW for AWS SKU-0239,cloud_ngfw
C0057,P0239,2026-05-01,0.0,0.0,0.0,0.0,0.0,0,31331.61,0.0,false,false,Shelfware Risk,"Washington, Ryan and Cummings",Mid-Market,AMER,Cloud NGFW for AWS SKU-0239,cloud_ngfw
C0057,P0239,2026-06-01,0.0,0.0,0.0,0.0,0.0,0,31331.61,0.0,false,false,Shelfware Risk,"Washington, Ryan and Cummings",Mid-Market,AMER,Cloud NGFW for AWS SKU-0239,cloud_ngfw
C0070,P0394,2025-07-01,0.84,0.96,0.0,1.0,1.0,0,5512.76,73.6,false,false,Value Realized,Hancock Inc,Mid-Market,AMER,VM-300 SKU-0394,software_ngfw
C0070,P0394,2025-08-01,0.822,0.955,0.0,1.0,1.0,1,5512.76,73.4,false,false,Value Realized,Hancock Inc,Mid-Market,AMER,VM-300 SKU-0394,software_ngfw
C0070,P0394,2025-09-01,0.637,0.909,0.175,1.0,1.0,1,5512.76,76.2,false,false,Value Realized,Hancock Inc,Mid-Market,AMER,VM-300 SKU-0394,software_ngfw
C0070,P0394,2025-10-01,0.813,0.953,0.25,1.0,1.0,1,5512.76,79.6,false,false,Value Realized,Hancock Inc,Mid-Market,AMER,VM-300 SKU-0394,software_ngfw
C0070,P0394,2025-11-01,0.66,0.915,0.175,1.0,1.0,1,5512.76,76.4,false,false,Value Realized,Hancock Inc,Mid-Market,AMER,VM-300 SKU-0394,software_ngfw
C0070,P0394,2025-12-01,0.728,0.932,0.175,1.0,1.0,1,5512.76,77.0,false,false,Value Realized,Hancock Inc,Mid-Market,AMER,VM-300 SKU-0394,software_ngfw
C0070,P0394,2026-01-01,0.845,0.961,0.175,1.0,1.0,1,5512.76,78.0,false,false,Value Realized,Hancock Inc,Mid-Market,AMER,VM-300 SKU-0394,software_ngfw
C0070,P0394,2026-02-01,0.69,0.923,0.175,1.0,1.0,1,5512.76,76.7,false,false,Value Realized,Hancock Inc,Mid-Market,AMER,VM-300 SKU-0394,software_ngfw
C0070,P0394,2026-03-01,0.734,0.933,0.425,1.0,1.0,1,5512.76,83.3,false,false,Value Realized,Hancock Inc,Mid-Market,AMER,VM-300 SKU-0394,software_ngfw
C0070,P0394,2026-04-01,0.592,0.89,0.35,1.0,1.0,1,5512.76,79.9,false,false,Value Realized,Hancock Inc,Mid-Market,AMER,VM-300 SKU-0394,software_ngfw
C0070,P0394,2026-05-01,0.752,0.938,0.425,1.0,1.0,1,5512.76,83.5,false,false,Value Realized,Hancock Inc,Mid-Market,AMER,VM-300 SKU-0394,software_ngfw
C0070,P0394,2026-06-01,0.768,0.942,0.35,1.0,1.0,1,5512.76,81.7,false,false,Value Realized,Hancock Inc,Mid-Market,AMER,VM-300 SKU-0394,software_ngfw
C0073,P0191,2025-07-01,0.833,0.958,0.0,1.0,1.0,0,303365.52,73.5,false,false,Value Realized,Henderson-Bernard,Mid-Market,AMER,PA-3410 SKU-0191,hardware_ngfw
C0073,P0191,2025-08-01,0.58,0.876,0.233,1.0,1.0,1,303365.52,76.5,false,false,Value Realized,Henderson-Bernard,Mid-Market,AMER,PA-3410 SKU-0191,hardware_ngfw
C0073,P0191,2025-09-01,0.584,0.881,0.283,1.0,1.0,1,303365.52,77.9,false,false,Value Realized,Henderson-Bernard,Mid-Market,AMER,PA-3410 SKU-0191,hardware_ngfw
C0073,P0191,2025-10-01,0.729,0.932,0.283,1.0,1.0,1,303365.52,79.7,false,false,Value Realized,Henderson-Bernard,Mid-Market,AMER,PA-3410 SKU-0191,hardware_ngfw
C0073,P0191,2025-11-01,0.836,0.959,0.283,1.0,1.0,1,303365.52,80.6,false,false,Value Realized,Henderson-Bernard,Mid-Market,AMER,PA-3410 SKU-0191,hardware_ngfw
C0073,P0191,2025-12-01,0.829,0.957,0.5,1.0,1.0,1,303365.52,86.0,false,false,Value Realized,Henderson-Bernard,Mid-Market,AMER,PA-3410 SKU-0191,hardware_ngfw
C0073,P0191,2026-01-01,0.692,0.923,0.517,1.0,1.0,1,303365.52,85.2,false,false,Value Realized,Henderson-Bernard,Mid-Market,AMER,PA-3410 SKU-0191,hardware_ngfw
C0073,P0191,2026-02-01,0.731,0.933,0.733,1.0,1.0,1,303365.52,91.0,false,false,Value Realized,Henderson-Bernard,Mid-Market,AMER,PA-3410 SKU-0191,hardware_ngfw
C0073,P0191,2026-03-01,0.942,0.986,0.783,1.0,1.0,1,303365.52,94.1,false,false,Value Realized,Henderson-Bernard,Mid-Market,AMER,PA-3410 SKU-0191,hardware_ngfw
C0073,P0191,2026-04-01,0.917,0.979,0.633,1.0,1.0,1,303365.52,90.1,false,false,Value Realized,Henderson-Bernard,Mid-Market,AMER,PA-3410 SKU-0191,hardware_ngfw
C0073,P0191,2026-05-01,0.888,0.972,0.9,1.0,1.0,1,303365.52,96.5,false,false,Value Realized,Henderson-Bernard,Mid-Market,AMER,PA-3410 SKU-0191,hardware_ngfw
C0073,P0191,2026-06-01,0.712,0.928,0.85,1.0,1.0,1,303365.52,93.7,false,false,Value Realized,Henderson-Bernard,Mid-Market,AMER,PA-3410 SKU-0191,hardware_ngfw
C0088,P0150,2025-07-01,0.0,0.0,0.0,0.0,,0,35210.98,0.0,false,false,Grace Period,Anderson-Bailey,Mid-Market,EMEA,Cloud NGFW for AWS SKU-0150,cloud_ngfw
C0088,P0150,2025-08-01,0.0,0.0,0.0,0.0,0.0,0,35210.98,0.0,false,false,Shelfware Risk,Anderson-Bailey,Mid-Market,EMEA,Cloud NGFW for AWS SKU-0150,cloud_ngfw
C0088,P0150,2025-09-01,0.0,0.0,0.0,0.0,0.0,0,35210.98,0.0,false,false,Shelfware Risk,Anderson-Bailey,Mid-Market,EMEA,Cloud NGFW for AWS SKU-0150,cloud_ngfw
C0088,P0150,2025-10-01,0.0,0.0,0.0,0.0,0.0,0,35210.98,0.0,false,false,Shelfware Risk,Anderson-Bailey,Mid-Market,EMEA,Cloud NGFW for AWS SKU-0150,cloud_ngfw
C0088,P0150,2025-11-01,0.0,0.0,0.0,0.0,0.0,0,35210.98,0.0,false,false,Shelfware Risk,Anderson-Bailey,Mid-Market,EMEA,Cloud NGFW for AWS SKU-0150,cloud_ngfw
C0088,P0150,2025-12-01,0.0,0.0,0.0,0.0,0.0,0,35210.98,0.0,false,false,Shelfware Risk,Anderson-Bailey,Mid-Market,EMEA,Cloud NGFW for AWS SKU-0150,cloud_ngfw
C0088,P0150,2026-01-01,0.0,0.0,0.0,0.0,0.0,0,35210.98,0.0,false,false,Shelfware Risk,Anderson-Bailey,Mid-Market,EMEA,Cloud NGFW for AWS SKU-0150,cloud_ngfw
C0088,P0150,2026-02-01,0.0,0.0,0.0,0.0,0.0,0,35210.98,0.0,false,false,Shelfware Risk,Anderson-Bailey,Mid-Market,EMEA,Cloud NGFW for AWS SKU-0150,cloud_ngfw
C0088,P0150,2026-03-01,0.0,0.0,0.0,0.0,0.0,0,35210.98,0.0,false,false,Shelfware Risk,Anderson-Bailey,Mid-Market,EMEA,Cloud NGFW for AWS SKU-0150,cloud_ngfw
C0088,P0150,2026-04-01,0.0,0.0,0.0,0.0,0.0,0,35210.98,0.0,false,false,Shelfware Risk,Anderson-Bailey,Mid-Market,EMEA,Cloud NGFW for AWS SKU-0150,cloud_ngfw
C0088,P0150,2026-05-01,0.0,0.0,0.0,0.0,0.0,0,35210.98,0.0,false,false,Shelfware Risk,Anderson-Bailey,Mid-Market,EMEA,Cloud NGFW for AWS SKU-0150,cloud_ngfw
C0088,P0150,2026-06-01,0.0,0.0,0.0,0.0,0.0,0,35210.98,0.0,false,false,Shelfware Risk,Anderson-Bailey,Mid-Market,EMEA,Cloud NGFW for AWS SKU-0150,cloud_ngfw
C0097,P0024,2025-10-01,0.569,0.863,0.233,1.0,1.0,0,1364389.5,76.0,false,false,Value Realized,Wagner-King,Enterprise,APAC,PA-7500 SKU-0024,hardware_ngfw
C0097,P0024,2025-11-01,0.892,0.973,0.567,1.0,1.0,1,1364389.5,88.2,false,false,Value Realized,Wagner-King,Enterprise,APAC,PA-7500 SKU-0024,hardware_ngfw
C0097,P0024,2025-12-01,0.8,0.95,0.567,1.0,1.0,1,1364389.5,87.4,false,false,Value Realized,Wagner-King,Enterprise,APAC,PA-7500 SKU-0024,hardware_ngfw
C0097,P0024,2026-01-01,0.737,0.934,0.467,1.0,1.0,1,1364389.5,84.4,false,false,Value Realized,Wagner-King,Enterprise,APAC,PA-7500 SKU-0024,hardware_ngfw
C0097,P0024,2026-02-01,0.513,0.795,0.467,1.0,1.0,1,1364389.5,79.5,false,false,Value Realized,Wagner-King,Enterprise,APAC,PA-7500 SKU-0024,hardware_ngfw
C0097,P0024,2026-03-01,0.573,0.867,0.467,1.0,1.0,1,1364389.5,82.0,false,false,Value Realized,Wagner-King,Enterprise,APAC,PA-7500 SKU-0024,hardware_ngfw
C0097,P0024,2026-04-01,0.891,0.973,0.667,1.0,1.0,1,1364389.5,90.7,false,false,Value Realized,Wagner-King,Enterprise,APAC,PA-7500 SKU-0024,hardware_ngfw
C0097,P0024,2026-05-01,0.602,0.9,0.567,1.0,1.0,1,1364389.5,85.7,false,false,Value Realized,Wagner-King,Enterprise,APAC,PA-7500 SKU-0024,hardware_ngfw
C0097,P0024,2026-06-01,0.666,0.917,0.567,1.0,1.0,1,1364389.5,86.2,false,false,Value Realized,Wagner-King,Enterprise,APAC,PA-7500 SKU-0024,hardware_ngfw
C0097,P0163,2025-09-01,0.641,0.91,0.0,1.0,1.0,0,461991.6,71.9,false,false,Value Realized,Wagner-King,Enterprise,APAC,Prisma Access Mobile Users SKU-0163,sase
C0097,P0163,2025-10-01,0.658,0.914,0.175,1.0,1.0,1,461991.6,76.4,false,false,Value Realized,Wagner-King,Enterprise,APAC,Prisma Access Mobile Users SKU-0163,sase
C0097,P0163,2025-11-01,0.708,0.927,0.175,1.0,1.0,1,461991.6,76.8,false,false,Value Realized,Wagner-King,Enterprise,APAC,Prisma Access Mobile Users SKU-0163,sase
C0097,P0163,2025-12-01,0.631,0.908,0.25,1.0,1.0,1,461991.6,78.0,false,false,Value Realized,Wagner-King,Enterprise,APAC,Prisma Access Mobile Users SKU-0163,sase
C0097,P0163,2026-01-01,0.849,0.962,0.35,1.0,1.0,1,461991.6,82.4,false,false,Value Realized,Wagner-King,Enterprise,APAC,Prisma Access Mobile Users SKU-0163,sase
C0097,P0163,2026-02-01,0.668,0.917,0.425,1.0,1.0,1,461991.6,82.7,false,false,Value Realized,Wagner-King,Enterprise,APAC,Prisma Access Mobile Users SKU-0163,sase
C0097,P0163,2026-03-01,0.794,0.949,0.35,1.0,1.0,1,461991.6,81.9,false,false,Value Realized,Wagner-King,Enterprise,APAC,Prisma Access Mobile Users SKU-0163,sase
C0097,P0163,2026-04-01,0.687,0.922,0.35,1.0,1.0,1,461991.6,81.0,false,false,Value Realized,Wagner-King,Enterprise,APAC,Prisma Access Mobile Users SKU-0163,sase
C0097,P0163,2026-05-01,0.709,0.927,0.425,1.0,1.0,1,461991.6,83.1,false,false,Value Realized,Wagner-King,Enterprise,APAC,Prisma Access Mobile Users SKU-0163,sase
C0097,P0163,2026-06-01,0.712,0.928,0.5,1.0,1.0,1,461991.6,85.0,false,false,Value Realized,Wagner-King,Enterprise,APAC,Prisma Access Mobile Users SKU-0163,sase
